Number,Category,Subcategory,Author_Last,Author_First,Title,Year,Publisher_Journal,Type,Commodity_Tag,Era,Geography,Borough,Sub_Industry,Adjacency,Language,Industry_Stakeholder,Cuisine,Beverage_Type,Priority,Status,Acquisition_Notes,Anna_Archive_Link,Archive_Org_Link,Direct_URL,Search_Query,NYC_Canonical,Added_In_Version
1,Ag Econ Foundations,price_theory,Tomek,William G.,Agricultural Product Prices,2014,Cornell UP,BOOK,none,spanning,US,none,none,none,en,academic,none,none,CRITICAL,NEEDED,"5th ed., with Kaiser; standard text",https://annas-archive.org/search?q=Tomek+Agricultural+Product+Prices,https://archive.org/search?query=Tomek+Agricultural+Product+Prices,,Tomek Agricultural Product Prices,False,v2
2,Ag Econ Foundations,price_theory,Gardner,Bruce L.,The Economics of Agricultural Policy,2002,Harvard UP,BOOK,none,spanning,US,none,none,none,en,academic,none,none,FLAGSHIP,NEEDED,Foundational US ag-policy text,https://annas-archive.org/search?q=Gardner+The+Economics+of+Agricultural+Policy,https://archive.org/search?query=Gardner+The+Economics+of+Agricultural+Policy,,Gardner The Economics of Agricultural Policy,False,v2
3,Ag Econ Foundations,price_theory,Schultz,Theodore W.,Agriculture in an Unstable Economy,1945,McGraw-Hill,BOOK,none,1900_1945,US,none,none,none,en,academic,none,none,HIGH,NEEDED,Nobelist; classic on farm-price instability,https://annas-archive.org/search?q=Schultz+Agriculture+in+an+Unstable+Economy,https://archive.org/search?query=Schultz+Agriculture+in+an+Unstable+Economy,,Schultz Agriculture in an Unstable Economy,False,v2
4,Ag Econ Foundations,price_theory,Cochrane,Willard W.,Farm Prices: Myth and Reality,1958,U Minnesota Press,BOOK,none,1945_1980,US,none,none,none,en,academic,none,none,HIGH,NEEDED,Coined 'agricultural treadmill',https://annas-archive.org/search?q=Cochrane+Farm+Prices%3A+Myth+and+Reality,https://archive.org/search?query=Cochrane+Farm+Prices%3A+Myth+and+Reality,,Cochrane Farm Prices: Myth and Reality,False,v2
5,Ag Econ Foundations,supply_response,Nerlove,Marc,The Dynamics of Supply: Estimation of Farmers' Response to Price,1958,Johns Hopkins,BOOK,none,1945_1980,US,none,none,none,en,academic,none,none,HIGH,NEEDED,Founding work on supply response,https://annas-archive.org/search?q=Nerlove+The+Dynamics+of+Supply%3A+Estimation+of+Farmers%27+Response+to+Price,https://archive.org/search?query=Nerlove+The+Dynamics+of+Supply%3A+Estimation+of+Farmers%27+Response+to+Price,,Nerlove The Dynamics of Supply: Estimation of Farmers' Response to Price,False,v2
6,Ag Econ Foundations,supply_response,Askari,Hossein,Agricultural Supply Response: A Survey,1976,Praeger,BOOK,none,spanning,Global,none,none,none,en,academic,none,none,MEDIUM,NEEDED,Cross-country supply response survey,https://annas-archive.org/search?q=Askari+Agricultural+Supply+Response%3A+A+Survey,https://archive.org/search?query=Askari+Agricultural+Supply+Response%3A+A+Survey,,Askari Agricultural Supply Response: A Survey,False,v2
7,Ag Econ Foundations,futures_markets,Working,Holbrook,The Theory of Price of Storage,1949,American Economic Review,ARTICLE,none,1900_1945,US,none,none,none,en,academic,none,none,CRITICAL,NEEDED,Seminal storage/futures paper,https://annas-archive.org/search?q=Working+The+Theory+of+Price+of+Storage,https://archive.org/search?query=Working+The+Theory+of+Price+of+Storage,https://www.jstor.org/stable/1812975,Working The Theory of Price of Storage,False,v2
8,Ag Econ Foundations,futures_markets,Kaldor,Nicholas,Speculation and Economic Stability,1939,Review of Economic Studies,ARTICLE,none,1900_1945,Europe,none,none,none,en,academic,none,none,HIGH,NEEDED,Convenience yield concept,https://annas-archive.org/search?q=Kaldor+Speculation+and+Economic+Stability,https://archive.org/search?query=Kaldor+Speculation+and+Economic+Stability,https://www.jstor.org/stable/2967593,Kaldor Speculation and Economic Stability,False,v2
9,Ag Econ Foundations,futures_markets,Deaton,Angus,Competitive Storage and Commodity Price Dynamics,1992,Journal of Political Economy,ARTICLE,none,1980_2010,Global,none,none,none,en,academic,none,none,CRITICAL,NEEDED,With Laroque; modern storage model,https://annas-archive.org/search?q=Deaton+Competitive+Storage+and+Commodity+Price+Dynamics,https://archive.org/search?query=Deaton+Competitive+Storage+and+Commodity+Price+Dynamics,https://www.jstor.org/stable/2138602,Deaton Competitive Storage and Commodity Price Dynamics,False,v2
10,Ag Econ Foundations,futures_markets,Wright,Brian D.,The Economics of Grain Price Volatility,2011,Applied Econ Perspectives & Policy,ARTICLE,cereals,2010_2020,US_Global,none,none,none,en,academic,none,none,HIGH,NEEDED,Post-2008 retrospective,https://annas-archive.org/search?q=Wright+The+Economics+of+Grain+Price+Volatility,https://archive.org/search?query=Wright+The+Economics+of+Grain+Price+Volatility,https://doi.org/10.1093/aepp/ppq033,Wright The Economics of Grain Price Volatility,False,v2
11,Ag Econ Foundations,futures_markets,Irwin,Scott H.,"Index Funds, Financialization, and Commodity Futures Markets",2011,Applied Econ Perspectives & Policy,ARTICLE,multi,2010_2020,US,none,none,none,en,academic,none,none,HIGH,NEEDED,With Sanders,https://annas-archive.org/search?q=Irwin+Index+Funds%2C+Financialization%2C+and+Commodity+Futures+Markets,https://archive.org/search?query=Irwin+Index+Funds%2C+Financialization%2C+and+Commodity+Futures+Markets,https://doi.org/10.1093/aepp/ppq032,"Irwin Index Funds, Financialization, and Commodity Futures Markets",False,v2
12,Ag Econ Foundations,futures_markets,Garcia,Philip,Estimated and Implied Volatility in Agricultural Futures,2005,Journal of Ag & Applied Econ,ARTICLE,cereals,1980_2010,US,none,none,none,en,academic,none,none,MEDIUM,NEEDED,Vol transmission,https://annas-archive.org/search?q=Garcia+Estimated+and+Implied+Volatility+in+Agricultural+Futures,https://archive.org/search?query=Garcia+Estimated+and+Implied+Volatility+in+Agricultural+Futures,,Garcia Estimated and Implied Volatility in Agricultural Futures,False,v2
13,Ag Econ Foundations,hedging_storage,Williams,Jeffrey C.,Storage and Commodity Markets,1991,Cambridge UP,BOOK,none,1980_2010,US,none,none,none,en,academic,none,none,HIGH,NEEDED,With Wright; storage-theory treatise,https://annas-archive.org/search?q=Williams+Storage+and+Commodity+Markets,https://archive.org/search?query=Williams+Storage+and+Commodity+Markets,,Williams Storage and Commodity Markets,False,v2
14,Ag Econ Foundations,hedging_storage,Pirrong,Craig,Commodity Price Dynamics: A Structural Approach,2011,Cambridge UP,BOOK,none,2010_2020,US,none,none,none,en,academic,none,none,MEDIUM,NEEDED,Modern commodity pricing,https://annas-archive.org/search?q=Pirrong+Commodity+Price+Dynamics%3A+A+Structural+Approach,https://archive.org/search?query=Pirrong+Commodity+Price+Dynamics%3A+A+Structural+Approach,,Pirrong Commodity Price Dynamics: A Structural Approach,False,v2
15,Ag Econ Foundations,market_structure,Sexton,Richard J.,"Market Power, Misconceptions, and Modern Agricultural Markets",2013,AJAE,ARTICLE,multi,2010_2020,US,none,none,none,en,academic,none,none,HIGH,NEEDED,Presidential address,https://annas-archive.org/search?q=Sexton+Market+Power%2C+Misconceptions%2C+and+Modern+Agricultural+Markets,https://archive.org/search?query=Sexton+Market+Power%2C+Misconceptions%2C+and+Modern+Agricultural+Markets,https://doi.org/10.1093/ajae/aas102,"Sexton Market Power, Misconceptions, and Modern Agricultural Markets",False,v2
16,Ag Econ Foundations,market_structure,MacDonald,James M.,Concentration and Competition in U.S. Agribusiness,2017,USDA ERS EIB-175,REPORT,multi,2010_2020,US,none,none,none,en,academic,none,none,HIGH,NEEDED,Comprehensive concentration survey,https://annas-archive.org/search?q=MacDonald+Concentration+and+Competition+in+U.S.+Agribusiness,https://archive.org/search?query=MacDonald+Concentration+and+Competition+in+U.S.+Agribusiness,https://www.ers.usda.gov/publications/pub-details/?pubid=84417,MacDonald Concentration and Competition in U.S. Agribusiness,False,v2
17,Ag Econ Foundations,price_theory,Just,Richard E.,The Welfare Economics of Public Policy,2004,Edward Elgar,BOOK,none,1980_2010,US,none,none,none,en,academic,none,none,MEDIUM,NEEDED,"With Hueth, Schmitz; welfare tools",https://annas-archive.org/search?q=Just+The+Welfare+Economics+of+Public+Policy,https://archive.org/search?query=Just+The+Welfare+Economics+of+Public+Policy,,Just The Welfare Economics of Public Policy,False,v2
18,Ag Econ Foundations,price_theory,Timmer,C. Peter,Food Policy Analysis,1983,Johns Hopkins (World Bank),BOOK,none,1980_2010,US_Global,none,none,none,en,academic,none,none,HIGH,NEEDED,"With Falcon, Pearson; classic food policy text",https://annas-archive.org/search?q=Timmer+Food+Policy+Analysis,https://archive.org/search?query=Timmer+Food+Policy+Analysis,,Timmer Food Policy Analysis,False,v2
19,Ag Econ Foundations,price_theory,Norton,George W.,Economics of Agricultural Development,2015,Routledge,BOOK,none,2010_2020,US_Global,none,none,none,en,academic,none,none,MEDIUM,NEEDED,"With Alwang, Masters; 3rd ed",https://annas-archive.org/search?q=Norton+Economics+of+Agricultural+Development,https://archive.org/search?query=Norton+Economics+of+Agricultural+Development,,Norton Economics of Agricultural Development,False,v2
20,Ag Econ Foundations,supply_response,Muth,John F.,Rational Expectations and the Theory of Price Movements,1961,Econometrica,ARTICLE,none,1945_1980,US,none,none,none,en,academic,none,none,HIGH,NEEDED,Motivated by hog-cycle problem,https://annas-archive.org/search?q=Muth+Rational+Expectations+and+the+Theory+of+Price+Movements,https://archive.org/search?query=Muth+Rational+Expectations+and+the+Theory+of+Price+Movements,https://www.jstor.org/stable/1909635,Muth Rational Expectations and the Theory of Price Movements,False,v2
21,Ag Econ Foundations,futures_markets,Hull,John C.,"Options, Futures, and Other Derivatives",2021,Pearson,BOOK,none,2010_2020,US,none,none,none,en,academic,none,none,LOW,NEEDED,Reference derivative text,https://annas-archive.org/search?q=Hull+Options%2C+Futures%2C+and+Other+Derivatives,https://archive.org/search?query=Hull+Options%2C+Futures%2C+and+Other+Derivatives,,"Hull Options, Futures, and Other Derivatives",False,v2
22,Ag Econ Foundations,futures_markets,Geman,Helyette,Commodities and Commodity Derivatives,2005,Wiley,BOOK,none,1980_2010,Global,none,none,none,en,academic,none,none,LOW,NEEDED,Quant reference,https://annas-archive.org/search?q=Geman+Commodities+and+Commodity+Derivatives,https://archive.org/search?query=Geman+Commodities+and+Commodity+Derivatives,,Geman Commodities and Commodity Derivatives,False,v2
23,Ag Econ Foundations,hedging_storage,Working,Holbrook,Futures Trading and Hedging,1953,American Economic Review,ARTICLE,none,1945_1980,US,none,none,none,en,academic,none,none,MEDIUM,NEEDED,Working's hedging-pressure theory,https://annas-archive.org/search?q=Working+Futures+Trading+and+Hedging,https://archive.org/search?query=Working+Futures+Trading+and+Hedging,https://www.jstor.org/stable/1812835,Working Futures Trading and Hedging,False,v2
24,Ag Econ Foundations,market_structure,Bain,Joe S.,Industrial Organization,1968,Wiley,BOOK,none,1945_1980,US,none,none,none,en,academic,none,none,LOW,NEEDED,Classic IO text; SCP paradigm,https://annas-archive.org/search?q=Bain+Industrial+Organization,https://archive.org/search?query=Bain+Industrial+Organization,,Bain Industrial Organization,False,v2
25,Ag Econ Foundations,price_theory,Barrett,Christopher B.,Displaced Distortions: Financial Market Failures and Seemingly Inefficient Resource Allocation,2008,Ag Econ,ARTICLE,none,1980_2010,Global,none,none,none,en,academic,none,none,MEDIUM,NEEDED,Credit-constrained farmer decisions,https://annas-archive.org/search?q=Barrett+Displaced+Distortions%3A+Financial+Market+Failures+and+Seemingly+Inefficient+Resource+Allocation,https://archive.org/search?query=Barrett+Displaced+Distortions%3A+Financial+Market+Failures+and+Seemingly+Inefficient+Resource+Allocation,,Barrett Displaced Distortions: Financial Market Failures and Seemingly Inefficient Resource Allocation,False,v2
26,Ag Econ Foundations,supply_response,Askari,Hossein,Estimating Agricultural Supply Response with the Nerlove Model,1977,International Economic Review,ARTICLE,none,1945_1980,Global,none,none,none,en,academic,none,none,LOW,NEEDED,Methodological note,https://annas-archive.org/search?q=Askari+Estimating+Agricultural+Supply+Response+with+the+Nerlove+Model,https://archive.org/search?query=Askari+Estimating+Agricultural+Supply+Response+with+the+Nerlove+Model,,Askari Estimating Agricultural Supply Response with the Nerlove Model,False,v2
27,Ag Econ Foundations,futures_markets,Pindyck,Robert S.,The Dynamics of Commodity Spot and Futures Markets: A Primer,2001,Energy Journal,ARTICLE,none,1980_2010,Global,none,none,none,en,academic,none,none,MEDIUM,NEEDED,Convenient survey,https://annas-archive.org/search?q=Pindyck+The+Dynamics+of+Commodity+Spot+and+Futures+Markets%3A+A+Primer,https://archive.org/search?query=Pindyck+The+Dynamics+of+Commodity+Spot+and+Futures+Markets%3A+A+Primer,,Pindyck The Dynamics of Commodity Spot and Futures Markets: A Primer,False,v2
28,Ag Econ Foundations,price_theory,Myers,Robert J.,On the Costs of Food Price Fluctuations in Low-Income Countries,2006,Food Policy,ARTICLE,none,1980_2010,Global,none,none,none,en,academic,none,none,MEDIUM,NEEDED,Welfare costs of volatility,https://annas-archive.org/search?q=Myers+On+the+Costs+of+Food+Price+Fluctuations+in+Low-Income+Countries,https://archive.org/search?query=Myers+On+the+Costs+of+Food+Price+Fluctuations+in+Low-Income+Countries,,Myers On the Costs of Food Price Fluctuations in Low-Income Countries,False,v2
29,Ag Econ Foundations,market_structure,Hendrickson,Mary,Consolidation in the Food and Agriculture System,2001,U Missouri,REPORT,multi,1980_2010,US,none,none,none,en,academic,none,none,MEDIUM,NEEDED,Heffernan report tradition,https://annas-archive.org/search?q=Hendrickson+Consolidation+in+the+Food+and+Agriculture+System,https://archive.org/search?query=Hendrickson+Consolidation+in+the+Food+and+Agriculture+System,,Hendrickson Consolidation in the Food and Agriculture System,False,v2
30,Ag Econ Foundations,price_theory,Johnson,D. Gale,World Agriculture in Disarray,1973,Fontana,BOOK,none,1945_1980,Global,none,none,none,en,academic,none,none,HIGH,NEEDED,Classic critique of trade-distorting policy,https://annas-archive.org/search?q=Johnson+World+Agriculture+in+Disarray,https://archive.org/search?query=Johnson+World+Agriculture+in+Disarray,,Johnson World Agriculture in Disarray,False,v2
31,US Commodity Policy,farm_bills,Imhoff,Daniel,The Farm Bill: A Citizen's Guide,2019,Island Press,BOOK,multi,2010_2020,US,none,none,none,en,academic,none,none,FLAGSHIP,NEEDED,Most accessible Farm Bill primer,https://annas-archive.org/search?q=Imhoff+The+Farm+Bill%3A+A+Citizen%27s+Guide,https://archive.org/search?query=Imhoff+The+Farm+Bill%3A+A+Citizen%27s+Guide,,Imhoff The Farm Bill: A Citizen's Guide,False,v2
32,US Commodity Policy,farm_bills,Hanrahan,Charles,The 2018 Farm Bill: Summary and Side-by-Side Comparison,2019,CRS Report R45525,REPORT,multi,2010_2020,US,none,none,none,en,academic,none,none,HIGH,NEEDED,Congressional Research Service,https://annas-archive.org/search?q=Hanrahan+The+2018+Farm+Bill%3A+Summary+and+Side-by-Side+Comparison,https://archive.org/search?query=Hanrahan+The+2018+Farm+Bill%3A+Summary+and+Side-by-Side+Comparison,https://crsreports.congress.gov/product/pdf/R/R45525,Hanrahan The 2018 Farm Bill: Summary and Side-by-Side Comparison,False,v2
33,US Commodity Policy,farm_bills,Schnepf,Randy,U.S. Farm Policy: History and Recent Trends,2019,CRS Report,REPORT,multi,2010_2020,US,none,none,none,en,academic,none,none,HIGH,NEEDED,Historical context of programs,https://annas-archive.org/search?q=Schnepf+U.S.+Farm+Policy%3A+History+and+Recent+Trends,https://archive.org/search?query=Schnepf+U.S.+Farm+Policy%3A+History+and+Recent+Trends,https://crsreports.congress.gov/product/pdf/R/R45525,Schnepf U.S. Farm Policy: History and Recent Trends,False,v2
34,US Commodity Policy,farm_bills,Bowers,Douglas E.,"History of Agricultural Price-Support and Adjustment Programs, 1933-84",1984,USDA ERS AIB-485,REPORT,multi,spanning,US,none,none,none,en,academic,none,none,HIGH,NEEDED,Gardner co-author; historical reference,https://annas-archive.org/search?q=Bowers+History+of+Agricultural+Price-Support+and+Adjustment+Programs%2C+1933-84,https://archive.org/search?query=Bowers+History+of+Agricultural+Price-Support+and+Adjustment+Programs%2C+1933-84,,"Bowers History of Agricultural Price-Support and Adjustment Programs, 1933-84",False,v2
35,US Commodity Policy,subsidies_supports,Gardner,Bruce L.,American Agriculture in the Twentieth Century: How It Flourished and What It Cost,2002,Harvard UP,BOOK,multi,spanning,US,none,none,none,en,academic,none,none,CRITICAL,NEEDED,Definitive 20c US ag history,https://annas-archive.org/search?q=Gardner+American+Agriculture+in+the+Twentieth+Century%3A+How+It+Flourished+and+What+It+Cost,https://archive.org/search?query=Gardner+American+Agriculture+in+the+Twentieth+Century%3A+How+It+Flourished+and+What+It+Cost,,Gardner American Agriculture in the Twentieth Century: How It Flourished and What It Cost,False,v2
36,US Commodity Policy,subsidies_supports,Orden,David,Policy Reform in American Agriculture,1999,U Chicago Press,BOOK,multi,1980_2010,US,none,none,none,en,academic,none,none,HIGH,NEEDED,"With Paarlberg, Roe; FAIR Act analysis",https://annas-archive.org/search?q=Orden+Policy+Reform+in+American+Agriculture,https://archive.org/search?query=Orden+Policy+Reform+in+American+Agriculture,,Orden Policy Reform in American Agriculture,False,v2
37,US Commodity Policy,subsidies_supports,Sumner,Daniel A.,Economic Analysis of U.S. Cotton Subsidy Programs,2006,AJAE,ARTICLE,none,1980_2010,US,none,none,none,en,academic,none,none,MEDIUM,NEEDED,WTO case context,https://annas-archive.org/search?q=Sumner+Economic+Analysis+of+U.S.+Cotton+Subsidy+Programs,https://archive.org/search?query=Sumner+Economic+Analysis+of+U.S.+Cotton+Subsidy+Programs,,Sumner Economic Analysis of U.S. Cotton Subsidy Programs,False,v2
38,US Commodity Policy,biofuels_policy,Tyner,Wallace E.,The Integration of Energy and Agricultural Markets,2010,Ag Econ,ARTICLE,cereals,2010_2020,US,none,none,none,en,academic,none,none,HIGH,NEEDED,Corn-ethanol market linkage,https://annas-archive.org/search?q=Tyner+The+Integration+of+Energy+and+Agricultural+Markets,https://archive.org/search?query=Tyner+The+Integration+of+Energy+and+Agricultural+Markets,,Tyner The Integration of Energy and Agricultural Markets,False,v2
39,US Commodity Policy,biofuels_policy,Carter,Colin A.,The Effect of the U.S. Ethanol Mandate on Corn Prices,2017,Ag Econ,ARTICLE,cereals,2010_2020,US,none,none,none,en,academic,none,none,CRITICAL,NEEDED,"With Rausser, Smith",https://annas-archive.org/search?q=Carter+The+Effect+of+the+U.S.+Ethanol+Mandate+on+Corn+Prices,https://archive.org/search?query=Carter+The+Effect+of+the+U.S.+Ethanol+Mandate+on+Corn+Prices,https://doi.org/10.1111/agec.12316,Carter The Effect of the U.S. Ethanol Mandate on Corn Prices,False,v2
40,US Commodity Policy,biofuels_policy,Babcock,Bruce A.,The Impact of US Biofuel Policies on Agricultural Price Levels and Volatility,2011,ICTSD Issue Paper,REPORT,cereals,2010_2020,US,none,none,none,en,academic,none,none,HIGH,NEEDED,Volatility focus,https://annas-archive.org/search?q=Babcock+The+Impact+of+US+Biofuel+Policies+on+Agricultural+Price+Levels+and+Volatility,https://archive.org/search?query=Babcock+The+Impact+of+US+Biofuel+Policies+on+Agricultural+Price+Levels+and+Volatility,,Babcock The Impact of US Biofuel Policies on Agricultural Price Levels and Volatility,False,v2
41,US Commodity Policy,biofuels_policy,Schnepf,Randy,Renewable Fuel Standard (RFS): An Overview,2019,CRS Report R43325,REPORT,cereals,2010_2020,US,none,none,none,en,academic,none,none,HIGH,NEEDED,RFS policy primer,https://annas-archive.org/search?q=Schnepf+Renewable+Fuel+Standard+%28RFS%29%3A+An+Overview,https://archive.org/search?query=Schnepf+Renewable+Fuel+Standard+%28RFS%29%3A+An+Overview,https://crsreports.congress.gov/product/pdf/R/R43325,Schnepf Renewable Fuel Standard (RFS): An Overview,False,v2
42,US Commodity Policy,sugar_dairy_policy,Beghin,John C.,The Cost of the US Sugar Program Revisited,2017,Applied Econ Perspectives & Policy,ARTICLE,sugar,2010_2020,US,none,none,none,en,academic,none,none,HIGH,NEEDED,Welfare cost updates,https://annas-archive.org/search?q=Beghin+The+Cost+of+the+US+Sugar+Program+Revisited,https://archive.org/search?query=Beghin+The+Cost+of+the+US+Sugar+Program+Revisited,,Beghin The Cost of the US Sugar Program Revisited,False,v2
43,US Commodity Policy,sugar_dairy_policy,Schnepf,Randy,U.S. Sugar Program Fundamentals,2018,CRS Report R44347,REPORT,sugar,2010_2020,US,none,none,none,en,academic,none,none,HIGH,NEEDED,Tariff-rate quota mechanics,https://annas-archive.org/search?q=Schnepf+U.S.+Sugar+Program+Fundamentals,https://archive.org/search?query=Schnepf+U.S.+Sugar+Program+Fundamentals,https://crsreports.congress.gov/product/pdf/R/R44347,Schnepf U.S. Sugar Program Fundamentals,False,v2
44,US Commodity Policy,sugar_dairy_policy,Cessna,Jerry,The Dairy Margin Protection Program,2019,USDA ERS,REPORT,dairy,2010_2020,US,none,none,none,en,academic,none,none,MEDIUM,NEEDED,DMC program analysis,https://annas-archive.org/search?q=Cessna+The+Dairy+Margin+Protection+Program,https://archive.org/search?query=Cessna+The+Dairy+Margin+Protection+Program,,Cessna The Dairy Margin Protection Program,False,v2
45,US Commodity Policy,sugar_dairy_policy,Manchester,Alden C.,The Public Role in the Dairy Economy,1983,Westview,BOOK,dairy,1980_2010,US,none,none,none,en,academic,none,none,MEDIUM,NEEDED,Foundational FMMO history,https://annas-archive.org/search?q=Manchester+The+Public+Role+in+the+Dairy+Economy,https://archive.org/search?query=Manchester+The+Public+Role+in+the+Dairy+Economy,,Manchester The Public Role in the Dairy Economy,False,v2
46,US Commodity Policy,conservation_policy,Claassen,Roger,Grassland to Cropland Conversion in the Northern Plains,2011,USDA ERS ERR-120,REPORT,none,2010_2020,US,none,none,none,en,academic,none,none,LOW,NEEDED,CRP & land-use,https://annas-archive.org/search?q=Claassen+Grassland+to+Cropland+Conversion+in+the+Northern+Plains,https://archive.org/search?query=Claassen+Grassland+to+Cropland+Conversion+in+the+Northern+Plains,https://www.ers.usda.gov/publications,Claassen Grassland to Cropland Conversion in the Northern Plains,False,v2
47,US Commodity Policy,farm_bills,Schnepf,Randy,Agriculture and the 2014 Farm Bill,2014,CRS,REPORT,multi,2010_2020,US,none,none,none,en,academic,none,none,MEDIUM,NEEDED,,https://annas-archive.org/search?q=Schnepf+Agriculture+and+the+2014+Farm+Bill,https://archive.org/search?query=Schnepf+Agriculture+and+the+2014+Farm+Bill,,Schnepf Agriculture and the 2014 Farm Bill,False,v2
48,US Commodity Policy,subsidies_supports,Glauber,Joseph W.,The Growth of the Federal Crop Insurance Program,2013,AJAE,ARTICLE,multi,2010_2020,US,none,none,none,en,academic,none,none,HIGH,NEEDED,Crop insurance expansion,https://annas-archive.org/search?q=Glauber+The+Growth+of+the+Federal+Crop+Insurance+Program,https://archive.org/search?query=Glauber+The+Growth+of+the+Federal+Crop+Insurance+Program,,Glauber The Growth of the Federal Crop Insurance Program,False,v2
49,US Commodity Policy,subsidies_supports,Smith,Vincent H.,Agricultural Subsidies in the WTO Green Box,2009,Cambridge UP,BOOK,multi,1980_2010,US_Global,none,none,none,en,academic,none,none,MEDIUM,NEEDED,"With Meléndez-Ortiz, Bellmann",https://annas-archive.org/search?q=Smith+Agricultural+Subsidies+in+the+WTO+Green+Box,https://archive.org/search?query=Smith+Agricultural+Subsidies+in+the+WTO+Green+Box,,Smith Agricultural Subsidies in the WTO Green Box,False,v2
50,US Commodity Policy,biofuels_policy,de Gorter,Harry,The Economics of Biofuel Policies,2015,Palgrave,BOOK,cereals,2010_2020,US_Global,none,none,none,en,academic,none,none,MEDIUM,NEEDED,"With Drabik, Just",https://annas-archive.org/search?q=de+Gorter+The+Economics+of+Biofuel+Policies,https://archive.org/search?query=de+Gorter+The+Economics+of+Biofuel+Policies,,de Gorter The Economics of Biofuel Policies,False,v2
51,US Commodity Policy,biofuels_policy,Hochman,Gal,Corn Ethanol and U.S. Biofuel Policy 10 Years Later,2018,Applied Econ Perspectives & Policy,ARTICLE,cereals,2010_2020,US,none,none,none,en,academic,none,none,MEDIUM,NEEDED,Retrospective,https://annas-archive.org/search?q=Hochman+Corn+Ethanol+and+U.S.+Biofuel+Policy+10+Years+Later,https://archive.org/search?query=Hochman+Corn+Ethanol+and+U.S.+Biofuel+Policy+10+Years+Later,,Hochman Corn Ethanol and U.S. Biofuel Policy 10 Years Later,False,v2
52,US Commodity Policy,sugar_dairy_policy,Bryant,Henry,US Sugar Import Policy,2014,Choices Magazine,ARTICLE,sugar,2010_2020,US,none,none,none,en,academic,none,none,MEDIUM,NEEDED,Accessible overview,https://annas-archive.org/search?q=Bryant+US+Sugar+Import+Policy,https://archive.org/search?query=Bryant+US+Sugar+Import+Policy,https://www.choicesmagazine.org/,Bryant US Sugar Import Policy,False,v2
53,US Commodity Policy,conservation_policy,Hellerstein,Daniel,The Conservation Reserve Program: 30 Years of Soil Conservation,2017,USDA ERS EIB-169,REPORT,none,2010_2020,US,none,none,none,en,academic,none,none,LOW,NEEDED,CRP land-supply effects,https://annas-archive.org/search?q=Hellerstein+The+Conservation+Reserve+Program%3A+30+Years+of+Soil+Conservation,https://archive.org/search?query=Hellerstein+The+Conservation+Reserve+Program%3A+30+Years+of+Soil+Conservation,https://www.ers.usda.gov/publications/pub-details/?pubid=83915,Hellerstein The Conservation Reserve Program: 30 Years of Soil Conservation,False,v2
54,US Commodity Policy,farm_bills,Coppess,Jonathan W.,The Fault Lines of Farm Policy: A History of the Farm Bill,2018,U Nebraska Press,BOOK,multi,2010_2020,US,none,none,none,en,academic,none,none,HIGH,NEEDED,Political-history approach,https://annas-archive.org/search?q=Coppess+The+Fault+Lines+of+Farm+Policy%3A+A+History+of+the+Farm+Bill,https://archive.org/search?query=Coppess+The+Fault+Lines+of+Farm+Policy%3A+A+History+of+the+Farm+Bill,,Coppess The Fault Lines of Farm Policy: A History of the Farm Bill,False,v2
55,US Commodity Policy,subsidies_supports,Paarlberg,Robert,Food Politics: What Everyone Needs to Know,2020,Oxford UP,BOOK,multi,2010_2020,US,none,none,none,en,academic,none,none,HIGH,NEEDED,3rd ed.; accessible,https://annas-archive.org/search?q=Paarlberg+Food+Politics%3A+What+Everyone+Needs+to+Know,https://archive.org/search?query=Paarlberg+Food+Politics%3A+What+Everyone+Needs+to+Know,,Paarlberg Food Politics: What Everyone Needs to Know,False,v2
56,US Commodity Policy,biofuels_policy,Tyner,Wallace E.,"The US Ethanol and Biofuels Boom: Its Origins, Current Status, and Future Prospects",2008,BioScience,ARTICLE,cereals,2010_2020,US,none,none,none,en,academic,none,none,MEDIUM,NEEDED,Early retrospective,https://annas-archive.org/search?q=Tyner+The+US+Ethanol+and+Biofuels+Boom%3A+Its+Origins%2C+Current+Status%2C+and+Future+Prospects,https://archive.org/search?query=Tyner+The+US+Ethanol+and+Biofuels+Boom%3A+Its+Origins%2C+Current+Status%2C+and+Future+Prospects,,"Tyner The US Ethanol and Biofuels Boom: Its Origins, Current Status, and Future Prospects",False,v2
57,US Commodity Policy,sugar_dairy_policy,Bozic,Marin,Price Discovery in Federal Milk Marketing Orders,2012,AJAE,ARTICLE,dairy,1980_2010,US,none,none,none,en,academic,none,none,LOW,NEEDED,FMMO mechanics,https://annas-archive.org/search?q=Bozic+Price+Discovery+in+Federal+Milk+Marketing+Orders,https://archive.org/search?query=Bozic+Price+Discovery+in+Federal+Milk+Marketing+Orders,,Bozic Price Discovery in Federal Milk Marketing Orders,False,v2
58,US Commodity Policy,subsidies_supports,Alston,Julian M.,A Global Perspective on Agricultural R&D,2010,U Queensland,WORKING_PAPER,multi,2010_2020,US,none,none,none,en,academic,none,none,LOW,NEEDED,R&D spending & productivity,https://annas-archive.org/search?q=Alston+A+Global+Perspective+on+Agricultural+R%26D,https://archive.org/search?query=Alston+A+Global+Perspective+on+Agricultural+R%26D,,Alston A Global Perspective on Agricultural R&D,False,v2
59,US Commodity Policy,farm_bills,Jurenas,Remy,Sugar Provisions of the 2008 Farm Bill,2008,CRS,REPORT,sugar,2010_2020,US,none,none,none,en,academic,none,none,LOW,NEEDED,,https://annas-archive.org/search?q=Jurenas+Sugar+Provisions+of+the+2008+Farm+Bill,https://archive.org/search?query=Jurenas+Sugar+Provisions+of+the+2008+Farm+Bill,,Jurenas Sugar Provisions of the 2008 Farm Bill,False,v2
60,US Commodity Policy,subsidies_supports,Westcott,Paul C.,USDA Agricultural Baseline Projections,2020,USDA ERS,REPORT,multi,spanning,US,none,none,none,en,academic,none,none,MEDIUM,NEEDED,Annual 10-year projections,https://annas-archive.org/search?q=Westcott+USDA+Agricultural+Baseline+Projections,https://archive.org/search?query=Westcott+USDA+Agricultural+Baseline+Projections,https://www.ers.usda.gov/publications/pub-details/?pubid=103310,Westcott USDA Agricultural Baseline Projections,False,v2
61,Food Price History,pre_1900,Cronon,William,Nature's Metropolis: Chicago and the Great West,1991,Norton,BOOK,cereals,pre1900,US,none,none,none,en,academic,none,none,FLAGSHIP,NEEDED,CBOT origin story,https://annas-archive.org/search?q=Cronon+Nature%27s+Metropolis%3A+Chicago+and+the+Great+West,https://archive.org/search?query=Cronon+Nature%27s+Metropolis%3A+Chicago+and+the+Great+West,,Cronon Nature's Metropolis: Chicago and the Great West,False,v2
62,Food Price History,pre_1900,Rothenberg,Winifred B.,From Market-Places to a Market Economy,1992,U Chicago Press,BOOK,multi,pre1900,US,none,none,none,en,academic,none,none,MEDIUM,NEEDED,Early New England ag markets,https://annas-archive.org/search?q=Rothenberg+From+Market-Places+to+a+Market+Economy,https://archive.org/search?query=Rothenberg+From+Market-Places+to+a+Market+Economy,,Rothenberg From Market-Places to a Market Economy,False,v2
63,Food Price History,pre_1900,Atack,Jeremy,A New Economic View of American History,1994,Norton,BOOK,multi,spanning,US,none,none,none,en,academic,none,none,MEDIUM,NEEDED,With Passell; standard,https://annas-archive.org/search?q=Atack+A+New+Economic+View+of+American+History,https://archive.org/search?query=Atack+A+New+Economic+View+of+American+History,,Atack A New Economic View of American History,False,v2
64,Food Price History,pre_1900,Fogel,Robert W.,Railroads and American Economic Growth,1964,Johns Hopkins,BOOK,cereals,pre1900,US,none,none,none,en,academic,none,none,LOW,NEEDED,Social-saving for grain transport,https://annas-archive.org/search?q=Fogel+Railroads+and+American+Economic+Growth,https://archive.org/search?query=Fogel+Railroads+and+American+Economic+Growth,,Fogel Railroads and American Economic Growth,False,v2
65,Food Price History,20c_inflation,Cochrane,Willard W.,The Development of American Agriculture: A Historical Analysis,1993,U Minnesota Press,BOOK,multi,spanning,US,none,none,none,en,academic,none,none,CRITICAL,NEEDED,Standard US ag history,https://annas-archive.org/search?q=Cochrane+The+Development+of+American+Agriculture%3A+A+Historical+Analysis,https://archive.org/search?query=Cochrane+The+Development+of+American+Agriculture%3A+A+Historical+Analysis,,Cochrane The Development of American Agriculture: A Historical Analysis,False,v2
66,Food Price History,20c_inflation,Schertz,Lyle P.,Another Revolution in U.S. Farming?,1979,USDA ESCS,REPORT,multi,1945_1980,US,none,none,none,en,academic,none,none,HIGH,NEEDED,Post-1973 transformation,https://annas-archive.org/search?q=Schertz+Another+Revolution+in+U.S.+Farming%3F,https://archive.org/search?query=Schertz+Another+Revolution+in+U.S.+Farming%3F,,Schertz Another Revolution in U.S. Farming?,False,v2
67,Food Price History,20c_inflation,Davis,Joseph S.,Wheat and the AAA,1935,Brookings,BOOK,cereals,1900_1945,US,none,none,none,en,academic,none,none,MEDIUM,NEEDED,Early New Deal ag policy,https://annas-archive.org/search?q=Davis+Wheat+and+the+AAA,https://archive.org/search?query=Davis+Wheat+and+the+AAA,,Davis Wheat and the AAA,False,v2
68,Food Price History,1970s_shock,Schertz,Lyle P.,World Food: Prices and the Poor,1973,Foreign Affairs,ARTICLE,multi,1945_1980,US_Global,none,none,none,en,academic,none,none,HIGH,NEEDED,Start of 1973-74 food crisis framing,https://annas-archive.org/search?q=Schertz+World+Food%3A+Prices+and+the+Poor,https://archive.org/search?query=Schertz+World+Food%3A+Prices+and+the+Poor,,Schertz World Food: Prices and the Poor,False,v2
69,Food Price History,1970s_shock,Johnson,D. Gale,The World Food Situation: Developments During the 1970s,1976,AJAE,ARTICLE,multi,1945_1980,US_Global,none,none,none,en,academic,none,none,HIGH,NEEDED,,https://annas-archive.org/search?q=Johnson+The+World+Food+Situation%3A+Developments+During+the+1970s,https://archive.org/search?query=Johnson+The+World+Food+Situation%3A+Developments+During+the+1970s,,Johnson The World Food Situation: Developments During the 1970s,False,v2
70,Food Price History,1970s_shock,USDA,,The World Food Situation and Prospects to 1985,1974,USDA FAER-98,REPORT,multi,1945_1980,US_Global,none,none,none,en,academic,none,none,MEDIUM,NEEDED,Original govt response doc,https://annas-archive.org/search?q=USDA+The+World+Food+Situation+and+Prospects+to+1985,https://archive.org/search?query=USDA+The+World+Food+Situation+and+Prospects+to+1985,,USDA The World Food Situation and Prospects to 1985,False,v2
71,Food Price History,1970s_shock,Luttrell,Clifton B.,The Russian Wheat Deal — Hindsight vs. Foresight,1973,St. Louis Fed Review,ARTICLE,cereals,1945_1980,US_Global,none,none,none,en,academic,none,none,HIGH,NEEDED,Great Grain Robbery,https://annas-archive.org/search?q=Luttrell+The+Russian+Wheat+Deal+%E2%80%94+Hindsight+vs.+Foresight,https://archive.org/search?query=Luttrell+The+Russian+Wheat+Deal+%E2%80%94+Hindsight+vs.+Foresight,https://research.stlouisfed.org/publications/review/1973/10/01/the-russian-wheat-deal-hindsight-vs-foresight,Luttrell The Russian Wheat Deal — Hindsight vs. Foresight,False,v2
72,Food Price History,1970s_shock,Morgan,Dan,Merchants of Grain,1979,Viking,BOOK,cereals,1945_1980,US_Global,none,none,none,en,academic,none,none,HIGH,NEEDED,Cargill/Continental grain giants,https://annas-archive.org/search?q=Morgan+Merchants+of+Grain,https://archive.org/search?query=Morgan+Merchants+of+Grain,,Morgan Merchants of Grain,False,v2
73,Food Price History,2008_crisis,Headey,Derek,Anatomy of a Crisis: The Causes and Consequences of Surging Food Prices,2008,Ag Econ,ARTICLE,multi,1980_2010,Global,none,none,none,en,academic,none,none,CRITICAL,NEEDED,With Fan; canonical 2008 paper,https://annas-archive.org/search?q=Headey+Anatomy+of+a+Crisis%3A+The+Causes+and+Consequences+of+Surging+Food+Prices,https://archive.org/search?query=Headey+Anatomy+of+a+Crisis%3A+The+Causes+and+Consequences+of+Surging+Food+Prices,,Headey Anatomy of a Crisis: The Causes and Consequences of Surging Food Prices,False,v2
74,Food Price History,2008_crisis,Abbott,Philip C.,What's Driving Food Prices?,2008,Farm Foundation,REPORT,multi,1980_2010,US_Global,none,none,none,en,academic,none,none,CRITICAL,NEEDED,"With Hurt, Tyner; landmark",https://annas-archive.org/search?q=Abbott+What%27s+Driving+Food+Prices%3F,https://archive.org/search?query=Abbott+What%27s+Driving+Food+Prices%3F,,Abbott What's Driving Food Prices?,False,v2
75,Food Price History,2008_crisis,Mitchell,Donald,A Note on Rising Food Prices,2008,World Bank WP 4682,WORKING_PAPER,multi,1980_2010,Global,none,none,none,en,academic,none,none,HIGH,NEEDED,Attributed 75% to biofuels (controversial),https://annas-archive.org/search?q=Mitchell+A+Note+on+Rising+Food+Prices,https://archive.org/search?query=Mitchell+A+Note+on+Rising+Food+Prices,https://documents.worldbank.org/en/publication/documents-reports/documentdetail/229961468140943023,Mitchell A Note on Rising Food Prices,False,v2
76,Food Price History,2008_crisis,Trostle,Ronald,Global Agricultural Supply and Demand: Factors Contributing to the Recent Increase in Food Commodity Prices,2008,USDA ERS WRS-0801,REPORT,multi,1980_2010,US_Global,none,none,none,en,academic,none,none,HIGH,NEEDED,USDA's crisis analysis,https://annas-archive.org/search?q=Trostle+Global+Agricultural+Supply+and+Demand%3A+Factors+Contributing+to+the+Recent+Increase+in+Food+Commodity+Prices,https://archive.org/search?query=Trostle+Global+Agricultural+Supply+and+Demand%3A+Factors+Contributing+to+the+Recent+Increase+in+Food+Commodity+Prices,https://www.ers.usda.gov/publications/pub-details/?pubid=40470,Trostle Global Agricultural Supply and Demand: Factors Contributing to the Recent Increase in Food Commodity Prices,False,v2
77,Food Price History,2008_crisis,Piesse,Jenifer,Three Bubbles and a Panic: An Explanatory Review of Recent Food Commodity Price Events,2009,Food Policy,ARTICLE,multi,1980_2010,Global,none,none,none,en,academic,none,none,HIGH,NEEDED,With Thirtle,https://annas-archive.org/search?q=Piesse+Three+Bubbles+and+a+Panic%3A+An+Explanatory+Review+of+Recent+Food+Commodity+Price+Events,https://archive.org/search?query=Piesse+Three+Bubbles+and+a+Panic%3A+An+Explanatory+Review+of+Recent+Food+Commodity+Price+Events,,Piesse Three Bubbles and a Panic: An Explanatory Review of Recent Food Commodity Price Events,False,v2
78,Food Price History,2008_crisis,Gilbert,Christopher L.,How to Understand High Food Prices,2010,Journal of Ag Econ,ARTICLE,multi,1980_2010,Global,none,none,none,en,academic,none,none,HIGH,NEEDED,Financialization hypothesis,https://annas-archive.org/search?q=Gilbert+How+to+Understand+High+Food+Prices,https://archive.org/search?query=Gilbert+How+to+Understand+High+Food+Prices,,Gilbert How to Understand High Food Prices,False,v2
79,Food Price History,2011_spike,Tadesse,Getaw,Drivers and Triggers of International Food Price Spikes and Volatility,2014,Food Policy,ARTICLE,multi,2010_2020,Global,none,none,none,en,academic,none,none,HIGH,NEEDED,,https://annas-archive.org/search?q=Tadesse+Drivers+and+Triggers+of+International+Food+Price+Spikes+and+Volatility,https://archive.org/search?query=Tadesse+Drivers+and+Triggers+of+International+Food+Price+Spikes+and+Volatility,,Tadesse Drivers and Triggers of International Food Price Spikes and Volatility,False,v2
80,Food Price History,2011_spike,Lagi,Marco,The Food Crises and Political Instability in North Africa and the Middle East,2011,NECSI,WORKING_PAPER,multi,2010_2020,Global,none,none,none,en,academic,none,none,MEDIUM,NEEDED,Food prices → Arab Spring,https://annas-archive.org/search?q=Lagi+The+Food+Crises+and+Political+Instability+in+North+Africa+and+the+Middle+East,https://archive.org/search?query=Lagi+The+Food+Crises+and+Political+Instability+in+North+Africa+and+the+Middle+East,https://arxiv.org/abs/1108.2455,Lagi The Food Crises and Political Instability in North Africa and the Middle East,False,v2
81,Food Price History,2022_spike,Glauber,Joseph W.,"The War in Ukraine, Agricultural Trade and Risks to Global Food Security",2022,IFPRI,REPORT,cereals,2020_present,Global,none,none,none,en,academic,none,none,HIGH,NEEDED,With Laborde,https://annas-archive.org/search?q=Glauber+The+War+in+Ukraine%2C+Agricultural+Trade+and+Risks+to+Global+Food+Security,https://archive.org/search?query=Glauber+The+War+in+Ukraine%2C+Agricultural+Trade+and+Risks+to+Global+Food+Security,https://www.ifpri.org/blog/war-ukraine-agricultural-trade-and-risks-global-food-security,"Glauber The War in Ukraine, Agricultural Trade and Risks to Global Food Security",False,v2
82,Food Price History,2022_spike,FAO,,The Importance of Ukraine and the Russian Federation for Global Agricultural Markets,2022,FAO,REPORT,cereals,2020_present,Global,none,none,none,en,academic,none,none,HIGH,NEEDED,Info note,https://annas-archive.org/search?q=FAO+The+Importance+of+Ukraine+and+the+Russian+Federation+for+Global+Agricultural+Markets,https://archive.org/search?query=FAO+The+Importance+of+Ukraine+and+the+Russian+Federation+for+Global+Agricultural+Markets,https://www.fao.org/3/cb9236en/cb9236en.pdf,FAO The Importance of Ukraine and the Russian Federation for Global Agricultural Markets,False,v2
83,Food Price History,2022_spike,Carriquiry,Miguel,Russia's Invasion of Ukraine: Consequences for Global Agriculture,2022,Applied Econ Perspectives & Policy,ARTICLE,cereals,2020_present,Global,none,none,none,en,academic,none,none,HIGH,NEEDED,,https://annas-archive.org/search?q=Carriquiry+Russia%27s+Invasion+of+Ukraine%3A+Consequences+for+Global+Agriculture,https://archive.org/search?query=Carriquiry+Russia%27s+Invasion+of+Ukraine%3A+Consequences+for+Global+Agriculture,,Carriquiry Russia's Invasion of Ukraine: Consequences for Global Agriculture,False,v2
84,Food Price History,secular_trends,Grilli,Enzo R.,"Primary Commodity Prices, Manufactured Goods Prices, and the Terms of Trade of Developing Countries",1988,World Bank Economic Review,ARTICLE,multi,spanning,Global,none,none,none,en,academic,none,none,HIGH,NEEDED,With Yang; Prebisch-Singer data,https://annas-archive.org/search?q=Grilli+Primary+Commodity+Prices%2C+Manufactured+Goods+Prices%2C+and+the+Terms+of+Trade+of+Developing+Countries,https://archive.org/search?query=Grilli+Primary+Commodity+Prices%2C+Manufactured+Goods+Prices%2C+and+the+Terms+of+Trade+of+Developing+Countries,https://doi.org/10.1093/wber/2.1.1,"Grilli Primary Commodity Prices, Manufactured Goods Prices, and the Terms of Trade of Developing Countries",False,v2
85,Food Price History,secular_trends,Erten,Bilge,Super-Cycles of Commodity Prices Since the Mid-Nineteenth Century,2013,World Development,ARTICLE,multi,spanning,Global,none,none,none,en,academic,none,none,HIGH,NEEDED,With Ocampo,https://annas-archive.org/search?q=Erten+Super-Cycles+of+Commodity+Prices+Since+the+Mid-Nineteenth+Century,https://archive.org/search?query=Erten+Super-Cycles+of+Commodity+Prices+Since+the+Mid-Nineteenth+Century,,Erten Super-Cycles of Commodity Prices Since the Mid-Nineteenth Century,False,v2
86,Food Price History,secular_trends,Pfaffenzeller,Stephan,A Short Note on Updating the Grilli and Yang Commodity Price Index,2007,World Bank Economic Review,ARTICLE,multi,spanning,Global,none,none,none,en,academic,none,none,MEDIUM,NEEDED,Index-update methodology,https://annas-archive.org/search?q=Pfaffenzeller+A+Short+Note+on+Updating+the+Grilli+and+Yang+Commodity+Price+Index,https://archive.org/search?query=Pfaffenzeller+A+Short+Note+on+Updating+the+Grilli+and+Yang+Commodity+Price+Index,,Pfaffenzeller A Short Note on Updating the Grilli and Yang Commodity Price Index,False,v2
87,Food Price History,secular_trends,Deaton,Angus,Commodity Prices and Growth in Africa,1999,Journal of Economic Perspectives,ARTICLE,multi,spanning,Global,none,none,none,en,academic,none,none,MEDIUM,NEEDED,Resource curse + prices,https://annas-archive.org/search?q=Deaton+Commodity+Prices+and+Growth+in+Africa,https://archive.org/search?query=Deaton+Commodity+Prices+and+Growth+in+Africa,https://doi.org/10.1257/jep.13.3.23,Deaton Commodity Prices and Growth in Africa,False,v2
88,Food Price History,2008_crisis,Sumner,Daniel A.,Recent Commodity Price Movements in Historical Perspective,2009,AJAE,ARTICLE,multi,1980_2010,US_Global,none,none,none,en,academic,none,none,HIGH,NEEDED,,https://annas-archive.org/search?q=Sumner+Recent+Commodity+Price+Movements+in+Historical+Perspective,https://archive.org/search?query=Sumner+Recent+Commodity+Price+Movements+in+Historical+Perspective,,Sumner Recent Commodity Price Movements in Historical Perspective,False,v2
89,Food Price History,2008_crisis,Tangermann,Stefan,Policy Solutions to Agricultural Market Volatility,2011,ICTSD,REPORT,multi,2010_2020,Global,none,none,none,en,academic,none,none,MEDIUM,NEEDED,,https://annas-archive.org/search?q=Tangermann+Policy+Solutions+to+Agricultural+Market+Volatility,https://archive.org/search?query=Tangermann+Policy+Solutions+to+Agricultural+Market+Volatility,,Tangermann Policy Solutions to Agricultural Market Volatility,False,v2
90,Food Price History,secular_trends,Baffes,John,"A Framework for Analyzing the Interplay Among Food, Fuel, and Other Commodity Prices",2010,World Bank Research Observer,ARTICLE,multi,1980_2010,Global,none,none,none,en,academic,none,none,MEDIUM,NEEDED,,https://annas-archive.org/search?q=Baffes+A+Framework+for+Analyzing+the+Interplay+Among+Food%2C+Fuel%2C+and+Other+Commodity+Prices,https://archive.org/search?query=Baffes+A+Framework+for+Analyzing+the+Interplay+Among+Food%2C+Fuel%2C+and+Other+Commodity+Prices,,"Baffes A Framework for Analyzing the Interplay Among Food, Fuel, and Other Commodity Prices",False,v2
91,Food Price History,20c_inflation,Rasmussen,Wayne D.,"25 Years of Change in Farm Production and Efficiency, 1950-75",1978,USDA SB-616,REPORT,multi,1945_1980,US,none,none,none,en,academic,none,none,LOW,NEEDED,,https://annas-archive.org/search?q=Rasmussen+25+Years+of+Change+in+Farm+Production+and+Efficiency%2C+1950-75,https://archive.org/search?query=Rasmussen+25+Years+of+Change+in+Farm+Production+and+Efficiency%2C+1950-75,,"Rasmussen 25 Years of Change in Farm Production and Efficiency, 1950-75",False,v2
92,Food Price History,20c_inflation,Hurt,Chris,History of the Hog Cycle,2000,Purdue Extension,REPORT,meat,1980_2010,US,none,none,none,en,academic,none,none,MEDIUM,NEEDED,,https://annas-archive.org/search?q=Hurt+History+of+the+Hog+Cycle,https://archive.org/search?query=Hurt+History+of+the+Hog+Cycle,,Hurt History of the Hog Cycle,False,v2
93,Food Price History,pre_1900,Mintz,Sidney W.,Sweetness and Power: The Place of Sugar in Modern History,1985,Viking,BOOK,sugar,pre1900,Colonial,none,none,none,en,academic,none,none,CRITICAL,NEEDED,Sugar-history classic,https://annas-archive.org/search?q=Mintz+Sweetness+and+Power%3A+The+Place+of+Sugar+in+Modern+History,https://archive.org/search?query=Mintz+Sweetness+and+Power%3A+The+Place+of+Sugar+in+Modern+History,,Mintz Sweetness and Power: The Place of Sugar in Modern History,False,v2
94,Food Price History,pre_1900,Kurlansky,Mark,Salt: A World History,2002,Walker,BOOK,none,spanning,Global,none,none,none,en,academic,none,none,MEDIUM,NEEDED,Commodity history,https://annas-archive.org/search?q=Kurlansky+Salt%3A+A+World+History,https://archive.org/search?query=Kurlansky+Salt%3A+A+World+History,,Kurlansky Salt: A World History,False,v2
95,Food Price History,pre_1900,Kurlansky,Mark,Cod: A Biography of the Fish That Changed the World,1997,Walker,BOOK,meat,spanning,Global,none,none,none,en,academic,none,none,MEDIUM,NEEDED,,https://annas-archive.org/search?q=Kurlansky+Cod%3A+A+Biography+of+the+Fish+That+Changed+the+World,https://archive.org/search?query=Kurlansky+Cod%3A+A+Biography+of+the+Fish+That+Changed+the+World,,Kurlansky Cod: A Biography of the Fish That Changed the World,False,v2
96,Food Price History,pre_1900,Kurlansky,Mark,"Milk! A 10,000-Year Food Fracas",2018,Bloomsbury,BOOK,dairy,spanning,Global,none,none,none,en,academic,none,none,MEDIUM,NEEDED,,https://annas-archive.org/search?q=Kurlansky+Milk%21+A+10%2C000-Year+Food+Fracas,https://archive.org/search?query=Kurlansky+Milk%21+A+10%2C000-Year+Food+Fracas,,"Kurlansky Milk! A 10,000-Year Food Fracas",False,v2
97,Food Price History,secular_trends,Fogel,Robert W.,"The Escape from Hunger and Premature Death, 1700-2100",2004,Cambridge UP,BOOK,none,spanning,Global,none,none,none,en,academic,none,none,MEDIUM,NEEDED,Nutrition + economic history,https://annas-archive.org/search?q=Fogel+The+Escape+from+Hunger+and+Premature+Death%2C+1700-2100,https://archive.org/search?query=Fogel+The+Escape+from+Hunger+and+Premature+Death%2C+1700-2100,,"Fogel The Escape from Hunger and Premature Death, 1700-2100",False,v2
98,Food Price History,1970s_shock,Tweeten,Luther,Foundations of Farm Policy,1979,U Nebraska Press,BOOK,multi,1945_1980,US,none,none,none,en,academic,none,none,MEDIUM,NEEDED,Classic ag-policy text,https://annas-archive.org/search?q=Tweeten+Foundations+of+Farm+Policy,https://archive.org/search?query=Tweeten+Foundations+of+Farm+Policy,,Tweeten Foundations of Farm Policy,False,v2
99,Food Price History,2008_crisis,Meyer,Seth,Prospects for Returning to More Normal World Agricultural Commodity Markets,2010,Ag Econ,ARTICLE,multi,1980_2010,Global,none,none,none,en,academic,none,none,LOW,NEEDED,,https://annas-archive.org/search?q=Meyer+Prospects+for+Returning+to+More+Normal+World+Agricultural+Commodity+Markets,https://archive.org/search?query=Meyer+Prospects+for+Returning+to+More+Normal+World+Agricultural+Commodity+Markets,,Meyer Prospects for Returning to More Normal World Agricultural Commodity Markets,False,v2
100,Food Price History,2022_spike,Laborde,David,Implications of the War in Ukraine for Agricultural Markets,2022,IFPRI,REPORT,cereals,2020_present,Global,none,none,none,en,academic,none,none,HIGH,NEEDED,,https://annas-archive.org/search?q=Laborde+Implications+of+the+War+in+Ukraine+for+Agricultural+Markets,https://archive.org/search?query=Laborde+Implications+of+the+War+in+Ukraine+for+Agricultural+Markets,,Laborde Implications of the War in Ukraine for Agricultural Markets,False,v2
101,Cereals Grains,wheat,Olmstead,Alan L.,"The Red Queen and the Hard Reds: Productivity Growth in American Wheat, 1800-1940",2002,Journal of Economic History,ARTICLE,cereals,pre1900,US,none,none,none,en,academic,none,none,HIGH,NEEDED,With Rhode,https://annas-archive.org/search?q=Olmstead+The+Red+Queen+and+the+Hard+Reds%3A+Productivity+Growth+in+American+Wheat%2C+1800-1940,https://archive.org/search?query=Olmstead+The+Red+Queen+and+the+Hard+Reds%3A+Productivity+Growth+in+American+Wheat%2C+1800-1940,,"Olmstead The Red Queen and the Hard Reds: Productivity Growth in American Wheat, 1800-1940",False,v2
102,Cereals Grains,wheat,Malenbaum,Wilfred,"The World Wheat Economy, 1885-1939",1953,Harvard UP,BOOK,cereals,1900_1945,Global,none,none,none,en,academic,none,none,MEDIUM,NEEDED,Classic wheat-market history,https://annas-archive.org/search?q=Malenbaum+The+World+Wheat+Economy%2C+1885-1939,https://archive.org/search?query=Malenbaum+The+World+Wheat+Economy%2C+1885-1939,,"Malenbaum The World Wheat Economy, 1885-1939",False,v2
103,Cereals Grains,wheat,Chattopadhyay,Sumit,"The Global Wheat Market: Production, Trade, and Pricing",2020,Routledge,BOOK,cereals,2010_2020,Global,none,none,none,en,academic,none,none,MEDIUM,NEEDED,,https://annas-archive.org/search?q=Chattopadhyay+The+Global+Wheat+Market%3A+Production%2C+Trade%2C+and+Pricing,https://archive.org/search?query=Chattopadhyay+The+Global+Wheat+Market%3A+Production%2C+Trade%2C+and+Pricing,,"Chattopadhyay The Global Wheat Market: Production, Trade, and Pricing",False,v2
104,Cereals Grains,corn,Walters,Alan A.,The Global Corn Economy,2015,Elsevier,BOOK,cereals,2010_2020,Global,none,none,none,en,academic,none,none,HIGH,NEEDED,,https://annas-archive.org/search?q=Walters+The+Global+Corn+Economy,https://archive.org/search?query=Walters+The+Global+Corn+Economy,,Walters The Global Corn Economy,False,v2
105,Cereals Grains,corn,Carter,Colin A.,Biofuels and Agricultural Commodity Prices: A Review of the Evidence Base,2016,Ecological Economics,ARTICLE,cereals,2010_2020,US,none,none,none,en,academic,none,none,HIGH,NEEDED,"With Rausser, Smith",https://annas-archive.org/search?q=Carter+Biofuels+and+Agricultural+Commodity+Prices%3A+A+Review+of+the+Evidence+Base,https://archive.org/search?query=Carter+Biofuels+and+Agricultural+Commodity+Prices%3A+A+Review+of+the+Evidence+Base,,Carter Biofuels and Agricultural Commodity Prices: A Review of the Evidence Base,False,v2
106,Cereals Grains,corn,Hertel,Thomas W.,Impacts of US Ethanol Mandate on World Agriculture,2010,AJAE,ARTICLE,cereals,2010_2020,Global,none,none,none,en,academic,none,none,HIGH,NEEDED,,https://annas-archive.org/search?q=Hertel+Impacts+of+US+Ethanol+Mandate+on+World+Agriculture,https://archive.org/search?query=Hertel+Impacts+of+US+Ethanol+Mandate+on+World+Agriculture,,Hertel Impacts of US Ethanol Mandate on World Agriculture,False,v2
107,Cereals Grains,corn,Wright,Brian D.,Global Biofuels: Key to the Puzzle of Grain Market Behavior,2014,J Econ Perspectives,ARTICLE,cereals,2010_2020,Global,none,none,none,en,academic,none,none,FLAGSHIP,NEEDED,,https://annas-archive.org/search?q=Wright+Global+Biofuels%3A+Key+to+the+Puzzle+of+Grain+Market+Behavior,https://archive.org/search?query=Wright+Global+Biofuels%3A+Key+to+the+Puzzle+of+Grain+Market+Behavior,https://doi.org/10.1257/jep.28.1.73,Wright Global Biofuels: Key to the Puzzle of Grain Market Behavior,False,v2
108,Cereals Grains,rice,Slayton,Tom,Rice Crisis Forensics: How Asian Governments Carelessly Set the World Rice Market on Fire,2009,Center for Global Development WP 163,WORKING_PAPER,cereals,2010_2020,Asia,none,none,none,en,academic,none,none,CRITICAL,NEEDED,Classic on 2008 rice spike,https://annas-archive.org/search?q=Slayton+Rice+Crisis+Forensics%3A+How+Asian+Governments+Carelessly+Set+the+World+Rice+Market+on+Fire,https://archive.org/search?query=Slayton+Rice+Crisis+Forensics%3A+How+Asian+Governments+Carelessly+Set+the+World+Rice+Market+on+Fire,https://www.cgdev.org/publication/rice-crisis-forensics-how-asian-governments-carelessly-set-world-rice-market-fire,Slayton Rice Crisis Forensics: How Asian Governments Carelessly Set the World Rice Market on Fire,False,v2
109,Cereals Grains,rice,Timmer,C. Peter,Managing the World Rice Market,2010,AJAE,ARTICLE,cereals,2010_2020,Asia,none,none,none,en,academic,none,none,HIGH,NEEDED,,https://annas-archive.org/search?q=Timmer+Managing+the+World+Rice+Market,https://archive.org/search?query=Timmer+Managing+the+World+Rice+Market,,Timmer Managing the World Rice Market,False,v2
110,Cereals Grains,rice,Dawe,David,"The Rice Crisis: Markets, Policies and Food Security",2010,Earthscan/FAO,BOOK,cereals,2010_2020,Global,none,none,none,en,academic,none,none,HIGH,NEEDED,,https://annas-archive.org/search?q=Dawe+The+Rice+Crisis%3A+Markets%2C+Policies+and+Food+Security,https://archive.org/search?query=Dawe+The+Rice+Crisis%3A+Markets%2C+Policies+and+Food+Security,,"Dawe The Rice Crisis: Markets, Policies and Food Security",False,v2
111,Cereals Grains,soybeans,Chern,Wen S.,The US-China Soybean Trade and the 2018 Tariffs,2019,Choices Magazine,ARTICLE,cereals,2010_2020,US_Global,none,none,none,en,academic,none,none,HIGH,NEEDED,Trade war,https://annas-archive.org/search?q=Chern+The+US-China+Soybean+Trade+and+the+2018+Tariffs,https://archive.org/search?query=Chern+The+US-China+Soybean+Trade+and+the+2018+Tariffs,,Chern The US-China Soybean Trade and the 2018 Tariffs,False,v2
112,Cereals Grains,soybeans,Taheripour,Farzad,The Impact of Considering Land Intensification and Updated Land Use Data on Biofuels Carbon Savings,2016,Environmental Research Letters,ARTICLE,cereals,2010_2020,US_Global,none,none,none,en,academic,none,none,MEDIUM,NEEDED,,https://annas-archive.org/search?q=Taheripour+The+Impact+of+Considering+Land+Intensification+and+Updated+Land+Use+Data+on+Biofuels+Carbon+Savings,https://archive.org/search?query=Taheripour+The+Impact+of+Considering+Land+Intensification+and+Updated+Land+Use+Data+on+Biofuels+Carbon+Savings,,Taheripour The Impact of Considering Land Intensification and Updated Land Use Data on Biofuels Carbon Savings,False,v2
113,Cereals Grains,soybeans,Gale,Fred,The Rise of China's Demand for Soybeans,2019,USDA ERS,REPORT,cereals,2010_2020,Asia,none,none,none,en,academic,none,none,HIGH,NEEDED,,https://annas-archive.org/search?q=Gale+The+Rise+of+China%27s+Demand+for+Soybeans,https://archive.org/search?query=Gale+The+Rise+of+China%27s+Demand+for+Soybeans,https://www.ers.usda.gov/publications,Gale The Rise of China's Demand for Soybeans,False,v2
114,Cereals Grains,cbot_futures,Lurie,Jonathan,"The Chicago Board of Trade, 1859-1905",1979,U Illinois Press,BOOK,cereals,1900_1945,US,none,none,none,en,academic,none,none,HIGH,NEEDED,Institutional history,https://annas-archive.org/search?q=Lurie+The+Chicago+Board+of+Trade%2C+1859-1905,https://archive.org/search?query=Lurie+The+Chicago+Board+of+Trade%2C+1859-1905,,"Lurie The Chicago Board of Trade, 1859-1905",False,v2
115,Cereals Grains,cbot_futures,Santos,Joseph,A History of Futures Trading in the United States,2008,EH.net Encyclopedia,ARTICLE,none,spanning,US,none,none,none,en,academic,none,none,MEDIUM,NEEDED,,https://annas-archive.org/search?q=Santos+A+History+of+Futures+Trading+in+the+United+States,https://archive.org/search?query=Santos+A+History+of+Futures+Trading+in+the+United+States,https://eh.net/encyclopedia/a-history-of-futures-trading-in-the-united-states/,Santos A History of Futures Trading in the United States,False,v2
116,Cereals Grains,cbot_futures,Williams,Jeffrey C.,The Origin of Futures Markets,1982,Agricultural History,ARTICLE,cereals,pre1900,US,none,none,none,en,academic,none,none,MEDIUM,NEEDED,,https://annas-archive.org/search?q=Williams+The+Origin+of+Futures+Markets,https://archive.org/search?query=Williams+The+Origin+of+Futures+Markets,,Williams The Origin of Futures Markets,False,v2
117,Cereals Grains,yield_weather,Schlenker,Wolfram,Nonlinear Temperature Effects Indicate Severe Damages to U.S. Crop Yields Under Climate Change,2009,PNAS,ARTICLE,cereals,2010_2020,US,none,none,none,en,academic,none,none,CRITICAL,NEEDED,With Roberts,https://annas-archive.org/search?q=Schlenker+Nonlinear+Temperature+Effects+Indicate+Severe+Damages+to+U.S.+Crop+Yields+Under+Climate+Change,https://archive.org/search?query=Schlenker+Nonlinear+Temperature+Effects+Indicate+Severe+Damages+to+U.S.+Crop+Yields+Under+Climate+Change,https://doi.org/10.1073/pnas.0906865106,Schlenker Nonlinear Temperature Effects Indicate Severe Damages to U.S. Crop Yields Under Climate Change,False,v2
118,Cereals Grains,yield_weather,Lobell,David B.,The Influence of Climate Change on Global Crop Productivity,2012,Plant Physiology,ARTICLE,cereals,2010_2020,Global,none,none,none,en,academic,none,none,HIGH,NEEDED,With Gourdji,https://annas-archive.org/search?q=Lobell+The+Influence+of+Climate+Change+on+Global+Crop+Productivity,https://archive.org/search?query=Lobell+The+Influence+of+Climate+Change+on+Global+Crop+Productivity,,Lobell The Influence of Climate Change on Global Crop Productivity,False,v2
119,Cereals Grains,yield_weather,Deschênes,Olivier,The Economic Impacts of Climate Change: Evidence from Agricultural Output and Random Fluctuations in Weather,2007,AER,ARTICLE,cereals,2010_2020,US,none,none,none,en,academic,none,none,HIGH,NEEDED,With Greenstone,https://annas-archive.org/search?q=Desch%C3%AAnes+The+Economic+Impacts+of+Climate+Change%3A+Evidence+from+Agricultural+Output+and+Random+Fluctuations+in+Weather,https://archive.org/search?query=Desch%C3%AAnes+The+Economic+Impacts+of+Climate+Change%3A+Evidence+from+Agricultural+Output+and+Random+Fluctuations+in+Weather,,Deschênes The Economic Impacts of Climate Change: Evidence from Agricultural Output and Random Fluctuations in Weather,False,v2
120,Cereals Grains,corn,FAO,,World Food Situation: Cereal Supply and Demand Brief,2024,FAO,REPORT,cereals,2020_present,Global,none,none,none,en,academic,none,none,MEDIUM,NEEDED,Monthly series,https://annas-archive.org/search?q=FAO+World+Food+Situation%3A+Cereal+Supply+and+Demand+Brief,https://archive.org/search?query=FAO+World+Food+Situation%3A+Cereal+Supply+and+Demand+Brief,https://www.fao.org/worldfoodsituation/csdb/en/,FAO World Food Situation: Cereal Supply and Demand Brief,False,v2
121,Cereals Grains,wheat,USDA,,Wheat Outlook (monthly),2024,USDA ERS,REPORT,cereals,2020_present,US,none,none,none,en,academic,none,none,HIGH,NEEDED,Primary WASDE-linked publication,https://annas-archive.org/search?q=USDA+Wheat+Outlook+%28monthly%29,https://archive.org/search?query=USDA+Wheat+Outlook+%28monthly%29,https://www.ers.usda.gov/publications/periodicals/,USDA Wheat Outlook (monthly),False,v2
122,Cereals Grains,corn,USDA,,Feed Outlook (monthly),2024,USDA ERS,REPORT,cereals,2020_present,US,none,none,none,en,academic,none,none,HIGH,NEEDED,Corn + sorghum,https://annas-archive.org/search?q=USDA+Feed+Outlook+%28monthly%29,https://archive.org/search?query=USDA+Feed+Outlook+%28monthly%29,https://www.ers.usda.gov/publications/periodicals/,USDA Feed Outlook (monthly),False,v2
123,Cereals Grains,rice,USDA,,Rice Outlook (monthly),2024,USDA ERS,REPORT,cereals,2020_present,US,none,none,none,en,academic,none,none,HIGH,NEEDED,,https://annas-archive.org/search?q=USDA+Rice+Outlook+%28monthly%29,https://archive.org/search?query=USDA+Rice+Outlook+%28monthly%29,https://www.ers.usda.gov/publications/periodicals/,USDA Rice Outlook (monthly),False,v2
124,Cereals Grains,soybeans,USDA,,Oil Crops Outlook (monthly),2024,USDA ERS,REPORT,cereals,2020_present,US,none,none,none,en,academic,none,none,HIGH,NEEDED,Soy + other oilseeds,https://annas-archive.org/search?q=USDA+Oil+Crops+Outlook+%28monthly%29,https://archive.org/search?query=USDA+Oil+Crops+Outlook+%28monthly%29,https://www.ers.usda.gov/publications/periodicals/,USDA Oil Crops Outlook (monthly),False,v2
125,Cereals Grains,wheat,Irwin,Scott H.,The Financialization of Commodity Futures Markets and the Adequacy of Speculation,2012,Ag Applied Econ,ARTICLE,cereals,2010_2020,US,none,none,none,en,academic,none,none,HIGH,NEEDED,With Sanders,https://annas-archive.org/search?q=Irwin+The+Financialization+of+Commodity+Futures+Markets+and+the+Adequacy+of+Speculation,https://archive.org/search?query=Irwin+The+Financialization+of+Commodity+Futures+Markets+and+the+Adequacy+of+Speculation,,Irwin The Financialization of Commodity Futures Markets and the Adequacy of Speculation,False,v2
126,Cereals Grains,corn,Hayes,Dermot J.,Corn Belt Economic Outlook,2024,Iowa State CARD,REPORT,cereals,2020_present,US,none,none,none,en,academic,none,none,MEDIUM,NEEDED,,https://annas-archive.org/search?q=Hayes+Corn+Belt+Economic+Outlook,https://archive.org/search?query=Hayes+Corn+Belt+Economic+Outlook,https://www.card.iastate.edu/,Hayes Corn Belt Economic Outlook,False,v2
127,Cereals Grains,soybeans,Westhoff,Patrick,The Economics of Food: How Feeding and Fueling the Planet Affects Food Prices,2010,FT Press,BOOK,multi,2010_2020,Global,none,none,none,en,academic,none,none,HIGH,NEEDED,Accessible,https://annas-archive.org/search?q=Westhoff+The+Economics+of+Food%3A+How+Feeding+and+Fueling+the+Planet+Affects+Food+Prices,https://archive.org/search?query=Westhoff+The+Economics+of+Food%3A+How+Feeding+and+Fueling+the+Planet+Affects+Food+Prices,,Westhoff The Economics of Food: How Feeding and Fueling the Planet Affects Food Prices,False,v2
128,Cereals Grains,yield_weather,Burke,Marshall,The Economic Impacts of Climate Change in the United States,2015,Nature Climate Change,ARTICLE,multi,2010_2020,US,none,none,none,en,academic,none,none,HIGH,NEEDED,,https://annas-archive.org/search?q=Burke+The+Economic+Impacts+of+Climate+Change+in+the+United+States,https://archive.org/search?query=Burke+The+Economic+Impacts+of+Climate+Change+in+the+United+States,,Burke The Economic Impacts of Climate Change in the United States,False,v2
129,Cereals Grains,wheat,Cooke,Bryce,"Recent Convergence Performance of CBOT Corn, Soybean, and Wheat Futures Contracts",2011,AJAE,ARTICLE,cereals,2010_2020,US,none,none,none,en,academic,none,none,MEDIUM,NEEDED,With Robles,https://annas-archive.org/search?q=Cooke+Recent+Convergence+Performance+of+CBOT+Corn%2C+Soybean%2C+and+Wheat+Futures+Contracts,https://archive.org/search?query=Cooke+Recent+Convergence+Performance+of+CBOT+Corn%2C+Soybean%2C+and+Wheat+Futures+Contracts,,"Cooke Recent Convergence Performance of CBOT Corn, Soybean, and Wheat Futures Contracts",False,v2
130,Cereals Grains,cbot_futures,Sanders,Dwight R.,A Speculative Bubble in Commodity Futures Prices? Cross-Sectional Evidence,2010,Ag Econ,ARTICLE,cereals,2010_2020,US,none,none,none,en,academic,none,none,MEDIUM,NEEDED,With Irwin,https://annas-archive.org/search?q=Sanders+A+Speculative+Bubble+in+Commodity+Futures+Prices%3F+Cross-Sectional+Evidence,https://archive.org/search?query=Sanders+A+Speculative+Bubble+in+Commodity+Futures+Prices%3F+Cross-Sectional+Evidence,,Sanders A Speculative Bubble in Commodity Futures Prices? Cross-Sectional Evidence,False,v2
131,Cereals Grains,yield_weather,Roberts,Michael J.,The Effect of the Price of Corn on Corn Yield,2013,Ag Econ,ARTICLE,cereals,2010_2020,US,none,none,none,en,academic,none,none,MEDIUM,NEEDED,,https://annas-archive.org/search?q=Roberts+The+Effect+of+the+Price+of+Corn+on+Corn+Yield,https://archive.org/search?query=Roberts+The+Effect+of+the+Price+of+Corn+on+Corn+Yield,,Roberts The Effect of the Price of Corn on Corn Yield,False,v2
132,Cereals Grains,corn,Du,Xiaodong,Speculation and Volatility Spillover in the Crude Oil and Agricultural Commodity Markets,2011,Energy Econ,ARTICLE,cereals,2010_2020,US,none,none,none,en,academic,none,none,MEDIUM,NEEDED,,https://annas-archive.org/search?q=Du+Speculation+and+Volatility+Spillover+in+the+Crude+Oil+and+Agricultural+Commodity+Markets,https://archive.org/search?query=Du+Speculation+and+Volatility+Spillover+in+the+Crude+Oil+and+Agricultural+Commodity+Markets,,Du Speculation and Volatility Spillover in the Crude Oil and Agricultural Commodity Markets,False,v2
133,Cereals Grains,rice,Headey,Derek,Rethinking the Global Food Crisis: The Role of Trade Shocks,2011,Food Policy,ARTICLE,cereals,2010_2020,Global,none,none,none,en,academic,none,none,HIGH,NEEDED,,https://annas-archive.org/search?q=Headey+Rethinking+the+Global+Food+Crisis%3A+The+Role+of+Trade+Shocks,https://archive.org/search?query=Headey+Rethinking+the+Global+Food+Crisis%3A+The+Role+of+Trade+Shocks,,Headey Rethinking the Global Food Crisis: The Role of Trade Shocks,False,v2
134,Cereals Grains,wheat,Kornher,Lukas,Explaining Wheat Price Volatility in Global Markets,2019,Applied Econ Perspectives & Policy,ARTICLE,cereals,2010_2020,Global,none,none,none,en,academic,none,none,MEDIUM,NEEDED,,https://annas-archive.org/search?q=Kornher+Explaining+Wheat+Price+Volatility+in+Global+Markets,https://archive.org/search?query=Kornher+Explaining+Wheat+Price+Volatility+in+Global+Markets,,Kornher Explaining Wheat Price Volatility in Global Markets,False,v2
135,Cereals Grains,cbot_futures,Carlton,Dennis W.,"Futures Markets: Their Purpose, Their History, Their Growth",1984,Journal of Futures Markets,ARTICLE,cereals,1980_2010,US,none,none,none,en,academic,none,none,LOW,NEEDED,,https://annas-archive.org/search?q=Carlton+Futures+Markets%3A+Their+Purpose%2C+Their+History%2C+Their+Growth,https://archive.org/search?query=Carlton+Futures+Markets%3A+Their+Purpose%2C+Their+History%2C+Their+Growth,,"Carlton Futures Markets: Their Purpose, Their History, Their Growth",False,v2
136,Meat Livestock,packer_concentration,MacDonald,James M.,Consolidation in U.S. Meatpacking,2000,USDA ERS AER-785,REPORT,meat,1980_2010,US,none,none,none,en,academic,none,none,FLAGSHIP,NEEDED,Canonical packer-concentration study,https://annas-archive.org/search?q=MacDonald+Consolidation+in+U.S.+Meatpacking,https://archive.org/search?query=MacDonald+Consolidation+in+U.S.+Meatpacking,https://www.ers.usda.gov/publications/pub-details/?pubid=41108,MacDonald Consolidation in U.S. Meatpacking,False,v2
137,Meat Livestock,packer_concentration,Wise,Timothy A.,Still Waiting for the Farm Boom,2014,Tufts GDAE,REPORT,meat,2010_2020,US,none,none,none,en,academic,none,none,MEDIUM,NEEDED,,https://annas-archive.org/search?q=Wise+Still+Waiting+for+the+Farm+Boom,https://archive.org/search?query=Wise+Still+Waiting+for+the+Farm+Boom,,Wise Still Waiting for the Farm Boom,False,v2
138,Meat Livestock,packer_concentration,Crespi,John M.,"Packer Concentration, Captive Supplies, and the Meat Markets",2013,Ag Econ,ARTICLE,meat,2010_2020,US,none,none,none,en,academic,none,none,HIGH,NEEDED,,https://annas-archive.org/search?q=Crespi+Packer+Concentration%2C+Captive+Supplies%2C+and+the+Meat+Markets,https://archive.org/search?query=Crespi+Packer+Concentration%2C+Captive+Supplies%2C+and+the+Meat+Markets,,"Crespi Packer Concentration, Captive Supplies, and the Meat Markets",False,v2
139,Meat Livestock,beef_cattle,Schroeder,Ted C.,Economic Impact of COVID-19 on the US Beef Industry,2020,Agribusiness,ARTICLE,meat,2020_present,US,none,none,none,en,academic,none,none,HIGH,NEEDED,,https://annas-archive.org/search?q=Schroeder+Economic+Impact+of+COVID-19+on+the+US+Beef+Industry,https://archive.org/search?query=Schroeder+Economic+Impact+of+COVID-19+on+the+US+Beef+Industry,,Schroeder Economic Impact of COVID-19 on the US Beef Industry,False,v2
140,Meat Livestock,beef_cattle,Peel,Derrell S.,Cattle Market Outlook,2024,OSU Extension,REPORT,meat,2020_present,US,none,none,none,en,academic,none,none,MEDIUM,NEEDED,,https://annas-archive.org/search?q=Peel+Cattle+Market+Outlook,https://archive.org/search?query=Peel+Cattle+Market+Outlook,,Peel Cattle Market Outlook,False,v2
141,Meat Livestock,beef_cattle,Horowitz,Roger,"Putting Meat on the American Table: Taste, Technology, Transformation",2006,Johns Hopkins,BOOK,meat,spanning,US,none,none,none,en,academic,none,none,HIGH,NEEDED,Meat industrialization history,https://annas-archive.org/search?q=Horowitz+Putting+Meat+on+the+American+Table%3A+Taste%2C+Technology%2C+Transformation,https://archive.org/search?query=Horowitz+Putting+Meat+on+the+American+Table%3A+Taste%2C+Technology%2C+Transformation,,"Horowitz Putting Meat on the American Table: Taste, Technology, Transformation",False,v2
142,Meat Livestock,pork,Plain,Ronald L.,Hog Market Volatility,2000,Review of Ag Econ,ARTICLE,meat,spanning,US,none,none,none,en,academic,none,none,MEDIUM,NEEDED,,https://annas-archive.org/search?q=Plain+Hog+Market+Volatility,https://archive.org/search?query=Plain+Hog+Market+Volatility,,Plain Hog Market Volatility,False,v2
143,Meat Livestock,pork,Key,Nigel,Production Contracts and Productivity in the U.S. Hog Sector,2005,AJAE,ARTICLE,meat,1980_2010,US,none,none,none,en,academic,none,none,MEDIUM,NEEDED,With McBride,https://annas-archive.org/search?q=Key+Production+Contracts+and+Productivity+in+the+U.S.+Hog+Sector,https://archive.org/search?query=Key+Production+Contracts+and+Productivity+in+the+U.S.+Hog+Sector,,Key Production Contracts and Productivity in the U.S. Hog Sector,False,v2
144,Meat Livestock,poultry,Goodwin,Harold L.,The US Poultry Industry: A Success Story in Productivity Enhancement,2004,Choices Magazine,ARTICLE,meat,spanning,US,none,none,none,en,academic,none,none,MEDIUM,NEEDED,,https://annas-archive.org/search?q=Goodwin+The+US+Poultry+Industry%3A+A+Success+Story+in+Productivity+Enhancement,https://archive.org/search?query=Goodwin+The+US+Poultry+Industry%3A+A+Success+Story+in+Productivity+Enhancement,,Goodwin The US Poultry Industry: A Success Story in Productivity Enhancement,False,v2
145,Meat Livestock,poultry,MacDonald,James M.,The Economic Organization of US Broiler Production,2008,USDA ERS EIB-38,REPORT,meat,1980_2010,US,none,none,none,en,academic,none,none,HIGH,NEEDED,Vertical integration,https://annas-archive.org/search?q=MacDonald+The+Economic+Organization+of+US+Broiler+Production,https://archive.org/search?query=MacDonald+The+Economic+Organization+of+US+Broiler+Production,https://www.ers.usda.gov/publications/pub-details/?pubid=44237,MacDonald The Economic Organization of US Broiler Production,False,v2
146,Meat Livestock,feed_costs,Marsh,John M.,Cross-Sector Relationships Between the Corn Feed Grains and Livestock and Poultry Economies,2007,Journal of Ag Applied Econ,ARTICLE,meat,1980_2010,US,none,none,none,en,academic,none,none,HIGH,NEEDED,Feed-cost pass-through,https://annas-archive.org/search?q=Marsh+Cross-Sector+Relationships+Between+the+Corn+Feed+Grains+and+Livestock+and+Poultry+Economies,https://archive.org/search?query=Marsh+Cross-Sector+Relationships+Between+the+Corn+Feed+Grains+and+Livestock+and+Poultry+Economies,,Marsh Cross-Sector Relationships Between the Corn Feed Grains and Livestock and Poultry Economies,False,v2
147,Meat Livestock,feed_costs,Pozo,Veronica F.,Dynamic Relationships in the Beef Market,2013,Ag Econ,ARTICLE,meat,1980_2010,US,none,none,none,en,academic,none,none,MEDIUM,NEEDED,,https://annas-archive.org/search?q=Pozo+Dynamic+Relationships+in+the+Beef+Market,https://archive.org/search?query=Pozo+Dynamic+Relationships+in+the+Beef+Market,,Pozo Dynamic Relationships in the Beef Market,False,v2
148,Meat Livestock,livestock_policy,Hahn,William F.,Beef and Pork Values and Price Spreads Explained,2004,USDA ERS LDP-M-118-01,REPORT,meat,1980_2010,US,none,none,none,en,academic,none,none,HIGH,NEEDED,Farm-to-retail margins,https://annas-archive.org/search?q=Hahn+Beef+and+Pork+Values+and+Price+Spreads+Explained,https://archive.org/search?query=Hahn+Beef+and+Pork+Values+and+Price+Spreads+Explained,https://www.ers.usda.gov/publications,Hahn Beef and Pork Values and Price Spreads Explained,False,v2
149,Meat Livestock,livestock_policy,Mathews,Kenneth H.,"U.S. Beef Industry: Cattle Cycles, Price Spreads, and Packer Concentration",1999,USDA ERS TB-1874,REPORT,meat,1980_2010,US,none,none,none,en,academic,none,none,HIGH,NEEDED,,https://annas-archive.org/search?q=Mathews+U.S.+Beef+Industry%3A+Cattle+Cycles%2C+Price+Spreads%2C+and+Packer+Concentration,https://archive.org/search?query=Mathews+U.S.+Beef+Industry%3A+Cattle+Cycles%2C+Price+Spreads%2C+and+Packer+Concentration,,"Mathews U.S. Beef Industry: Cattle Cycles, Price Spreads, and Packer Concentration",False,v2
150,Meat Livestock,livestock_policy,Lusk,Jayson L.,Animal Welfare Economics,2011,Applied Econ Perspectives & Policy,ARTICLE,meat,2010_2020,US,none,none,none,en,academic,none,none,MEDIUM,NEEDED,With Norwood,https://annas-archive.org/search?q=Lusk+Animal+Welfare+Economics,https://archive.org/search?query=Lusk+Animal+Welfare+Economics,,Lusk Animal Welfare Economics,False,v2
151,Meat Livestock,beef_cattle,USDA,,"Livestock, Dairy, and Poultry Outlook (monthly)",2024,USDA ERS,REPORT,multi,2020_present,US,none,none,none,en,academic,none,none,HIGH,NEEDED,LDP-M monthly,https://annas-archive.org/search?q=USDA+Livestock%2C+Dairy%2C+and+Poultry+Outlook+%28monthly%29,https://archive.org/search?query=USDA+Livestock%2C+Dairy%2C+and+Poultry+Outlook+%28monthly%29,https://www.ers.usda.gov/publications/periodicals/,"USDA Livestock, Dairy, and Poultry Outlook (monthly)",False,v2
152,Meat Livestock,packer_concentration,Azzam,Azzeddine M.,"Captive Supplies, Market Conduct, and the Open-Market Price",1998,AJAE,ARTICLE,meat,1980_2010,US,none,none,none,en,academic,none,none,MEDIUM,NEEDED,,https://annas-archive.org/search?q=Azzam+Captive+Supplies%2C+Market+Conduct%2C+and+the+Open-Market+Price,https://archive.org/search?query=Azzam+Captive+Supplies%2C+Market+Conduct%2C+and+the+Open-Market+Price,,"Azzam Captive Supplies, Market Conduct, and the Open-Market Price",False,v2
153,Meat Livestock,pork,Lawrence,John D.,Pork Industry Concentration,2006,Iowa State,REPORT,meat,1980_2010,US,none,none,none,en,academic,none,none,MEDIUM,NEEDED,,https://annas-archive.org/search?q=Lawrence+Pork+Industry+Concentration,https://archive.org/search?query=Lawrence+Pork+Industry+Concentration,,Lawrence Pork Industry Concentration,False,v2
154,Meat Livestock,poultry,Ollinger,Michael,Structural Change in U.S. Chicken and Turkey Slaughter,2000,USDA ERS AER-787,REPORT,meat,1980_2010,US,none,none,none,en,academic,none,none,MEDIUM,NEEDED,,https://annas-archive.org/search?q=Ollinger+Structural+Change+in+U.S.+Chicken+and+Turkey+Slaughter,https://archive.org/search?query=Ollinger+Structural+Change+in+U.S.+Chicken+and+Turkey+Slaughter,,Ollinger Structural Change in U.S. Chicken and Turkey Slaughter,False,v2
155,Meat Livestock,beef_cattle,Martin,Michael,A History of the Beef Industry,2015,TAMU,WORKING_PAPER,meat,2010_2020,US,none,none,none,en,academic,none,none,MEDIUM,NEEDED,,https://annas-archive.org/search?q=Martin+A+History+of+the+Beef+Industry,https://archive.org/search?query=Martin+A+History+of+the+Beef+Industry,,Martin A History of the Beef Industry,False,v2
156,Meat Livestock,feed_costs,Tonsor,Glynn T.,Assessing Beef Demand Determinants,2015,K-State,REPORT,meat,2010_2020,US,none,none,none,en,academic,none,none,MEDIUM,NEEDED,,https://annas-archive.org/search?q=Tonsor+Assessing+Beef+Demand+Determinants,https://archive.org/search?query=Tonsor+Assessing+Beef+Demand+Determinants,,Tonsor Assessing Beef Demand Determinants,False,v2
157,Meat Livestock,beef_cattle,Schroeder,Ted C.,Beef Demand Determinants,2000,Journal of Ag Applied Econ,ARTICLE,meat,spanning,US,none,none,none,en,academic,none,none,MEDIUM,NEEDED,,https://annas-archive.org/search?q=Schroeder+Beef+Demand+Determinants,https://archive.org/search?query=Schroeder+Beef+Demand+Determinants,,Schroeder Beef Demand Determinants,False,v2
158,Meat Livestock,livestock_policy,Peel,Derrell S.,Beef Cattle Growing and Backgrounding Programs,2003,OSU,REPORT,meat,spanning,US,none,none,none,en,academic,none,none,LOW,NEEDED,,https://annas-archive.org/search?q=Peel+Beef+Cattle+Growing+and+Backgrounding+Programs,https://archive.org/search?query=Peel+Beef+Cattle+Growing+and+Backgrounding+Programs,,Peel Beef Cattle Growing and Backgrounding Programs,False,v2
159,Meat Livestock,packer_concentration,Saitone,Tina L.,An Empirical Investigation of Imperfect Competition in Commodity Procurement,2015,AJAE,ARTICLE,meat,1980_2010,US,none,none,none,en,academic,none,none,MEDIUM,NEEDED,,https://annas-archive.org/search?q=Saitone+An+Empirical+Investigation+of+Imperfect+Competition+in+Commodity+Procurement,https://archive.org/search?query=Saitone+An+Empirical+Investigation+of+Imperfect+Competition+in+Commodity+Procurement,,Saitone An Empirical Investigation of Imperfect Competition in Commodity Procurement,False,v2
160,Meat Livestock,pork,Mayen,Carlos D.,The Impact of Avian Influenza on Egg and Poultry Prices,2009,J Ag Applied Econ,ARTICLE,meat,1980_2010,US,none,none,none,en,academic,none,none,LOW,NEEDED,,https://annas-archive.org/search?q=Mayen+The+Impact+of+Avian+Influenza+on+Egg+and+Poultry+Prices,https://archive.org/search?query=Mayen+The+Impact+of+Avian+Influenza+on+Egg+and+Poultry+Prices,,Mayen The Impact of Avian Influenza on Egg and Poultry Prices,False,v2
161,Meat Livestock,poultry,Muth,Mary K.,Industry Concentration in U.S. Meatpacking,2007,RTI,REPORT,meat,1945_1980,US,none,none,none,en,academic,none,none,LOW,NEEDED,,https://annas-archive.org/search?q=Muth+Industry+Concentration+in+U.S.+Meatpacking,https://archive.org/search?query=Muth+Industry+Concentration+in+U.S.+Meatpacking,,Muth Industry Concentration in U.S. Meatpacking,False,v2
162,Meat Livestock,beef_cattle,Rude,James,The Effects of Mandatory Country-of-Origin Labeling on Cattle and Beef Markets,2015,Ag Econ,ARTICLE,meat,1980_2010,US,none,none,none,en,academic,none,none,LOW,NEEDED,COOL,https://annas-archive.org/search?q=Rude+The+Effects+of+Mandatory+Country-of-Origin+Labeling+on+Cattle+and+Beef+Markets,https://archive.org/search?query=Rude+The+Effects+of+Mandatory+Country-of-Origin+Labeling+on+Cattle+and+Beef+Markets,,Rude The Effects of Mandatory Country-of-Origin Labeling on Cattle and Beef Markets,False,v2
163,Meat Livestock,feed_costs,Marsh,John M.,Derived Demand and Price Volatility in the Beef and Pork Sectors,1994,J Ag Resource Econ,ARTICLE,meat,2010_2020,US,none,none,none,en,academic,none,none,MEDIUM,NEEDED,,https://annas-archive.org/search?q=Marsh+Derived+Demand+and+Price+Volatility+in+the+Beef+and+Pork+Sectors,https://archive.org/search?query=Marsh+Derived+Demand+and+Price+Volatility+in+the+Beef+and+Pork+Sectors,,Marsh Derived Demand and Price Volatility in the Beef and Pork Sectors,False,v2
164,Meat Livestock,livestock_policy,Kalaitzandonakes,Nicholas,Price Transmission Dynamics Between ADM and Nearby Illinois Markets for Corn,1999,J Agribusiness,ARTICLE,meat,1980_2010,US,none,none,none,en,academic,none,none,LOW,NEEDED,,https://annas-archive.org/search?q=Kalaitzandonakes+Price+Transmission+Dynamics+Between+ADM+and+Nearby+Illinois+Markets+for+Corn,https://archive.org/search?query=Kalaitzandonakes+Price+Transmission+Dynamics+Between+ADM+and+Nearby+Illinois+Markets+for+Corn,,Kalaitzandonakes Price Transmission Dynamics Between ADM and Nearby Illinois Markets for Corn,False,v2
165,Meat Livestock,beef_cattle,Elam,Emmett,Relationship of Cattle Futures Prices to Cash Prices,1988,J Futures Markets,ARTICLE,meat,1980_2010,US,none,none,none,en,academic,none,none,LOW,NEEDED,,https://annas-archive.org/search?q=Elam+Relationship+of+Cattle+Futures+Prices+to+Cash+Prices,https://archive.org/search?query=Elam+Relationship+of+Cattle+Futures+Prices+to+Cash+Prices,,Elam Relationship of Cattle Futures Prices to Cash Prices,False,v2
166,Dairy,us_dairy_policy,Bozic,Marin,Risk Management in the Dairy Sector,2013,U Minnesota,REPORT,dairy,2010_2020,US,none,none,none,en,academic,none,none,HIGH,NEEDED,,https://annas-archive.org/search?q=Bozic+Risk+Management+in+the+Dairy+Sector,https://archive.org/search?query=Bozic+Risk+Management+in+the+Dairy+Sector,,Bozic Risk Management in the Dairy Sector,False,v2
167,Dairy,us_dairy_policy,Novakovic,Andrew M.,The Economics of Milk Pricing,2005,Cornell,REPORT,dairy,1980_2010,US,none,none,none,en,academic,none,none,HIGH,NEEDED,,https://annas-archive.org/search?q=Novakovic+The+Economics+of+Milk+Pricing,https://archive.org/search?query=Novakovic+The+Economics+of+Milk+Pricing,,Novakovic The Economics of Milk Pricing,False,v2
168,Dairy,us_dairy_policy,Manchester,Alden C.,The Transformation of US Dairying in the 20th Century,1997,USDA ERS,REPORT,dairy,spanning,US,none,none,none,en,academic,none,none,FLAGSHIP,NEEDED,,https://annas-archive.org/search?q=Manchester+The+Transformation+of+US+Dairying+in+the+20th+Century,https://archive.org/search?query=Manchester+The+Transformation+of+US+Dairying+in+the+20th+Century,,Manchester The Transformation of US Dairying in the 20th Century,False,v2
169,Dairy,milk_markets,Chouinard,Hayley H.,Milk Marketing Order Winners and Losers,2010,Applied Econ Perspectives & Policy,ARTICLE,dairy,2010_2020,US,none,none,none,en,academic,none,none,MEDIUM,NEEDED,,https://annas-archive.org/search?q=Chouinard+Milk+Marketing+Order+Winners+and+Losers,https://archive.org/search?query=Chouinard+Milk+Marketing+Order+Winners+and+Losers,,Chouinard Milk Marketing Order Winners and Losers,False,v2
170,Dairy,milk_markets,Cakir,Metin,Market Power in Federal Milk Marketing Orders,2014,Ag Econ,ARTICLE,dairy,2010_2020,US,none,none,none,en,academic,none,none,MEDIUM,NEEDED,,https://annas-archive.org/search?q=Cakir+Market+Power+in+Federal+Milk+Marketing+Orders,https://archive.org/search?query=Cakir+Market+Power+in+Federal+Milk+Marketing+Orders,,Cakir Market Power in Federal Milk Marketing Orders,False,v2
171,Dairy,global_dairy,Cessna,Jerry,The Growth of New Zealand Dairy and Dairy Trade,2016,USDA ERS LDPM-264-01,REPORT,dairy,2010_2020,US_Global,none,none,none,en,academic,none,none,HIGH,NEEDED,,https://annas-archive.org/search?q=Cessna+The+Growth+of+New+Zealand+Dairy+and+Dairy+Trade,https://archive.org/search?query=Cessna+The+Growth+of+New+Zealand+Dairy+and+Dairy+Trade,https://www.ers.usda.gov/publications,Cessna The Growth of New Zealand Dairy and Dairy Trade,False,v2
172,Dairy,global_dairy,OECD,,OECD-FAO Agricultural Outlook: Dairy Chapter,2024,OECD,REPORT,dairy,spanning,Global,none,none,none,en,academic,none,none,HIGH,NEEDED,Annual 10-year outlook,https://annas-archive.org/search?q=OECD+OECD-FAO+Agricultural+Outlook%3A+Dairy+Chapter,https://archive.org/search?query=OECD+OECD-FAO+Agricultural+Outlook%3A+Dairy+Chapter,https://www.oecd.org/agriculture/oecd-fao-agricultural-outlook/,OECD OECD-FAO Agricultural Outlook: Dairy Chapter,False,v2
173,Dairy,cheese_butter,Cropp,Bob,A Century of Dairy Marketing in the US,2001,U Wisconsin,REPORT,dairy,spanning,US,none,none,none,en,academic,none,none,MEDIUM,NEEDED,,https://annas-archive.org/search?q=Cropp+A+Century+of+Dairy+Marketing+in+the+US,https://archive.org/search?query=Cropp+A+Century+of+Dairy+Marketing+in+the+US,,Cropp A Century of Dairy Marketing in the US,False,v2
174,Dairy,us_dairy_policy,Stephenson,Mark W.,Dairy Margin Coverage Program Analysis,2019,Cornell,REPORT,dairy,2010_2020,US,none,none,none,en,academic,none,none,MEDIUM,NEEDED,,https://annas-archive.org/search?q=Stephenson+Dairy+Margin+Coverage+Program+Analysis,https://archive.org/search?query=Stephenson+Dairy+Margin+Coverage+Program+Analysis,,Stephenson Dairy Margin Coverage Program Analysis,False,v2
175,Dairy,milk_markets,Nicholson,Charles F.,The World Dairy Situation,2018,Cornell,REPORT,dairy,2010_2020,Global,none,none,none,en,academic,none,none,MEDIUM,NEEDED,,https://annas-archive.org/search?q=Nicholson+The+World+Dairy+Situation,https://archive.org/search?query=Nicholson+The+World+Dairy+Situation,,Nicholson The World Dairy Situation,False,v2
176,Dairy,global_dairy,Zhou,Jehan,Factors Driving Changes in China's Dairy Industry,2018,China Ag Econ Review,ARTICLE,dairy,2010_2020,Asia,none,none,none,en,academic,none,none,MEDIUM,NEEDED,,https://annas-archive.org/search?q=Zhou+Factors+Driving+Changes+in+China%27s+Dairy+Industry,https://archive.org/search?query=Zhou+Factors+Driving+Changes+in+China%27s+Dairy+Industry,,Zhou Factors Driving Changes in China's Dairy Industry,False,v2
177,Dairy,cheese_butter,Capps,Oral,Consumer Demand for Cheese and Butter,2014,J Ag Applied Econ,ARTICLE,dairy,spanning,US,none,none,none,en,academic,none,none,LOW,NEEDED,,https://annas-archive.org/search?q=Capps+Consumer+Demand+for+Cheese+and+Butter,https://archive.org/search?query=Capps+Consumer+Demand+for+Cheese+and+Butter,,Capps Consumer Demand for Cheese and Butter,False,v2
178,Dairy,us_dairy_policy,USDA,,Dairy Products Prices (NASS),2024,USDA NASS,DATASET_DOC,dairy,spanning,US,none,none,none,en,academic,none,none,HIGH,NEEDED,Weekly dairy price survey docs,https://annas-archive.org/search?q=USDA+Dairy+Products+Prices+%28NASS%29,https://archive.org/search?query=USDA+Dairy+Products+Prices+%28NASS%29,https://www.nass.usda.gov/Publications/,USDA Dairy Products Prices (NASS),False,v2
179,Dairy,milk_markets,Balagtas,Joseph V.,Impacts of US Dairy Policy on Milk and Dairy Product Prices,2003,Purdue,WORKING_PAPER,dairy,1980_2010,US,none,none,none,en,academic,none,none,LOW,NEEDED,,https://annas-archive.org/search?q=Balagtas+Impacts+of+US+Dairy+Policy+on+Milk+and+Dairy+Product+Prices,https://archive.org/search?query=Balagtas+Impacts+of+US+Dairy+Policy+on+Milk+and+Dairy+Product+Prices,,Balagtas Impacts of US Dairy Policy on Milk and Dairy Product Prices,False,v2
180,Dairy,global_dairy,Fonterra,,Global Dairy Trade Methodology,2024,Fonterra,DATASET_DOC,dairy,spanning,Global,none,none,none,en,academic,none,none,MEDIUM,NEEDED,GDT auction methodology,https://annas-archive.org/search?q=Fonterra+Global+Dairy+Trade+Methodology,https://archive.org/search?query=Fonterra+Global+Dairy+Trade+Methodology,https://www.globaldairytrade.info/,Fonterra Global Dairy Trade Methodology,False,v2
181,Dairy,us_dairy_policy,Sumner,Daniel A.,Economic Impacts of Elimination of US Dairy Price Supports,2003,J Dairy Science,ARTICLE,dairy,1980_2010,US,none,none,none,en,academic,none,none,LOW,NEEDED,,https://annas-archive.org/search?q=Sumner+Economic+Impacts+of+Elimination+of+US+Dairy+Price+Supports,https://archive.org/search?query=Sumner+Economic+Impacts+of+Elimination+of+US+Dairy+Price+Supports,,Sumner Economic Impacts of Elimination of US Dairy Price Supports,False,v2
182,Dairy,cheese_butter,Dhar,Tirtha P.,Market Structure and Pricing of Dairy Products in US,2003,AJAE,ARTICLE,dairy,1980_2010,US,none,none,none,en,academic,none,none,LOW,NEEDED,,https://annas-archive.org/search?q=Dhar+Market+Structure+and+Pricing+of+Dairy+Products+in+US,https://archive.org/search?query=Dhar+Market+Structure+and+Pricing+of+Dairy+Products+in+US,,Dhar Market Structure and Pricing of Dairy Products in US,False,v2
183,Dairy,milk_markets,Awokuse,Titus O.,"Price Volatility Spillovers in the Wheat, Corn, and Milk Markets",2013,Ag Resource Econ Review,ARTICLE,dairy,2010_2020,US,none,none,none,en,academic,none,none,LOW,NEEDED,,https://annas-archive.org/search?q=Awokuse+Price+Volatility+Spillovers+in+the+Wheat%2C+Corn%2C+and+Milk+Markets,https://archive.org/search?query=Awokuse+Price+Volatility+Spillovers+in+the+Wheat%2C+Corn%2C+and+Milk+Markets,,"Awokuse Price Volatility Spillovers in the Wheat, Corn, and Milk Markets",False,v2
184,Dairy,us_dairy_policy,USDA,,Federal Milk Marketing Orders Statistics,2024,USDA AMS,DATASET_DOC,dairy,spanning,US,none,none,none,en,academic,none,none,HIGH,NEEDED,,https://annas-archive.org/search?q=USDA+Federal+Milk+Marketing+Orders+Statistics,https://archive.org/search?query=USDA+Federal+Milk+Marketing+Orders+Statistics,https://www.ams.usda.gov/resources/marketing-order-statistics,USDA Federal Milk Marketing Orders Statistics,False,v2
185,Dairy,global_dairy,IFCN,,IFCN Dairy Report 2024,2024,International Farm Comparison Network,REPORT,dairy,spanning,Global,none,none,none,en,academic,none,none,MEDIUM,NEEDED,Global dairy benchmark,https://annas-archive.org/search?q=IFCN+IFCN+Dairy+Report+2024,https://archive.org/search?query=IFCN+IFCN+Dairy+Report+2024,https://ifcndairy.org/,IFCN IFCN Dairy Report 2024,False,v2
186,Oils Fats,palm_oil,Byerlee,Derek,The Tropical Oil Crop Revolution,2017,Oxford UP,BOOK,oils,spanning,Asia,none,none,none,en,academic,none,none,FLAGSHIP,NEEDED,"With Falcon, Naylor",https://annas-archive.org/search?q=Byerlee+The+Tropical+Oil+Crop+Revolution,https://archive.org/search?query=Byerlee+The+Tropical+Oil+Crop+Revolution,,Byerlee The Tropical Oil Crop Revolution,False,v2
187,Oils Fats,palm_oil,Corley,R. H. V.,The Oil Palm,2016,Wiley,BOOK,oils,spanning,Global,none,none,none,en,academic,none,none,HIGH,NEEDED,With Tinker; 5th ed,https://annas-archive.org/search?q=Corley+The+Oil+Palm,https://archive.org/search?query=Corley+The+Oil+Palm,,Corley The Oil Palm,False,v2
188,Oils Fats,palm_oil,Rival,Alain,Palms of Controversies: Oil Palm and Development Challenges,2013,CIRAD,BOOK,oils,spanning,Asia,none,none,none,en,academic,none,none,MEDIUM,NEEDED,With Levang,https://annas-archive.org/search?q=Rival+Palms+of+Controversies%3A+Oil+Palm+and+Development+Challenges,https://archive.org/search?query=Rival+Palms+of+Controversies%3A+Oil+Palm+and+Development+Challenges,,Rival Palms of Controversies: Oil Palm and Development Challenges,False,v2
189,Oils Fats,soy_oil,Goldsmith,Peter D.,"Economics of Soybean Production, Marketing, and Utilization",2008,"in Soybeans: Chemistry, Production, Processing, and Utilization",CHAPTER,oils,2010_2020,US,none,none,none,en,academic,none,none,MEDIUM,NEEDED,,https://annas-archive.org/search?q=Goldsmith+Economics+of+Soybean+Production%2C+Marketing%2C+and+Utilization,https://archive.org/search?query=Goldsmith+Economics+of+Soybean+Production%2C+Marketing%2C+and+Utilization,,"Goldsmith Economics of Soybean Production, Marketing, and Utilization",False,v2
190,Oils Fats,soy_oil,Gallagher,Paul W.,A Reassessment of the Contribution of U.S. Corn Ethanol and Soybean Biodiesel,2019,Biofuels Bioproducts Biorefining,ARTICLE,oils,2010_2020,US,none,none,none,en,academic,none,none,MEDIUM,NEEDED,,https://annas-archive.org/search?q=Gallagher+A+Reassessment+of+the+Contribution+of+U.S.+Corn+Ethanol+and+Soybean+Biodiesel,https://archive.org/search?query=Gallagher+A+Reassessment+of+the+Contribution+of+U.S.+Corn+Ethanol+and+Soybean+Biodiesel,,Gallagher A Reassessment of the Contribution of U.S. Corn Ethanol and Soybean Biodiesel,False,v2
191,Oils Fats,canola_sunflower,FAOSTAT,,Oilcrops Production and Trade Database Documentation,2024,FAO,DATASET_DOC,oils,spanning,Global,none,none,none,en,academic,none,none,MEDIUM,NEEDED,,https://annas-archive.org/search?q=FAOSTAT+Oilcrops+Production+and+Trade+Database+Documentation,https://archive.org/search?query=FAOSTAT+Oilcrops+Production+and+Trade+Database+Documentation,https://www.fao.org/faostat/,FAOSTAT Oilcrops Production and Trade Database Documentation,False,v2
192,Oils Fats,olive_oil,Mili,Samir,The Olive Oil Sector: A Comparative Analysis of Spain and Italy,2006,New Medit,ARTICLE,oils,1980_2010,Europe,none,none,none,en,academic,none,none,MEDIUM,NEEDED,,https://annas-archive.org/search?q=Mili+The+Olive+Oil+Sector%3A+A+Comparative+Analysis+of+Spain+and+Italy,https://archive.org/search?query=Mili+The+Olive+Oil+Sector%3A+A+Comparative+Analysis+of+Spain+and+Italy,,Mili The Olive Oil Sector: A Comparative Analysis of Spain and Italy,False,v2
193,Oils Fats,olive_oil,International Olive Council,,World Olive Oil Figures,2024,IOC,DATASET_DOC,oils,spanning,Global,none,none,none,en,academic,none,none,MEDIUM,NEEDED,,https://annas-archive.org/search?q=International+Olive+Council+World+Olive+Oil+Figures,https://archive.org/search?query=International+Olive+Council+World+Olive+Oil+Figures,https://www.internationaloliveoil.org/,International Olive Council World Olive Oil Figures,False,v2
194,Oils Fats,tropical_cycles,Baffes,John,Oil Spills on Other Commodities,2007,World Bank WP 4333,WORKING_PAPER,multi,1980_2010,Global,none,none,none,en,academic,none,none,HIGH,NEEDED,Energy-food linkage,https://annas-archive.org/search?q=Baffes+Oil+Spills+on+Other+Commodities,https://archive.org/search?query=Baffes+Oil+Spills+on+Other+Commodities,,Baffes Oil Spills on Other Commodities,False,v2
195,Oils Fats,palm_oil,Sayer,Jeffrey,Sustainable Production of Palm Oil for the 21st Century,2012,Environmental Research Letters,ARTICLE,oils,2010_2020,Asia,none,none,none,en,academic,none,none,MEDIUM,NEEDED,,https://annas-archive.org/search?q=Sayer+Sustainable+Production+of+Palm+Oil+for+the+21st+Century,https://archive.org/search?query=Sayer+Sustainable+Production+of+Palm+Oil+for+the+21st+Century,,Sayer Sustainable Production of Palm Oil for the 21st Century,False,v2
196,Oils Fats,soy_oil,Masuda,Tadayoshi,"An Analysis of Rising Food Prices: Global Demand, Supply, and Production of Oilseeds",2009,Japanese J Rural Econ,ARTICLE,oils,2010_2020,US_Global,none,none,none,en,academic,none,none,LOW,NEEDED,,https://annas-archive.org/search?q=Masuda+An+Analysis+of+Rising+Food+Prices%3A+Global+Demand%2C+Supply%2C+and+Production+of+Oilseeds,https://archive.org/search?query=Masuda+An+Analysis+of+Rising+Food+Prices%3A+Global+Demand%2C+Supply%2C+and+Production+of+Oilseeds,,"Masuda An Analysis of Rising Food Prices: Global Demand, Supply, and Production of Oilseeds",False,v2
197,Oils Fats,tropical_cycles,USDA,,Oilseeds: World Markets and Trade (monthly),2024,USDA FAS,REPORT,oils,spanning,Global,none,none,none,en,academic,none,none,HIGH,NEEDED,,https://annas-archive.org/search?q=USDA+Oilseeds%3A+World+Markets+and+Trade+%28monthly%29,https://archive.org/search?query=USDA+Oilseeds%3A+World+Markets+and+Trade+%28monthly%29,https://www.fas.usda.gov/data/oilseeds-world-markets-and-trade,USDA Oilseeds: World Markets and Trade (monthly),False,v2
198,Oils Fats,palm_oil,Pirker,Johannes,What Are the Limits to Oil Palm Expansion?,2016,Global Environmental Change,ARTICLE,oils,2010_2020,Asia,none,none,none,en,academic,none,none,MEDIUM,NEEDED,,https://annas-archive.org/search?q=Pirker+What+Are+the+Limits+to+Oil+Palm+Expansion%3F,https://archive.org/search?query=Pirker+What+Are+the+Limits+to+Oil+Palm+Expansion%3F,,Pirker What Are the Limits to Oil Palm Expansion?,False,v2
199,Oils Fats,soy_oil,Fabiosa,Jacinto F.,Land-Use Credits to Corn Ethanol: Accounting for Distillers' Grains,2009,CARD Iowa State,WORKING_PAPER,oils,2010_2020,US,none,none,none,en,academic,none,none,LOW,NEEDED,,https://annas-archive.org/search?q=Fabiosa+Land-Use+Credits+to+Corn+Ethanol%3A+Accounting+for+Distillers%27+Grains,https://archive.org/search?query=Fabiosa+Land-Use+Credits+to+Corn+Ethanol%3A+Accounting+for+Distillers%27+Grains,,Fabiosa Land-Use Credits to Corn Ethanol: Accounting for Distillers' Grains,False,v2
200,Oils Fats,olive_oil,Carbone,Anna,The Performance of Protected Designations of Origin: An Ideal Benchmark for the Italian Olive Oil Sector,2018,Cambridge University Press,ARTICLE,oils,2010_2020,Europe,none,none,none,en,academic,none,none,LOW,NEEDED,,https://annas-archive.org/search?q=Carbone+The+Performance+of+Protected+Designations+of+Origin%3A+An+Ideal+Benchmark+for+the+Italian+Olive+Oil+Sector,https://archive.org/search?query=Carbone+The+Performance+of+Protected+Designations+of+Origin%3A+An+Ideal+Benchmark+for+the+Italian+Olive+Oil+Sector,,Carbone The Performance of Protected Designations of Origin: An Ideal Benchmark for the Italian Olive Oil Sector,False,v2
201,Oils Fats,canola_sunflower,Schnepf,Randy,Rising Farm Input Costs and Impacts on Production,2022,CRS,REPORT,oils,2010_2020,US,none,none,none,en,academic,none,none,MEDIUM,NEEDED,,https://annas-archive.org/search?q=Schnepf+Rising+Farm+Input+Costs+and+Impacts+on+Production,https://archive.org/search?query=Schnepf+Rising+Farm+Input+Costs+and+Impacts+on+Production,,Schnepf Rising Farm Input Costs and Impacts on Production,False,v2
202,Oils Fats,tropical_cycles,Headey,Derek,The Impact of the Global Food Crisis on the Poor,2011,Food Policy,ARTICLE,oils,2010_2020,Global,none,none,none,en,academic,none,none,MEDIUM,NEEDED,,https://annas-archive.org/search?q=Headey+The+Impact+of+the+Global+Food+Crisis+on+the+Poor,https://archive.org/search?query=Headey+The+Impact+of+the+Global+Food+Crisis+on+the+Poor,,Headey The Impact of the Global Food Crisis on the Poor,False,v2
203,Oils Fats,palm_oil,Cramb,Rob,"The Oil Palm Complex: Smallholders, Agribusiness and the State in Indonesia and Malaysia",2016,NUS Press,BOOK,oils,2010_2020,Asia,none,none,none,en,academic,none,none,HIGH,NEEDED,,https://annas-archive.org/search?q=Cramb+The+Oil+Palm+Complex%3A+Smallholders%2C+Agribusiness+and+the+State+in+Indonesia+and+Malaysia,https://archive.org/search?query=Cramb+The+Oil+Palm+Complex%3A+Smallholders%2C+Agribusiness+and+the+State+in+Indonesia+and+Malaysia,,"Cramb The Oil Palm Complex: Smallholders, Agribusiness and the State in Indonesia and Malaysia",False,v2
204,Oils Fats,soy_oil,Brown,Lester R.,Outgrowing the Earth: The Food Security Challenge in an Age of Falling Water Tables,2005,Earth Policy Institute,BOOK,multi,1980_2010,Global,none,none,none,en,academic,none,none,MEDIUM,NEEDED,,https://annas-archive.org/search?q=Brown+Outgrowing+the+Earth%3A+The+Food+Security+Challenge+in+an+Age+of+Falling+Water+Tables,https://archive.org/search?query=Brown+Outgrowing+the+Earth%3A+The+Food+Security+Challenge+in+an+Age+of+Falling+Water+Tables,,Brown Outgrowing the Earth: The Food Security Challenge in an Age of Falling Water Tables,False,v2
205,Oils Fats,olive_oil,Kashiwagi,Kenichi,Olive Oil Price Volatility in Tunisia and Spain,2020,New Medit,ARTICLE,oils,2010_2020,Europe,none,none,none,en,academic,none,none,LOW,NEEDED,,https://annas-archive.org/search?q=Kashiwagi+Olive+Oil+Price+Volatility+in+Tunisia+and+Spain,https://archive.org/search?query=Kashiwagi+Olive+Oil+Price+Volatility+in+Tunisia+and+Spain,,Kashiwagi Olive Oil Price Volatility in Tunisia and Spain,False,v2
206,Sugar Sweeteners,cane_beet,Abbott,Philip C.,Economic Development of the World's Sugar Industry,2011,in Encyclopedia of Agricultural Economics,CHAPTER,sugar,spanning,Global,none,none,none,en,academic,none,none,MEDIUM,NEEDED,,https://annas-archive.org/search?q=Abbott+Economic+Development+of+the+World%27s+Sugar+Industry,https://archive.org/search?query=Abbott+Economic+Development+of+the+World%27s+Sugar+Industry,,Abbott Economic Development of the World's Sugar Industry,False,v2
207,Sugar Sweeteners,cane_beet,Galloway,J. H.,The Sugar Cane Industry: An Historical Geography,1989,Cambridge UP,BOOK,sugar,pre1900,Colonial,none,none,none,en,academic,none,none,HIGH,NEEDED,,https://annas-archive.org/search?q=Galloway+The+Sugar+Cane+Industry%3A+An+Historical+Geography,https://archive.org/search?query=Galloway+The+Sugar+Cane+Industry%3A+An+Historical+Geography,,Galloway The Sugar Cane Industry: An Historical Geography,False,v2
208,Sugar Sweeteners,hfcs,Beghin,John C.,US Sugar Policy: Analysis and Options,2013,Iowa State CARD,WORKING_PAPER,sugar,2010_2020,US,none,none,none,en,academic,none,none,FLAGSHIP,NEEDED,With Elobeid,https://annas-archive.org/search?q=Beghin+US+Sugar+Policy%3A+Analysis+and+Options,https://archive.org/search?query=Beghin+US+Sugar+Policy%3A+Analysis+and+Options,,Beghin US Sugar Policy: Analysis and Options,False,v2
209,Sugar Sweeteners,hfcs,Haley,Stephen L.,Modeling the U.S. Sweetener Sector,1998,USDA ERS TB-1873,REPORT,sugar,1900_1945,US,none,none,none,en,academic,none,none,HIGH,NEEDED,,https://annas-archive.org/search?q=Haley+Modeling+the+U.S.+Sweetener+Sector,https://archive.org/search?query=Haley+Modeling+the+U.S.+Sweetener+Sector,,Haley Modeling the U.S. Sweetener Sector,False,v2
210,Sugar Sweeteners,hfcs,Bray,George A.,Consumption of High-Fructose Corn Syrup in Beverages May Play a Role in the Epidemic of Obesity,2004,Am J Clinical Nutrition,ARTICLE,sugar,1980_2010,US,none,none,none,en,academic,none,none,LOW,NEEDED,,https://annas-archive.org/search?q=Bray+Consumption+of+High-Fructose+Corn+Syrup+in+Beverages+May+Play+a+Role+in+the+Epidemic+of+Obesity,https://archive.org/search?query=Bray+Consumption+of+High-Fructose+Corn+Syrup+in+Beverages+May+Play+a+Role+in+the+Epidemic+of+Obesity,,Bray Consumption of High-Fructose Corn Syrup in Beverages May Play a Role in the Epidemic of Obesity,False,v2
211,Sugar Sweeteners,us_sugar_program,Jurenas,Remy,U.S. Sugar Program Overview,2016,CRS,REPORT,sugar,2010_2020,US,none,none,none,en,academic,none,none,HIGH,NEEDED,,https://annas-archive.org/search?q=Jurenas+U.S.+Sugar+Program+Overview,https://archive.org/search?query=Jurenas+U.S.+Sugar+Program+Overview,,Jurenas U.S. Sugar Program Overview,False,v2
212,Sugar Sweeteners,us_sugar_program,Haley,Stephen L.,The U.S. Sugar Program and Its Effects,2016,USDA ERS,REPORT,sugar,2010_2020,US,none,none,none,en,academic,none,none,HIGH,NEEDED,,https://annas-archive.org/search?q=Haley+The+U.S.+Sugar+Program+and+Its+Effects,https://archive.org/search?query=Haley+The+U.S.+Sugar+Program+and+Its+Effects,,Haley The U.S. Sugar Program and Its Effects,False,v2
213,Sugar Sweeteners,global_sugar,Rutherford,Ardian,The World Sugar Market,2010,Blackwell,BOOK,sugar,1980_2010,Global,none,none,none,en,academic,none,none,MEDIUM,NEEDED,,https://annas-archive.org/search?q=Rutherford+The+World+Sugar+Market,https://archive.org/search?query=Rutherford+The+World+Sugar+Market,,Rutherford The World Sugar Market,False,v2
214,Sugar Sweeteners,global_sugar,Yadav,A. K.,Sugar Markets and Sugar Price Dynamics,2019,Review of Ag Econ,ARTICLE,sugar,2010_2020,Global,none,none,none,en,academic,none,none,MEDIUM,NEEDED,,https://annas-archive.org/search?q=Yadav+Sugar+Markets+and+Sugar+Price+Dynamics,https://archive.org/search?query=Yadav+Sugar+Markets+and+Sugar+Price+Dynamics,,Yadav Sugar Markets and Sugar Price Dynamics,False,v2
215,Sugar Sweeteners,global_sugar,LMC International,,LMC Sweeteners Analysis,2024,LMC,REPORT,sugar,2010_2020,Global,none,none,none,en,academic,none,none,LOW,NEEDED,Trade-press benchmark,https://annas-archive.org/search?q=LMC+International+LMC+Sweeteners+Analysis,https://archive.org/search?query=LMC+International+LMC+Sweeteners+Analysis,,LMC International LMC Sweeteners Analysis,False,v2
216,Sugar Sweeteners,cane_beet,Otter,Chris,Diet for a Large Planet,2020,U Chicago Press,BOOK,sugar,spanning,Global,none,none,none,en,academic,none,none,MEDIUM,NEEDED,,https://annas-archive.org/search?q=Otter+Diet+for+a+Large+Planet,https://archive.org/search?query=Otter+Diet+for+a+Large+Planet,,Otter Diet for a Large Planet,False,v2
217,Sugar Sweeteners,us_sugar_program,USDA,,Sugar and Sweeteners Outlook,2024,USDA ERS,REPORT,sugar,2020_present,US,none,none,none,en,academic,none,none,HIGH,NEEDED,Monthly,https://annas-archive.org/search?q=USDA+Sugar+and+Sweeteners+Outlook,https://archive.org/search?query=USDA+Sugar+and+Sweeteners+Outlook,https://www.ers.usda.gov/publications/periodicals/,USDA Sugar and Sweeteners Outlook,False,v2
218,Sugar Sweeteners,hfcs,Philpott,Tom,Perilous Bounty: The Looming Collapse of American Farming,2020,Bloomsbury,BOOK,multi,2010_2020,US,none,none,none,en,academic,none,none,MEDIUM,NEEDED,,https://annas-archive.org/search?q=Philpott+Perilous+Bounty%3A+The+Looming+Collapse+of+American+Farming,https://archive.org/search?query=Philpott+Perilous+Bounty%3A+The+Looming+Collapse+of+American+Farming,,Philpott Perilous Bounty: The Looming Collapse of American Farming,False,v2
219,Sugar Sweeteners,global_sugar,ISO,,World Sugar Statistical Yearbook,2024,International Sugar Organization,DATASET_DOC,sugar,spanning,Global,none,none,none,en,academic,none,none,MEDIUM,NEEDED,,https://annas-archive.org/search?q=ISO+World+Sugar+Statistical+Yearbook,https://archive.org/search?query=ISO+World+Sugar+Statistical+Yearbook,https://www.isosugar.org/,ISO World Sugar Statistical Yearbook,False,v2
220,Sugar Sweeteners,cane_beet,Aurand,Joseph,A Brief History of the US Sugar Industry,2019,USDA,REPORT,sugar,spanning,US,none,none,none,en,academic,none,none,LOW,NEEDED,,https://annas-archive.org/search?q=Aurand+A+Brief+History+of+the+US+Sugar+Industry,https://archive.org/search?query=Aurand+A+Brief+History+of+the+US+Sugar+Industry,,Aurand A Brief History of the US Sugar Industry,False,v2
221,Produce,seasonality,Richards,Timothy J.,Retail Competition and the Price of Fruit,2006,J Ag Resource Econ,ARTICLE,produce,1980_2010,US,none,none,none,en,academic,none,none,MEDIUM,NEEDED,,https://annas-archive.org/search?q=Richards+Retail+Competition+and+the+Price+of+Fruit,https://archive.org/search?query=Richards+Retail+Competition+and+the+Price+of+Fruit,,Richards Retail Competition and the Price of Fruit,False,v2
222,Produce,seasonality,Lucier,Gary,Vegetables and Pulses Yearbook,2024,USDA ERS,DATASET_DOC,produce,spanning,US,none,none,none,en,academic,none,none,HIGH,NEEDED,Annual,https://annas-archive.org/search?q=Lucier+Vegetables+and+Pulses+Yearbook,https://archive.org/search?query=Lucier+Vegetables+and+Pulses+Yearbook,https://www.ers.usda.gov/data-products/vegetables-and-pulses-data,Lucier Vegetables and Pulses Yearbook,False,v2
223,Produce,labor_costs,Martin,Philip,Labor Shortages Ahead: Agriculture and H-2A Visa Program,2016,UC Davis,REPORT,produce,2010_2020,US,none,none,none,en,academic,none,none,FLAGSHIP,NEEDED,,https://annas-archive.org/search?q=Martin+Labor+Shortages+Ahead%3A+Agriculture+and+H-2A+Visa+Program,https://archive.org/search?query=Martin+Labor+Shortages+Ahead%3A+Agriculture+and+H-2A+Visa+Program,,Martin Labor Shortages Ahead: Agriculture and H-2A Visa Program,False,v2
224,Produce,labor_costs,Charlton,Diane,Declining International Migration of Mexican Farm Workers,2016,J Political Economy,ARTICLE,produce,2010_2020,US,none,none,none,en,academic,none,none,HIGH,NEEDED,With Taylor,https://annas-archive.org/search?q=Charlton+Declining+International+Migration+of+Mexican+Farm+Workers,https://archive.org/search?query=Charlton+Declining+International+Migration+of+Mexican+Farm+Workers,,Charlton Declining International Migration of Mexican Farm Workers,False,v2
225,Produce,cold_chain,Sheffi,Yossi,Logistics Clusters,2012,MIT Press,BOOK,produce,2010_2020,Global,none,none,none,en,academic,none,none,MEDIUM,NEEDED,,https://annas-archive.org/search?q=Sheffi+Logistics+Clusters,https://archive.org/search?query=Sheffi+Logistics+Clusters,,Sheffi Logistics Clusters,False,v2
226,Produce,cold_chain,Saenz-Segura,Fernando,Cold Chain Management for Produce in Developing Countries,2013,WUR,WORKING_PAPER,produce,2010_2020,Global,none,none,none,en,academic,none,none,LOW,NEEDED,,https://annas-archive.org/search?q=Saenz-Segura+Cold+Chain+Management+for+Produce+in+Developing+Countries,https://archive.org/search?query=Saenz-Segura+Cold+Chain+Management+for+Produce+in+Developing+Countries,,Saenz-Segura Cold Chain Management for Produce in Developing Countries,False,v2
227,Produce,specialty_crops,USDA,,Fruit and Tree Nuts Yearbook Tables,2024,USDA ERS,DATASET_DOC,produce,spanning,US,none,none,none,en,academic,none,none,HIGH,NEEDED,,https://annas-archive.org/search?q=USDA+Fruit+and+Tree+Nuts+Yearbook+Tables,https://archive.org/search?query=USDA+Fruit+and+Tree+Nuts+Yearbook+Tables,https://www.ers.usda.gov/data-products/fruit-and-tree-nuts-data,USDA Fruit and Tree Nuts Yearbook Tables,False,v2
228,Produce,specialty_crops,Cook,Roberta,Supermarket Challenges and Opportunities for Fresh Fruit and Vegetable Producers,2011,Choices Magazine,ARTICLE,produce,2010_2020,US,none,none,none,en,academic,none,none,MEDIUM,NEEDED,,https://annas-archive.org/search?q=Cook+Supermarket+Challenges+and+Opportunities+for+Fresh+Fruit+and+Vegetable+Producers,https://archive.org/search?query=Cook+Supermarket+Challenges+and+Opportunities+for+Fresh+Fruit+and+Vegetable+Producers,,Cook Supermarket Challenges and Opportunities for Fresh Fruit and Vegetable Producers,False,v2
229,Produce,water_ag,Cooley,Heather,California Agricultural Water Use: Key Background Information,2015,Pacific Institute,REPORT,produce,2010_2020,US,none,none,none,en,academic,none,none,HIGH,NEEDED,,https://annas-archive.org/search?q=Cooley+California+Agricultural+Water+Use%3A+Key+Background+Information,https://archive.org/search?query=Cooley+California+Agricultural+Water+Use%3A+Key+Background+Information,,Cooley California Agricultural Water Use: Key Background Information,False,v2
230,Produce,water_ag,Howitt,Richard,Economic Analysis of the 2014 Drought for California Agriculture,2014,UC Davis,REPORT,produce,2010_2020,US,none,none,none,en,academic,none,none,HIGH,NEEDED,,https://annas-archive.org/search?q=Howitt+Economic+Analysis+of+the+2014+Drought+for+California+Agriculture,https://archive.org/search?query=Howitt+Economic+Analysis+of+the+2014+Drought+for+California+Agriculture,,Howitt Economic Analysis of the 2014 Drought for California Agriculture,False,v2
231,Produce,seasonality,Park,Timothy A.,Choice Behavior for US Fresh Vegetable Consumers,2011,J Ag Applied Econ,ARTICLE,produce,2010_2020,US,none,none,none,en,academic,none,none,LOW,NEEDED,,https://annas-archive.org/search?q=Park+Choice+Behavior+for+US+Fresh+Vegetable+Consumers,https://archive.org/search?query=Park+Choice+Behavior+for+US+Fresh+Vegetable+Consumers,,Park Choice Behavior for US Fresh Vegetable Consumers,False,v2
232,Produce,labor_costs,Zahniser,Steven,Farm Labor and Immigration Policy,2018,USDA ERS,REPORT,produce,2010_2020,US,none,none,none,en,academic,none,none,HIGH,NEEDED,,https://annas-archive.org/search?q=Zahniser+Farm+Labor+and+Immigration+Policy,https://archive.org/search?query=Zahniser+Farm+Labor+and+Immigration+Policy,,Zahniser Farm Labor and Immigration Policy,False,v2
233,Produce,specialty_crops,Cook,Roberta,Trends in the Marketing of Fresh Produce and Fresh-Cut Products,2011,UC Davis,REPORT,produce,2010_2020,US,none,none,none,en,academic,none,none,MEDIUM,NEEDED,,https://annas-archive.org/search?q=Cook+Trends+in+the+Marketing+of+Fresh+Produce+and+Fresh-Cut+Products,https://archive.org/search?query=Cook+Trends+in+the+Marketing+of+Fresh+Produce+and+Fresh-Cut+Products,,Cook Trends in the Marketing of Fresh Produce and Fresh-Cut Products,False,v2
234,Produce,cold_chain,Mercier,Stephanie,Grocery Retailing and Wholesaling,2019,Farm Foundation,REPORT,produce,2010_2020,US,none,none,none,en,academic,none,none,LOW,NEEDED,,https://annas-archive.org/search?q=Mercier+Grocery+Retailing+and+Wholesaling,https://archive.org/search?query=Mercier+Grocery+Retailing+and+Wholesaling,,Mercier Grocery Retailing and Wholesaling,False,v2
235,Produce,water_ag,Lund,Jay,Water Markets in California,2014,UC Davis,REPORT,produce,2010_2020,US,none,none,none,en,academic,none,none,MEDIUM,NEEDED,,https://annas-archive.org/search?q=Lund+Water+Markets+in+California,https://archive.org/search?query=Lund+Water+Markets+in+California,,Lund Water Markets in California,False,v2
236,Produce,seasonality,Gopinath,Munisamy,Price Transmission in Fresh Fruit and Vegetable Markets,2012,J Ag Applied Econ,ARTICLE,produce,2010_2020,US,none,none,none,en,academic,none,none,LOW,NEEDED,,https://annas-archive.org/search?q=Gopinath+Price+Transmission+in+Fresh+Fruit+and+Vegetable+Markets,https://archive.org/search?query=Gopinath+Price+Transmission+in+Fresh+Fruit+and+Vegetable+Markets,,Gopinath Price Transmission in Fresh Fruit and Vegetable Markets,False,v2
237,Produce,specialty_crops,Calvin,Linda,Fresh Fruit and Vegetable Imports and the U.S. Market,2009,USDA ERS,REPORT,produce,1980_2010,US,none,none,none,en,academic,none,none,MEDIUM,NEEDED,,https://annas-archive.org/search?q=Calvin+Fresh+Fruit+and+Vegetable+Imports+and+the+U.S.+Market,https://archive.org/search?query=Calvin+Fresh+Fruit+and+Vegetable+Imports+and+the+U.S.+Market,,Calvin Fresh Fruit and Vegetable Imports and the U.S. Market,False,v2
238,Produce,labor_costs,Fan,Maoyong,The Role of H-2A in US Agriculture,2015,AJAE,ARTICLE,produce,2010_2020,US,none,none,none,en,academic,none,none,MEDIUM,NEEDED,,https://annas-archive.org/search?q=Fan+The+Role+of+H-2A+in+US+Agriculture,https://archive.org/search?query=Fan+The+Role+of+H-2A+in+US+Agriculture,,Fan The Role of H-2A in US Agriculture,False,v2
239,Produce,water_ag,Schwabe,Kurt,The Role of Water in the California Economy,2015,UC ANR,REPORT,produce,2010_2020,US,none,none,none,en,academic,none,none,LOW,NEEDED,,https://annas-archive.org/search?q=Schwabe+The+Role+of+Water+in+the+California+Economy,https://archive.org/search?query=Schwabe+The+Role+of+Water+in+the+California+Economy,,Schwabe The Role of Water in the California Economy,False,v2
240,Produce,seasonality,Pollack,Susan,ERS Fruit and Vegetable Prices Data Product,2024,USDA ERS,DATASET_DOC,produce,spanning,US,none,none,none,en,academic,none,none,HIGH,NEEDED,,https://annas-archive.org/search?q=Pollack+ERS+Fruit+and+Vegetable+Prices+Data+Product,https://archive.org/search?query=Pollack+ERS+Fruit+and+Vegetable+Prices+Data+Product,https://www.ers.usda.gov/data-products/fruit-and-vegetable-prices/,Pollack ERS Fruit and Vegetable Prices Data Product,False,v2
241,Global Food Systems,green_revolution,Evenson,Robert E.,"Assessing the Impact of the Green Revolution, 1960 to 2000",2003,Science,ARTICLE,multi,1945_1980,Global,none,none,none,en,academic,none,none,FLAGSHIP,NEEDED,With Gollin,https://annas-archive.org/search?q=Evenson+Assessing+the+Impact+of+the+Green+Revolution%2C+1960+to+2000,https://archive.org/search?query=Evenson+Assessing+the+Impact+of+the+Green+Revolution%2C+1960+to+2000,https://doi.org/10.1126/science.1078710,"Evenson Assessing the Impact of the Green Revolution, 1960 to 2000",False,v2
242,Global Food Systems,green_revolution,Hazell,Peter B. R.,The Asian Green Revolution,2009,IFPRI DP 911,WORKING_PAPER,multi,1945_1980,Asia,none,none,none,en,academic,none,none,HIGH,NEEDED,,https://annas-archive.org/search?q=Hazell+The+Asian+Green+Revolution,https://archive.org/search?query=Hazell+The+Asian+Green+Revolution,,Hazell The Asian Green Revolution,False,v2
243,Global Food Systems,green_revolution,Pingali,Prabhu L.,"Green Revolution: Impacts, Limits, and the Path Ahead",2012,PNAS,ARTICLE,multi,spanning,Global,none,none,none,en,academic,none,none,HIGH,NEEDED,,https://annas-archive.org/search?q=Pingali+Green+Revolution%3A+Impacts%2C+Limits%2C+and+the+Path+Ahead,https://archive.org/search?query=Pingali+Green+Revolution%3A+Impacts%2C+Limits%2C+and+the+Path+Ahead,https://doi.org/10.1073/pnas.0912953109,"Pingali Green Revolution: Impacts, Limits, and the Path Ahead",False,v2
244,Global Food Systems,green_revolution,Perkins,John H.,Geopolitics and the Green Revolution,1997,Oxford UP,BOOK,multi,1945_1980,Global,none,none,none,en,academic,none,none,MEDIUM,NEEDED,,https://annas-archive.org/search?q=Perkins+Geopolitics+and+the+Green+Revolution,https://archive.org/search?query=Perkins+Geopolitics+and+the+Green+Revolution,,Perkins Geopolitics and the Green Revolution,False,v2
245,Global Food Systems,green_revolution,Cullather,Nick,The Hungry World: America's Cold War Battle Against Poverty in Asia,2010,Harvard UP,BOOK,multi,1945_1980,Asia,none,none,none,en,academic,none,none,HIGH,NEEDED,Green Revolution as Cold War project,https://annas-archive.org/search?q=Cullather+The+Hungry+World%3A+America%27s+Cold+War+Battle+Against+Poverty+in+Asia,https://archive.org/search?query=Cullather+The+Hungry+World%3A+America%27s+Cold+War+Battle+Against+Poverty+in+Asia,,Cullather The Hungry World: America's Cold War Battle Against Poverty in Asia,False,v2
246,Global Food Systems,fao_fpi_methods,FAO,,The FAO Food Price Index (FFPI) Methodology Paper,2013,FAO,DATASET_DOC,multi,spanning,Global,none,none,none,en,academic,none,none,CRITICAL,NEEDED,,https://annas-archive.org/search?q=FAO+The+FAO+Food+Price+Index+%28FFPI%29+Methodology+Paper,https://archive.org/search?query=FAO+The+FAO+Food+Price+Index+%28FFPI%29+Methodology+Paper,https://www.fao.org/worldfoodsituation/foodpricesindex/en/,FAO The FAO Food Price Index (FFPI) Methodology Paper,False,v2
247,Global Food Systems,fao_fpi_methods,FAO,,The State of Food and Agriculture (SOFA) — annual,2024,FAO,REPORT,multi,spanning,Global,none,none,none,en,academic,none,none,HIGH,NEEDED,Flagship,https://annas-archive.org/search?q=FAO+The+State+of+Food+and+Agriculture+%28SOFA%29+%E2%80%94+annual,https://archive.org/search?query=FAO+The+State+of+Food+and+Agriculture+%28SOFA%29+%E2%80%94+annual,https://www.fao.org/publications/sofa/,FAO The State of Food and Agriculture (SOFA) — annual,False,v2
248,Global Food Systems,fao_fpi_methods,FAO,,The State of Food Security and Nutrition (SOFI) — annual,2024,FAO,REPORT,multi,spanning,Global,none,none,none,en,academic,none,none,HIGH,NEEDED,Flagship,https://annas-archive.org/search?q=FAO+The+State+of+Food+Security+and+Nutrition+%28SOFI%29+%E2%80%94+annual,https://archive.org/search?query=FAO+The+State+of+Food+Security+and+Nutrition+%28SOFI%29+%E2%80%94+annual,https://www.fao.org/publications/sofi/,FAO The State of Food Security and Nutrition (SOFI) — annual,False,v2
249,Global Food Systems,fao_fpi_methods,FAO,,Food Outlook (biannual),2024,FAO,REPORT,multi,spanning,Global,none,none,none,en,academic,none,none,HIGH,NEEDED,Short-term market outlook,https://annas-archive.org/search?q=FAO+Food+Outlook+%28biannual%29,https://archive.org/search?query=FAO+Food+Outlook+%28biannual%29,https://www.fao.org/giews/reports/food-outlook/en/,FAO Food Outlook (biannual),False,v2
250,Global Food Systems,food_crises,Sen,Amartya,Poverty and Famines: An Essay on Entitlement and Deprivation,1981,Oxford UP,BOOK,multi,1900_1945,Asia,none,none,none,en,academic,none,none,CRITICAL,NEEDED,Nobelist,https://annas-archive.org/search?q=Sen+Poverty+and+Famines%3A+An+Essay+on+Entitlement+and+Deprivation,https://archive.org/search?query=Sen+Poverty+and+Famines%3A+An+Essay+on+Entitlement+and+Deprivation,,Sen Poverty and Famines: An Essay on Entitlement and Deprivation,False,v2
251,Global Food Systems,food_crises,Davis,Mike,Late Victorian Holocausts: El Niño Famines,2001,Verso,BOOK,multi,pre1900,Global,none,none,none,en,academic,none,none,HIGH,NEEDED,,https://annas-archive.org/search?q=Davis+Late+Victorian+Holocausts%3A+El+Ni%C3%B1o+Famines,https://archive.org/search?query=Davis+Late+Victorian+Holocausts%3A+El+Ni%C3%B1o+Famines,,Davis Late Victorian Holocausts: El Niño Famines,False,v2
252,Global Food Systems,food_security,Maxwell,Simon,Food Security: A Post-Modern Perspective,1996,Food Policy,ARTICLE,multi,spanning,Global,none,none,none,en,academic,none,none,MEDIUM,NEEDED,,https://annas-archive.org/search?q=Maxwell+Food+Security%3A+A+Post-Modern+Perspective,https://archive.org/search?query=Maxwell+Food+Security%3A+A+Post-Modern+Perspective,,Maxwell Food Security: A Post-Modern Perspective,False,v2
253,Global Food Systems,food_security,Barrett,Christopher B.,Measuring Food Insecurity,2010,Science,ARTICLE,multi,spanning,Global,none,none,none,en,academic,none,none,HIGH,NEEDED,,https://annas-archive.org/search?q=Barrett+Measuring+Food+Insecurity,https://archive.org/search?query=Barrett+Measuring+Food+Insecurity,https://doi.org/10.1126/science.1182768,Barrett Measuring Food Insecurity,False,v2
254,Global Food Systems,food_security,Clapp,Jennifer,Food,2020,Polity,BOOK,multi,spanning,Global,none,none,none,en,academic,none,none,CRITICAL,NEEDED,3rd ed,https://annas-archive.org/search?q=Clapp+Food,https://archive.org/search?query=Clapp+Food,,Clapp Food,False,v2
255,Global Food Systems,food_security,Patel,Raj,Stuffed and Starved: The Hidden Battle for the World Food System,2007,Melville House,BOOK,multi,spanning,Global,none,none,none,en,academic,none,none,HIGH,NEEDED,,https://annas-archive.org/search?q=Patel+Stuffed+and+Starved%3A+The+Hidden+Battle+for+the+World+Food+System,https://archive.org/search?query=Patel+Stuffed+and+Starved%3A+The+Hidden+Battle+for+the+World+Food+System,,Patel Stuffed and Starved: The Hidden Battle for the World Food System,False,v2
256,Global Food Systems,food_security,Lappé,Frances Moore,Diet for a Small Planet,1971,Ballantine,BOOK,multi,1945_1980,US,none,none,none,en,academic,none,none,MEDIUM,NEEDED,,https://annas-archive.org/search?q=Lapp%C3%A9+Diet+for+a+Small+Planet,https://archive.org/search?query=Lapp%C3%A9+Diet+for+a+Small+Planet,,Lappé Diet for a Small Planet,False,v2
257,Global Food Systems,super_cycles,Radetzki,Marian,The Anatomy of Three Commodity Booms,2006,Resources Policy,ARTICLE,multi,spanning,Global,none,none,none,en,academic,none,none,HIGH,NEEDED,,https://annas-archive.org/search?q=Radetzki+The+Anatomy+of+Three+Commodity+Booms,https://archive.org/search?query=Radetzki+The+Anatomy+of+Three+Commodity+Booms,,Radetzki The Anatomy of Three Commodity Booms,False,v2
258,Global Food Systems,super_cycles,Cashin,Paul,The Long-Run Behavior of Commodity Prices,2002,IMF Staff Papers,ARTICLE,multi,spanning,Global,none,none,none,en,academic,none,none,HIGH,NEEDED,,https://annas-archive.org/search?q=Cashin+The+Long-Run+Behavior+of+Commodity+Prices,https://archive.org/search?query=Cashin+The+Long-Run+Behavior+of+Commodity+Prices,,Cashin The Long-Run Behavior of Commodity Prices,False,v2
259,Global Food Systems,super_cycles,Jacks,David S.,From Boom to Bust: A Typology of Real Commodity Prices,2019,Cliometrica,ARTICLE,multi,spanning,Global,none,none,none,en,academic,none,none,MEDIUM,NEEDED,,https://annas-archive.org/search?q=Jacks+From+Boom+to+Bust%3A+A+Typology+of+Real+Commodity+Prices,https://archive.org/search?query=Jacks+From+Boom+to+Bust%3A+A+Typology+of+Real+Commodity+Prices,,Jacks From Boom to Bust: A Typology of Real Commodity Prices,False,v2
260,Global Food Systems,green_revolution,Shiva,Vandana,The Violence of the Green Revolution,1991,Zed,BOOK,multi,1945_1980,Asia,none,none,none,en,academic,none,none,MEDIUM,NEEDED,Critique,https://annas-archive.org/search?q=Shiva+The+Violence+of+the+Green+Revolution,https://archive.org/search?query=Shiva+The+Violence+of+the+Green+Revolution,,Shiva The Violence of the Green Revolution,False,v2
261,Global Food Systems,green_revolution,Borlaug,Norman,"Nobel Lecture: The Green Revolution, Peace, and Humanity",1970,Nobel Foundation,CHAPTER,multi,1945_1980,Global,none,none,none,en,academic,none,none,LOW,NEEDED,,https://annas-archive.org/search?q=Borlaug+Nobel+Lecture%3A+The+Green+Revolution%2C+Peace%2C+and+Humanity,https://archive.org/search?query=Borlaug+Nobel+Lecture%3A+The+Green+Revolution%2C+Peace%2C+and+Humanity,https://www.nobelprize.org/prizes/peace/1970/borlaug/lecture/,"Borlaug Nobel Lecture: The Green Revolution, Peace, and Humanity",False,v2
262,Global Food Systems,fao_fpi_methods,Minot,Nicholas,Transmission of World Food Price Changes to Markets in Sub-Saharan Africa,2011,IFPRI DP 1059,WORKING_PAPER,multi,2010_2020,Africa,none,none,none,en,academic,none,none,MEDIUM,NEEDED,,https://annas-archive.org/search?q=Minot+Transmission+of+World+Food+Price+Changes+to+Markets+in+Sub-Saharan+Africa,https://archive.org/search?query=Minot+Transmission+of+World+Food+Price+Changes+to+Markets+in+Sub-Saharan+Africa,,Minot Transmission of World Food Price Changes to Markets in Sub-Saharan Africa,False,v2
263,Global Food Systems,fao_fpi_methods,Baffes,John,World Bank Commodity Price Data (Pink Sheet) — Methodology,2024,World Bank,DATASET_DOC,multi,spanning,Global,none,none,none,en,academic,none,none,HIGH,NEEDED,,https://annas-archive.org/search?q=Baffes+World+Bank+Commodity+Price+Data+%28Pink+Sheet%29+%E2%80%94+Methodology,https://archive.org/search?query=Baffes+World+Bank+Commodity+Price+Data+%28Pink+Sheet%29+%E2%80%94+Methodology,https://www.worldbank.org/en/research/commodity-markets,Baffes World Bank Commodity Price Data (Pink Sheet) — Methodology,False,v2
264,Global Food Systems,food_crises,Pinstrup-Andersen,Per,Food Policy for Developing Countries,2011,Cornell UP,BOOK,multi,spanning,Global,none,none,none,en,academic,none,none,HIGH,NEEDED,,https://annas-archive.org/search?q=Pinstrup-Andersen+Food+Policy+for+Developing+Countries,https://archive.org/search?query=Pinstrup-Andersen+Food+Policy+for+Developing+Countries,,Pinstrup-Andersen Food Policy for Developing Countries,False,v2
265,Global Food Systems,food_security,von Braun,Joachim,"High Food Prices: The What, Who, and How of Proposed Policy Actions",2008,IFPRI,REPORT,multi,2010_2020,Global,none,none,none,en,academic,none,none,HIGH,NEEDED,,https://annas-archive.org/search?q=von+Braun+High+Food+Prices%3A+The+What%2C+Who%2C+and+How+of+Proposed+Policy+Actions,https://archive.org/search?query=von+Braun+High+Food+Prices%3A+The+What%2C+Who%2C+and+How+of+Proposed+Policy+Actions,,"von Braun High Food Prices: The What, Who, and How of Proposed Policy Actions",False,v2
266,Global Food Systems,food_security,Timmer,C. Peter,Food Security in Asia and the Pacific: The Rapidly Changing Role of Rice,2014,Asia Pacific Policy Studies,ARTICLE,cereals,2010_2020,Asia,none,none,none,en,academic,none,none,MEDIUM,NEEDED,,https://annas-archive.org/search?q=Timmer+Food+Security+in+Asia+and+the+Pacific%3A+The+Rapidly+Changing+Role+of+Rice,https://archive.org/search?query=Timmer+Food+Security+in+Asia+and+the+Pacific%3A+The+Rapidly+Changing+Role+of+Rice,,Timmer Food Security in Asia and the Pacific: The Rapidly Changing Role of Rice,False,v2
267,Global Food Systems,super_cycles,Reinhart,Carmen M.,Commodity Super-Cycles: What Are They and What Lies Ahead?,2016,IMF,WORKING_PAPER,multi,2010_2020,Global,none,none,none,en,academic,none,none,HIGH,NEEDED,,https://annas-archive.org/search?q=Reinhart+Commodity+Super-Cycles%3A+What+Are+They+and+What+Lies+Ahead%3F,https://archive.org/search?query=Reinhart+Commodity+Super-Cycles%3A+What+Are+They+and+What+Lies+Ahead%3F,,Reinhart Commodity Super-Cycles: What Are They and What Lies Ahead?,False,v2
268,Global Food Systems,super_cycles,Gruss,Bertrand,Commodity Terms of Trade: A New Database,2019,IMF WP 19/21,WORKING_PAPER,multi,2010_2020,Global,none,none,none,en,academic,none,none,MEDIUM,NEEDED,,https://annas-archive.org/search?q=Gruss+Commodity+Terms+of+Trade%3A+A+New+Database,https://archive.org/search?query=Gruss+Commodity+Terms+of+Trade%3A+A+New+Database,https://www.imf.org/en/Publications/WP/Issues/2019/01/24,Gruss Commodity Terms of Trade: A New Database,False,v2
269,Global Food Systems,green_revolution,Herdt,Robert W.,A Retrospective View of Technology's Contribution to Agricultural Development,2012,Annual Review of Resource Econ,ARTICLE,multi,spanning,Global,none,none,none,en,academic,none,none,MEDIUM,NEEDED,,https://annas-archive.org/search?q=Herdt+A+Retrospective+View+of+Technology%27s+Contribution+to+Agricultural+Development,https://archive.org/search?query=Herdt+A+Retrospective+View+of+Technology%27s+Contribution+to+Agricultural+Development,,Herdt A Retrospective View of Technology's Contribution to Agricultural Development,False,v2
270,Global Food Systems,fao_fpi_methods,Abbott,Philip C.,Tracking the Drivers of Global Food Prices,2017,Applied Econ Perspectives & Policy,ARTICLE,multi,2010_2020,Global,none,none,none,en,academic,none,none,MEDIUM,NEEDED,,https://annas-archive.org/search?q=Abbott+Tracking+the+Drivers+of+Global+Food+Prices,https://archive.org/search?query=Abbott+Tracking+the+Drivers+of+Global+Food+Prices,,Abbott Tracking the Drivers of Global Food Prices,False,v2
271,Global Food Systems,food_crises,Ó Gráda,Cormac,Famine: A Short History,2009,Princeton UP,BOOK,multi,pre1900,Global,none,none,none,en,academic,none,none,MEDIUM,NEEDED,,https://annas-archive.org/search?q=%C3%93+Gr%C3%A1da+Famine%3A+A+Short+History,https://archive.org/search?query=%C3%93+Gr%C3%A1da+Famine%3A+A+Short+History,,Ó Gráda Famine: A Short History,False,v2
272,Global Food Systems,food_security,Godfray,H. Charles J.,Food Security: The Challenge of Feeding 9 Billion People,2010,Science,ARTICLE,multi,2010_2020,Global,none,none,none,en,academic,none,none,HIGH,NEEDED,,https://annas-archive.org/search?q=Godfray+Food+Security%3A+The+Challenge+of+Feeding+9+Billion+People,https://archive.org/search?query=Godfray+Food+Security%3A+The+Challenge+of+Feeding+9+Billion+People,https://doi.org/10.1126/science.1185383,Godfray Food Security: The Challenge of Feeding 9 Billion People,False,v2
273,Global Food Systems,super_cycles,Kilian,Lutz,Not All Oil Price Shocks Are Alike,2009,American Economic Review,ARTICLE,multi,2010_2020,Global,none,none,none,en,academic,none,none,HIGH,NEEDED,,https://annas-archive.org/search?q=Kilian+Not+All+Oil+Price+Shocks+Are+Alike,https://archive.org/search?query=Kilian+Not+All+Oil+Price+Shocks+Are+Alike,https://doi.org/10.1257/aer.99.3.1053,Kilian Not All Oil Price Shocks Are Alike,False,v2
274,Global Food Systems,green_revolution,Otsuka,Keijiro,Sustainable Development of Rural Asia,2016,World Development,ARTICLE,multi,2010_2020,Asia,none,none,none,en,academic,none,none,LOW,NEEDED,,https://annas-archive.org/search?q=Otsuka+Sustainable+Development+of+Rural+Asia,https://archive.org/search?query=Otsuka+Sustainable+Development+of+Rural+Asia,,Otsuka Sustainable Development of Rural Asia,False,v2
275,Global Food Systems,food_crises,Ravallion,Martin,Famines and Economics,1997,J Economic Literature,ARTICLE,multi,spanning,Global,none,none,none,en,academic,none,none,MEDIUM,NEEDED,,https://annas-archive.org/search?q=Ravallion+Famines+and+Economics,https://archive.org/search?query=Ravallion+Famines+and+Economics,,Ravallion Famines and Economics,False,v2
276,Trade Geopolitics,wto_doha,Anderson,Kym,Distortions to Agricultural Incentives,2009,World Bank,BOOK,multi,spanning,Global,none,none,none,en,academic,none,none,FLAGSHIP,NEEDED,,https://annas-archive.org/search?q=Anderson+Distortions+to+Agricultural+Incentives,https://archive.org/search?query=Anderson+Distortions+to+Agricultural+Incentives,,Anderson Distortions to Agricultural Incentives,False,v2
277,Trade Geopolitics,wto_doha,Josling,Tim,Agriculture in the GATT,1996,Macmillan,BOOK,multi,1945_1980,Global,none,none,none,en,academic,none,none,HIGH,NEEDED,"With Tangermann, Warley",https://annas-archive.org/search?q=Josling+Agriculture+in+the+GATT,https://archive.org/search?query=Josling+Agriculture+in+the+GATT,,Josling Agriculture in the GATT,False,v2
278,Trade Geopolitics,wto_doha,Martin,Will,Export Restrictions and Price Insulation During Commodity Price Booms,2014,AJAE,ARTICLE,multi,2010_2020,Global,none,none,none,en,academic,none,none,HIGH,NEEDED,With Anderson,https://annas-archive.org/search?q=Martin+Export+Restrictions+and+Price+Insulation+During+Commodity+Price+Booms,https://archive.org/search?query=Martin+Export+Restrictions+and+Price+Insulation+During+Commodity+Price+Booms,,Martin Export Restrictions and Price Insulation During Commodity Price Booms,False,v2
279,Trade Geopolitics,export_bans,Martin,Will,The Role of Rice Export Restrictions in the World Rice Price Spike of 2007/08,2011,World Bank,WORKING_PAPER,cereals,2010_2020,Global,none,none,none,en,academic,none,none,HIGH,NEEDED,With Anderson,https://annas-archive.org/search?q=Martin+The+Role+of+Rice+Export+Restrictions+in+the+World+Rice+Price+Spike+of+2007%2F08,https://archive.org/search?query=Martin+The+Role+of+Rice+Export+Restrictions+in+the+World+Rice+Price+Spike+of+2007%2F08,,Martin The Role of Rice Export Restrictions in the World Rice Price Spike of 2007/08,False,v2
280,Trade Geopolitics,export_bans,Headey,Derek,Rethinking the Global Food Crisis: The Role of Trade Shocks,2011,Food Policy,ARTICLE,multi,2010_2020,Global,none,none,none,en,academic,none,none,HIGH,NEEDED,,https://annas-archive.org/search?q=Headey+Rethinking+the+Global+Food+Crisis%3A+The+Role+of+Trade+Shocks,https://archive.org/search?query=Headey+Rethinking+the+Global+Food+Crisis%3A+The+Role+of+Trade+Shocks,,Headey Rethinking the Global Food Crisis: The Role of Trade Shocks,False,v2
281,Trade Geopolitics,nafta_usmca,Zahniser,Steven,NAFTA at 20: North America's Free-Trade Area and Its Impact on Agriculture,2015,USDA ERS WRS-15-01,REPORT,multi,1980_2010,US_Global,none,none,none,en,academic,none,none,HIGH,NEEDED,,https://annas-archive.org/search?q=Zahniser+NAFTA+at+20%3A+North+America%27s+Free-Trade+Area+and+Its+Impact+on+Agriculture,https://archive.org/search?query=Zahniser+NAFTA+at+20%3A+North+America%27s+Free-Trade+Area+and+Its+Impact+on+Agriculture,https://www.ers.usda.gov/publications/pub-details/?pubid=40485,Zahniser NAFTA at 20: North America's Free-Trade Area and Its Impact on Agriculture,False,v2
282,Trade Geopolitics,nafta_usmca,Villarreal,M. Angeles,USMCA Agricultural Provisions,2020,CRS,REPORT,multi,2010_2020,US_Global,none,none,none,en,academic,none,none,MEDIUM,NEEDED,,https://annas-archive.org/search?q=Villarreal+USMCA+Agricultural+Provisions,https://archive.org/search?query=Villarreal+USMCA+Agricultural+Provisions,,Villarreal USMCA Agricultural Provisions,False,v2
283,Trade Geopolitics,china_trade,Grant,Jason H.,Agricultural Trade in the Age of Trump,2021,Applied Econ Perspectives & Policy,ARTICLE,multi,2010_2020,US,none,none,none,en,academic,none,none,HIGH,NEEDED,,https://annas-archive.org/search?q=Grant+Agricultural+Trade+in+the+Age+of+Trump,https://archive.org/search?query=Grant+Agricultural+Trade+in+the+Age+of+Trump,,Grant Agricultural Trade in the Age of Trump,False,v2
284,Trade Geopolitics,china_trade,Li,Minghao,China's Soybean Imports: Policy Impacts,2020,CARD Iowa State,WORKING_PAPER,cereals,2010_2020,Asia,none,none,none,en,academic,none,none,HIGH,NEEDED,,https://annas-archive.org/search?q=Li+China%27s+Soybean+Imports%3A+Policy+Impacts,https://archive.org/search?query=Li+China%27s+Soybean+Imports%3A+Policy+Impacts,,Li China's Soybean Imports: Policy Impacts,False,v2
285,Trade Geopolitics,china_trade,Fukase,Emiko,China's Emerging Role as a Net Food Importer,2020,Applied Econ Perspectives & Policy,ARTICLE,multi,2010_2020,Asia,none,none,none,en,academic,none,none,HIGH,NEEDED,,https://annas-archive.org/search?q=Fukase+China%27s+Emerging+Role+as+a+Net+Food+Importer,https://archive.org/search?query=Fukase+China%27s+Emerging+Role+as+a+Net+Food+Importer,,Fukase China's Emerging Role as a Net Food Importer,False,v2
286,Trade Geopolitics,russia_ukraine,Glauber,Joseph W.,"The Russia-Ukraine War After a Year: Impacts on Fertilizer Production, Wheat, Corn, Vegetable Oil, and Rice",2023,IFPRI,REPORT,multi,2020_present,Global,none,none,none,en,academic,none,none,CRITICAL,NEEDED,,https://annas-archive.org/search?q=Glauber+The+Russia-Ukraine+War+After+a+Year%3A+Impacts+on+Fertilizer+Production%2C+Wheat%2C+Corn%2C+Vegetable+Oil%2C+and+Rice,https://archive.org/search?query=Glauber+The+Russia-Ukraine+War+After+a+Year%3A+Impacts+on+Fertilizer+Production%2C+Wheat%2C+Corn%2C+Vegetable+Oil%2C+and+Rice,https://www.ifpri.org/blog/,"Glauber The Russia-Ukraine War After a Year: Impacts on Fertilizer Production, Wheat, Corn, Vegetable Oil, and Rice",False,v2
287,Trade Geopolitics,russia_ukraine,Welsh,Caitlin,The War in Ukraine and Global Food Security,2022,CSIS,REPORT,cereals,2020_present,Global,none,none,none,en,academic,none,none,HIGH,NEEDED,,https://annas-archive.org/search?q=Welsh+The+War+in+Ukraine+and+Global+Food+Security,https://archive.org/search?query=Welsh+The+War+in+Ukraine+and+Global+Food+Security,https://www.csis.org/,Welsh The War in Ukraine and Global Food Security,False,v2
288,Trade Geopolitics,russia_ukraine,Behnassi,Mohamed,Implications of the Russia-Ukraine War for Global Food Security,2022,Nature Human Behaviour,ARTICLE,cereals,2020_present,Global,none,none,none,en,academic,none,none,HIGH,NEEDED,,https://annas-archive.org/search?q=Behnassi+Implications+of+the+Russia-Ukraine+War+for+Global+Food+Security,https://archive.org/search?query=Behnassi+Implications+of+the+Russia-Ukraine+War+for+Global+Food+Security,,Behnassi Implications of the Russia-Ukraine War for Global Food Security,False,v2
289,Trade Geopolitics,export_bans,Piesse,Jenifer,Policy Responses to Food Crisis,2010,Food Policy,ARTICLE,multi,2010_2020,Global,none,none,none,en,academic,none,none,MEDIUM,NEEDED,,https://annas-archive.org/search?q=Piesse+Policy+Responses+to+Food+Crisis,https://archive.org/search?query=Piesse+Policy+Responses+to+Food+Crisis,,Piesse Policy Responses to Food Crisis,False,v2
290,Trade Geopolitics,wto_doha,Bureau,Jean-Christophe,Agricultural Market Access: The Key to Doha Success,2008,OECD,REPORT,multi,1980_2010,Global,none,none,none,en,academic,none,none,MEDIUM,NEEDED,,https://annas-archive.org/search?q=Bureau+Agricultural+Market+Access%3A+The+Key+to+Doha+Success,https://archive.org/search?query=Bureau+Agricultural+Market+Access%3A+The+Key+to+Doha+Success,,Bureau Agricultural Market Access: The Key to Doha Success,False,v2
291,Trade Geopolitics,nafta_usmca,Burfisher,Mary E.,NAFTA: What Have We Learned?,2016,USDA ERS,REPORT,multi,1980_2010,US_Global,none,none,none,en,academic,none,none,MEDIUM,NEEDED,,https://annas-archive.org/search?q=Burfisher+NAFTA%3A+What+Have+We+Learned%3F,https://archive.org/search?query=Burfisher+NAFTA%3A+What+Have+We+Learned%3F,,Burfisher NAFTA: What Have We Learned?,False,v2
292,Trade Geopolitics,china_trade,Sumner,Daniel A.,Rising China and Global Agriculture,2020,U California,REPORT,multi,2010_2020,US_Global,none,none,none,en,academic,none,none,MEDIUM,NEEDED,,https://annas-archive.org/search?q=Sumner+Rising+China+and+Global+Agriculture,https://archive.org/search?query=Sumner+Rising+China+and+Global+Agriculture,,Sumner Rising China and Global Agriculture,False,v2
293,Trade Geopolitics,russia_ukraine,FAO,,Impact of the War in Ukraine on Food Security,2024,FAO,REPORT,cereals,2010_2020,Asia,none,none,none,en,academic,none,none,HIGH,NEEDED,Ongoing updates,https://annas-archive.org/search?q=FAO+Impact+of+the+War+in+Ukraine+on+Food+Security,https://archive.org/search?query=FAO+Impact+of+the+War+in+Ukraine+on+Food+Security,https://www.fao.org/,FAO Impact of the War in Ukraine on Food Security,False,v2
294,Trade Geopolitics,export_bans,Giordani,Paolo E.,Food Prices and the Multiplier Effect of Trade Policy,2016,J International Economics,ARTICLE,multi,2020_present,Global,none,none,none,en,academic,none,none,MEDIUM,NEEDED,,https://annas-archive.org/search?q=Giordani+Food+Prices+and+the+Multiplier+Effect+of+Trade+Policy,https://archive.org/search?query=Giordani+Food+Prices+and+the+Multiplier+Effect+of+Trade+Policy,,Giordani Food Prices and the Multiplier Effect of Trade Policy,False,v2
295,Trade Geopolitics,wto_doha,Hertel,Thomas W.,Potential Impacts of a Doha Round on Global Food Prices,2007,World Economy,ARTICLE,multi,2010_2020,Global,none,none,none,en,academic,none,none,MEDIUM,NEEDED,,https://annas-archive.org/search?q=Hertel+Potential+Impacts+of+a+Doha+Round+on+Global+Food+Prices,https://archive.org/search?query=Hertel+Potential+Impacts+of+a+Doha+Round+on+Global+Food+Prices,,Hertel Potential Impacts of a Doha Round on Global Food Prices,False,v2
296,Trade Geopolitics,nafta_usmca,Zahniser,Steven,The Growing Corn Economies of Mexico and the U.S.,2013,USDA ERS FDS-13D-01,REPORT,cereals,1980_2010,Global,none,none,none,en,academic,none,none,MEDIUM,NEEDED,,https://annas-archive.org/search?q=Zahniser+The+Growing+Corn+Economies+of+Mexico+and+the+U.S.,https://archive.org/search?query=Zahniser+The+Growing+Corn+Economies+of+Mexico+and+the+U.S.,,Zahniser The Growing Corn Economies of Mexico and the U.S.,False,v2
297,Trade Geopolitics,china_trade,Gale,Fred,China's Foreign Agricultural Investments,2015,USDA ERS,REPORT,multi,2010_2020,US,none,none,none,en,academic,none,none,LOW,NEEDED,,https://annas-archive.org/search?q=Gale+China%27s+Foreign+Agricultural+Investments,https://archive.org/search?query=Gale+China%27s+Foreign+Agricultural+Investments,,Gale China's Foreign Agricultural Investments,False,v2
298,Trade Geopolitics,russia_ukraine,Liefert,William M.,Russia's Transformation From Agricultural Importer to Major Grain Exporter,2020,USDA ERS,REPORT,cereals,2010_2020,US,none,none,none,en,academic,none,none,HIGH,NEEDED,,https://annas-archive.org/search?q=Liefert+Russia%27s+Transformation+From+Agricultural+Importer+to+Major+Grain+Exporter,https://archive.org/search?query=Liefert+Russia%27s+Transformation+From+Agricultural+Importer+to+Major+Grain+Exporter,,Liefert Russia's Transformation From Agricultural Importer to Major Grain Exporter,False,v2
299,Trade Geopolitics,wto_doha,Hoekman,Bernard,The Political Economy of the World Trading System,2009,Oxford UP,BOOK,multi,1980_2010,Global,none,none,none,en,academic,none,none,LOW,NEEDED,3rd ed,https://annas-archive.org/search?q=Hoekman+The+Political+Economy+of+the+World+Trading+System,https://archive.org/search?query=Hoekman+The+Political+Economy+of+the+World+Trading+System,,Hoekman The Political Economy of the World Trading System,False,v2
300,Trade Geopolitics,china_trade,Carter,Colin A.,The Impact of the US-China Trade War on US Agriculture,2019,Applied Econ Perspectives & Policy,ARTICLE,multi,2010_2020,US_Global,none,none,none,en,academic,none,none,HIGH,NEEDED,,https://annas-archive.org/search?q=Carter+The+Impact+of+the+US-China+Trade+War+on+US+Agriculture,https://archive.org/search?query=Carter+The+Impact+of+the+US-China+Trade+War+on+US+Agriculture,,Carter The Impact of the US-China Trade War on US Agriculture,False,v2
301,Climate Land Inputs,fertilizer_inputs,Huang,Wen-yuan,Impact of Rising Natural Gas Prices on US Ammonia Supply,2007,USDA ERS WRS-0702,REPORT,none,1980_2010,US,none,none,none,en,academic,none,none,HIGH,NEEDED,,https://annas-archive.org/search?q=Huang+Impact+of+Rising+Natural+Gas+Prices+on+US+Ammonia+Supply,https://archive.org/search?query=Huang+Impact+of+Rising+Natural+Gas+Prices+on+US+Ammonia+Supply,https://www.ers.usda.gov/publications/pub-details/?pubid=40488,Huang Impact of Rising Natural Gas Prices on US Ammonia Supply,False,v2
302,Climate Land Inputs,fertilizer_inputs,Brunelle,Thierry,Fertilizer Use and Markets,2019,OECD,REPORT,none,2010_2020,Global,none,none,none,en,academic,none,none,MEDIUM,NEEDED,,https://annas-archive.org/search?q=Brunelle+Fertilizer+Use+and+Markets,https://archive.org/search?query=Brunelle+Fertilizer+Use+and+Markets,,Brunelle Fertilizer Use and Markets,False,v2
303,Climate Land Inputs,fertilizer_inputs,IFA,,Fertilizer Outlook 2024,2024,International Fertilizer Association,REPORT,none,2020_present,Global,none,none,none,en,academic,none,none,HIGH,NEEDED,,https://annas-archive.org/search?q=IFA+Fertilizer+Outlook+2024,https://archive.org/search?query=IFA+Fertilizer+Outlook+2024,https://www.ifastat.org/,IFA Fertilizer Outlook 2024,False,v2
304,Climate Land Inputs,drought_weather,Boyer,Christopher N.,The Impact of the 2012 US Drought on Corn and Soybean Prices,2013,Southern Ag Econ Assoc,WORKING_PAPER,cereals,2010_2020,US,none,none,none,en,academic,none,none,MEDIUM,NEEDED,,https://annas-archive.org/search?q=Boyer+The+Impact+of+the+2012+US+Drought+on+Corn+and+Soybean+Prices,https://archive.org/search?query=Boyer+The+Impact+of+the+2012+US+Drought+on+Corn+and+Soybean+Prices,,Boyer The Impact of the 2012 US Drought on Corn and Soybean Prices,False,v2
305,Climate Land Inputs,drought_weather,Trenberth,Kevin E.,Global Warming and Changes in Drought,2014,Nature Climate Change,ARTICLE,multi,2010_2020,Global,none,none,none,en,academic,none,none,HIGH,NEEDED,,https://annas-archive.org/search?q=Trenberth+Global+Warming+and+Changes+in+Drought,https://archive.org/search?query=Trenberth+Global+Warming+and+Changes+in+Drought,,Trenberth Global Warming and Changes in Drought,False,v2
306,Climate Land Inputs,climate_yields,Lobell,David B.,Extreme Heat Effects on Wheat Senescence,2012,Nature Climate Change,ARTICLE,cereals,2010_2020,Global,none,none,none,en,academic,none,none,HIGH,NEEDED,,https://annas-archive.org/search?q=Lobell+Extreme+Heat+Effects+on+Wheat+Senescence,https://archive.org/search?query=Lobell+Extreme+Heat+Effects+on+Wheat+Senescence,,Lobell Extreme Heat Effects on Wheat Senescence,False,v2
307,Climate Land Inputs,climate_yields,Ortiz-Bobea,Ariel,Anthropogenic Climate Change Has Slowed Global Agricultural Productivity Growth,2021,Nature Climate Change,ARTICLE,multi,2020_present,Global,none,none,none,en,academic,none,none,FLAGSHIP,NEEDED,,https://annas-archive.org/search?q=Ortiz-Bobea+Anthropogenic+Climate+Change+Has+Slowed+Global+Agricultural+Productivity+Growth,https://archive.org/search?query=Ortiz-Bobea+Anthropogenic+Climate+Change+Has+Slowed+Global+Agricultural+Productivity+Growth,https://doi.org/10.1038/s41558-021-01000-1,Ortiz-Bobea Anthropogenic Climate Change Has Slowed Global Agricultural Productivity Growth,False,v2
308,Climate Land Inputs,climate_yields,IPCC,,"AR6 WGII Chapter 5: Food, Fibre, and Other Ecosystem Products",2022,IPCC,REPORT,multi,2020_present,Global,none,none,none,en,academic,none,none,CRITICAL,NEEDED,,https://annas-archive.org/search?q=IPCC+AR6+WGII+Chapter+5%3A+Food%2C+Fibre%2C+and+Other+Ecosystem+Products,https://archive.org/search?query=IPCC+AR6+WGII+Chapter+5%3A+Food%2C+Fibre%2C+and+Other+Ecosystem+Products,https://www.ipcc.ch/report/ar6/wg2/,"IPCC AR6 WGII Chapter 5: Food, Fibre, and Other Ecosystem Products",False,v2
309,Climate Land Inputs,climate_yields,Cline,William R.,Global Warming and Agriculture: Impact Estimates by Country,2007,Peterson Institute,BOOK,multi,1980_2010,Global,none,none,none,en,academic,none,none,MEDIUM,NEEDED,,https://annas-archive.org/search?q=Cline+Global+Warming+and+Agriculture%3A+Impact+Estimates+by+Country,https://archive.org/search?query=Cline+Global+Warming+and+Agriculture%3A+Impact+Estimates+by+Country,,Cline Global Warming and Agriculture: Impact Estimates by Country,False,v2
310,Climate Land Inputs,energy_food,Baffes,John,More on the Energy/Nonenergy Price Link,2010,Applied Economics Letters,ARTICLE,multi,2010_2020,Global,none,none,none,en,academic,none,none,MEDIUM,NEEDED,,https://annas-archive.org/search?q=Baffes+More+on+the+Energy%2FNonenergy+Price+Link,https://archive.org/search?query=Baffes+More+on+the+Energy%2FNonenergy+Price+Link,,Baffes More on the Energy/Nonenergy Price Link,False,v2
311,Climate Land Inputs,energy_food,Chen,Sheng-Tung,Modeling the Relationship Between the Oil Price and Global Food Prices,2010,Applied Energy,ARTICLE,multi,2010_2020,Global,none,none,none,en,academic,none,none,MEDIUM,NEEDED,,https://annas-archive.org/search?q=Chen+Modeling+the+Relationship+Between+the+Oil+Price+and+Global+Food+Prices,https://archive.org/search?query=Chen+Modeling+the+Relationship+Between+the+Oil+Price+and+Global+Food+Prices,,Chen Modeling the Relationship Between the Oil Price and Global Food Prices,False,v2
312,Climate Land Inputs,energy_food,Nazlioglu,Saban,Oil Price and Agricultural Commodity Prices: Evidence from Semiparametric Granger Causality,2011,Energy Economics,ARTICLE,multi,2010_2020,Global,none,none,none,en,academic,none,none,MEDIUM,NEEDED,,https://annas-archive.org/search?q=Nazlioglu+Oil+Price+and+Agricultural+Commodity+Prices%3A+Evidence+from+Semiparametric+Granger+Causality,https://archive.org/search?query=Nazlioglu+Oil+Price+and+Agricultural+Commodity+Prices%3A+Evidence+from+Semiparametric+Granger+Causality,,Nazlioglu Oil Price and Agricultural Commodity Prices: Evidence from Semiparametric Granger Causality,False,v2
313,Climate Land Inputs,land_use,Searchinger,Timothy,Use of U.S. Croplands for Biofuels Increases Greenhouse Gases Through Emissions From Land-Use Change,2008,Science,ARTICLE,multi,2010_2020,Global,none,none,none,en,academic,none,none,HIGH,NEEDED,,https://annas-archive.org/search?q=Searchinger+Use+of+U.S.+Croplands+for+Biofuels+Increases+Greenhouse+Gases+Through+Emissions+From+Land-Use+Change,https://archive.org/search?query=Searchinger+Use+of+U.S.+Croplands+for+Biofuels+Increases+Greenhouse+Gases+Through+Emissions+From+Land-Use+Change,https://doi.org/10.1126/science.1151861,Searchinger Use of U.S. Croplands for Biofuels Increases Greenhouse Gases Through Emissions From Land-Use Change,False,v2
314,Climate Land Inputs,land_use,Foley,Jonathan A.,Solutions for a Cultivated Planet,2011,Nature,ARTICLE,multi,2010_2020,Global,none,none,none,en,academic,none,none,HIGH,NEEDED,,https://annas-archive.org/search?q=Foley+Solutions+for+a+Cultivated+Planet,https://archive.org/search?query=Foley+Solutions+for+a+Cultivated+Planet,https://doi.org/10.1038/nature10452,Foley Solutions for a Cultivated Planet,False,v2
315,Climate Land Inputs,fertilizer_inputs,Gellings,Clark W.,Energy Efficiency in Fertilizer Production and Use,2009,EOLSS,CHAPTER,none,1980_2010,Global,none,none,none,en,academic,none,none,LOW,NEEDED,,https://annas-archive.org/search?q=Gellings+Energy+Efficiency+in+Fertilizer+Production+and+Use,https://archive.org/search?query=Gellings+Energy+Efficiency+in+Fertilizer+Production+and+Use,,Gellings Energy Efficiency in Fertilizer Production and Use,False,v2
316,Climate Land Inputs,drought_weather,Diffenbaugh,Noah S.,Assessing the Vulnerability of Agriculture to Climate Change,2015,Climatic Change,ARTICLE,multi,2010_2020,Global,none,none,none,en,academic,none,none,MEDIUM,NEEDED,,https://annas-archive.org/search?q=Diffenbaugh+Assessing+the+Vulnerability+of+Agriculture+to+Climate+Change,https://archive.org/search?query=Diffenbaugh+Assessing+the+Vulnerability+of+Agriculture+to+Climate+Change,,Diffenbaugh Assessing the Vulnerability of Agriculture to Climate Change,False,v2
317,Climate Land Inputs,climate_yields,Fisher,Anthony C.,The Economic Impacts of Climate Change: Evidence from Agricultural Output and Random Fluctuations in Weather: Comment,2012,AER,ARTICLE,multi,2010_2020,Global,none,none,none,en,academic,none,none,MEDIUM,NEEDED,,https://annas-archive.org/search?q=Fisher+The+Economic+Impacts+of+Climate+Change%3A+Evidence+from+Agricultural+Output+and+Random+Fluctuations+in+Weather%3A+Comment,https://archive.org/search?query=Fisher+The+Economic+Impacts+of+Climate+Change%3A+Evidence+from+Agricultural+Output+and+Random+Fluctuations+in+Weather%3A+Comment,,Fisher The Economic Impacts of Climate Change: Evidence from Agricultural Output and Random Fluctuations in Weather: Comment,False,v2
318,Climate Land Inputs,energy_food,Tyner,Wallace E.,The Integration of Energy and Agricultural Markets,2010,Ag Econ,ARTICLE,multi,2010_2020,Global,none,none,none,en,academic,none,none,MEDIUM,NEEDED,,https://annas-archive.org/search?q=Tyner+The+Integration+of+Energy+and+Agricultural+Markets,https://archive.org/search?query=Tyner+The+Integration+of+Energy+and+Agricultural+Markets,,Tyner The Integration of Energy and Agricultural Markets,False,v2
319,Climate Land Inputs,land_use,Plevin,Richard J.,Greenhouse Gas Emissions from Biofuels' Indirect Land Use Change Are Uncertain but May Be Much Greater Than Previously Estimated,2010,Environmental Science & Technology,ARTICLE,multi,2010_2020,Global,none,none,none,en,academic,none,none,LOW,NEEDED,,https://annas-archive.org/search?q=Plevin+Greenhouse+Gas+Emissions+from+Biofuels%27+Indirect+Land+Use+Change+Are+Uncertain+but+May+Be+Much+Greater+Than+Previously+Estimated,https://archive.org/search?query=Plevin+Greenhouse+Gas+Emissions+from+Biofuels%27+Indirect+Land+Use+Change+Are+Uncertain+but+May+Be+Much+Greater+Than+Previously+Estimated,,Plevin Greenhouse Gas Emissions from Biofuels' Indirect Land Use Change Are Uncertain but May Be Much Greater Than Previously Estimated,False,v2
320,Climate Land Inputs,fertilizer_inputs,Schnitkey,Gary,Nitrogen Fertilizer Prices and Natural Gas Prices,2022,farmdoc daily,ARTICLE,none,2020_present,US,none,none,none,en,academic,none,none,HIGH,NEEDED,,https://annas-archive.org/search?q=Schnitkey+Nitrogen+Fertilizer+Prices+and+Natural+Gas+Prices,https://archive.org/search?query=Schnitkey+Nitrogen+Fertilizer+Prices+and+Natural+Gas+Prices,https://farmdocdaily.illinois.edu/,Schnitkey Nitrogen Fertilizer Prices and Natural Gas Prices,False,v2
321,Climate Land Inputs,drought_weather,USDA,,Drought in the United States: Causes and Issues for Congress,2014,CRS,REPORT,multi,2010_2020,US,none,none,none,en,academic,none,none,MEDIUM,NEEDED,,https://annas-archive.org/search?q=USDA+Drought+in+the+United+States%3A+Causes+and+Issues+for+Congress,https://archive.org/search?query=USDA+Drought+in+the+United+States%3A+Causes+and+Issues+for+Congress,,USDA Drought in the United States: Causes and Issues for Congress,False,v2
322,Climate Land Inputs,climate_yields,Hsiang,Solomon,Estimating Economic Damage from Climate Change in the United States,2017,Science,ARTICLE,multi,2010_2020,US,none,none,none,en,academic,none,none,HIGH,NEEDED,,https://annas-archive.org/search?q=Hsiang+Estimating+Economic+Damage+from+Climate+Change+in+the+United+States,https://archive.org/search?query=Hsiang+Estimating+Economic+Damage+from+Climate+Change+in+the+United+States,,Hsiang Estimating Economic Damage from Climate Change in the United States,False,v2
323,Climate Land Inputs,energy_food,Zhang,Zibin,Food Versus Fuel: What Do Prices Tell Us?,2010,Energy Policy,ARTICLE,multi,2010_2020,Global,none,none,none,en,academic,none,none,MEDIUM,NEEDED,,https://annas-archive.org/search?q=Zhang+Food+Versus+Fuel%3A+What+Do+Prices+Tell+Us%3F,https://archive.org/search?query=Zhang+Food+Versus+Fuel%3A+What+Do+Prices+Tell+Us%3F,,Zhang Food Versus Fuel: What Do Prices Tell Us?,False,v2
324,Climate Land Inputs,land_use,Hertel,Thomas W.,"Global Climate Impacts on Agriculture, Land Use, and Land Conversion",2010,AJAE,ARTICLE,multi,2010_2020,Global,none,none,none,en,academic,none,none,MEDIUM,NEEDED,,https://annas-archive.org/search?q=Hertel+Global+Climate+Impacts+on+Agriculture%2C+Land+Use%2C+and+Land+Conversion,https://archive.org/search?query=Hertel+Global+Climate+Impacts+on+Agriculture%2C+Land+Use%2C+and+Land+Conversion,,"Hertel Global Climate Impacts on Agriculture, Land Use, and Land Conversion",False,v2
325,Climate Land Inputs,climate_yields,Nelson,Gerald C.,Climate Change Effects on Agriculture: Economic Responses to Biophysical Shocks,2014,PNAS,ARTICLE,multi,2010_2020,Global,none,none,none,en,academic,none,none,HIGH,NEEDED,,https://annas-archive.org/search?q=Nelson+Climate+Change+Effects+on+Agriculture%3A+Economic+Responses+to+Biophysical+Shocks,https://archive.org/search?query=Nelson+Climate+Change+Effects+on+Agriculture%3A+Economic+Responses+to+Biophysical+Shocks,https://doi.org/10.1073/pnas.1222465110,Nelson Climate Change Effects on Agriculture: Economic Responses to Biophysical Shocks,False,v2
326,Chef Restaurant Econ,menu_engineering,Kasavana,Michael L.,Menu Engineering: A Practical Guide to Menu Analysis,1982,Hospitality Publishers,BOOK,none,1980_2010,US,none,none,none,en,academic,none,none,FLAGSHIP,NEEDED,With Smith; foundational,https://annas-archive.org/search?q=Kasavana+Menu+Engineering%3A+A+Practical+Guide+to+Menu+Analysis,https://archive.org/search?query=Kasavana+Menu+Engineering%3A+A+Practical+Guide+to+Menu+Analysis,,Kasavana Menu Engineering: A Practical Guide to Menu Analysis,False,v2
327,Chef Restaurant Econ,menu_engineering,Miller,Jack E.,Menu Pricing and Strategy,2019,Wiley,BOOK,none,2010_2020,US,none,none,none,en,academic,none,none,HIGH,NEEDED,,https://annas-archive.org/search?q=Miller+Menu+Pricing+and+Strategy,https://archive.org/search?query=Miller+Menu+Pricing+and+Strategy,,Miller Menu Pricing and Strategy,False,v2
328,Chef Restaurant Econ,menu_engineering,Pavesic,David V.,Psychological Aspects of Menu Pricing,1989,International Journal of Hospitality Management,ARTICLE,none,1980_2010,US,none,none,none,en,academic,none,none,HIGH,NEEDED,,https://annas-archive.org/search?q=Pavesic+Psychological+Aspects+of+Menu+Pricing,https://archive.org/search?query=Pavesic+Psychological+Aspects+of+Menu+Pricing,,Pavesic Psychological Aspects of Menu Pricing,False,v2
329,Chef Restaurant Econ,menu_engineering,Taylor,John Jasper,Menu Analysis: A Review of Techniques and Approaches,2012,FIU Hospitality Review,ARTICLE,none,2010_2020,US,none,none,none,en,academic,none,none,MEDIUM,NEEDED,,https://annas-archive.org/search?q=Taylor+Menu+Analysis%3A+A+Review+of+Techniques+and+Approaches,https://archive.org/search?query=Taylor+Menu+Analysis%3A+A+Review+of+Techniques+and+Approaches,,Taylor Menu Analysis: A Review of Techniques and Approaches,False,v2
330,Chef Restaurant Econ,food_cost_mgmt,Dopson,Lea R.,Food and Beverage Cost Control,2019,Wiley,BOOK,none,2010_2020,US,none,none,none,en,academic,none,none,HIGH,NEEDED,With Hayes; standard textbook,https://annas-archive.org/search?q=Dopson+Food+and+Beverage+Cost+Control,https://archive.org/search?query=Dopson+Food+and+Beverage+Cost+Control,,Dopson Food and Beverage Cost Control,False,v2
331,Chef Restaurant Econ,food_cost_mgmt,Schmidgall,Raymond S.,Hospitality Industry Managerial Accounting,2011,AHLEI,BOOK,none,spanning,US,none,none,none,en,academic,none,none,MEDIUM,NEEDED,,https://annas-archive.org/search?q=Schmidgall+Hospitality+Industry+Managerial+Accounting,https://archive.org/search?query=Schmidgall+Hospitality+Industry+Managerial+Accounting,,Schmidgall Hospitality Industry Managerial Accounting,False,v2
332,Chef Restaurant Econ,food_cost_mgmt,Miller,Jack E.,The Restaurant Manager's Handbook,2016,Atlantic Publishing,BOOK,none,2010_2020,US,none,none,none,en,academic,none,none,MEDIUM,NEEDED,,https://annas-archive.org/search?q=Miller+The+Restaurant+Manager%27s+Handbook,https://archive.org/search?query=Miller+The+Restaurant+Manager%27s+Handbook,,Miller The Restaurant Manager's Handbook,False,v2
333,Chef Restaurant Econ,vendor_procurement,Feinstein,Andrew H.,Purchasing: Selection and Procurement for the Hospitality Industry,2020,Wiley,BOOK,none,2010_2020,US,none,none,none,en,academic,none,none,HIGH,NEEDED,,https://annas-archive.org/search?q=Feinstein+Purchasing%3A+Selection+and+Procurement+for+the+Hospitality+Industry,https://archive.org/search?query=Feinstein+Purchasing%3A+Selection+and+Procurement+for+the+Hospitality+Industry,,Feinstein Purchasing: Selection and Procurement for the Hospitality Industry,False,v2
334,Chef Restaurant Econ,vendor_procurement,Reynolds,Dennis,Hospitality Services: Food and Lodging,2012,Cengage,BOOK,none,spanning,US,none,none,none,en,academic,none,none,LOW,NEEDED,,https://annas-archive.org/search?q=Reynolds+Hospitality+Services%3A+Food+and+Lodging,https://archive.org/search?query=Reynolds+Hospitality+Services%3A+Food+and+Lodging,,Reynolds Hospitality Services: Food and Lodging,False,v2
335,Chef Restaurant Econ,inflation_passthrough,Piccoli,Gabriele,Restaurant Pricing and Inflation,2023,Cornell Hospitality Quarterly,ARTICLE,none,2020_present,US,none,none,none,en,academic,none,none,HIGH,NEEDED,,https://annas-archive.org/search?q=Piccoli+Restaurant+Pricing+and+Inflation,https://archive.org/search?query=Piccoli+Restaurant+Pricing+and+Inflation,,Piccoli Restaurant Pricing and Inflation,False,v2
336,Chef Restaurant Econ,inflation_passthrough,Anderson,Eric T.,Price Stickiness: Evidence from Restaurant Menus,2015,NBER WP,WORKING_PAPER,none,2010_2020,US,none,none,none,en,academic,none,none,HIGH,NEEDED,,https://annas-archive.org/search?q=Anderson+Price+Stickiness%3A+Evidence+from+Restaurant+Menus,https://archive.org/search?query=Anderson+Price+Stickiness%3A+Evidence+from+Restaurant+Menus,,Anderson Price Stickiness: Evidence from Restaurant Menus,False,v2
337,Chef Restaurant Econ,inflation_passthrough,Kim,Dongsoo,Menu Prices and Inflation,2018,Journal of Foodservice Business Research,ARTICLE,none,2010_2020,US,none,none,none,en,academic,none,none,MEDIUM,NEEDED,,https://annas-archive.org/search?q=Kim+Menu+Prices+and+Inflation,https://archive.org/search?query=Kim+Menu+Prices+and+Inflation,,Kim Menu Prices and Inflation,False,v2
338,Chef Restaurant Econ,foodservice_econ,Enz,Cathy A.,Hospitality Strategic Management: Concepts and Cases,2010,Wiley,BOOK,none,spanning,US,none,none,none,en,academic,none,none,MEDIUM,NEEDED,,https://annas-archive.org/search?q=Enz+Hospitality+Strategic+Management%3A+Concepts+and+Cases,https://archive.org/search?query=Enz+Hospitality+Strategic+Management%3A+Concepts+and+Cases,,Enz Hospitality Strategic Management: Concepts and Cases,False,v2
339,Chef Restaurant Econ,foodservice_econ,National Restaurant Association,,Restaurant Industry Forecast (annual),2024,NRA,REPORT,none,2020_present,US,none,none,none,en,academic,none,none,HIGH,NEEDED,,https://annas-archive.org/search?q=National+Restaurant+Association+Restaurant+Industry+Forecast+%28annual%29,https://archive.org/search?query=National+Restaurant+Association+Restaurant+Industry+Forecast+%28annual%29,https://restaurant.org/,National Restaurant Association Restaurant Industry Forecast (annual),False,v2
340,Chef Restaurant Econ,foodservice_econ,Technomic,,Foodservice Price Index,2024,Technomic,DATASET_DOC,none,2020_present,US,none,none,none,en,academic,none,none,HIGH,NEEDED,Trade benchmark,https://annas-archive.org/search?q=Technomic+Foodservice+Price+Index,https://archive.org/search?query=Technomic+Foodservice+Price+Index,https://www.technomic.com/,Technomic Foodservice Price Index,False,v2
341,Chef Restaurant Econ,menu_engineering,Bowen,John T.,Food Menu Analysis,1990,International J Hospitality Management,ARTICLE,none,1980_2010,US,none,none,none,en,academic,none,none,MEDIUM,NEEDED,With Morris,https://annas-archive.org/search?q=Bowen+Food+Menu+Analysis,https://archive.org/search?query=Bowen+Food+Menu+Analysis,,Bowen Food Menu Analysis,False,v2
342,Chef Restaurant Econ,food_cost_mgmt,Kwong,Lok Yiu Lina,The Application of Menu Engineering and Design,2005,J Foodservice Business Research,ARTICLE,none,1980_2010,US,none,none,none,en,academic,none,none,LOW,NEEDED,,https://annas-archive.org/search?q=Kwong+The+Application+of+Menu+Engineering+and+Design,https://archive.org/search?query=Kwong+The+Application+of+Menu+Engineering+and+Design,,Kwong The Application of Menu Engineering and Design,False,v2
343,Chef Restaurant Econ,vendor_procurement,Gregoire,Mary B.,Foodservice Organizations: A Managerial and Systems Approach,2019,Pearson,BOOK,none,spanning,US,none,none,none,en,academic,none,none,MEDIUM,NEEDED,,https://annas-archive.org/search?q=Gregoire+Foodservice+Organizations%3A+A+Managerial+and+Systems+Approach,https://archive.org/search?query=Gregoire+Foodservice+Organizations%3A+A+Managerial+and+Systems+Approach,,Gregoire Foodservice Organizations: A Managerial and Systems Approach,False,v2
344,Chef Restaurant Econ,inflation_passthrough,Kelchen,Robert,How Restaurants Pass Through Input Costs,2022,Choices Magazine,ARTICLE,none,2020_present,US,none,none,none,en,academic,none,none,MEDIUM,NEEDED,,https://annas-archive.org/search?q=Kelchen+How+Restaurants+Pass+Through+Input+Costs,https://archive.org/search?query=Kelchen+How+Restaurants+Pass+Through+Input+Costs,,Kelchen How Restaurants Pass Through Input Costs,False,v2
345,Chef Restaurant Econ,foodservice_econ,Parsa,H. G.,Why Restaurants Fail,2005,Cornell Hospitality Quarterly,ARTICLE,none,1980_2010,US,none,none,none,en,academic,none,none,LOW,NEEDED,,https://annas-archive.org/search?q=Parsa+Why+Restaurants+Fail,https://archive.org/search?query=Parsa+Why+Restaurants+Fail,,Parsa Why Restaurants Fail,False,v2
346,Chef Restaurant Econ,food_cost_mgmt,Keiser,James,Controlling and Analyzing Costs in Food Service Operations,2015,Pearson,BOOK,none,spanning,US,none,none,none,en,academic,none,none,MEDIUM,NEEDED,,https://annas-archive.org/search?q=Keiser+Controlling+and+Analyzing+Costs+in+Food+Service+Operations,https://archive.org/search?query=Keiser+Controlling+and+Analyzing+Costs+in+Food+Service+Operations,,Keiser Controlling and Analyzing Costs in Food Service Operations,False,v2
347,Chef Restaurant Econ,menu_engineering,LeBruto,Stephen M.,Menu Engineering: A Model Including Labor,1995,FIU Hospitality Review,ARTICLE,none,1980_2010,US,none,none,none,en,academic,none,none,LOW,NEEDED,,https://annas-archive.org/search?q=LeBruto+Menu+Engineering%3A+A+Model+Including+Labor,https://archive.org/search?query=LeBruto+Menu+Engineering%3A+A+Model+Including+Labor,,LeBruto Menu Engineering: A Model Including Labor,False,v2
348,Chef Restaurant Econ,inflation_passthrough,BLS,,CPI Food Away From Home: Methodology,2024,BLS,DATASET_DOC,none,spanning,US,none,none,none,en,academic,none,none,HIGH,NEEDED,,https://annas-archive.org/search?q=BLS+CPI+Food+Away+From+Home%3A+Methodology,https://archive.org/search?query=BLS+CPI+Food+Away+From+Home%3A+Methodology,https://www.bls.gov/cpi/factsheets/food-price-changes.htm,BLS CPI Food Away From Home: Methodology,False,v2
349,Chef Restaurant Econ,vendor_procurement,Sysco,,Sysco Annual Report 10-K,2023,Sysco Corp,GOV_DOC,none,2020_present,US,none,none,none,en,academic,none,none,MEDIUM,NEEDED,Largest US foodservice distributor,https://annas-archive.org/search?q=Sysco+Sysco+Annual+Report+10-K,https://archive.org/search?query=Sysco+Sysco+Annual+Report+10-K,https://investors.sysco.com/,Sysco Sysco Annual Report 10-K,False,v2
350,Chef Restaurant Econ,foodservice_econ,Muller,Christopher,Hospitality Brand Strategies,2014,Routledge,BOOK,none,spanning,US,none,none,none,en,academic,none,none,LOW,NEEDED,,https://annas-archive.org/search?q=Muller+Hospitality+Brand+Strategies,https://archive.org/search?query=Muller+Hospitality+Brand+Strategies,,Muller Hospitality Brand Strategies,False,v2
351,Data Source Methodology,wasde_methods,USDA,,World Agricultural Supply and Demand Estimates (WASDE): Overview,2024,USDA,DATASET_DOC,multi,spanning,US,none,none,none,en,academic,none,none,FLAGSHIP,NEEDED,Monthly flagship,https://annas-archive.org/search?q=USDA+World+Agricultural+Supply+and+Demand+Estimates+%28WASDE%29%3A+Overview,https://archive.org/search?query=USDA+World+Agricultural+Supply+and+Demand+Estimates+%28WASDE%29%3A+Overview,https://www.usda.gov/oce/commodity/wasde,USDA World Agricultural Supply and Demand Estimates (WASDE): Overview,False,v2
352,Data Source Methodology,wasde_methods,USDA,,WASDE Methodology and Procedures,2019,USDA WAOB,DATASET_DOC,multi,2010_2020,US,none,none,none,en,academic,none,none,CRITICAL,NEEDED,,https://annas-archive.org/search?q=USDA+WASDE+Methodology+and+Procedures,https://archive.org/search?query=USDA+WASDE+Methodology+and+Procedures,https://www.usda.gov/oce/commodity/wasde,USDA WASDE Methodology and Procedures,False,v2
353,Data Source Methodology,wasde_methods,Irwin,Scott H.,Market Reaction to USDA Reports,2008,Ag Finance Review,ARTICLE,multi,1980_2010,US,none,none,none,en,academic,none,none,HIGH,NEEDED,With Good,https://annas-archive.org/search?q=Irwin+Market+Reaction+to+USDA+Reports,https://archive.org/search?query=Irwin+Market+Reaction+to+USDA+Reports,,Irwin Market Reaction to USDA Reports,False,v2
354,Data Source Methodology,wasde_methods,Isengildina-Massa,Olga,"Accuracy of USDA Forecasts of Corn, Soybean, and Wheat Ending Stocks",2015,J Ag Applied Econ,ARTICLE,cereals,2010_2020,US,none,none,none,en,academic,none,none,HIGH,NEEDED,,https://annas-archive.org/search?q=Isengildina-Massa+Accuracy+of+USDA+Forecasts+of+Corn%2C+Soybean%2C+and+Wheat+Ending+Stocks,https://archive.org/search?query=Isengildina-Massa+Accuracy+of+USDA+Forecasts+of+Corn%2C+Soybean%2C+and+Wheat+Ending+Stocks,,"Isengildina-Massa Accuracy of USDA Forecasts of Corn, Soybean, and Wheat Ending Stocks",False,v2
355,Data Source Methodology,cpi_ppi_methods,BLS,,CPI Detailed Methodology: Food,2024,BLS,DATASET_DOC,none,spanning,US,none,none,none,en,academic,none,none,CRITICAL,NEEDED,,https://annas-archive.org/search?q=BLS+CPI+Detailed+Methodology%3A+Food,https://archive.org/search?query=BLS+CPI+Detailed+Methodology%3A+Food,https://www.bls.gov/cpi/additional-resources/,BLS CPI Detailed Methodology: Food,False,v2
356,Data Source Methodology,cpi_ppi_methods,BLS,,Handbook of Methods: Chapter 17 — CPI,2024,BLS,DATASET_DOC,none,spanning,US,none,none,none,en,academic,none,none,HIGH,NEEDED,,https://annas-archive.org/search?q=BLS+Handbook+of+Methods%3A+Chapter+17+%E2%80%94+CPI,https://archive.org/search?query=BLS+Handbook+of+Methods%3A+Chapter+17+%E2%80%94+CPI,https://www.bls.gov/opub/hom/cpi/,BLS Handbook of Methods: Chapter 17 — CPI,False,v2
357,Data Source Methodology,cpi_ppi_methods,Reed,Stephen B.,One Hundred Years of Price Change: The Consumer Price Index and the American Inflation Experience,2014,Monthly Labor Review,ARTICLE,none,spanning,US,none,none,none,en,academic,none,none,HIGH,NEEDED,,https://annas-archive.org/search?q=Reed+One+Hundred+Years+of+Price+Change%3A+The+Consumer+Price+Index+and+the+American+Inflation+Experience,https://archive.org/search?query=Reed+One+Hundred+Years+of+Price+Change%3A+The+Consumer+Price+Index+and+the+American+Inflation+Experience,https://www.bls.gov/opub/mlr/2014/article/one-hundred-years-of-price-change.htm,Reed One Hundred Years of Price Change: The Consumer Price Index and the American Inflation Experience,False,v2
358,Data Source Methodology,cpi_ppi_methods,Boskin,Michael J.,Toward a More Accurate Measure of the Cost of Living,1996,Boskin Commission Report,REPORT,none,1980_2010,US,none,none,none,en,academic,none,none,MEDIUM,NEEDED,,https://annas-archive.org/search?q=Boskin+Toward+a+More+Accurate+Measure+of+the+Cost+of+Living,https://archive.org/search?query=Boskin+Toward+a+More+Accurate+Measure+of+the+Cost+of+Living,,Boskin Toward a More Accurate Measure of the Cost of Living,False,v2
359,Data Source Methodology,fao_methods,FAO,,FAOSTAT Methodology,2024,FAO,DATASET_DOC,multi,spanning,Global,none,none,none,en,academic,none,none,HIGH,NEEDED,,https://annas-archive.org/search?q=FAO+FAOSTAT+Methodology,https://archive.org/search?query=FAO+FAOSTAT+Methodology,https://www.fao.org/faostat/,FAO FAOSTAT Methodology,False,v2
360,Data Source Methodology,fao_methods,FAO,,FAO Food Price Index Technical Note,2020,FAO,DATASET_DOC,multi,spanning,Global,none,none,none,en,academic,none,none,CRITICAL,NEEDED,,https://annas-archive.org/search?q=FAO+FAO+Food+Price+Index+Technical+Note,https://archive.org/search?query=FAO+FAO+Food+Price+Index+Technical+Note,https://www.fao.org/worldfoodsituation/foodpricesindex/en/,FAO FAO Food Price Index Technical Note,False,v2
361,Data Source Methodology,wb_methods,World Bank,,Commodity Markets Outlook Methodology,2024,World Bank,DATASET_DOC,multi,spanning,Global,none,none,none,en,academic,none,none,HIGH,NEEDED,,https://annas-archive.org/search?q=World+Bank+Commodity+Markets+Outlook+Methodology,https://archive.org/search?query=World+Bank+Commodity+Markets+Outlook+Methodology,https://www.worldbank.org/en/research/commodity-markets,World Bank Commodity Markets Outlook Methodology,False,v2
362,Data Source Methodology,wb_methods,Baffes,John,"The Great Plunge in Oil Prices: Causes, Consequences, and Policy Responses",2015,World Bank PRN,REPORT,multi,2010_2020,Global,none,none,none,en,academic,none,none,MEDIUM,NEEDED,,https://annas-archive.org/search?q=Baffes+The+Great+Plunge+in+Oil+Prices%3A+Causes%2C+Consequences%2C+and+Policy+Responses,https://archive.org/search?query=Baffes+The+Great+Plunge+in+Oil+Prices%3A+Causes%2C+Consequences%2C+and+Policy+Responses,,"Baffes The Great Plunge in Oil Prices: Causes, Consequences, and Policy Responses",False,v2
363,Data Source Methodology,series_construction,St. Louis Fed,,FRED Data: Agricultural Prices Receipts Indexes,2024,FRED,DATASET_DOC,multi,spanning,US,none,none,none,en,academic,none,none,HIGH,NEEDED,,https://annas-archive.org/search?q=St.+Louis+Fed+FRED+Data%3A+Agricultural+Prices+Receipts+Indexes,https://archive.org/search?query=St.+Louis+Fed+FRED+Data%3A+Agricultural+Prices+Receipts+Indexes,https://fred.stlouisfed.org/categories/32305,St. Louis Fed FRED Data: Agricultural Prices Receipts Indexes,False,v2
364,Data Source Methodology,series_construction,Federal Reserve,,FRED API Documentation,2024,St. Louis Fed,DATASET_DOC,none,spanning,US,none,none,none,en,academic,none,none,HIGH,NEEDED,,https://annas-archive.org/search?q=Federal+Reserve+FRED+API+Documentation,https://archive.org/search?query=Federal+Reserve+FRED+API+Documentation,https://fred.stlouisfed.org/docs/api/fred/,Federal Reserve FRED API Documentation,False,v2
365,Data Source Methodology,series_construction,Jacks,David S.,From Boom to Bust: A Typology of Real Commodity Prices in the Long Run,2019,Cliometrica,ARTICLE,multi,spanning,Global,none,none,none,en,academic,none,none,MEDIUM,NEEDED,Data series construction,https://annas-archive.org/search?q=Jacks+From+Boom+to+Bust%3A+A+Typology+of+Real+Commodity+Prices+in+the+Long+Run,https://archive.org/search?query=Jacks+From+Boom+to+Bust%3A+A+Typology+of+Real+Commodity+Prices+in+the+Long+Run,,Jacks From Boom to Bust: A Typology of Real Commodity Prices in the Long Run,False,v2
366,Data Source Methodology,wasde_methods,Hoffman,Linwood A.,Forecasting the Commodity Storage and Marketing Margins,2015,USDA ERS,REPORT,cereals,2010_2020,US,none,none,none,en,academic,none,none,MEDIUM,NEEDED,,https://annas-archive.org/search?q=Hoffman+Forecasting+the+Commodity+Storage+and+Marketing+Margins,https://archive.org/search?query=Hoffman+Forecasting+the+Commodity+Storage+and+Marketing+Margins,,Hoffman Forecasting the Commodity Storage and Marketing Margins,False,v2
367,Data Source Methodology,cpi_ppi_methods,Hamilton,Bruce W.,Using Engel's Law to Estimate CPI Bias,2001,AER,ARTICLE,none,1980_2010,US,none,none,none,en,academic,none,none,LOW,NEEDED,,https://annas-archive.org/search?q=Hamilton+Using+Engel%27s+Law+to+Estimate+CPI+Bias,https://archive.org/search?query=Hamilton+Using+Engel%27s+Law+to+Estimate+CPI+Bias,,Hamilton Using Engel's Law to Estimate CPI Bias,False,v2
368,Data Source Methodology,fao_methods,FAO,,Global Information and Early Warning System (GIEWS) Methodology,2024,FAO,DATASET_DOC,multi,spanning,Global,none,none,none,en,academic,none,none,MEDIUM,NEEDED,,https://annas-archive.org/search?q=FAO+Global+Information+and+Early+Warning+System+%28GIEWS%29+Methodology,https://archive.org/search?query=FAO+Global+Information+and+Early+Warning+System+%28GIEWS%29+Methodology,https://www.fao.org/giews/,FAO Global Information and Early Warning System (GIEWS) Methodology,False,v2
369,Data Source Methodology,wb_methods,World Bank,,Food Security Update (quarterly),2024,World Bank,REPORT,multi,spanning,Global,none,none,none,en,academic,none,none,MEDIUM,NEEDED,,https://annas-archive.org/search?q=World+Bank+Food+Security+Update+%28quarterly%29,https://archive.org/search?query=World+Bank+Food+Security+Update+%28quarterly%29,https://www.worldbank.org/en/topic/agriculture/brief/food-security-update,World Bank Food Security Update (quarterly),False,v2
370,Data Source Methodology,series_construction,Officer,Lawrence H.,Two Centuries of Compensation for U.S. Production Workers in Manufacturing,2009,MeasuringWorth,DATASET_DOC,none,spanning,US,none,none,none,en,academic,none,none,LOW,NEEDED,Deflation context,https://annas-archive.org/search?q=Officer+Two+Centuries+of+Compensation+for+U.S.+Production+Workers+in+Manufacturing,https://archive.org/search?query=Officer+Two+Centuries+of+Compensation+for+U.S.+Production+Workers+in+Manufacturing,https://www.measuringworth.com/,Officer Two Centuries of Compensation for U.S. Production Workers in Manufacturing,False,v2
371,Ag Econ Foundations,price_theory,Lusk,Jayson L.,Unnaturally Delicious: How Science and Technology Are Serving Up Super Foods,2016,St Martin's,BOOK,none,2010_2020,US,none,none,none,en,academic,none,none,HIGH,NEEDED,,https://annas-archive.org/search?q=Lusk+Unnaturally+Delicious%3A+How+Science+and+Technology+Are+Serving+Up+Super+Foods,https://archive.org/search?query=Lusk+Unnaturally+Delicious%3A+How+Science+and+Technology+Are+Serving+Up+Super+Foods,,Lusk Unnaturally Delicious: How Science and Technology Are Serving Up Super Foods,False,v2
372,Ag Econ Foundations,market_structure,Sexton,Richard J.,Handbook of the Economics of Food and Agricultural Markets,2022,Elsevier,BOOK,multi,2020_present,US_Global,none,none,none,en,academic,none,none,HIGH,NEEDED,Vol.6,https://annas-archive.org/search?q=Sexton+Handbook+of+the+Economics+of+Food+and+Agricultural+Markets,https://archive.org/search?query=Sexton+Handbook+of+the+Economics+of+Food+and+Agricultural+Markets,,Sexton Handbook of the Economics of Food and Agricultural Markets,False,v2
373,Ag Econ Foundations,price_theory,Bellemare,Marc F.,Doing Economics: What You Should Have Learned in Grad School,2022,MIT Press,BOOK,none,2020_present,US,none,none,none,en,academic,none,none,MEDIUM,NEEDED,,https://annas-archive.org/search?q=Bellemare+Doing+Economics%3A+What+You+Should+Have+Learned+in+Grad+School,https://archive.org/search?query=Bellemare+Doing+Economics%3A+What+You+Should+Have+Learned+in+Grad+School,,Bellemare Doing Economics: What You Should Have Learned in Grad School,False,v2
374,Ag Econ Foundations,price_theory,Just,David R.,Introduction to Behavioral Economics,2013,Wiley,BOOK,none,2010_2020,US,none,none,none,en,academic,none,none,MEDIUM,NEEDED,,https://annas-archive.org/search?q=Just+Introduction+to+Behavioral+Economics,https://archive.org/search?query=Just+Introduction+to+Behavioral+Economics,,Just Introduction to Behavioral Economics,False,v2
375,Ag Econ Foundations,supply_response,Roberts,Michael J.,Global Agricultural Supply and Demand,2015,NBER WP,WORKING_PAPER,multi,2010_2020,Global,none,none,none,en,academic,none,none,MEDIUM,NEEDED,With Schlenker,https://annas-archive.org/search?q=Roberts+Global+Agricultural+Supply+and+Demand,https://archive.org/search?query=Roberts+Global+Agricultural+Supply+and+Demand,,Roberts Global Agricultural Supply and Demand,False,v2
376,Ag Econ Foundations,futures_markets,Irwin,Scott H.,The Financialization of Food? A Critical Appraisal,2022,Annual Review of Resource Economics,ARTICLE,multi,2020_present,US_Global,none,none,none,en,academic,none,none,HIGH,NEEDED,With Sanders,https://annas-archive.org/search?q=Irwin+The+Financialization+of+Food%3F+A+Critical+Appraisal,https://archive.org/search?query=Irwin+The+Financialization+of+Food%3F+A+Critical+Appraisal,,Irwin The Financialization of Food? A Critical Appraisal,False,v2
377,Ag Econ Foundations,market_structure,Saitone,Tina L.,Analyzing the Impact of Multiple Captive Supply Vehicles on Imperfect Competition,2018,AJAE,ARTICLE,meat,2010_2020,US,none,none,none,en,academic,none,none,MEDIUM,NEEDED,,https://annas-archive.org/search?q=Saitone+Analyzing+the+Impact+of+Multiple+Captive+Supply+Vehicles+on+Imperfect+Competition,https://archive.org/search?query=Saitone+Analyzing+the+Impact+of+Multiple+Captive+Supply+Vehicles+on+Imperfect+Competition,,Saitone Analyzing the Impact of Multiple Captive Supply Vehicles on Imperfect Competition,False,v2
378,Ag Econ Foundations,price_theory,Moschini,GianCarlo,Agricultural Policy and the Environment: An Evaluation of Recent Papers,2017,Annual Review of Resource Economics,ARTICLE,multi,2010_2020,US,none,none,none,en,academic,none,none,LOW,NEEDED,,https://annas-archive.org/search?q=Moschini+Agricultural+Policy+and+the+Environment%3A+An+Evaluation+of+Recent+Papers,https://archive.org/search?query=Moschini+Agricultural+Policy+and+the+Environment%3A+An+Evaluation+of+Recent+Papers,,Moschini Agricultural Policy and the Environment: An Evaluation of Recent Papers,False,v2
379,Ag Econ Foundations,supply_response,Hendricks,Nathan P.,Acreage Response Under Changing Crop Insurance,2014,AJAE,ARTICLE,cereals,2010_2020,US,none,none,none,en,academic,none,none,MEDIUM,NEEDED,,https://annas-archive.org/search?q=Hendricks+Acreage+Response+Under+Changing+Crop+Insurance,https://archive.org/search?query=Hendricks+Acreage+Response+Under+Changing+Crop+Insurance,,Hendricks Acreage Response Under Changing Crop Insurance,False,v2
380,Ag Econ Foundations,hedging_storage,Smith,Aaron,Speculation and Agricultural Commodity Markets,2017,NBER,WORKING_PAPER,multi,2010_2020,US_Global,none,none,none,en,academic,none,none,MEDIUM,NEEDED,,https://annas-archive.org/search?q=Smith+Speculation+and+Agricultural+Commodity+Markets,https://archive.org/search?query=Smith+Speculation+and+Agricultural+Commodity+Markets,,Smith Speculation and Agricultural Commodity Markets,False,v2
381,US Commodity Policy,farm_bills,Monke,Jim,Agriculture and the 2023-2024 Farm Bill,2024,CRS Report R47745,REPORT,multi,2020_present,US,none,none,none,en,academic,none,none,HIGH,NEEDED,,https://annas-archive.org/search?q=Monke+Agriculture+and+the+2023-2024+Farm+Bill,https://archive.org/search?query=Monke+Agriculture+and+the+2023-2024+Farm+Bill,https://crsreports.congress.gov/product/pdf/R/R47745,Monke Agriculture and the 2023-2024 Farm Bill,False,v2
382,US Commodity Policy,farm_bills,CBO,,CBO Baseline for Farm Programs,2024,Congressional Budget Office,REPORT,multi,2020_present,US,none,none,none,en,academic,none,none,HIGH,NEEDED,,https://annas-archive.org/search?q=CBO+CBO+Baseline+for+Farm+Programs,https://archive.org/search?query=CBO+CBO+Baseline+for+Farm+Programs,https://www.cbo.gov/topics/agriculture,CBO CBO Baseline for Farm Programs,False,v2
383,US Commodity Policy,biofuels_policy,Schnepf,Randy,Renewable Fuel Standard: Recent Developments,2023,CRS,REPORT,cereals,2020_present,US,none,none,none,en,academic,none,none,HIGH,NEEDED,,https://annas-archive.org/search?q=Schnepf+Renewable+Fuel+Standard%3A+Recent+Developments,https://archive.org/search?query=Schnepf+Renewable+Fuel+Standard%3A+Recent+Developments,,Schnepf Renewable Fuel Standard: Recent Developments,False,v2
384,US Commodity Policy,subsidies_supports,USDA,,Inflation Reduction Act (IRA) Climate-Smart Ag Provisions,2023,USDA,REPORT,multi,2020_present,US,none,none,none,en,academic,none,none,HIGH,NEEDED,,https://annas-archive.org/search?q=USDA+Inflation+Reduction+Act+%28IRA%29+Climate-Smart+Ag+Provisions,https://archive.org/search?query=USDA+Inflation+Reduction+Act+%28IRA%29+Climate-Smart+Ag+Provisions,https://www.usda.gov/inflation-reduction-act,USDA Inflation Reduction Act (IRA) Climate-Smart Ag Provisions,False,v2
385,US Commodity Policy,subsidies_supports,Zulauf,Carl,"The ARC/PLC Programs: Design, Operation, and Outcomes",2019,farmdoc daily,ARTICLE,cereals,2010_2020,US,none,none,none,en,academic,none,none,MEDIUM,NEEDED,,https://annas-archive.org/search?q=Zulauf+The+ARC%2FPLC+Programs%3A+Design%2C+Operation%2C+and+Outcomes,https://archive.org/search?query=Zulauf+The+ARC%2FPLC+Programs%3A+Design%2C+Operation%2C+and+Outcomes,https://farmdocdaily.illinois.edu/,"Zulauf The ARC/PLC Programs: Design, Operation, and Outcomes",False,v2
386,US Commodity Policy,subsidies_supports,Smith,Vincent H.,Agricultural Policy in Disarray,2018,AEI,BOOK,multi,2010_2020,US,none,none,none,en,academic,none,none,HIGH,NEEDED,"With Glauber, Goodwin",https://annas-archive.org/search?q=Smith+Agricultural+Policy+in+Disarray,https://archive.org/search?query=Smith+Agricultural+Policy+in+Disarray,,Smith Agricultural Policy in Disarray,False,v2
387,US Commodity Policy,biofuels_policy,Ziolkowska,Jadwiga R.,Biofuels and Their By-Products: Economic and Trade Implications,2022,Biomass,ARTICLE,cereals,2020_present,US_Global,none,none,none,en,academic,none,none,MEDIUM,NEEDED,,https://annas-archive.org/search?q=Ziolkowska+Biofuels+and+Their+By-Products%3A+Economic+and+Trade+Implications,https://archive.org/search?query=Ziolkowska+Biofuels+and+Their+By-Products%3A+Economic+and+Trade+Implications,,Ziolkowska Biofuels and Their By-Products: Economic and Trade Implications,False,v2
388,US Commodity Policy,farm_bills,Coppess,Jonathan,Historical Background on the Farm Safety Net,2018,farmdoc daily,ARTICLE,multi,2010_2020,US,none,none,none,en,academic,none,none,MEDIUM,NEEDED,,https://annas-archive.org/search?q=Coppess+Historical+Background+on+the+Farm+Safety+Net,https://archive.org/search?query=Coppess+Historical+Background+on+the+Farm+Safety+Net,,Coppess Historical Background on the Farm Safety Net,False,v2
389,US Commodity Policy,conservation_policy,Wallander,Steven,The Evolution of USDA Conservation Programs,2021,USDA ERS,REPORT,multi,2020_present,US,none,none,none,en,academic,none,none,MEDIUM,NEEDED,,https://annas-archive.org/search?q=Wallander+The+Evolution+of+USDA+Conservation+Programs,https://archive.org/search?query=Wallander+The+Evolution+of+USDA+Conservation+Programs,https://www.ers.usda.gov/publications,Wallander The Evolution of USDA Conservation Programs,False,v2
390,US Commodity Policy,conservation_policy,USDA,,Climate-Smart Commodities Program Overview,2023,USDA,REPORT,multi,2020_present,US,none,none,none,en,academic,none,none,HIGH,NEEDED,,https://annas-archive.org/search?q=USDA+Climate-Smart+Commodities+Program+Overview,https://archive.org/search?query=USDA+Climate-Smart+Commodities+Program+Overview,https://www.usda.gov/climate-solutions/climate-smart-commodities,USDA Climate-Smart Commodities Program Overview,False,v2
391,US Commodity Policy,subsidies_supports,USDA,,Market Facilitation Program: Payments 2018-2020,2020,USDA,REPORT,multi,2010_2020,US,none,none,none,en,academic,none,none,MEDIUM,NEEDED,MFP to offset tariffs,https://annas-archive.org/search?q=USDA+Market+Facilitation+Program%3A+Payments+2018-2020,https://archive.org/search?query=USDA+Market+Facilitation+Program%3A+Payments+2018-2020,,USDA Market Facilitation Program: Payments 2018-2020,False,v2
392,US Commodity Policy,farm_bills,Coppess,Jonathan,The 2018 Farm Bill: Outlook on ARC/PLC,2019,farmdoc daily,ARTICLE,cereals,2010_2020,US,none,none,none,en,academic,none,none,LOW,NEEDED,,https://annas-archive.org/search?q=Coppess+The+2018+Farm+Bill%3A+Outlook+on+ARC%2FPLC,https://archive.org/search?query=Coppess+The+2018+Farm+Bill%3A+Outlook+on+ARC%2FPLC,,Coppess The 2018 Farm Bill: Outlook on ARC/PLC,False,v2
393,US Commodity Policy,sugar_dairy_policy,Schnepf,Randy,Farm Safety Net Payments Under the 2018 Farm Bill,2023,CRS,REPORT,multi,2020_present,US,none,none,none,en,academic,none,none,MEDIUM,NEEDED,,https://annas-archive.org/search?q=Schnepf+Farm+Safety+Net+Payments+Under+the+2018+Farm+Bill,https://archive.org/search?query=Schnepf+Farm+Safety+Net+Payments+Under+the+2018+Farm+Bill,,Schnepf Farm Safety Net Payments Under the 2018 Farm Bill,False,v2
394,US Commodity Policy,biofuels_policy,USDA,,Sustainable Aviation Fuel (SAF) Grand Challenge: Ag Implications,2023,USDA/DOE,REPORT,cereals,2020_present,US,none,none,none,en,academic,none,none,MEDIUM,NEEDED,,https://annas-archive.org/search?q=USDA+Sustainable+Aviation+Fuel+%28SAF%29+Grand+Challenge%3A+Ag+Implications,https://archive.org/search?query=USDA+Sustainable+Aviation+Fuel+%28SAF%29+Grand+Challenge%3A+Ag+Implications,https://www.energy.gov/eere/bioenergy/sustainable-aviation-fuel-grand-challenge,USDA Sustainable Aviation Fuel (SAF) Grand Challenge: Ag Implications,False,v2
395,US Commodity Policy,farm_bills,Schnepf,Randy,Budget Issues Shaping a 2023 Farm Bill,2022,CRS,REPORT,multi,2020_present,US,none,none,none,en,academic,none,none,MEDIUM,NEEDED,,https://annas-archive.org/search?q=Schnepf+Budget+Issues+Shaping+a+2023+Farm+Bill,https://archive.org/search?query=Schnepf+Budget+Issues+Shaping+a+2023+Farm+Bill,,Schnepf Budget Issues Shaping a 2023 Farm Bill,False,v2
396,Food Price History,pre_1900,Rothenberg,Winifred B.,"The Emergence of a Capital Market in Rural Massachusetts, 1730-1838",1985,Journal of Economic History,ARTICLE,none,pre1900,US,none,none,none,en,academic,none,none,MEDIUM,NEEDED,,https://annas-archive.org/search?q=Rothenberg+The+Emergence+of+a+Capital+Market+in+Rural+Massachusetts%2C+1730-1838,https://archive.org/search?query=Rothenberg+The+Emergence+of+a+Capital+Market+in+Rural+Massachusetts%2C+1730-1838,,"Rothenberg The Emergence of a Capital Market in Rural Massachusetts, 1730-1838",False,v2
397,Food Price History,pre_1900,Perkins,Edwin J.,The Economy of Colonial America,1988,Columbia UP,BOOK,multi,pre1900,Colonial,none,none,none,en,academic,none,none,MEDIUM,NEEDED,,https://annas-archive.org/search?q=Perkins+The+Economy+of+Colonial+America,https://archive.org/search?query=Perkins+The+Economy+of+Colonial+America,,Perkins The Economy of Colonial America,False,v2
398,Food Price History,pre_1900,Perren,Richard,"Taste, Trade and Technology: The Development of the International Meat Industry",2006,Ashgate,BOOK,meat,pre1900,Global,none,none,none,en,academic,none,none,HIGH,NEEDED,,https://annas-archive.org/search?q=Perren+Taste%2C+Trade+and+Technology%3A+The+Development+of+the+International+Meat+Industry,https://archive.org/search?query=Perren+Taste%2C+Trade+and+Technology%3A+The+Development+of+the+International+Meat+Industry,,"Perren Taste, Trade and Technology: The Development of the International Meat Industry",False,v2
399,Food Price History,20c_inflation,Shover,John L.,"First Majority, Last Minority: The Transforming of Rural Life in America",1976,Northern Illinois UP,BOOK,multi,1945_1980,US,none,none,none,en,academic,none,none,MEDIUM,NEEDED,,https://annas-archive.org/search?q=Shover+First+Majority%2C+Last+Minority%3A+The+Transforming+of+Rural+Life+in+America,https://archive.org/search?query=Shover+First+Majority%2C+Last+Minority%3A+The+Transforming+of+Rural+Life+in+America,,"Shover First Majority, Last Minority: The Transforming of Rural Life in America",False,v2
400,Food Price History,20c_inflation,Dudley,Kathryn Marie,Debt and Dispossession: Farm Loss in America's Heartland,2000,U Chicago Press,BOOK,multi,1980_2010,US,none,none,none,en,academic,none,none,HIGH,NEEDED,1980s farm crisis,https://annas-archive.org/search?q=Dudley+Debt+and+Dispossession%3A+Farm+Loss+in+America%27s+Heartland,https://archive.org/search?query=Dudley+Debt+and+Dispossession%3A+Farm+Loss+in+America%27s+Heartland,,Dudley Debt and Dispossession: Farm Loss in America's Heartland,False,v2
401,Food Price History,20c_inflation,Gilbert,Jess,Planning Democracy: Agrarian Intellectuals and the Intended New Deal,2015,Yale UP,BOOK,multi,1900_1945,US,none,none,none,en,academic,none,none,MEDIUM,NEEDED,,https://annas-archive.org/search?q=Gilbert+Planning+Democracy%3A+Agrarian+Intellectuals+and+the+Intended+New+Deal,https://archive.org/search?query=Gilbert+Planning+Democracy%3A+Agrarian+Intellectuals+and+the+Intended+New+Deal,,Gilbert Planning Democracy: Agrarian Intellectuals and the Intended New Deal,False,v2
402,Food Price History,20c_inflation,Saloutos,Theodore,The American Farmer and the New Deal,1982,Iowa State UP,BOOK,multi,1900_1945,US,none,none,none,en,academic,none,none,MEDIUM,NEEDED,,https://annas-archive.org/search?q=Saloutos+The+American+Farmer+and+the+New+Deal,https://archive.org/search?query=Saloutos+The+American+Farmer+and+the+New+Deal,,Saloutos The American Farmer and the New Deal,False,v2
403,Food Price History,1970s_shock,Butz,Earl,Crisis or Challenge?,1974,Purdue,WORKING_PAPER,multi,1945_1980,US,none,none,none,en,academic,none,none,LOW,NEEDED,,https://annas-archive.org/search?q=Butz+Crisis+or+Challenge%3F,https://archive.org/search?query=Butz+Crisis+or+Challenge%3F,,Butz Crisis or Challenge?,False,v2
404,Food Price History,2008_crisis,Clapp,Jennifer,Food Price Volatility and Vulnerability in the Global South,2014,Third World Quarterly,ARTICLE,multi,2010_2020,Global,none,none,none,en,academic,none,none,MEDIUM,NEEDED,,https://annas-archive.org/search?q=Clapp+Food+Price+Volatility+and+Vulnerability+in+the+Global+South,https://archive.org/search?query=Clapp+Food+Price+Volatility+and+Vulnerability+in+the+Global+South,,Clapp Food Price Volatility and Vulnerability in the Global South,False,v2
405,Food Price History,2022_spike,Arndt,Channing,Covid-19 Food Security Impacts: A Review,2023,Global Food Security,ARTICLE,multi,2020_present,Global,none,none,none,en,academic,none,none,HIGH,NEEDED,,https://annas-archive.org/search?q=Arndt+Covid-19+Food+Security+Impacts%3A+A+Review,https://archive.org/search?query=Arndt+Covid-19+Food+Security+Impacts%3A+A+Review,,Arndt Covid-19 Food Security Impacts: A Review,False,v2
406,Food Price History,2022_spike,Reardon,Thomas,COVID-19's Disruption of India's Transformed Food Supply Chains,2020,Economic and Political Weekly,ARTICLE,multi,2020_present,Asia,none,none,none,en,academic,none,none,MEDIUM,NEEDED,,https://annas-archive.org/search?q=Reardon+COVID-19%27s+Disruption+of+India%27s+Transformed+Food+Supply+Chains,https://archive.org/search?query=Reardon+COVID-19%27s+Disruption+of+India%27s+Transformed+Food+Supply+Chains,,Reardon COVID-19's Disruption of India's Transformed Food Supply Chains,False,v2
407,Food Price History,2022_spike,Barrett,Christopher B.,Actions Now Can Curb Food Systems Fallout From COVID-19,2020,Nature Food,ARTICLE,multi,2020_present,Global,none,none,none,en,academic,none,none,HIGH,NEEDED,,https://annas-archive.org/search?q=Barrett+Actions+Now+Can+Curb+Food+Systems+Fallout+From+COVID-19,https://archive.org/search?query=Barrett+Actions+Now+Can+Curb+Food+Systems+Fallout+From+COVID-19,https://doi.org/10.1038/s43016-020-0085-y,Barrett Actions Now Can Curb Food Systems Fallout From COVID-19,False,v2
408,Food Price History,2022_spike,Laborde,David,COVID-19 Risks to Global Food Security,2020,Science,ARTICLE,multi,2020_present,Global,none,none,none,en,academic,none,none,CRITICAL,NEEDED,,https://annas-archive.org/search?q=Laborde+COVID-19+Risks+to+Global+Food+Security,https://archive.org/search?query=Laborde+COVID-19+Risks+to+Global+Food+Security,https://doi.org/10.1126/science.abc4765,Laborde COVID-19 Risks to Global Food Security,False,v2
409,Food Price History,2022_spike,USDA,,Food Price Outlook 2022-2024,2024,USDA ERS,REPORT,multi,2020_present,US,none,none,none,en,academic,none,none,CRITICAL,NEEDED,Monthly,https://annas-archive.org/search?q=USDA+Food+Price+Outlook+2022-2024,https://archive.org/search?query=USDA+Food+Price+Outlook+2022-2024,https://www.ers.usda.gov/data-products/food-price-outlook/,USDA Food Price Outlook 2022-2024,False,v2
410,Food Price History,2022_spike,BLS,,Food Prices: Analysis 2022-2024,2024,BLS,REPORT,multi,2020_present,US,none,none,none,en,academic,none,none,HIGH,NEEDED,,https://annas-archive.org/search?q=BLS+Food+Prices%3A+Analysis+2022-2024,https://archive.org/search?query=BLS+Food+Prices%3A+Analysis+2022-2024,https://www.bls.gov/opub/mlr/,BLS Food Prices: Analysis 2022-2024,False,v2
411,Food Price History,secular_trends,Jacks,David S.,Real GDP Per Capita in the More Rapidly Developing Countries,2021,NBER WP,WORKING_PAPER,none,spanning,Global,none,none,none,en,academic,none,none,LOW,NEEDED,,https://annas-archive.org/search?q=Jacks+Real+GDP+Per+Capita+in+the+More+Rapidly+Developing+Countries,https://archive.org/search?query=Jacks+Real+GDP+Per+Capita+in+the+More+Rapidly+Developing+Countries,,Jacks Real GDP Per Capita in the More Rapidly Developing Countries,False,v2
412,Food Price History,2011_spike,Bellemare,Marc F.,"Rising Food Prices, Food Price Volatility, and Social Unrest",2015,AJAE,ARTICLE,multi,2010_2020,Global,none,none,none,en,academic,none,none,HIGH,NEEDED,,https://annas-archive.org/search?q=Bellemare+Rising+Food+Prices%2C+Food+Price+Volatility%2C+and+Social+Unrest,https://archive.org/search?query=Bellemare+Rising+Food+Prices%2C+Food+Price+Volatility%2C+and+Social+Unrest,https://doi.org/10.1093/ajae/aau038,"Bellemare Rising Food Prices, Food Price Volatility, and Social Unrest",False,v2
413,Food Price History,2008_crisis,Chavas,Jean-Paul,Commodity Price Volatility: An Analysis of the 2007-08 Spike,2014,Applied Econ Perspectives & Policy,ARTICLE,multi,2010_2020,Global,none,none,none,en,academic,none,none,MEDIUM,NEEDED,,https://annas-archive.org/search?q=Chavas+Commodity+Price+Volatility%3A+An+Analysis+of+the+2007-08+Spike,https://archive.org/search?query=Chavas+Commodity+Price+Volatility%3A+An+Analysis+of+the+2007-08+Spike,,Chavas Commodity Price Volatility: An Analysis of the 2007-08 Spike,False,v2
414,Food Price History,20c_inflation,Hurt,R. Douglas,American Agriculture: A Brief History,2002,Purdue UP,BOOK,multi,spanning,US,none,none,none,en,academic,none,none,HIGH,NEEDED,,https://annas-archive.org/search?q=Hurt+American+Agriculture%3A+A+Brief+History,https://archive.org/search?query=Hurt+American+Agriculture%3A+A+Brief+History,,Hurt American Agriculture: A Brief History,False,v2
415,Food Price History,pre_1900,McMath,Robert C.,American Populism: A Social History 1877-1898,1993,Hill & Wang,BOOK,multi,pre1900,US,none,none,none,en,academic,none,none,MEDIUM,NEEDED,,https://annas-archive.org/search?q=McMath+American+Populism%3A+A+Social+History+1877-1898,https://archive.org/search?query=McMath+American+Populism%3A+A+Social+History+1877-1898,,McMath American Populism: A Social History 1877-1898,False,v2
416,Cereals Grains,wheat,Schnitkey,Gary,Wheat Prices and Profitability 2023-2024,2024,farmdoc daily,ARTICLE,cereals,2020_present,US,none,none,none,en,academic,none,none,MEDIUM,NEEDED,,https://annas-archive.org/search?q=Schnitkey+Wheat+Prices+and+Profitability+2023-2024,https://archive.org/search?query=Schnitkey+Wheat+Prices+and+Profitability+2023-2024,https://farmdocdaily.illinois.edu/,Schnitkey Wheat Prices and Profitability 2023-2024,False,v2
417,Cereals Grains,corn,USDA,,Corn and Other Feedgrains Outlook 2024,2024,USDA ERS,REPORT,cereals,2020_present,US,none,none,none,en,academic,none,none,HIGH,NEEDED,,https://annas-archive.org/search?q=USDA+Corn+and+Other+Feedgrains+Outlook+2024,https://archive.org/search?query=USDA+Corn+and+Other+Feedgrains+Outlook+2024,https://www.ers.usda.gov/topics/crops/corn-and-other-feedgrains/,USDA Corn and Other Feedgrains Outlook 2024,False,v2
418,Cereals Grains,soybeans,Carter,Colin A.,The Economics of Chinese Food Security,2022,Annual Review of Resource Economics,ARTICLE,cereals,2020_present,Asia,none,none,none,en,academic,none,none,HIGH,NEEDED,,https://annas-archive.org/search?q=Carter+The+Economics+of+Chinese+Food+Security,https://archive.org/search?query=Carter+The+Economics+of+Chinese+Food+Security,,Carter The Economics of Chinese Food Security,False,v2
419,Cereals Grains,cbot_futures,Janzen,Joseph P.,The Effect of Commodity Index Trading on Agricultural Futures Prices,2018,Applied Econ Perspectives & Policy,ARTICLE,cereals,2010_2020,US,none,none,none,en,academic,none,none,MEDIUM,NEEDED,,https://annas-archive.org/search?q=Janzen+The+Effect+of+Commodity+Index+Trading+on+Agricultural+Futures+Prices,https://archive.org/search?query=Janzen+The+Effect+of+Commodity+Index+Trading+on+Agricultural+Futures+Prices,,Janzen The Effect of Commodity Index Trading on Agricultural Futures Prices,False,v2
420,Cereals Grains,rice,FAO,,Rice Market Monitor (quarterly),2024,FAO,REPORT,cereals,2020_present,Global,none,none,none,en,academic,none,none,MEDIUM,NEEDED,,https://annas-archive.org/search?q=FAO+Rice+Market+Monitor+%28quarterly%29,https://archive.org/search?query=FAO+Rice+Market+Monitor+%28quarterly%29,https://www.fao.org/markets-and-trade/commodities/rice/rmm/,FAO Rice Market Monitor (quarterly),False,v2
421,Cereals Grains,rice,Minot,Nicholas,Rice Price Instability in Asia: Transmission to Domestic Markets,2020,Food Policy,ARTICLE,cereals,2020_present,Asia,none,none,none,en,academic,none,none,MEDIUM,NEEDED,,https://annas-archive.org/search?q=Minot+Rice+Price+Instability+in+Asia%3A+Transmission+to+Domestic+Markets,https://archive.org/search?query=Minot+Rice+Price+Instability+in+Asia%3A+Transmission+to+Domestic+Markets,,Minot Rice Price Instability in Asia: Transmission to Domestic Markets,False,v2
422,Cereals Grains,yield_weather,Ortiz-Bobea,Ariel,Unpacking the Climatic Drivers of US Agricultural Yields,2019,Environmental Research Letters,ARTICLE,cereals,2010_2020,US,none,none,none,en,academic,none,none,HIGH,NEEDED,,https://annas-archive.org/search?q=Ortiz-Bobea+Unpacking+the+Climatic+Drivers+of+US+Agricultural+Yields,https://archive.org/search?query=Ortiz-Bobea+Unpacking+the+Climatic+Drivers+of+US+Agricultural+Yields,,Ortiz-Bobea Unpacking the Climatic Drivers of US Agricultural Yields,False,v2
423,Cereals Grains,wheat,Liefert,William M.,Russian Wheat Markets,2021,USDA ERS,REPORT,cereals,2020_present,Europe,none,none,none,en,academic,none,none,MEDIUM,NEEDED,,https://annas-archive.org/search?q=Liefert+Russian+Wheat+Markets,https://archive.org/search?query=Liefert+Russian+Wheat+Markets,,Liefert Russian Wheat Markets,False,v2
424,Cereals Grains,corn,Hendricks,Nathan P.,The Environmental Effects of Crop Price Increases,2014,AJAE,ARTICLE,cereals,2010_2020,US,none,none,none,en,academic,none,none,MEDIUM,NEEDED,,https://annas-archive.org/search?q=Hendricks+The+Environmental+Effects+of+Crop+Price+Increases,https://archive.org/search?query=Hendricks+The+Environmental+Effects+of+Crop+Price+Increases,,Hendricks The Environmental Effects of Crop Price Increases,False,v2
425,Cereals Grains,soybeans,USDA,,China: USDA Agricultural Attaché Reports,2024,USDA FAS,REPORT,cereals,2020_present,Asia,none,none,none,en,academic,none,none,HIGH,NEEDED,,https://annas-archive.org/search?q=USDA+China%3A+USDA+Agricultural+Attach%C3%A9+Reports,https://archive.org/search?query=USDA+China%3A+USDA+Agricultural+Attach%C3%A9+Reports,https://www.fas.usda.gov/data,USDA China: USDA Agricultural Attaché Reports,False,v2
426,Cereals Grains,cbot_futures,CFTC,,Commitments of Traders Reports: Agricultural Commodities,2024,CFTC,DATASET_DOC,cereals,2020_present,US,none,none,none,en,academic,none,none,HIGH,NEEDED,,https://annas-archive.org/search?q=CFTC+Commitments+of+Traders+Reports%3A+Agricultural+Commodities,https://archive.org/search?query=CFTC+Commitments+of+Traders+Reports%3A+Agricultural+Commodities,https://www.cftc.gov/MarketReports/CommitmentsofTraders/,CFTC Commitments of Traders Reports: Agricultural Commodities,False,v2
427,Cereals Grains,yield_weather,Burke,Marshall,Satellite-Based Assessment of Yield Variation and Its Determinants in Smallholder African Systems,2017,PNAS,ARTICLE,cereals,2010_2020,Africa,none,none,none,en,academic,none,none,MEDIUM,NEEDED,,https://annas-archive.org/search?q=Burke+Satellite-Based+Assessment+of+Yield+Variation+and+Its+Determinants+in+Smallholder+African+Systems,https://archive.org/search?query=Burke+Satellite-Based+Assessment+of+Yield+Variation+and+Its+Determinants+in+Smallholder+African+Systems,,Burke Satellite-Based Assessment of Yield Variation and Its Determinants in Smallholder African Systems,False,v2
428,Cereals Grains,wheat,Haniotis,Tassos,Responding to Price Volatility: Building Resilient Agricultural Value Chains,2021,OECD,REPORT,cereals,2020_present,Global,none,none,none,en,academic,none,none,MEDIUM,NEEDED,,https://annas-archive.org/search?q=Haniotis+Responding+to+Price+Volatility%3A+Building+Resilient+Agricultural+Value+Chains,https://archive.org/search?query=Haniotis+Responding+to+Price+Volatility%3A+Building+Resilient+Agricultural+Value+Chains,,Haniotis Responding to Price Volatility: Building Resilient Agricultural Value Chains,False,v2
429,Cereals Grains,corn,Bowman,Maria S.,The Economics of Glyphosate Resistance,2014,USDA ERS,REPORT,cereals,2010_2020,US,none,none,none,en,academic,none,none,MEDIUM,NEEDED,,https://annas-archive.org/search?q=Bowman+The+Economics+of+Glyphosate+Resistance,https://archive.org/search?query=Bowman+The+Economics+of+Glyphosate+Resistance,,Bowman The Economics of Glyphosate Resistance,False,v2
430,Cereals Grains,soybeans,Ray,Deepak K.,Climate Change Has Likely Already Affected Global Food Production,2019,PLoS ONE,ARTICLE,multi,2010_2020,Global,none,none,none,en,academic,none,none,HIGH,NEEDED,,https://annas-archive.org/search?q=Ray+Climate+Change+Has+Likely+Already+Affected+Global+Food+Production,https://archive.org/search?query=Ray+Climate+Change+Has+Likely+Already+Affected+Global+Food+Production,https://doi.org/10.1371/journal.pone.0217148,Ray Climate Change Has Likely Already Affected Global Food Production,False,v2
431,Meat Livestock,packer_concentration,Taylor,Charles A.,Livestock Plants and COVID-19 Transmission,2022,PNAS,ARTICLE,meat,2020_present,US,none,none,none,en,academic,none,none,CRITICAL,NEEDED,"With Boulos, Almond",https://annas-archive.org/search?q=Taylor+Livestock+Plants+and+COVID-19+Transmission,https://archive.org/search?query=Taylor+Livestock+Plants+and+COVID-19+Transmission,https://doi.org/10.1073/pnas.2010115118,Taylor Livestock Plants and COVID-19 Transmission,False,v2
432,Meat Livestock,packer_concentration,Saitone,Tina L.,COVID-19 and the Agricultural Economy,2020,Applied Econ Perspectives & Policy,ARTICLE,meat,2020_present,US,none,none,none,en,academic,none,none,HIGH,NEEDED,"With Schaefer, Scheitrum",https://annas-archive.org/search?q=Saitone+COVID-19+and+the+Agricultural+Economy,https://archive.org/search?query=Saitone+COVID-19+and+the+Agricultural+Economy,,Saitone COVID-19 and the Agricultural Economy,False,v2
433,Meat Livestock,livestock_policy,USDA APHIS,,HPAI H5N1 Situation Reports 2022-2025,2025,USDA APHIS,REPORT,multi,2020_present,US,none,none,none,en,academic,none,none,CRITICAL,NEEDED,,https://annas-archive.org/search?q=USDA+APHIS+HPAI+H5N1+Situation+Reports+2022-2025,https://archive.org/search?query=USDA+APHIS+HPAI+H5N1+Situation+Reports+2022-2025,https://www.aphis.usda.gov/livestock-poultry-disease/avian/avian-influenza,USDA APHIS HPAI H5N1 Situation Reports 2022-2025,False,v2
434,Meat Livestock,poultry,USDA,,Egg Market Overview and Avian Influenza Impact,2024,USDA ERS,REPORT,meat,2020_present,US,none,none,none,en,academic,none,none,HIGH,NEEDED,,https://annas-archive.org/search?q=USDA+Egg+Market+Overview+and+Avian+Influenza+Impact,https://archive.org/search?query=USDA+Egg+Market+Overview+and+Avian+Influenza+Impact,https://www.ers.usda.gov/topics/animal-products/poultry-eggs/,USDA Egg Market Overview and Avian Influenza Impact,False,v2
435,Meat Livestock,livestock_policy,USDA APHIS,,H5N1 in Dairy Cattle: Outbreak Reports 2024,2024,USDA APHIS,REPORT,dairy,2020_present,US,none,none,none,en,academic,none,none,CRITICAL,NEEDED,,https://annas-archive.org/search?q=USDA+APHIS+H5N1+in+Dairy+Cattle%3A+Outbreak+Reports+2024,https://archive.org/search?query=USDA+APHIS+H5N1+in+Dairy+Cattle%3A+Outbreak+Reports+2024,https://www.aphis.usda.gov/livestock-poultry-disease/avian/avian-influenza/hpai-detections/livestock,USDA APHIS H5N1 in Dairy Cattle: Outbreak Reports 2024,False,v2
436,Meat Livestock,beef_cattle,Peel,Derrell S.,Beef Cattle Herd Rebuilding After Drought,2024,OSU Extension,REPORT,meat,2020_present,US,none,none,none,en,academic,none,none,HIGH,NEEDED,,https://annas-archive.org/search?q=Peel+Beef+Cattle+Herd+Rebuilding+After+Drought,https://archive.org/search?query=Peel+Beef+Cattle+Herd+Rebuilding+After+Drought,,Peel Beef Cattle Herd Rebuilding After Drought,False,v2
437,Meat Livestock,packer_concentration,USDA,,Cattle Contracts Library Pilot Program,2023,USDA AMS,DATASET_DOC,meat,2020_present,US,none,none,none,en,academic,none,none,MEDIUM,NEEDED,,https://annas-archive.org/search?q=USDA+Cattle+Contracts+Library+Pilot+Program,https://archive.org/search?query=USDA+Cattle+Contracts+Library+Pilot+Program,https://www.ams.usda.gov/services/government-programs,USDA Cattle Contracts Library Pilot Program,False,v2
438,Meat Livestock,pork,Carriquiry,Miguel,African Swine Fever and Implications for World Pork Markets,2020,Choices Magazine,ARTICLE,meat,2010_2020,Asia,none,none,none,en,academic,none,none,HIGH,NEEDED,,https://annas-archive.org/search?q=Carriquiry+African+Swine+Fever+and+Implications+for+World+Pork+Markets,https://archive.org/search?query=Carriquiry+African+Swine+Fever+and+Implications+for+World+Pork+Markets,,Carriquiry African Swine Fever and Implications for World Pork Markets,False,v2
439,Meat Livestock,feed_costs,Hayes,Dermot J.,Economic Impacts of African Swine Fever in China,2021,Applied Econ Perspectives & Policy,ARTICLE,meat,2020_present,Asia,none,none,none,en,academic,none,none,MEDIUM,NEEDED,,https://annas-archive.org/search?q=Hayes+Economic+Impacts+of+African+Swine+Fever+in+China,https://archive.org/search?query=Hayes+Economic+Impacts+of+African+Swine+Fever+in+China,,Hayes Economic Impacts of African Swine Fever in China,False,v2
440,Meat Livestock,poultry,Hayes,Dermot J.,2022 HPAI Outbreak: Economic Effects on Poultry,2023,Iowa State CARD,WORKING_PAPER,meat,2020_present,US,none,none,none,en,academic,none,none,HIGH,NEEDED,,https://annas-archive.org/search?q=Hayes+2022+HPAI+Outbreak%3A+Economic+Effects+on+Poultry,https://archive.org/search?query=Hayes+2022+HPAI+Outbreak%3A+Economic+Effects+on+Poultry,,Hayes 2022 HPAI Outbreak: Economic Effects on Poultry,False,v2
441,Meat Livestock,feed_costs,Irwin,Scott H.,The Cost of Producing Pork Has Changed,2023,farmdoc daily,ARTICLE,meat,2020_present,US,none,none,none,en,academic,none,none,MEDIUM,NEEDED,,https://annas-archive.org/search?q=Irwin+The+Cost+of+Producing+Pork+Has+Changed,https://archive.org/search?query=Irwin+The+Cost+of+Producing+Pork+Has+Changed,,Irwin The Cost of Producing Pork Has Changed,False,v2
442,Meat Livestock,livestock_policy,GAO,,USDA's Role in Preventing Meat Shortages,2021,GAO,REPORT,meat,2020_present,US,none,none,none,en,academic,none,none,MEDIUM,NEEDED,,https://annas-archive.org/search?q=GAO+USDA%27s+Role+in+Preventing+Meat+Shortages,https://archive.org/search?query=GAO+USDA%27s+Role+in+Preventing+Meat+Shortages,https://www.gao.gov/,GAO USDA's Role in Preventing Meat Shortages,False,v2
443,Meat Livestock,beef_cattle,USDA,,Livestock Slaughter (monthly),2024,USDA NASS,DATASET_DOC,meat,2020_present,US,none,none,none,en,academic,none,none,HIGH,NEEDED,,https://annas-archive.org/search?q=USDA+Livestock+Slaughter+%28monthly%29,https://archive.org/search?query=USDA+Livestock+Slaughter+%28monthly%29,https://www.nass.usda.gov/Publications/,USDA Livestock Slaughter (monthly),False,v2
444,Meat Livestock,packer_concentration,Wohlgenant,Michael K.,"Meat Price Spreads at the Farm, Wholesale, and Retail Levels",2013,USDA ERS,REPORT,meat,2010_2020,US,none,none,none,en,academic,none,none,MEDIUM,NEEDED,,https://annas-archive.org/search?q=Wohlgenant+Meat+Price+Spreads+at+the+Farm%2C+Wholesale%2C+and+Retail+Levels,https://archive.org/search?query=Wohlgenant+Meat+Price+Spreads+at+the+Farm%2C+Wholesale%2C+and+Retail+Levels,,"Wohlgenant Meat Price Spreads at the Farm, Wholesale, and Retail Levels",False,v2
445,Meat Livestock,pork,Shepherd,Andrew W.,The Future of the US Hog Industry,2022,Choices Magazine,ARTICLE,meat,2020_present,US,none,none,none,en,academic,none,none,MEDIUM,NEEDED,,https://annas-archive.org/search?q=Shepherd+The+Future+of+the+US+Hog+Industry,https://archive.org/search?query=Shepherd+The+Future+of+the+US+Hog+Industry,,Shepherd The Future of the US Hog Industry,False,v2
446,Dairy,global_dairy,USDA,,Dairy: World Markets and Trade 2024,2024,USDA FAS,REPORT,dairy,2020_present,Global,none,none,none,en,academic,none,none,HIGH,NEEDED,,https://annas-archive.org/search?q=USDA+Dairy%3A+World+Markets+and+Trade+2024,https://archive.org/search?query=USDA+Dairy%3A+World+Markets+and+Trade+2024,https://www.fas.usda.gov/data/dairy-world-markets-and-trade,USDA Dairy: World Markets and Trade 2024,False,v2
447,Dairy,cheese_butter,Nicholson,Charles F.,US Dairy Trade and Competitiveness,2024,Cornell,REPORT,dairy,2020_present,US,none,none,none,en,academic,none,none,MEDIUM,NEEDED,,https://annas-archive.org/search?q=Nicholson+US+Dairy+Trade+and+Competitiveness,https://archive.org/search?query=Nicholson+US+Dairy+Trade+and+Competitiveness,,Nicholson US Dairy Trade and Competitiveness,False,v2
448,Dairy,us_dairy_policy,USDA,,Dairy Margin Coverage: Program Performance 2019-2024,2024,USDA FSA,REPORT,dairy,2020_present,US,none,none,none,en,academic,none,none,MEDIUM,NEEDED,,https://annas-archive.org/search?q=USDA+Dairy+Margin+Coverage%3A+Program+Performance+2019-2024,https://archive.org/search?query=USDA+Dairy+Margin+Coverage%3A+Program+Performance+2019-2024,https://www.fsa.usda.gov/programs-and-services/dairy-margin-coverage-program/,USDA Dairy Margin Coverage: Program Performance 2019-2024,False,v2
449,Dairy,global_dairy,Jongeneel,Roel,The Decoupling of the EU Dairy Sector from World Prices,2020,European Review of Ag Econ,ARTICLE,dairy,2020_present,Europe,none,none,none,en,academic,none,none,MEDIUM,NEEDED,,https://annas-archive.org/search?q=Jongeneel+The+Decoupling+of+the+EU+Dairy+Sector+from+World+Prices,https://archive.org/search?query=Jongeneel+The+Decoupling+of+the+EU+Dairy+Sector+from+World+Prices,,Jongeneel The Decoupling of the EU Dairy Sector from World Prices,False,v2
450,Dairy,milk_markets,Bozic,Marin,Dairy Commodity Markets and Risk Management 2024,2024,U Minnesota,REPORT,dairy,2020_present,US,none,none,none,en,academic,none,none,MEDIUM,NEEDED,,https://annas-archive.org/search?q=Bozic+Dairy+Commodity+Markets+and+Risk+Management+2024,https://archive.org/search?query=Bozic+Dairy+Commodity+Markets+and+Risk+Management+2024,,Bozic Dairy Commodity Markets and Risk Management 2024,False,v2
451,Dairy,us_dairy_policy,Stephenson,Mark W.,Federal Order Reform 2024,2024,Cornell,REPORT,dairy,2020_present,US,none,none,none,en,academic,none,none,HIGH,NEEDED,,https://annas-archive.org/search?q=Stephenson+Federal+Order+Reform+2024,https://archive.org/search?query=Stephenson+Federal+Order+Reform+2024,,Stephenson Federal Order Reform 2024,False,v2
452,Dairy,global_dairy,GDT,,Global Dairy Trade Price Index Reports 2024,2024,Fonterra,DATASET_DOC,dairy,2020_present,Global,none,none,none,en,academic,none,none,HIGH,NEEDED,,https://annas-archive.org/search?q=GDT+Global+Dairy+Trade+Price+Index+Reports+2024,https://archive.org/search?query=GDT+Global+Dairy+Trade+Price+Index+Reports+2024,https://www.globaldairytrade.info/,GDT Global Dairy Trade Price Index Reports 2024,False,v2
453,Dairy,cheese_butter,Ippolito,Pauline,Butter's Return: Fat and the Reversal of US Dairy Consumption,2020,USDA ERS,REPORT,dairy,2020_present,US,none,none,none,en,academic,none,none,MEDIUM,NEEDED,,https://annas-archive.org/search?q=Ippolito+Butter%27s+Return%3A+Fat+and+the+Reversal+of+US+Dairy+Consumption,https://archive.org/search?query=Ippolito+Butter%27s+Return%3A+Fat+and+the+Reversal+of+US+Dairy+Consumption,,Ippolito Butter's Return: Fat and the Reversal of US Dairy Consumption,False,v2
454,Dairy,milk_markets,USDA,,Plant-Based Dairy Alternatives: Economic Implications,2022,USDA ERS,REPORT,dairy,2020_present,US,none,none,none,en,academic,none,none,HIGH,NEEDED,,https://annas-archive.org/search?q=USDA+Plant-Based+Dairy+Alternatives%3A+Economic+Implications,https://archive.org/search?query=USDA+Plant-Based+Dairy+Alternatives%3A+Economic+Implications,,USDA Plant-Based Dairy Alternatives: Economic Implications,False,v2
455,Dairy,global_dairy,FAO,,Dairy Market Review: Annual,2024,FAO,REPORT,dairy,2020_present,Global,none,none,none,en,academic,none,none,MEDIUM,NEEDED,,https://annas-archive.org/search?q=FAO+Dairy+Market+Review%3A+Annual,https://archive.org/search?query=FAO+Dairy+Market+Review%3A+Annual,https://www.fao.org/markets-and-trade/commodities/dairy/,FAO Dairy Market Review: Annual,False,v2
456,Oils Fats,palm_oil,Indonesia,,Indonesia Palm Oil Export Ban 2022: Analysis,2022,CSIS,REPORT,oils,2020_present,Asia,none,none,none,en,academic,none,none,HIGH,NEEDED,,https://annas-archive.org/search?q=Indonesia+Indonesia+Palm+Oil+Export+Ban+2022%3A+Analysis,https://archive.org/search?query=Indonesia+Indonesia+Palm+Oil+Export+Ban+2022%3A+Analysis,https://www.csis.org/,Indonesia Indonesia Palm Oil Export Ban 2022: Analysis,False,v2
457,Oils Fats,tropical_cycles,Baffes,John,The Food-Fuel Nexus After the 2022 Energy Shock,2023,World Bank,REPORT,multi,2020_present,Global,none,none,none,en,academic,none,none,HIGH,NEEDED,,https://annas-archive.org/search?q=Baffes+The+Food-Fuel+Nexus+After+the+2022+Energy+Shock,https://archive.org/search?query=Baffes+The+Food-Fuel+Nexus+After+the+2022+Energy+Shock,https://www.worldbank.org/en/research/commodity-markets,Baffes The Food-Fuel Nexus After the 2022 Energy Shock,False,v2
458,Oils Fats,olive_oil,Arriaza,Manuel,Spanish Olive Oil Crisis 2023: Drought and Prices,2024,New Medit,ARTICLE,oils,2020_present,Europe,none,none,none,en,academic,none,none,HIGH,NEEDED,,https://annas-archive.org/search?q=Arriaza+Spanish+Olive+Oil+Crisis+2023%3A+Drought+and+Prices,https://archive.org/search?query=Arriaza+Spanish+Olive+Oil+Crisis+2023%3A+Drought+and+Prices,,Arriaza Spanish Olive Oil Crisis 2023: Drought and Prices,False,v2
459,Oils Fats,soy_oil,USDA,,Renewable Diesel Feedstock Demand 2024,2024,USDA ERS,REPORT,oils,2020_present,US,none,none,none,en,academic,none,none,HIGH,NEEDED,,https://annas-archive.org/search?q=USDA+Renewable+Diesel+Feedstock+Demand+2024,https://archive.org/search?query=USDA+Renewable+Diesel+Feedstock+Demand+2024,,USDA Renewable Diesel Feedstock Demand 2024,False,v2
460,Oils Fats,palm_oil,Cramb,Rob,Oil Palm and the Challenges of Deforestation-Free Supply Chains,2023,Annual Review of Environment and Resources,ARTICLE,oils,2020_present,Asia,none,none,none,en,academic,none,none,MEDIUM,NEEDED,,https://annas-archive.org/search?q=Cramb+Oil+Palm+and+the+Challenges+of+Deforestation-Free+Supply+Chains,https://archive.org/search?query=Cramb+Oil+Palm+and+the+Challenges+of+Deforestation-Free+Supply+Chains,,Cramb Oil Palm and the Challenges of Deforestation-Free Supply Chains,False,v2
461,Oils Fats,canola_sunflower,Canada,,Canola Market Outlook 2024,2024,Ag Canada,REPORT,oils,2020_present,Global,none,none,none,en,academic,none,none,MEDIUM,NEEDED,,https://annas-archive.org/search?q=Canada+Canola+Market+Outlook+2024,https://archive.org/search?query=Canada+Canola+Market+Outlook+2024,,Canada Canola Market Outlook 2024,False,v2
462,Oils Fats,soy_oil,Popkin,Barry,Dietary Patterns and Seed-Oil Consumption Changes,2023,Current Obesity Reports,ARTICLE,oils,2020_present,US,none,none,none,en,academic,none,none,MEDIUM,NEEDED,,https://annas-archive.org/search?q=Popkin+Dietary+Patterns+and+Seed-Oil+Consumption+Changes,https://archive.org/search?query=Popkin+Dietary+Patterns+and+Seed-Oil+Consumption+Changes,,Popkin Dietary Patterns and Seed-Oil Consumption Changes,False,v2
463,Oils Fats,tropical_cycles,Baffes,John,Vegetable Oil Prices and the Russia-Ukraine War,2022,World Bank Blog,ARTICLE,oils,2020_present,Europe,none,none,none,en,academic,none,none,HIGH,NEEDED,,https://annas-archive.org/search?q=Baffes+Vegetable+Oil+Prices+and+the+Russia-Ukraine+War,https://archive.org/search?query=Baffes+Vegetable+Oil+Prices+and+the+Russia-Ukraine+War,https://blogs.worldbank.org/en/opendata,Baffes Vegetable Oil Prices and the Russia-Ukraine War,False,v2
464,Oils Fats,palm_oil,WWF,,Palm Oil Buyers Scorecard,2024,WWF,REPORT,oils,2020_present,Global,none,none,none,en,academic,none,none,LOW,NEEDED,,https://annas-archive.org/search?q=WWF+Palm+Oil+Buyers+Scorecard,https://archive.org/search?query=WWF+Palm+Oil+Buyers+Scorecard,,WWF Palm Oil Buyers Scorecard,False,v2
465,Oils Fats,olive_oil,International Olive Council,,World Olive Oil Market Report 2024,2024,IOC,DATASET_DOC,oils,2020_present,Global,none,none,none,en,academic,none,none,MEDIUM,NEEDED,,https://annas-archive.org/search?q=International+Olive+Council+World+Olive+Oil+Market+Report+2024,https://archive.org/search?query=International+Olive+Council+World+Olive+Oil+Market+Report+2024,https://www.internationaloliveoil.org/,International Olive Council World Olive Oil Market Report 2024,False,v2
466,Sugar Sweeteners,global_sugar,India,,India Sugar Export Ban 2023: Policy and Prices,2024,CSIS,REPORT,sugar,2020_present,Asia,none,none,none,en,academic,none,none,HIGH,NEEDED,,https://annas-archive.org/search?q=India+India+Sugar+Export+Ban+2023%3A+Policy+and+Prices,https://archive.org/search?query=India+India+Sugar+Export+Ban+2023%3A+Policy+and+Prices,,India India Sugar Export Ban 2023: Policy and Prices,False,v2
467,Sugar Sweeteners,hfcs,USDA,,Per Capita Sweetener Consumption: HFCS Decline,2023,USDA ERS,REPORT,sugar,2020_present,US,none,none,none,en,academic,none,none,HIGH,NEEDED,,https://annas-archive.org/search?q=USDA+Per+Capita+Sweetener+Consumption%3A+HFCS+Decline,https://archive.org/search?query=USDA+Per+Capita+Sweetener+Consumption%3A+HFCS+Decline,https://www.ers.usda.gov/data-products/sugar-and-sweeteners-yearbook-tables/,USDA Per Capita Sweetener Consumption: HFCS Decline,False,v2
468,Sugar Sweeteners,cane_beet,Rumble,Kathleen,Brazil's Sugar-Ethanol Sector Under Lula,2024,Brazil Ag Review,ARTICLE,sugar,2020_present,LatAm,none,none,none,en,academic,none,none,MEDIUM,NEEDED,,https://annas-archive.org/search?q=Rumble+Brazil%27s+Sugar-Ethanol+Sector+Under+Lula,https://archive.org/search?query=Rumble+Brazil%27s+Sugar-Ethanol+Sector+Under+Lula,,Rumble Brazil's Sugar-Ethanol Sector Under Lula,False,v2
469,Sugar Sweeteners,us_sugar_program,USDA,,Sugar Program 2018 Farm Bill Provisions Analysis,2022,USDA ERS,REPORT,sugar,2010_2020,US,none,none,none,en,academic,none,none,MEDIUM,NEEDED,,https://annas-archive.org/search?q=USDA+Sugar+Program+2018+Farm+Bill+Provisions+Analysis,https://archive.org/search?query=USDA+Sugar+Program+2018+Farm+Bill+Provisions+Analysis,,USDA Sugar Program 2018 Farm Bill Provisions Analysis,False,v2
470,Sugar Sweeteners,hfcs,Fletcher,Anne,Soda Taxes and Sugar Demand: US City Experiments,2019,AJAE,ARTICLE,sugar,2010_2020,US,none,none,none,en,academic,none,none,HIGH,NEEDED,,https://annas-archive.org/search?q=Fletcher+Soda+Taxes+and+Sugar+Demand%3A+US+City+Experiments,https://archive.org/search?query=Fletcher+Soda+Taxes+and+Sugar+Demand%3A+US+City+Experiments,,Fletcher Soda Taxes and Sugar Demand: US City Experiments,False,v2
471,Sugar Sweeteners,hfcs,Silver,Lynn D.,"Changes in Prices, Sales, Consumer Spending, and Beverage Consumption One Year After a Tax on Sugar-Sweetened Beverages in Berkeley",2017,PLoS Medicine,ARTICLE,sugar,2010_2020,US,none,none,none,en,academic,none,none,MEDIUM,NEEDED,,https://annas-archive.org/search?q=Silver+Changes+in+Prices%2C+Sales%2C+Consumer+Spending%2C+and+Beverage+Consumption+One+Year+After+a+Tax+on+Sugar-Sweetened+Beverages+in+Berkeley,https://archive.org/search?query=Silver+Changes+in+Prices%2C+Sales%2C+Consumer+Spending%2C+and+Beverage+Consumption+One+Year+After+a+Tax+on+Sugar-Sweetened+Beverages+in+Berkeley,,"Silver Changes in Prices, Sales, Consumer Spending, and Beverage Consumption One Year After a Tax on Sugar-Sweetened Beverages in Berkeley",False,v2
472,Sugar Sweeteners,global_sugar,ISO,,Sugar Yearbook 2024,2024,International Sugar Organization,DATASET_DOC,sugar,2020_present,Global,none,none,none,en,academic,none,none,MEDIUM,NEEDED,,https://annas-archive.org/search?q=ISO+Sugar+Yearbook+2024,https://archive.org/search?query=ISO+Sugar+Yearbook+2024,https://www.isosugar.org/,ISO Sugar Yearbook 2024,False,v2
473,Sugar Sweeteners,hfcs,Mialon,Melissa,Public Health and Sugar: Industry Lobbying,2022,Global Public Health,ARTICLE,sugar,2020_present,Global,none,none,none,en,academic,none,none,LOW,NEEDED,,https://annas-archive.org/search?q=Mialon+Public+Health+and+Sugar%3A+Industry+Lobbying,https://archive.org/search?query=Mialon+Public+Health+and+Sugar%3A+Industry+Lobbying,,Mialon Public Health and Sugar: Industry Lobbying,False,v2
474,Sugar Sweeteners,cane_beet,Martínez,Homero,Mexican Sugar Imports After Anti-Dumping,2023,Applied Econ Perspectives & Policy,ARTICLE,sugar,2020_present,LatAm,none,none,none,en,academic,none,none,MEDIUM,NEEDED,,https://annas-archive.org/search?q=Mart%C3%ADnez+Mexican+Sugar+Imports+After+Anti-Dumping,https://archive.org/search?query=Mart%C3%ADnez+Mexican+Sugar+Imports+After+Anti-Dumping,,Martínez Mexican Sugar Imports After Anti-Dumping,False,v2
475,Sugar Sweeteners,global_sugar,FAO,,Sugar Market Review 2024,2024,FAO,REPORT,sugar,2020_present,Global,none,none,none,en,academic,none,none,MEDIUM,NEEDED,,https://annas-archive.org/search?q=FAO+Sugar+Market+Review+2024,https://archive.org/search?query=FAO+Sugar+Market+Review+2024,https://www.fao.org/markets-and-trade/commodities/sugar/,FAO Sugar Market Review 2024,False,v2
476,Produce,water_ag,Hanak,Ellen,Water and the Future of the San Joaquin Valley,2019,PPIC,REPORT,produce,2010_2020,US,none,none,none,en,academic,none,none,CRITICAL,NEEDED,With Escriva-Bou,https://annas-archive.org/search?q=Hanak+Water+and+the+Future+of+the+San+Joaquin+Valley,https://archive.org/search?query=Hanak+Water+and+the+Future+of+the+San+Joaquin+Valley,https://www.ppic.org/publication/water-and-the-future-of-the-san-joaquin-valley/,Hanak Water and the Future of the San Joaquin Valley,False,v2
477,Produce,water_ag,Hanak,Ellen,Managing Drought in a Changing Climate,2018,PPIC,REPORT,produce,2010_2020,US,none,none,none,en,academic,none,none,HIGH,NEEDED,,https://annas-archive.org/search?q=Hanak+Managing+Drought+in+a+Changing+Climate,https://archive.org/search?query=Hanak+Managing+Drought+in+a+Changing+Climate,,Hanak Managing Drought in a Changing Climate,False,v2
478,Produce,labor_costs,Charlton,Diane,"Farm Labor Supply and Wage Patterns in the US, 1990-2020",2022,USDA ERS,REPORT,produce,2020_present,US,none,none,none,en,academic,none,none,HIGH,NEEDED,,https://annas-archive.org/search?q=Charlton+Farm+Labor+Supply+and+Wage+Patterns+in+the+US%2C+1990-2020,https://archive.org/search?query=Charlton+Farm+Labor+Supply+and+Wage+Patterns+in+the+US%2C+1990-2020,,"Charlton Farm Labor Supply and Wage Patterns in the US, 1990-2020",False,v2
479,Produce,labor_costs,USDA,,Farm Labor (quarterly),2024,USDA NASS,DATASET_DOC,produce,2020_present,US,none,none,none,en,academic,none,none,HIGH,NEEDED,,https://annas-archive.org/search?q=USDA+Farm+Labor+%28quarterly%29,https://archive.org/search?query=USDA+Farm+Labor+%28quarterly%29,https://www.nass.usda.gov/Publications/,USDA Farm Labor (quarterly),False,v2
480,Produce,seasonality,USDA,,Vegetables and Pulses Outlook 2024,2024,USDA ERS,REPORT,produce,2020_present,US,none,none,none,en,academic,none,none,HIGH,NEEDED,,https://annas-archive.org/search?q=USDA+Vegetables+and+Pulses+Outlook+2024,https://archive.org/search?query=USDA+Vegetables+and+Pulses+Outlook+2024,https://www.ers.usda.gov/publications/periodicals/,USDA Vegetables and Pulses Outlook 2024,False,v2
481,Produce,seasonality,USDA,,Fruit and Tree Nuts Outlook 2024,2024,USDA ERS,REPORT,produce,2020_present,US,none,none,none,en,academic,none,none,HIGH,NEEDED,,https://annas-archive.org/search?q=USDA+Fruit+and+Tree+Nuts+Outlook+2024,https://archive.org/search?query=USDA+Fruit+and+Tree+Nuts+Outlook+2024,https://www.ers.usda.gov/publications/periodicals/,USDA Fruit and Tree Nuts Outlook 2024,False,v2
482,Produce,specialty_crops,Daniels,Brooke,California Almond and Pistachio Boom: A Water-Use Analysis,2020,UC Davis,WORKING_PAPER,produce,2010_2020,US,none,none,none,en,academic,none,none,HIGH,NEEDED,,https://annas-archive.org/search?q=Daniels+California+Almond+and+Pistachio+Boom%3A+A+Water-Use+Analysis,https://archive.org/search?query=Daniels+California+Almond+and+Pistachio+Boom%3A+A+Water-Use+Analysis,,Daniels California Almond and Pistachio Boom: A Water-Use Analysis,False,v2
483,Produce,cold_chain,USDA,,Retail Fruit and Vegetable Prices Under Supply-Chain Stress,2021,USDA ERS,REPORT,produce,2020_present,US,none,none,none,en,academic,none,none,MEDIUM,NEEDED,,https://annas-archive.org/search?q=USDA+Retail+Fruit+and+Vegetable+Prices+Under+Supply-Chain+Stress,https://archive.org/search?query=USDA+Retail+Fruit+and+Vegetable+Prices+Under+Supply-Chain+Stress,,USDA Retail Fruit and Vegetable Prices Under Supply-Chain Stress,False,v2
484,Produce,water_ag,Public Policy Institute of California,,California's Water: Agricultural Supply and Demand 2024,2024,PPIC,REPORT,produce,2020_present,US,none,none,none,en,academic,none,none,HIGH,NEEDED,,https://annas-archive.org/search?q=Public+Policy+Institute+of+California+California%27s+Water%3A+Agricultural+Supply+and+Demand+2024,https://archive.org/search?query=Public+Policy+Institute+of+California+California%27s+Water%3A+Agricultural+Supply+and+Demand+2024,https://www.ppic.org/,Public Policy Institute of California California's Water: Agricultural Supply and Demand 2024,False,v2
485,Produce,seasonality,Reardon,Thomas,Rapid Transformation of Food Systems in Developing Regions: Highlighting the Role of Agricultural Research,2019,Food Security,ARTICLE,produce,2010_2020,Global,none,none,none,en,academic,none,none,HIGH,NEEDED,,https://annas-archive.org/search?q=Reardon+Rapid+Transformation+of+Food+Systems+in+Developing+Regions%3A+Highlighting+the+Role+of+Agricultural+Research,https://archive.org/search?query=Reardon+Rapid+Transformation+of+Food+Systems+in+Developing+Regions%3A+Highlighting+the+Role+of+Agricultural+Research,,Reardon Rapid Transformation of Food Systems in Developing Regions: Highlighting the Role of Agricultural Research,False,v2
486,Produce,labor_costs,USDA,,H-2A Program Usage and Wage Rates 2020-2024,2024,USDA ERS,REPORT,produce,2020_present,US,none,none,none,en,academic,none,none,HIGH,NEEDED,,https://annas-archive.org/search?q=USDA+H-2A+Program+Usage+and+Wage+Rates+2020-2024,https://archive.org/search?query=USDA+H-2A+Program+Usage+and+Wage+Rates+2020-2024,,USDA H-2A Program Usage and Wage Rates 2020-2024,False,v2
487,Produce,specialty_crops,Naylor,Rosamond,Losing the Links Between Livestock and Land,2021,Science,ARTICLE,produce,2020_present,Global,none,none,none,en,academic,none,none,MEDIUM,NEEDED,,https://annas-archive.org/search?q=Naylor+Losing+the+Links+Between+Livestock+and+Land,https://archive.org/search?query=Naylor+Losing+the+Links+Between+Livestock+and+Land,,Naylor Losing the Links Between Livestock and Land,False,v2
488,Produce,seasonality,Huang,Kuo S.,The Demand for Fruits and Vegetables in the United States,2019,USDA ERS,REPORT,produce,2010_2020,US,none,none,none,en,academic,none,none,MEDIUM,NEEDED,,https://annas-archive.org/search?q=Huang+The+Demand+for+Fruits+and+Vegetables+in+the+United+States,https://archive.org/search?query=Huang+The+Demand+for+Fruits+and+Vegetables+in+the+United+States,,Huang The Demand for Fruits and Vegetables in the United States,False,v2
489,Produce,cold_chain,FMI,,Power of Produce Annual Report 2024,2024,Food Marketing Institute,REPORT,produce,2020_present,US,none,none,none,en,academic,none,none,MEDIUM,NEEDED,,https://annas-archive.org/search?q=FMI+Power+of+Produce+Annual+Report+2024,https://archive.org/search?query=FMI+Power+of+Produce+Annual+Report+2024,,FMI Power of Produce Annual Report 2024,False,v2
490,Produce,water_ag,Medellín-Azuara,Josué,Economic Impacts of the 2021-22 California Drought on Agriculture,2022,UC Merced,REPORT,produce,2020_present,US,none,none,none,en,academic,none,none,HIGH,NEEDED,,https://annas-archive.org/search?q=Medell%C3%ADn-Azuara+Economic+Impacts+of+the+2021-22+California+Drought+on+Agriculture,https://archive.org/search?query=Medell%C3%ADn-Azuara+Economic+Impacts+of+the+2021-22+California+Drought+on+Agriculture,,Medellín-Azuara Economic Impacts of the 2021-22 California Drought on Agriculture,False,v2
491,Global Food Systems,food_security,Barrett,Christopher B.,Handbook of Agricultural Economics: Volume 6,2022,Elsevier,BOOK,multi,2020_present,Global,none,none,none,en,academic,none,none,HIGH,NEEDED,,https://annas-archive.org/search?q=Barrett+Handbook+of+Agricultural+Economics%3A+Volume+6,https://archive.org/search?query=Barrett+Handbook+of+Agricultural+Economics%3A+Volume+6,,Barrett Handbook of Agricultural Economics: Volume 6,False,v2
492,Global Food Systems,food_security,IPES-Food,,A Long Food Movement: Transforming Food Systems by 2045,2021,IPES-Food,REPORT,multi,2020_present,Global,none,none,none,en,academic,none,none,HIGH,NEEDED,,https://annas-archive.org/search?q=IPES-Food+A+Long+Food+Movement%3A+Transforming+Food+Systems+by+2045,https://archive.org/search?query=IPES-Food+A+Long+Food+Movement%3A+Transforming+Food+Systems+by+2045,https://ipes-food.org/,IPES-Food A Long Food Movement: Transforming Food Systems by 2045,False,v2
493,Global Food Systems,food_security,HLPE,,Food Security and Nutrition: Building a Global Narrative Towards 2030,2020,UN CFS,REPORT,multi,2020_present,Global,none,none,none,en,academic,none,none,HIGH,NEEDED,,https://annas-archive.org/search?q=HLPE+Food+Security+and+Nutrition%3A+Building+a+Global+Narrative+Towards+2030,https://archive.org/search?query=HLPE+Food+Security+and+Nutrition%3A+Building+a+Global+Narrative+Towards+2030,https://www.fao.org/cfs/cfs-hlpe,HLPE Food Security and Nutrition: Building a Global Narrative Towards 2030,False,v2
494,Global Food Systems,fao_fpi_methods,FAO,,The State of Food and Agriculture 2023: Revealing the True Cost of Food,2023,FAO,REPORT,multi,2020_present,Global,none,none,none,en,academic,none,none,HIGH,NEEDED,,https://annas-archive.org/search?q=FAO+The+State+of+Food+and+Agriculture+2023%3A+Revealing+the+True+Cost+of+Food,https://archive.org/search?query=FAO+The+State+of+Food+and+Agriculture+2023%3A+Revealing+the+True+Cost+of+Food,https://www.fao.org/publications/sofa/2023,FAO The State of Food and Agriculture 2023: Revealing the True Cost of Food,False,v2
495,Global Food Systems,fao_fpi_methods,FAO,,The State of Food Security and Nutrition in the World 2024,2024,FAO,REPORT,multi,2020_present,Global,none,none,none,en,academic,none,none,HIGH,NEEDED,,https://annas-archive.org/search?q=FAO+The+State+of+Food+Security+and+Nutrition+in+the+World+2024,https://archive.org/search?query=FAO+The+State+of+Food+Security+and+Nutrition+in+the+World+2024,https://www.fao.org/publications/sofi/2024,FAO The State of Food Security and Nutrition in the World 2024,False,v2
496,Global Food Systems,food_crises,Devereux,Stephen,The New Famines: Why Famines Persist in an Era of Globalization,2006,Routledge,BOOK,multi,1980_2010,Global,none,none,none,en,academic,none,none,MEDIUM,NEEDED,,https://annas-archive.org/search?q=Devereux+The+New+Famines%3A+Why+Famines+Persist+in+an+Era+of+Globalization,https://archive.org/search?query=Devereux+The+New+Famines%3A+Why+Famines+Persist+in+an+Era+of+Globalization,,Devereux The New Famines: Why Famines Persist in an Era of Globalization,False,v2
497,Global Food Systems,super_cycles,Jacks,David S.,"Commodity Prices and Global Inflation, 1851-2020",2022,NBER WP,WORKING_PAPER,multi,2020_present,Global,none,none,none,en,academic,none,none,HIGH,NEEDED,,https://annas-archive.org/search?q=Jacks+Commodity+Prices+and+Global+Inflation%2C+1851-2020,https://archive.org/search?query=Jacks+Commodity+Prices+and+Global+Inflation%2C+1851-2020,https://www.nber.org/papers/w29664,"Jacks Commodity Prices and Global Inflation, 1851-2020",False,v2
498,Global Food Systems,green_revolution,Naylor,Rosamond,The Evolving Sphere of Food Security,2014,Oxford UP,BOOK,multi,2010_2020,Global,none,none,none,en,academic,none,none,HIGH,NEEDED,,https://annas-archive.org/search?q=Naylor+The+Evolving+Sphere+of+Food+Security,https://archive.org/search?query=Naylor+The+Evolving+Sphere+of+Food+Security,,Naylor The Evolving Sphere of Food Security,False,v2
499,Global Food Systems,green_revolution,McMillan,Margaret,The 21st Century Structural Transformation,2019,NBER,WORKING_PAPER,multi,2010_2020,Global,none,none,none,en,academic,none,none,MEDIUM,NEEDED,,https://annas-archive.org/search?q=McMillan+The+21st+Century+Structural+Transformation,https://archive.org/search?query=McMillan+The+21st+Century+Structural+Transformation,,McMillan The 21st Century Structural Transformation,False,v2
500,Global Food Systems,super_cycles,Stuermer,Martin,150 Years of Boom and Bust: What Drives Mineral Commodity Prices?,2018,Macroeconomic Dynamics,ARTICLE,multi,2010_2020,Global,none,none,none,en,academic,none,none,MEDIUM,NEEDED,,https://annas-archive.org/search?q=Stuermer+150+Years+of+Boom+and+Bust%3A+What+Drives+Mineral+Commodity+Prices%3F,https://archive.org/search?query=Stuermer+150+Years+of+Boom+and+Bust%3A+What+Drives+Mineral+Commodity+Prices%3F,,Stuermer 150 Years of Boom and Bust: What Drives Mineral Commodity Prices?,False,v2
501,Global Food Systems,food_security,World Bank,,Food Security Update: Quarterly,2024,World Bank,REPORT,multi,2020_present,Global,none,none,none,en,academic,none,none,HIGH,NEEDED,,https://annas-archive.org/search?q=World+Bank+Food+Security+Update%3A+Quarterly,https://archive.org/search?query=World+Bank+Food+Security+Update%3A+Quarterly,https://www.worldbank.org/en/topic/agriculture/brief/food-security-update,World Bank Food Security Update: Quarterly,False,v2
502,Global Food Systems,fao_fpi_methods,FAO,,Food Outlook - May 2024 / November 2024,2024,FAO,REPORT,multi,2020_present,Global,none,none,none,en,academic,none,none,HIGH,NEEDED,,https://annas-archive.org/search?q=FAO+Food+Outlook+-+May+2024+%2F+November+2024,https://archive.org/search?query=FAO+Food+Outlook+-+May+2024+%2F+November+2024,https://www.fao.org/giews/reports/food-outlook/en/,FAO Food Outlook - May 2024 / November 2024,False,v2
503,Global Food Systems,food_crises,IFPRI,,Global Food Policy Report 2024,2024,IFPRI,REPORT,multi,2020_present,Global,none,none,none,en,academic,none,none,HIGH,NEEDED,,https://annas-archive.org/search?q=IFPRI+Global+Food+Policy+Report+2024,https://archive.org/search?query=IFPRI+Global+Food+Policy+Report+2024,https://www.ifpri.org/publication/2024-global-food-policy-report,IFPRI Global Food Policy Report 2024,False,v2
504,Global Food Systems,food_security,Chatzopoulos,Thomas,Climate Extremes and Agricultural Commodity Markets,2020,Applied Econ Perspectives & Policy,ARTICLE,multi,2020_present,Global,none,none,none,en,academic,none,none,MEDIUM,NEEDED,,https://annas-archive.org/search?q=Chatzopoulos+Climate+Extremes+and+Agricultural+Commodity+Markets,https://archive.org/search?query=Chatzopoulos+Climate+Extremes+and+Agricultural+Commodity+Markets,,Chatzopoulos Climate Extremes and Agricultural Commodity Markets,False,v2
505,Global Food Systems,super_cycles,Baffes,John,Commodity Prices and the COVID-19 Pandemic,2022,World Bank,REPORT,multi,2020_present,Global,none,none,none,en,academic,none,none,HIGH,NEEDED,,https://annas-archive.org/search?q=Baffes+Commodity+Prices+and+the+COVID-19+Pandemic,https://archive.org/search?query=Baffes+Commodity+Prices+and+the+COVID-19+Pandemic,https://www.worldbank.org/en/research/commodity-markets,Baffes Commodity Prices and the COVID-19 Pandemic,False,v2
506,Trade Geopolitics,russia_ukraine,Glauber,Joseph W.,War in Ukraine: One Year Later,2023,IFPRI,REPORT,cereals,2020_present,Europe,none,none,none,en,academic,none,none,HIGH,NEEDED,,https://annas-archive.org/search?q=Glauber+War+in+Ukraine%3A+One+Year+Later,https://archive.org/search?query=Glauber+War+in+Ukraine%3A+One+Year+Later,https://www.ifpri.org/,Glauber War in Ukraine: One Year Later,False,v2
507,Trade Geopolitics,russia_ukraine,Chepeliev,Maksym,Cutting Russia's Fossil Fuel Exports: Implications for the Global Economy,2022,Energy Policy,ARTICLE,multi,2020_present,Europe,none,none,none,en,academic,none,none,MEDIUM,NEEDED,,https://annas-archive.org/search?q=Chepeliev+Cutting+Russia%27s+Fossil+Fuel+Exports%3A+Implications+for+the+Global+Economy,https://archive.org/search?query=Chepeliev+Cutting+Russia%27s+Fossil+Fuel+Exports%3A+Implications+for+the+Global+Economy,,Chepeliev Cutting Russia's Fossil Fuel Exports: Implications for the Global Economy,False,v2
508,Trade Geopolitics,china_trade,USDA,,Agricultural Trade With China: Data and Analysis,2024,USDA ERS,REPORT,multi,2020_present,Asia,none,none,none,en,academic,none,none,HIGH,NEEDED,,https://annas-archive.org/search?q=USDA+Agricultural+Trade+With+China%3A+Data+and+Analysis,https://archive.org/search?query=USDA+Agricultural+Trade+With+China%3A+Data+and+Analysis,https://www.ers.usda.gov/topics/international-markets-us-trade/countries-regions/china/,USDA Agricultural Trade With China: Data and Analysis,False,v2
509,Trade Geopolitics,china_trade,Grant,Jason H.,The Lingering Effects of the US-China Trade War on Agriculture,2023,Applied Econ Perspectives & Policy,ARTICLE,multi,2020_present,Asia,none,none,none,en,academic,none,none,HIGH,NEEDED,,https://annas-archive.org/search?q=Grant+The+Lingering+Effects+of+the+US-China+Trade+War+on+Agriculture,https://archive.org/search?query=Grant+The+Lingering+Effects+of+the+US-China+Trade+War+on+Agriculture,,Grant The Lingering Effects of the US-China Trade War on Agriculture,False,v2
510,Trade Geopolitics,china_trade,Carter,Colin A.,China and the Global Market for Grains,2022,Choices Magazine,ARTICLE,cereals,2020_present,Asia,none,none,none,en,academic,none,none,MEDIUM,NEEDED,,https://annas-archive.org/search?q=Carter+China+and+the+Global+Market+for+Grains,https://archive.org/search?query=Carter+China+and+the+Global+Market+for+Grains,,Carter China and the Global Market for Grains,False,v2
511,Trade Geopolitics,export_bans,Anderson,Kym,Responding to Wheat Price Spikes: Export Restrictions and Their Alternatives,2024,Food Policy,ARTICLE,cereals,2020_present,Global,none,none,none,en,academic,none,none,HIGH,NEEDED,,https://annas-archive.org/search?q=Anderson+Responding+to+Wheat+Price+Spikes%3A+Export+Restrictions+and+Their+Alternatives,https://archive.org/search?query=Anderson+Responding+to+Wheat+Price+Spikes%3A+Export+Restrictions+and+Their+Alternatives,,Anderson Responding to Wheat Price Spikes: Export Restrictions and Their Alternatives,False,v2
512,Trade Geopolitics,wto_doha,Josling,Tim,WTO Reform and Agriculture: A 2024 Assessment,2024,IATRC,REPORT,multi,2020_present,Global,none,none,none,en,academic,none,none,MEDIUM,NEEDED,,https://annas-archive.org/search?q=Josling+WTO+Reform+and+Agriculture%3A+A+2024+Assessment,https://archive.org/search?query=Josling+WTO+Reform+and+Agriculture%3A+A+2024+Assessment,,Josling WTO Reform and Agriculture: A 2024 Assessment,False,v2
513,Trade Geopolitics,russia_ukraine,FAO,,Note on the Importance of the Russian Federation and Ukraine for Global Food Markets,2024,FAO,REPORT,multi,2020_present,Europe,none,none,none,en,academic,none,none,HIGH,NEEDED,,https://annas-archive.org/search?q=FAO+Note+on+the+Importance+of+the+Russian+Federation+and+Ukraine+for+Global+Food+Markets,https://archive.org/search?query=FAO+Note+on+the+Importance+of+the+Russian+Federation+and+Ukraine+for+Global+Food+Markets,https://www.fao.org/,FAO Note on the Importance of the Russian Federation and Ukraine for Global Food Markets,False,v2
514,Trade Geopolitics,nafta_usmca,Burfisher,Mary E.,NAFTA to USMCA: Net Impacts on US Agriculture,2020,USDA ERS,REPORT,multi,2020_present,US_Global,none,none,none,en,academic,none,none,MEDIUM,NEEDED,,https://annas-archive.org/search?q=Burfisher+NAFTA+to+USMCA%3A+Net+Impacts+on+US+Agriculture,https://archive.org/search?query=Burfisher+NAFTA+to+USMCA%3A+Net+Impacts+on+US+Agriculture,,Burfisher NAFTA to USMCA: Net Impacts on US Agriculture,False,v2
515,Trade Geopolitics,china_trade,Fulton,Murray,Agricultural Friendshoring: US Reshaping Supply Chains,2024,Choices Magazine,ARTICLE,multi,2020_present,US_Global,none,none,none,en,academic,none,none,MEDIUM,NEEDED,,https://annas-archive.org/search?q=Fulton+Agricultural+Friendshoring%3A+US+Reshaping+Supply+Chains,https://archive.org/search?query=Fulton+Agricultural+Friendshoring%3A+US+Reshaping+Supply+Chains,,Fulton Agricultural Friendshoring: US Reshaping Supply Chains,False,v2
516,Trade Geopolitics,export_bans,Welsh,Caitlin,Food Security and the Red Sea / Panama Canal Disruptions 2023-2024,2024,CSIS,REPORT,multi,2020_present,Global,none,none,none,en,academic,none,none,HIGH,NEEDED,,https://annas-archive.org/search?q=Welsh+Food+Security+and+the+Red+Sea+%2F+Panama+Canal+Disruptions+2023-2024,https://archive.org/search?query=Welsh+Food+Security+and+the+Red+Sea+%2F+Panama+Canal+Disruptions+2023-2024,https://www.csis.org/,Welsh Food Security and the Red Sea / Panama Canal Disruptions 2023-2024,False,v2
517,Trade Geopolitics,russia_ukraine,Black Sea,,Black Sea Grain Initiative: Final Assessment,2023,UNCTAD,REPORT,cereals,2020_present,Europe,none,none,none,en,academic,none,none,HIGH,NEEDED,,https://annas-archive.org/search?q=Black+Sea+Black+Sea+Grain+Initiative%3A+Final+Assessment,https://archive.org/search?query=Black+Sea+Black+Sea+Grain+Initiative%3A+Final+Assessment,https://unctad.org/,Black Sea Black Sea Grain Initiative: Final Assessment,False,v2
518,Trade Geopolitics,china_trade,USDA,,China Food Security and Procurement Patterns,2023,USDA FAS,REPORT,multi,2020_present,Asia,none,none,none,en,academic,none,none,HIGH,NEEDED,,https://annas-archive.org/search?q=USDA+China+Food+Security+and+Procurement+Patterns,https://archive.org/search?query=USDA+China+Food+Security+and+Procurement+Patterns,https://www.fas.usda.gov/,USDA China Food Security and Procurement Patterns,False,v2
519,Trade Geopolitics,wto_doha,Bureau,Jean-Christophe,Agriculture and WTO After 25 Years,2021,World Economy,ARTICLE,multi,2020_present,Global,none,none,none,en,academic,none,none,MEDIUM,NEEDED,,https://annas-archive.org/search?q=Bureau+Agriculture+and+WTO+After+25+Years,https://archive.org/search?query=Bureau+Agriculture+and+WTO+After+25+Years,,Bureau Agriculture and WTO After 25 Years,False,v2
520,Trade Geopolitics,nafta_usmca,USDA,,Agricultural Trade Under USMCA: Annual Update,2024,USDA ERS,REPORT,multi,2020_present,US_Global,none,none,none,en,academic,none,none,MEDIUM,NEEDED,,https://annas-archive.org/search?q=USDA+Agricultural+Trade+Under+USMCA%3A+Annual+Update,https://archive.org/search?query=USDA+Agricultural+Trade+Under+USMCA%3A+Annual+Update,,USDA Agricultural Trade Under USMCA: Annual Update,False,v2
521,Climate Land Inputs,fertilizer_inputs,Beckman,Jayson,Ag Input Cost Inflation 2022,2022,USDA ERS,REPORT,none,2020_present,US,none,none,none,en,academic,none,none,CRITICAL,NEEDED,,https://annas-archive.org/search?q=Beckman+Ag+Input+Cost+Inflation+2022,https://archive.org/search?query=Beckman+Ag+Input+Cost+Inflation+2022,https://www.ers.usda.gov/,Beckman Ag Input Cost Inflation 2022,False,v2
522,Climate Land Inputs,fertilizer_inputs,Hellerstein,Daniel,Fertilizer Use and Market Conditions 2023-2024,2024,USDA ERS,REPORT,none,2020_present,US,none,none,none,en,academic,none,none,HIGH,NEEDED,,https://annas-archive.org/search?q=Hellerstein+Fertilizer+Use+and+Market+Conditions+2023-2024,https://archive.org/search?query=Hellerstein+Fertilizer+Use+and+Market+Conditions+2023-2024,,Hellerstein Fertilizer Use and Market Conditions 2023-2024,False,v2
523,Climate Land Inputs,fertilizer_inputs,Baffes,John,The Fertilizer Shock,2022,World Bank Blog,ARTICLE,none,2020_present,Global,none,none,none,en,academic,none,none,HIGH,NEEDED,,https://annas-archive.org/search?q=Baffes+The+Fertilizer+Shock,https://archive.org/search?query=Baffes+The+Fertilizer+Shock,https://blogs.worldbank.org/,Baffes The Fertilizer Shock,False,v2
524,Climate Land Inputs,fertilizer_inputs,CRS,,Fertilizer Prices: Recent Trends and US Market Structure,2023,CRS,REPORT,none,2020_present,US,none,none,none,en,academic,none,none,HIGH,NEEDED,,https://annas-archive.org/search?q=CRS+Fertilizer+Prices%3A+Recent+Trends+and+US+Market+Structure,https://archive.org/search?query=CRS+Fertilizer+Prices%3A+Recent+Trends+and+US+Market+Structure,https://crsreports.congress.gov/,CRS Fertilizer Prices: Recent Trends and US Market Structure,False,v2
525,Climate Land Inputs,climate_yields,Ortiz-Bobea,Ariel,The Role of Nonfarm Influences in Ag Productivity Slowdown,2021,Nature Climate Change,ARTICLE,multi,2020_present,Global,none,none,none,en,academic,none,none,HIGH,NEEDED,,https://annas-archive.org/search?q=Ortiz-Bobea+The+Role+of+Nonfarm+Influences+in+Ag+Productivity+Slowdown,https://archive.org/search?query=Ortiz-Bobea+The+Role+of+Nonfarm+Influences+in+Ag+Productivity+Slowdown,,Ortiz-Bobea The Role of Nonfarm Influences in Ag Productivity Slowdown,False,v2
526,Climate Land Inputs,climate_yields,IPCC,,"AR6 WGIII Chapter 7: Agriculture, Forestry, and Other Land Uses",2022,IPCC,REPORT,multi,2020_present,Global,none,none,none,en,academic,none,none,HIGH,NEEDED,,https://annas-archive.org/search?q=IPCC+AR6+WGIII+Chapter+7%3A+Agriculture%2C+Forestry%2C+and+Other+Land+Uses,https://archive.org/search?query=IPCC+AR6+WGIII+Chapter+7%3A+Agriculture%2C+Forestry%2C+and+Other+Land+Uses,https://www.ipcc.ch/,"IPCC AR6 WGIII Chapter 7: Agriculture, Forestry, and Other Land Uses",False,v2
527,Climate Land Inputs,climate_yields,FAO,,Climate Change and Food Systems: Transformative Actions,2023,FAO,REPORT,multi,2020_present,Global,none,none,none,en,academic,none,none,HIGH,NEEDED,,https://annas-archive.org/search?q=FAO+Climate+Change+and+Food+Systems%3A+Transformative+Actions,https://archive.org/search?query=FAO+Climate+Change+and+Food+Systems%3A+Transformative+Actions,,FAO Climate Change and Food Systems: Transformative Actions,False,v2
528,Climate Land Inputs,energy_food,Beckman,Jayson,Energy Prices and Ag Commodities: 2022 Transmission,2023,USDA ERS,REPORT,multi,2020_present,US,none,none,none,en,academic,none,none,HIGH,NEEDED,,https://annas-archive.org/search?q=Beckman+Energy+Prices+and+Ag+Commodities%3A+2022+Transmission,https://archive.org/search?query=Beckman+Energy+Prices+and+Ag+Commodities%3A+2022+Transmission,,Beckman Energy Prices and Ag Commodities: 2022 Transmission,False,v2
529,Climate Land Inputs,drought_weather,NOAA,,2023 El Niño Event: Agricultural Impacts,2024,NOAA,REPORT,multi,2020_present,Global,none,none,none,en,academic,none,none,MEDIUM,NEEDED,,https://annas-archive.org/search?q=NOAA+2023+El+Ni%C3%B1o+Event%3A+Agricultural+Impacts,https://archive.org/search?query=NOAA+2023+El+Ni%C3%B1o+Event%3A+Agricultural+Impacts,https://www.noaa.gov/,NOAA 2023 El Niño Event: Agricultural Impacts,False,v2
530,Climate Land Inputs,land_use,Lark,Tyler J.,Environmental Outcomes of the US Renewable Fuel Standard,2022,PNAS,ARTICLE,cereals,2020_present,US,none,none,none,en,academic,none,none,HIGH,NEEDED,,https://annas-archive.org/search?q=Lark+Environmental+Outcomes+of+the+US+Renewable+Fuel+Standard,https://archive.org/search?query=Lark+Environmental+Outcomes+of+the+US+Renewable+Fuel+Standard,https://doi.org/10.1073/pnas.2101084119,Lark Environmental Outcomes of the US Renewable Fuel Standard,False,v2
531,Climate Land Inputs,fertilizer_inputs,Schnitkey,Gary,Fertilizer Costs and Usage Changes 2022-2024,2024,farmdoc daily,ARTICLE,none,2020_present,US,none,none,none,en,academic,none,none,HIGH,NEEDED,,https://annas-archive.org/search?q=Schnitkey+Fertilizer+Costs+and+Usage+Changes+2022-2024,https://archive.org/search?query=Schnitkey+Fertilizer+Costs+and+Usage+Changes+2022-2024,,Schnitkey Fertilizer Costs and Usage Changes 2022-2024,False,v2
532,Climate Land Inputs,climate_yields,Reyes,Jesus J.,Climate Change and US Agricultural GDP,2023,AJAE,ARTICLE,multi,2020_present,US,none,none,none,en,academic,none,none,MEDIUM,NEEDED,,https://annas-archive.org/search?q=Reyes+Climate+Change+and+US+Agricultural+GDP,https://archive.org/search?query=Reyes+Climate+Change+and+US+Agricultural+GDP,,Reyes Climate Change and US Agricultural GDP,False,v2
533,Climate Land Inputs,energy_food,IEA,,The Food-Energy Nexus: 2024 Outlook,2024,International Energy Agency,REPORT,multi,2020_present,Global,none,none,none,en,academic,none,none,MEDIUM,NEEDED,,https://annas-archive.org/search?q=IEA+The+Food-Energy+Nexus%3A+2024+Outlook,https://archive.org/search?query=IEA+The+Food-Energy+Nexus%3A+2024+Outlook,https://www.iea.org/,IEA The Food-Energy Nexus: 2024 Outlook,False,v2
534,Climate Land Inputs,land_use,USDA,,Soil Carbon Sequestration: Market and Policy Landscape,2023,USDA,REPORT,multi,2020_present,US,none,none,none,en,academic,none,none,MEDIUM,NEEDED,,https://annas-archive.org/search?q=USDA+Soil+Carbon+Sequestration%3A+Market+and+Policy+Landscape,https://archive.org/search?query=USDA+Soil+Carbon+Sequestration%3A+Market+and+Policy+Landscape,,USDA Soil Carbon Sequestration: Market and Policy Landscape,False,v2
535,Climate Land Inputs,drought_weather,USDA,,USDA Drought Monitor and Ag Impacts Update,2024,USDA/NDMC,DATASET_DOC,multi,2020_present,US,none,none,none,en,academic,none,none,HIGH,NEEDED,,https://annas-archive.org/search?q=USDA+USDA+Drought+Monitor+and+Ag+Impacts+Update,https://archive.org/search?query=USDA+USDA+Drought+Monitor+and+Ag+Impacts+Update,https://droughtmonitor.unl.edu/,USDA USDA Drought Monitor and Ag Impacts Update,False,v2
536,Chef Restaurant Econ,foodservice_econ,Saad,Lydia,Pandemic Restaurant Closures: Scale and Recovery,2021,Brookings,REPORT,none,2020_present,US,none,none,none,en,academic,none,none,HIGH,NEEDED,,https://annas-archive.org/search?q=Saad+Pandemic+Restaurant+Closures%3A+Scale+and+Recovery,https://archive.org/search?query=Saad+Pandemic+Restaurant+Closures%3A+Scale+and+Recovery,https://www.brookings.edu/,Saad Pandemic Restaurant Closures: Scale and Recovery,False,v2
537,Chef Restaurant Econ,inflation_passthrough,Cavallo,Alberto,Tracking Inflation in Restaurants: Real-Time Menu Data,2022,NBER WP,WORKING_PAPER,none,2020_present,US,none,none,none,en,academic,none,none,HIGH,NEEDED,,https://annas-archive.org/search?q=Cavallo+Tracking+Inflation+in+Restaurants%3A+Real-Time+Menu+Data,https://archive.org/search?query=Cavallo+Tracking+Inflation+in+Restaurants%3A+Real-Time+Menu+Data,https://www.nber.org/,Cavallo Tracking Inflation in Restaurants: Real-Time Menu Data,False,v2
538,Chef Restaurant Econ,inflation_passthrough,BLS,,Food Away From Home CPI 2020-2024 Analysis,2024,BLS,REPORT,none,2020_present,US,none,none,none,en,academic,none,none,HIGH,NEEDED,,https://annas-archive.org/search?q=BLS+Food+Away+From+Home+CPI+2020-2024+Analysis,https://archive.org/search?query=BLS+Food+Away+From+Home+CPI+2020-2024+Analysis,https://www.bls.gov/opub/btn/,BLS Food Away From Home CPI 2020-2024 Analysis,False,v2
539,Chef Restaurant Econ,foodservice_econ,NRA,,2024 State of the Restaurant Industry,2024,National Restaurant Assoc,REPORT,none,2020_present,US,none,none,none,en,academic,none,none,HIGH,NEEDED,,https://annas-archive.org/search?q=NRA+2024+State+of+the+Restaurant+Industry,https://archive.org/search?query=NRA+2024+State+of+the+Restaurant+Industry,https://restaurant.org/research-and-media/research/industry-statistics/,NRA 2024 State of the Restaurant Industry,False,v2
540,Chef Restaurant Econ,food_cost_mgmt,Hanson,Gregory,Ghost Kitchens: Unit Economics and the Delivery-Only Model,2022,Cornell Hospitality Quarterly,ARTICLE,none,2020_present,US,none,none,none,en,academic,none,none,MEDIUM,NEEDED,,https://annas-archive.org/search?q=Hanson+Ghost+Kitchens%3A+Unit+Economics+and+the+Delivery-Only+Model,https://archive.org/search?query=Hanson+Ghost+Kitchens%3A+Unit+Economics+and+the+Delivery-Only+Model,,Hanson Ghost Kitchens: Unit Economics and the Delivery-Only Model,False,v2
541,Chef Restaurant Econ,foodservice_econ,Technomic,,Foodservice Industry Forecast 2024,2024,Technomic,REPORT,none,2020_present,US,none,none,none,en,academic,none,none,MEDIUM,NEEDED,,https://annas-archive.org/search?q=Technomic+Foodservice+Industry+Forecast+2024,https://archive.org/search?query=Technomic+Foodservice+Industry+Forecast+2024,https://www.technomic.com/,Technomic Foodservice Industry Forecast 2024,False,v2
542,Chef Restaurant Econ,vendor_procurement,US Foods,,US Foods Annual Report 2023,2023,US Foods,GOV_DOC,none,2020_present,US,none,none,none,en,academic,none,none,MEDIUM,NEEDED,,https://annas-archive.org/search?q=US+Foods+US+Foods+Annual+Report+2023,https://archive.org/search?query=US+Foods+US+Foods+Annual+Report+2023,https://investors.usfoods.com/,US Foods US Foods Annual Report 2023,False,v2
543,Chef Restaurant Econ,vendor_procurement,Performance Food Group,,Performance Food Group 10-K 2023,2023,PFG,GOV_DOC,none,2020_present,US,none,none,none,en,academic,none,none,LOW,NEEDED,,https://annas-archive.org/search?q=Performance+Food+Group+Performance+Food+Group+10-K+2023,https://archive.org/search?query=Performance+Food+Group+Performance+Food+Group+10-K+2023,,Performance Food Group Performance Food Group 10-K 2023,False,v2
544,Chef Restaurant Econ,inflation_passthrough,Bueche,Brandon,Menu Engineering Under Inflation: 2022-2024 Empirical Study,2024,J Foodservice Business Research,ARTICLE,none,2020_present,US,none,none,none,en,academic,none,none,MEDIUM,NEEDED,,https://annas-archive.org/search?q=Bueche+Menu+Engineering+Under+Inflation%3A+2022-2024+Empirical+Study,https://archive.org/search?query=Bueche+Menu+Engineering+Under+Inflation%3A+2022-2024+Empirical+Study,,Bueche Menu Engineering Under Inflation: 2022-2024 Empirical Study,False,v2
545,Chef Restaurant Econ,foodservice_econ,Jayaraman,Saru,One Fair Wage: The Case Against the Tipped Minimum Wage,2023,New Press,BOOK,none,2020_present,US,none,none,none,en,academic,none,none,HIGH,NEEDED,,https://annas-archive.org/search?q=Jayaraman+One+Fair+Wage%3A+The+Case+Against+the+Tipped+Minimum+Wage,https://archive.org/search?query=Jayaraman+One+Fair+Wage%3A+The+Case+Against+the+Tipped+Minimum+Wage,,Jayaraman One Fair Wage: The Case Against the Tipped Minimum Wage,False,v2
546,Chef Restaurant Econ,inflation_passthrough,USDA,,Restaurants and Retail Divergence: Food-Away vs Food-at-Home CPI,2024,USDA ERS,REPORT,none,2020_present,US,none,none,none,en,academic,none,none,HIGH,NEEDED,,https://annas-archive.org/search?q=USDA+Restaurants+and+Retail+Divergence%3A+Food-Away+vs+Food-at-Home+CPI,https://archive.org/search?query=USDA+Restaurants+and+Retail+Divergence%3A+Food-Away+vs+Food-at-Home+CPI,,USDA Restaurants and Retail Divergence: Food-Away vs Food-at-Home CPI,False,v2
547,Chef Restaurant Econ,menu_engineering,DiPietro,Robin B.,Menu Engineering in the Post-Pandemic Era,2023,International J Contemporary Hospitality Mgmt,ARTICLE,none,2020_present,US,none,none,none,en,academic,none,none,MEDIUM,NEEDED,,https://annas-archive.org/search?q=DiPietro+Menu+Engineering+in+the+Post-Pandemic+Era,https://archive.org/search?query=DiPietro+Menu+Engineering+in+the+Post-Pandemic+Era,,DiPietro Menu Engineering in the Post-Pandemic Era,False,v2
548,Chef Restaurant Econ,foodservice_econ,Rosenbaum,Mark S.,Delivery Apps and Restaurant Unit Economics,2022,J Retailing and Consumer Services,ARTICLE,none,2020_present,US,none,none,none,en,academic,none,none,MEDIUM,NEEDED,,https://annas-archive.org/search?q=Rosenbaum+Delivery+Apps+and+Restaurant+Unit+Economics,https://archive.org/search?query=Rosenbaum+Delivery+Apps+and+Restaurant+Unit+Economics,,Rosenbaum Delivery Apps and Restaurant Unit Economics,False,v2
549,Chef Restaurant Econ,food_cost_mgmt,Gaither,Chris,Shrinkflation in Restaurant Portions 2022-2024,2024,Nation's Restaurant News,ARTICLE,none,2020_present,US,none,none,none,en,academic,none,none,MEDIUM,NEEDED,,https://annas-archive.org/search?q=Gaither+Shrinkflation+in+Restaurant+Portions+2022-2024,https://archive.org/search?query=Gaither+Shrinkflation+in+Restaurant+Portions+2022-2024,,Gaither Shrinkflation in Restaurant Portions 2022-2024,False,v2
550,Chef Restaurant Econ,vendor_procurement,Sysco,,Sysco Annual Report 10-K 2024,2024,Sysco Corp,GOV_DOC,none,2020_present,US,none,none,none,en,academic,none,none,HIGH,NEEDED,,https://annas-archive.org/search?q=Sysco+Sysco+Annual+Report+10-K+2024,https://archive.org/search?query=Sysco+Sysco+Annual+Report+10-K+2024,https://investors.sysco.com/,Sysco Sysco Annual Report 10-K 2024,False,v2
551,Data Source Methodology,cpi_ppi_methods,Cavallo,Alberto,The Billion Prices Project,2016,J Economic Perspectives,ARTICLE,none,2010_2020,US_Global,none,none,none,en,academic,none,none,HIGH,NEEDED,,https://annas-archive.org/search?q=Cavallo+The+Billion+Prices+Project,https://archive.org/search?query=Cavallo+The+Billion+Prices+Project,https://doi.org/10.1257/jep.30.2.151,Cavallo The Billion Prices Project,False,v2
552,Data Source Methodology,series_construction,MeasuringWorth,,Historical Prices and Purchasing Power Data,2024,MeasuringWorth,DATASET_DOC,none,spanning,US,none,none,none,en,academic,none,none,MEDIUM,NEEDED,,https://annas-archive.org/search?q=MeasuringWorth+Historical+Prices+and+Purchasing+Power+Data,https://archive.org/search?query=MeasuringWorth+Historical+Prices+and+Purchasing+Power+Data,https://www.measuringworth.com/,MeasuringWorth Historical Prices and Purchasing Power Data,False,v2
553,Data Source Methodology,wasde_methods,USDA WAOB,,WASDE Interactive Data Dashboard,2024,USDA,DATASET_DOC,multi,2020_present,US,none,none,none,en,academic,none,none,HIGH,NEEDED,,https://annas-archive.org/search?q=USDA+WAOB+WASDE+Interactive+Data+Dashboard,https://archive.org/search?query=USDA+WAOB+WASDE+Interactive+Data+Dashboard,https://www.usda.gov/oce/commodity/wasde,USDA WAOB WASDE Interactive Data Dashboard,False,v2
554,Data Source Methodology,cpi_ppi_methods,Nakamura,Emi,Five Facts About Prices: A Reevaluation of Menu Cost Models,2008,QJE,ARTICLE,none,1980_2010,US,none,none,none,en,academic,none,none,MEDIUM,NEEDED,,https://annas-archive.org/search?q=Nakamura+Five+Facts+About+Prices%3A+A+Reevaluation+of+Menu+Cost+Models,https://archive.org/search?query=Nakamura+Five+Facts+About+Prices%3A+A+Reevaluation+of+Menu+Cost+Models,,Nakamura Five Facts About Prices: A Reevaluation of Menu Cost Models,False,v2
555,Data Source Methodology,fao_methods,FAO,,FAOSTAT Methods and Standards: Consumer Price Indices for Food,2024,FAO,DATASET_DOC,multi,2020_present,Global,none,none,none,en,academic,none,none,HIGH,NEEDED,,https://annas-archive.org/search?q=FAO+FAOSTAT+Methods+and+Standards%3A+Consumer+Price+Indices+for+Food,https://archive.org/search?query=FAO+FAOSTAT+Methods+and+Standards%3A+Consumer+Price+Indices+for+Food,https://www.fao.org/faostat/,FAO FAOSTAT Methods and Standards: Consumer Price Indices for Food,False,v2
556,Data Source Methodology,wb_methods,World Bank,,Food Price Monitor (weekly),2024,World Bank,DATASET_DOC,multi,2020_present,Global,none,none,none,en,academic,none,none,HIGH,NEEDED,,https://annas-archive.org/search?q=World+Bank+Food+Price+Monitor+%28weekly%29,https://archive.org/search?query=World+Bank+Food+Price+Monitor+%28weekly%29,https://www.worldbank.org/en/topic/agriculture/brief/food-security-update,World Bank Food Price Monitor (weekly),False,v2
557,Data Source Methodology,series_construction,Kehoe,Patrick J.,Evolution of Modern Business Cycle Models,2018,NBER,WORKING_PAPER,none,2010_2020,US,none,none,none,en,academic,none,none,LOW,NEEDED,,https://annas-archive.org/search?q=Kehoe+Evolution+of+Modern+Business+Cycle+Models,https://archive.org/search?query=Kehoe+Evolution+of+Modern+Business+Cycle+Models,,Kehoe Evolution of Modern Business Cycle Models,False,v2
558,Data Source Methodology,cpi_ppi_methods,Boskin,Michael J.,The CPI Commission Report 25 Years Later,2021,AEA Papers & Proceedings,ARTICLE,none,2020_present,US,none,none,none,en,academic,none,none,MEDIUM,NEEDED,,https://annas-archive.org/search?q=Boskin+The+CPI+Commission+Report+25+Years+Later,https://archive.org/search?query=Boskin+The+CPI+Commission+Report+25+Years+Later,,Boskin The CPI Commission Report 25 Years Later,False,v2
559,Data Source Methodology,wasde_methods,Isengildina-Massa,Olga,USDA Report Effects Under Uncertainty,2021,J Ag Applied Econ,ARTICLE,multi,2020_present,US,none,none,none,en,academic,none,none,MEDIUM,NEEDED,,https://annas-archive.org/search?q=Isengildina-Massa+USDA+Report+Effects+Under+Uncertainty,https://archive.org/search?query=Isengildina-Massa+USDA+Report+Effects+Under+Uncertainty,,Isengildina-Massa USDA Report Effects Under Uncertainty,False,v2
560,Data Source Methodology,cpi_ppi_methods,BEA,,Personal Consumption Expenditures (PCE) Food Methodology,2024,BEA,DATASET_DOC,none,2020_present,US,none,none,none,en,academic,none,none,HIGH,NEEDED,,https://annas-archive.org/search?q=BEA+Personal+Consumption+Expenditures+%28PCE%29+Food+Methodology,https://archive.org/search?query=BEA+Personal+Consumption+Expenditures+%28PCE%29+Food+Methodology,https://www.bea.gov/resources/methodologies,BEA Personal Consumption Expenditures (PCE) Food Methodology,False,v2
561,Food Technology,mechanization,Olmstead,Alan L.,Creating Abundance: Biological Innovation and American Agricultural Development,2008,Cambridge UP,BOOK,multi,spanning,US,none,none,none,en,academic,none,none,FLAGSHIP,NEEDED,With Paul Rhode; flagship,https://annas-archive.org/search?q=Olmstead+Creating+Abundance%3A+Biological+Innovation+and+American+Agricultural+Development,https://archive.org/search?query=Olmstead+Creating+Abundance%3A+Biological+Innovation+and+American+Agricultural+Development,,Olmstead Creating Abundance: Biological Innovation and American Agricultural Development,False,v2
562,Food Technology,mechanization,Fitzgerald,Deborah,Every Farm a Factory: The Industrial Ideal in American Agriculture,2003,Yale UP,BOOK,multi,1900_1945,US,none,none,none,en,academic,none,none,CRITICAL,NEEDED,,https://annas-archive.org/search?q=Fitzgerald+Every+Farm+a+Factory%3A+The+Industrial+Ideal+in+American+Agriculture,https://archive.org/search?query=Fitzgerald+Every+Farm+a+Factory%3A+The+Industrial+Ideal+in+American+Agriculture,,Fitzgerald Every Farm a Factory: The Industrial Ideal in American Agriculture,False,v2
563,Food Technology,mechanization,Crabb,A. Richard,The Hybrid-Corn Makers: Prophets of Plenty,1947,Rutgers UP,BOOK,cereals,1900_1945,US,none,none,none,en,academic,none,none,HIGH,NEEDED,,https://annas-archive.org/search?q=Crabb+The+Hybrid-Corn+Makers%3A+Prophets+of+Plenty,https://archive.org/search?query=Crabb+The+Hybrid-Corn+Makers%3A+Prophets+of+Plenty,,Crabb The Hybrid-Corn Makers: Prophets of Plenty,False,v2
564,Food Technology,mechanization,Kloppenburg,Jack Ralph,"First the Seed: The Political Economy of Plant Biotechnology, 1492-2000",2004,U Wisconsin Press,BOOK,multi,spanning,US,none,none,none,en,academic,none,none,HIGH,NEEDED,2nd ed,https://annas-archive.org/search?q=Kloppenburg+First+the+Seed%3A+The+Political+Economy+of+Plant+Biotechnology%2C+1492-2000,https://archive.org/search?query=Kloppenburg+First+the+Seed%3A+The+Political+Economy+of+Plant+Biotechnology%2C+1492-2000,,"Kloppenburg First the Seed: The Political Economy of Plant Biotechnology, 1492-2000",False,v2
565,Food Technology,mechanization,Rasmussen,Wayne D.,Advances in American Agriculture: The Mechanical Tomato Harvester as a Case Study,1968,Technology and Culture,ARTICLE,produce,1945_1980,US,none,none,none,en,academic,none,none,MEDIUM,NEEDED,,https://annas-archive.org/search?q=Rasmussen+Advances+in+American+Agriculture%3A+The+Mechanical+Tomato+Harvester+as+a+Case+Study,https://archive.org/search?query=Rasmussen+Advances+in+American+Agriculture%3A+The+Mechanical+Tomato+Harvester+as+a+Case+Study,,Rasmussen Advances in American Agriculture: The Mechanical Tomato Harvester as a Case Study,False,v2
566,Food Technology,biotechnology,Paarlberg,Robert,Starved for Science: How Biotechnology Is Being Kept Out of Africa,2008,Harvard UP,BOOK,multi,1980_2010,Africa,none,none,none,en,academic,none,none,HIGH,NEEDED,,https://annas-archive.org/search?q=Paarlberg+Starved+for+Science%3A+How+Biotechnology+Is+Being+Kept+Out+of+Africa,https://archive.org/search?query=Paarlberg+Starved+for+Science%3A+How+Biotechnology+Is+Being+Kept+Out+of+Africa,,Paarlberg Starved for Science: How Biotechnology Is Being Kept Out of Africa,False,v2
567,Food Technology,biotechnology,Ronald,Pamela C.,"Tomorrow's Table: Organic Farming, Genetics, and the Future of Food",2008,Oxford UP,BOOK,multi,1980_2010,US,none,none,none,en,academic,none,none,HIGH,NEEDED,With Adamchak,https://annas-archive.org/search?q=Ronald+Tomorrow%27s+Table%3A+Organic+Farming%2C+Genetics%2C+and+the+Future+of+Food,https://archive.org/search?query=Ronald+Tomorrow%27s+Table%3A+Organic+Farming%2C+Genetics%2C+and+the+Future+of+Food,,"Ronald Tomorrow's Table: Organic Farming, Genetics, and the Future of Food",False,v2
568,Food Technology,biotechnology,Qaim,Matin,The Economic Impact of GMOs,2003,Science,ARTICLE,multi,1980_2010,Global,none,none,none,en,academic,none,none,CRITICAL,NEEDED,With Zilberman,https://annas-archive.org/search?q=Qaim+The+Economic+Impact+of+GMOs,https://archive.org/search?query=Qaim+The+Economic+Impact+of+GMOs,https://doi.org/10.1126/science.1080609,Qaim The Economic Impact of GMOs,False,v2
569,Food Technology,biotechnology,Klümper,Wilhelm,A Meta-Analysis of the Impacts of Genetically Modified Crops,2014,PLoS ONE,ARTICLE,multi,2010_2020,Global,none,none,none,en,academic,none,none,HIGH,NEEDED,With Qaim,https://annas-archive.org/search?q=Kl%C3%BCmper+A+Meta-Analysis+of+the+Impacts+of+Genetically+Modified+Crops,https://archive.org/search?query=Kl%C3%BCmper+A+Meta-Analysis+of+the+Impacts+of+Genetically+Modified+Crops,https://doi.org/10.1371/journal.pone.0111629,Klümper A Meta-Analysis of the Impacts of Genetically Modified Crops,False,v2
570,Food Technology,biotechnology,USDA ERS,,Adoption of Genetically Engineered Crops in the US,2024,USDA ERS,REPORT,cereals,2020_present,US,none,none,none,en,academic,none,none,HIGH,NEEDED,,https://annas-archive.org/search?q=USDA+ERS+Adoption+of+Genetically+Engineered+Crops+in+the+US,https://archive.org/search?query=USDA+ERS+Adoption+of+Genetically+Engineered+Crops+in+the+US,https://www.ers.usda.gov/data-products/adoption-of-genetically-engineered-crops-in-the-us/,USDA ERS Adoption of Genetically Engineered Crops in the US,False,v2
571,Food Technology,biotechnology,Wolt,Jeffrey D.,The Regulatory Status of Genome-Edited Crops,2016,Plant Biotechnology Journal,ARTICLE,multi,2010_2020,US_Global,none,none,none,en,academic,none,none,HIGH,NEEDED,,https://annas-archive.org/search?q=Wolt+The+Regulatory+Status+of+Genome-Edited+Crops,https://archive.org/search?query=Wolt+The+Regulatory+Status+of+Genome-Edited+Crops,,Wolt The Regulatory Status of Genome-Edited Crops,False,v2
572,Food Technology,biotechnology,Zhang,Caixia,CRISPR/Cas Technology and Gene Editing in Crop Improvement,2020,Nature Plants,ARTICLE,multi,2020_present,Global,none,none,none,en,academic,none,none,HIGH,NEEDED,,https://annas-archive.org/search?q=Zhang+CRISPR%2FCas+Technology+and+Gene+Editing+in+Crop+Improvement,https://archive.org/search?query=Zhang+CRISPR%2FCas+Technology+and+Gene+Editing+in+Crop+Improvement,,Zhang CRISPR/Cas Technology and Gene Editing in Crop Improvement,False,v2
573,Food Technology,biotechnology,Fernandez-Cornejo,Jorge,Genetically Engineered Crops in the United States,2014,USDA ERS ERR-162,REPORT,multi,2010_2020,US,none,none,none,en,academic,none,none,HIGH,NEEDED,,https://annas-archive.org/search?q=Fernandez-Cornejo+Genetically+Engineered+Crops+in+the+United+States,https://archive.org/search?query=Fernandez-Cornejo+Genetically+Engineered+Crops+in+the+United+States,https://www.ers.usda.gov/publications/pub-details/?pubid=45182,Fernandez-Cornejo Genetically Engineered Crops in the United States,False,v2
574,Food Technology,alt_protein,Shapiro,Paul,Clean Meat: How Growing Meat Without Animals Will Revolutionize Dinner and the World,2018,Gallery Books,BOOK,meat,2010_2020,Global,none,none,none,en,academic,none,none,HIGH,NEEDED,,https://annas-archive.org/search?q=Shapiro+Clean+Meat%3A+How+Growing+Meat+Without+Animals+Will+Revolutionize+Dinner+and+the+World,https://archive.org/search?query=Shapiro+Clean+Meat%3A+How+Growing+Meat+Without+Animals+Will+Revolutionize+Dinner+and+the+World,,Shapiro Clean Meat: How Growing Meat Without Animals Will Revolutionize Dinner and the World,False,v2
575,Food Technology,alt_protein,Tuomisto,Hanna L.,Environmental Impacts of Cultured Meat Production,2011,Environmental Science & Technology,ARTICLE,meat,1980_2010,Global,none,none,none,en,academic,none,none,HIGH,NEEDED,,https://annas-archive.org/search?q=Tuomisto+Environmental+Impacts+of+Cultured+Meat+Production,https://archive.org/search?query=Tuomisto+Environmental+Impacts+of+Cultured+Meat+Production,,Tuomisto Environmental Impacts of Cultured Meat Production,False,v2
576,Food Technology,alt_protein,Mattick,Carolyn S.,Anticipatory Life Cycle Analysis of In Vitro Biomass Cultivation for Cultured Meat,2015,Environmental Science & Technology,ARTICLE,meat,2010_2020,US,none,none,none,en,academic,none,none,MEDIUM,NEEDED,,https://annas-archive.org/search?q=Mattick+Anticipatory+Life+Cycle+Analysis+of+In+Vitro+Biomass+Cultivation+for+Cultured+Meat,https://archive.org/search?query=Mattick+Anticipatory+Life+Cycle+Analysis+of+In+Vitro+Biomass+Cultivation+for+Cultured+Meat,,Mattick Anticipatory Life Cycle Analysis of In Vitro Biomass Cultivation for Cultured Meat,False,v2
577,Food Technology,alt_protein,GFI,,"State of the Industry Report: Plant-Based Meat, Seafood, Eggs, Dairy",2024,Good Food Institute,REPORT,multi,2020_present,Global,none,none,none,en,academic,none,none,HIGH,NEEDED,,https://annas-archive.org/search?q=GFI+State+of+the+Industry+Report%3A+Plant-Based+Meat%2C+Seafood%2C+Eggs%2C+Dairy,https://archive.org/search?query=GFI+State+of+the+Industry+Report%3A+Plant-Based+Meat%2C+Seafood%2C+Eggs%2C+Dairy,https://gfi.org/resource/plant-based-state-of-the-industry-report/,"GFI State of the Industry Report: Plant-Based Meat, Seafood, Eggs, Dairy",False,v2
578,Food Technology,alt_protein,GFI,,State of the Industry Report: Cultivated Meat,2024,Good Food Institute,REPORT,meat,2020_present,Global,none,none,none,en,academic,none,none,HIGH,NEEDED,,https://annas-archive.org/search?q=GFI+State+of+the+Industry+Report%3A+Cultivated+Meat,https://archive.org/search?query=GFI+State+of+the+Industry+Report%3A+Cultivated+Meat,https://gfi.org/resource/cultivated-meat-eggs-and-dairy-state-of-the-industry-report/,GFI State of the Industry Report: Cultivated Meat,False,v2
579,Food Technology,alt_protein,GFI,,State of the Industry Report: Fermentation,2024,Good Food Institute,REPORT,multi,2020_present,Global,none,none,none,en,academic,none,none,HIGH,NEEDED,,https://annas-archive.org/search?q=GFI+State+of+the+Industry+Report%3A+Fermentation,https://archive.org/search?query=GFI+State+of+the+Industry+Report%3A+Fermentation,https://gfi.org/resource/fermentation-state-of-the-industry-report/,GFI State of the Industry Report: Fermentation,False,v2
580,Food Technology,alt_protein,Humbird,David,Scale-Up Economics for Cultivated Meat,2021,Biotech & Bioengineering,ARTICLE,meat,2020_present,US,none,none,none,en,academic,none,none,CRITICAL,NEEDED,,https://annas-archive.org/search?q=Humbird+Scale-Up+Economics+for+Cultivated+Meat,https://archive.org/search?query=Humbird+Scale-Up+Economics+for+Cultivated+Meat,https://doi.org/10.1002/bit.27848,Humbird Scale-Up Economics for Cultivated Meat,False,v2
581,Food Technology,alt_protein,Swartz,Elliot,Anticipatory Life Cycle Assessment of Cultivated Meat,2023,GFI White Paper,REPORT,meat,2020_present,US,none,none,none,en,academic,none,none,HIGH,NEEDED,,https://annas-archive.org/search?q=Swartz+Anticipatory+Life+Cycle+Assessment+of+Cultivated+Meat,https://archive.org/search?query=Swartz+Anticipatory+Life+Cycle+Assessment+of+Cultivated+Meat,,Swartz Anticipatory Life Cycle Assessment of Cultivated Meat,False,v2
582,Food Technology,alt_protein,Beyond Meat,,Beyond Meat 10-K Annual Report,2023,Beyond Meat,GOV_DOC,meat,2020_present,US,none,none,none,en,academic,none,none,MEDIUM,NEEDED,,https://annas-archive.org/search?q=Beyond+Meat+Beyond+Meat+10-K+Annual+Report,https://archive.org/search?query=Beyond+Meat+Beyond+Meat+10-K+Annual+Report,https://investors.beyondmeat.com/,Beyond Meat Beyond Meat 10-K Annual Report,False,v2
583,Food Technology,alt_protein,USDA ERS,,Plant-Based Foods and the US Retail Market,2022,USDA ERS,REPORT,multi,2020_present,US,none,none,none,en,academic,none,none,HIGH,NEEDED,,https://annas-archive.org/search?q=USDA+ERS+Plant-Based+Foods+and+the+US+Retail+Market,https://archive.org/search?query=USDA+ERS+Plant-Based+Foods+and+the+US+Retail+Market,,USDA ERS Plant-Based Foods and the US Retail Market,False,v2
584,Food Technology,precision_ag,Schimmelpfennig,David,Farm Profits and Adoption of Precision Agriculture,2016,USDA ERS ERR-217,REPORT,multi,2010_2020,US,none,none,none,en,academic,none,none,HIGH,NEEDED,,https://annas-archive.org/search?q=Schimmelpfennig+Farm+Profits+and+Adoption+of+Precision+Agriculture,https://archive.org/search?query=Schimmelpfennig+Farm+Profits+and+Adoption+of+Precision+Agriculture,https://www.ers.usda.gov/publications/pub-details/?pubid=80325,Schimmelpfennig Farm Profits and Adoption of Precision Agriculture,False,v2
585,Food Technology,precision_ag,Khosla,Raj,Precision Agriculture: Challenges and Opportunities in a Flat World,2010,Advances in Agronomy,ARTICLE,multi,1980_2010,US_Global,none,none,none,en,academic,none,none,MEDIUM,NEEDED,,https://annas-archive.org/search?q=Khosla+Precision+Agriculture%3A+Challenges+and+Opportunities+in+a+Flat+World,https://archive.org/search?query=Khosla+Precision+Agriculture%3A+Challenges+and+Opportunities+in+a+Flat+World,,Khosla Precision Agriculture: Challenges and Opportunities in a Flat World,False,v2
586,Food Technology,precision_ag,Pathak,Hemendra S.,Precision Agriculture Adoption in the US Corn Belt,2019,Precision Agriculture,ARTICLE,cereals,2010_2020,US,none,none,none,en,academic,none,none,MEDIUM,NEEDED,,https://annas-archive.org/search?q=Pathak+Precision+Agriculture+Adoption+in+the+US+Corn+Belt,https://archive.org/search?query=Pathak+Precision+Agriculture+Adoption+in+the+US+Corn+Belt,,Pathak Precision Agriculture Adoption in the US Corn Belt,False,v2
587,Food Technology,vertical_farming,Benke,Kurt,Future Food-Production Systems: Vertical Farming and Controlled-Environment Agriculture,2017,"Sustainability: Science, Practice and Policy",ARTICLE,produce,2010_2020,Global,none,none,none,en,academic,none,none,MEDIUM,NEEDED,,https://annas-archive.org/search?q=Benke+Future+Food-Production+Systems%3A+Vertical+Farming+and+Controlled-Environment+Agriculture,https://archive.org/search?query=Benke+Future+Food-Production+Systems%3A+Vertical+Farming+and+Controlled-Environment+Agriculture,,Benke Future Food-Production Systems: Vertical Farming and Controlled-Environment Agriculture,False,v2
588,Food Technology,vertical_farming,Hosseini,S. Mohammad,Economics of Vertical Farming: A Review,2022,Applied Econ Perspectives & Policy,ARTICLE,produce,2020_present,US_Global,none,none,none,en,academic,none,none,HIGH,NEEDED,,https://annas-archive.org/search?q=Hosseini+Economics+of+Vertical+Farming%3A+A+Review,https://archive.org/search?query=Hosseini+Economics+of+Vertical+Farming%3A+A+Review,,Hosseini Economics of Vertical Farming: A Review,False,v2
589,Food Technology,vertical_farming,AeroFarms,,AeroFarms Bankruptcy Filing Analysis,2023,CB Insights,REPORT,produce,2020_present,US,none,none,none,en,academic,none,none,MEDIUM,NEEDED,,https://annas-archive.org/search?q=AeroFarms+AeroFarms+Bankruptcy+Filing+Analysis,https://archive.org/search?query=AeroFarms+AeroFarms+Bankruptcy+Filing+Analysis,,AeroFarms AeroFarms Bankruptcy Filing Analysis,False,v2
590,Food Technology,digital_ag,Wolfert,Sjaak,Big Data in Smart Farming: A Review,2017,Agricultural Systems,ARTICLE,multi,2010_2020,Global,none,none,none,en,academic,none,none,MEDIUM,NEEDED,,https://annas-archive.org/search?q=Wolfert+Big+Data+in+Smart+Farming%3A+A+Review,https://archive.org/search?query=Wolfert+Big+Data+in+Smart+Farming%3A+A+Review,,Wolfert Big Data in Smart Farming: A Review,False,v2
591,Food Technology,digital_ag,Basso,Bruno,Digital Agriculture to Design Sustainable Food Systems,2020,Nature Food,ARTICLE,multi,2020_present,Global,none,none,none,en,academic,none,none,HIGH,NEEDED,,https://annas-archive.org/search?q=Basso+Digital+Agriculture+to+Design+Sustainable+Food+Systems,https://archive.org/search?query=Basso+Digital+Agriculture+to+Design+Sustainable+Food+Systems,,Basso Digital Agriculture to Design Sustainable Food Systems,False,v2
592,Food Technology,mechanization,Cochrane,Willard W.,The City Man's Guide to the Farm Problem,1965,U Minnesota Press,BOOK,multi,1945_1980,US,none,none,none,en,academic,none,none,LOW,NEEDED,,https://annas-archive.org/search?q=Cochrane+The+City+Man%27s+Guide+to+the+Farm+Problem,https://archive.org/search?query=Cochrane+The+City+Man%27s+Guide+to+the+Farm+Problem,,Cochrane The City Man's Guide to the Farm Problem,False,v2
593,Food Technology,biotechnology,Stone,Glenn Davis,"Contradictions in the Last Mile: Suicide, Culture, and E-Agriculture in Rural India",2011,"Science, Technology, & Human Values",ARTICLE,multi,1980_2010,Asia,none,none,none,en,academic,none,none,MEDIUM,NEEDED,,https://annas-archive.org/search?q=Stone+Contradictions+in+the+Last+Mile%3A+Suicide%2C+Culture%2C+and+E-Agriculture+in+Rural+India,https://archive.org/search?query=Stone+Contradictions+in+the+Last+Mile%3A+Suicide%2C+Culture%2C+and+E-Agriculture+in+Rural+India,,"Stone Contradictions in the Last Mile: Suicide, Culture, and E-Agriculture in Rural India",False,v2
594,Food Technology,alt_protein,Mendly-Zambo,Zsofia,Balancing Climate and Food Security: Cultured Meat and the Question of Lab-Grown Beef,2021,Critical Reviews in Food Science,ARTICLE,meat,2020_present,Global,none,none,none,en,academic,none,none,MEDIUM,NEEDED,,https://annas-archive.org/search?q=Mendly-Zambo+Balancing+Climate+and+Food+Security%3A+Cultured+Meat+and+the+Question+of+Lab-Grown+Beef,https://archive.org/search?query=Mendly-Zambo+Balancing+Climate+and+Food+Security%3A+Cultured+Meat+and+the+Question+of+Lab-Grown+Beef,,Mendly-Zambo Balancing Climate and Food Security: Cultured Meat and the Question of Lab-Grown Beef,False,v2
595,Food Technology,precision_ag,USDA,,Climate-Smart Agriculture and Precision Ag Adoption,2023,USDA,REPORT,multi,2020_present,US,none,none,none,en,academic,none,none,MEDIUM,NEEDED,,https://annas-archive.org/search?q=USDA+Climate-Smart+Agriculture+and+Precision+Ag+Adoption,https://archive.org/search?query=USDA+Climate-Smart+Agriculture+and+Precision+Ag+Adoption,,USDA Climate-Smart Agriculture and Precision Ag Adoption,False,v2
596,Food Technology,vertical_farming,Despommier,Dickson,The Vertical Farm: Feeding the World in the 21st Century,2010,St Martin's,BOOK,produce,1980_2010,US_Global,none,none,none,en,academic,none,none,HIGH,NEEDED,,https://annas-archive.org/search?q=Despommier+The+Vertical+Farm%3A+Feeding+the+World+in+the+21st+Century,https://archive.org/search?query=Despommier+The+Vertical+Farm%3A+Feeding+the+World+in+the+21st+Century,,Despommier The Vertical Farm: Feeding the World in the 21st Century,False,v2
597,Food Technology,digital_ag,Pham,Xuan,Blockchain for Food Supply Chain,2019,Supply Chain Management,ARTICLE,multi,2010_2020,Global,none,none,none,en,academic,none,none,LOW,NEEDED,,https://annas-archive.org/search?q=Pham+Blockchain+for+Food+Supply+Chain,https://archive.org/search?query=Pham+Blockchain+for+Food+Supply+Chain,,Pham Blockchain for Food Supply Chain,False,v2
598,Food Technology,alt_protein,Aschemann-Witzel,Jessica,Plant-Based Food and Protein Trend From a Business Perspective,2021,Critical Reviews in Food Science,ARTICLE,multi,2020_present,Global,none,none,none,en,academic,none,none,HIGH,NEEDED,,https://annas-archive.org/search?q=Aschemann-Witzel+Plant-Based+Food+and+Protein+Trend+From+a+Business+Perspective,https://archive.org/search?query=Aschemann-Witzel+Plant-Based+Food+and+Protein+Trend+From+a+Business+Perspective,,Aschemann-Witzel Plant-Based Food and Protein Trend From a Business Perspective,False,v2
599,Food Technology,biotechnology,Zilberman,David,The Economics of GMOs: Three Decades On,2022,Annual Review of Resource Economics,ARTICLE,multi,2020_present,US_Global,none,none,none,en,academic,none,none,HIGH,NEEDED,,https://annas-archive.org/search?q=Zilberman+The+Economics+of+GMOs%3A+Three+Decades+On,https://archive.org/search?query=Zilberman+The+Economics+of+GMOs%3A+Three+Decades+On,,Zilberman The Economics of GMOs: Three Decades On,False,v2
600,Food Technology,mechanization,Thompson,Paul B.,The Agrarian Vision: Sustainability and Environmental Ethics,2010,U Kentucky Press,BOOK,multi,1980_2010,US,none,none,none,en,academic,none,none,MEDIUM,NEEDED,,https://annas-archive.org/search?q=Thompson+The+Agrarian+Vision%3A+Sustainability+and+Environmental+Ethics,https://archive.org/search?query=Thompson+The+Agrarian+Vision%3A+Sustainability+and+Environmental+Ethics,,Thompson The Agrarian Vision: Sustainability and Environmental Ethics,False,v2
601,Food Processing,canning_freezing,Freidberg,Susanne,Fresh: A Perishable History,2009,Harvard UP,BOOK,multi,spanning,US_Global,none,none,none,en,academic,none,none,FLAGSHIP,NEEDED,Flagship Cat 16,https://annas-archive.org/search?q=Freidberg+Fresh%3A+A+Perishable+History,https://archive.org/search?query=Freidberg+Fresh%3A+A+Perishable+History,,Freidberg Fresh: A Perishable History,False,v2
602,Food Processing,canning_freezing,Shephard,Sue,"Pickled, Potted, and Canned: How the Art and Science of Food Preserving Changed the World",2000,Simon & Schuster,BOOK,multi,pre1900,Global,none,none,none,en,academic,none,none,HIGH,NEEDED,,https://annas-archive.org/search?q=Shephard+Pickled%2C+Potted%2C+and+Canned%3A+How+the+Art+and+Science+of+Food+Preserving+Changed+the+World,https://archive.org/search?query=Shephard+Pickled%2C+Potted%2C+and+Canned%3A+How+the+Art+and+Science+of+Food+Preserving+Changed+the+World,,"Shephard Pickled, Potted, and Canned: How the Art and Science of Food Preserving Changed the World",False,v2
603,Food Processing,canning_freezing,Strasser,Susan,Never Done: A History of American Housework,1982,Pantheon,BOOK,none,pre1900,US,none,none,none,en,academic,none,none,MEDIUM,NEEDED,Domestic preservation,https://annas-archive.org/search?q=Strasser+Never+Done%3A+A+History+of+American+Housework,https://archive.org/search?query=Strasser+Never+Done%3A+A+History+of+American+Housework,,Strasser Never Done: A History of American Housework,False,v2
604,Food Processing,canning_freezing,Goldstein,Carolyn M.,Creating Consumers: Home Economists in Twentieth-Century America,2012,UNC Press,BOOK,none,1900_1945,US,none,none,none,en,academic,none,none,LOW,NEEDED,,https://annas-archive.org/search?q=Goldstein+Creating+Consumers%3A+Home+Economists+in+Twentieth-Century+America,https://archive.org/search?query=Goldstein+Creating+Consumers%3A+Home+Economists+in+Twentieth-Century+America,,Goldstein Creating Consumers: Home Economists in Twentieth-Century America,False,v2
605,Food Processing,pasteurization,DuPuis,E. Melanie,Nature's Perfect Food: How Milk Became America's Drink,2002,NYU Press,BOOK,dairy,spanning,US,none,none,none,en,academic,none,none,HIGH,NEEDED,,https://annas-archive.org/search?q=DuPuis+Nature%27s+Perfect+Food%3A+How+Milk+Became+America%27s+Drink,https://archive.org/search?query=DuPuis+Nature%27s+Perfect+Food%3A+How+Milk+Became+America%27s+Drink,,DuPuis Nature's Perfect Food: How Milk Became America's Drink,False,v2
606,Food Processing,pasteurization,Smith-Howard,Kendra,Pure and Modern Milk: An Environmental History Since 1900,2013,Oxford UP,BOOK,dairy,1900_1945,US,none,none,none,en,academic,none,none,HIGH,NEEDED,,https://annas-archive.org/search?q=Smith-Howard+Pure+and+Modern+Milk%3A+An+Environmental+History+Since+1900,https://archive.org/search?query=Smith-Howard+Pure+and+Modern+Milk%3A+An+Environmental+History+Since+1900,,Smith-Howard Pure and Modern Milk: An Environmental History Since 1900,False,v2
607,Food Processing,drying,Ghesquière,Pierre,Drying: A Comprehensive Review of Food Preservation Methods,2020,Food Engineering Reviews,ARTICLE,multi,2020_present,Global,none,none,none,en,academic,none,none,LOW,NEEDED,,https://annas-archive.org/search?q=Ghesqui%C3%A8re+Drying%3A+A+Comprehensive+Review+of+Food+Preservation+Methods,https://archive.org/search?query=Ghesqui%C3%A8re+Drying%3A+A+Comprehensive+Review+of+Food+Preservation+Methods,,Ghesquière Drying: A Comprehensive Review of Food Preservation Methods,False,v2
608,Food Processing,canning_freezing,Pyke,Magnus,"Technological Eating, or Where Does the Fish Finger Point?",1972,John Murray,BOOK,multi,1945_1980,Europe,none,none,none,en,academic,none,none,MEDIUM,NEEDED,,https://annas-archive.org/search?q=Pyke+Technological+Eating%2C+or+Where+Does+the+Fish+Finger+Point%3F,https://archive.org/search?query=Pyke+Technological+Eating%2C+or+Where+Does+the+Fish+Finger+Point%3F,,"Pyke Technological Eating, or Where Does the Fish Finger Point?",False,v2
609,Food Processing,canning_freezing,Birdseye,Clarence,Biography and Industry Impact,2012,Clarence Birdseye Biography (Kurlansky),BOOK,multi,1900_1945,US,none,none,none,en,academic,none,none,HIGH,NEEDED,"Kurlansky, Birdseye: The Adventures of a Curious Man",https://annas-archive.org/search?q=Birdseye+Biography+and+Industry+Impact,https://archive.org/search?query=Birdseye+Biography+and+Industry+Impact,,Birdseye Biography and Industry Impact,False,v2
610,Food Processing,irradiation,Morehouse,Kim M.,"Food Irradiation: History, Regulation, and Uses",2002,Food Technology,ARTICLE,multi,1980_2010,US,none,none,none,en,academic,none,none,MEDIUM,NEEDED,,https://annas-archive.org/search?q=Morehouse+Food+Irradiation%3A+History%2C+Regulation%2C+and+Uses,https://archive.org/search?query=Morehouse+Food+Irradiation%3A+History%2C+Regulation%2C+and+Uses,,"Morehouse Food Irradiation: History, Regulation, and Uses",False,v2
611,Food Processing,modified_atmosphere,Kader,Adel A.,Postharvest Technology of Horticultural Crops,2002,UC ANR,BOOK,produce,1980_2010,US,none,none,none,en,academic,none,none,HIGH,NEEDED,,https://annas-archive.org/search?q=Kader+Postharvest+Technology+of+Horticultural+Crops,https://archive.org/search?query=Kader+Postharvest+Technology+of+Horticultural+Crops,,Kader Postharvest Technology of Horticultural Crops,False,v2
612,Food Processing,modified_atmosphere,Brody,Aaron L.,Modified Atmosphere Packaging,2011,Food Technology,ARTICLE,multi,2010_2020,US_Global,none,none,none,en,academic,none,none,MEDIUM,NEEDED,,https://annas-archive.org/search?q=Brody+Modified+Atmosphere+Packaging,https://archive.org/search?query=Brody+Modified+Atmosphere+Packaging,,Brody Modified Atmosphere Packaging,False,v2
613,Food Processing,canning_freezing,Levenstein,Harvey,Revolution at the Table: The Transformation of the American Diet,1988,Oxford UP,BOOK,multi,spanning,US,none,none,none,en,academic,none,none,HIGH,NEEDED,,https://annas-archive.org/search?q=Levenstein+Revolution+at+the+Table%3A+The+Transformation+of+the+American+Diet,https://archive.org/search?query=Levenstein+Revolution+at+the+Table%3A+The+Transformation+of+the+American+Diet,,Levenstein Revolution at the Table: The Transformation of the American Diet,False,v2
614,Food Processing,canning_freezing,Levenstein,Harvey,Paradox of Plenty: A Social History of Eating in Modern America,1993,Oxford UP,BOOK,multi,spanning,US,none,none,none,en,academic,none,none,HIGH,NEEDED,,https://annas-archive.org/search?q=Levenstein+Paradox+of+Plenty%3A+A+Social+History+of+Eating+in+Modern+America,https://archive.org/search?query=Levenstein+Paradox+of+Plenty%3A+A+Social+History+of+Eating+in+Modern+America,,Levenstein Paradox of Plenty: A Social History of Eating in Modern America,False,v2
615,Food Processing,pasteurization,Ogle,Maureen,In Meat We Trust: An Unexpected History of Carnivore America,2013,Harcourt,BOOK,meat,spanning,US,none,none,none,en,academic,none,none,MEDIUM,NEEDED,,https://annas-archive.org/search?q=Ogle+In+Meat+We+Trust%3A+An+Unexpected+History+of+Carnivore+America,https://archive.org/search?query=Ogle+In+Meat+We+Trust%3A+An+Unexpected+History+of+Carnivore+America,,Ogle In Meat We Trust: An Unexpected History of Carnivore America,False,v2
616,Food Processing,canning_freezing,Horowitz,Roger,Kosher USA: How Coke Became Kosher and Other Tales of Modern Food,2016,Columbia UP,BOOK,multi,1900_1945,US,none,none,none,en,academic,none,none,MEDIUM,NEEDED,,https://annas-archive.org/search?q=Horowitz+Kosher+USA%3A+How+Coke+Became+Kosher+and+Other+Tales+of+Modern+Food,https://archive.org/search?query=Horowitz+Kosher+USA%3A+How+Coke+Became+Kosher+and+Other+Tales+of+Modern+Food,,Horowitz Kosher USA: How Coke Became Kosher and Other Tales of Modern Food,False,v2
617,Food Processing,extrusion_processing,Kulp,Karel,Handbook of Cereal Science and Technology,2000,CRC,BOOK,cereals,1980_2010,US_Global,none,none,none,en,academic,none,none,LOW,NEEDED,,https://annas-archive.org/search?q=Kulp+Handbook+of+Cereal+Science+and+Technology,https://archive.org/search?query=Kulp+Handbook+of+Cereal+Science+and+Technology,,Kulp Handbook of Cereal Science and Technology,False,v2
618,Food Processing,pasteurization,USDA FSIS,,Pasteurized Egg Products: Safety and Technology,2023,USDA,REPORT,multi,2020_present,US,none,none,none,en,academic,none,none,LOW,NEEDED,,https://annas-archive.org/search?q=USDA+FSIS+Pasteurized+Egg+Products%3A+Safety+and+Technology,https://archive.org/search?query=USDA+FSIS+Pasteurized+Egg+Products%3A+Safety+and+Technology,,USDA FSIS Pasteurized Egg Products: Safety and Technology,False,v2
619,Food Processing,canning_freezing,Koppes,Clayton,Advertising and Industrialized Food: Origin Stories,2023,Business History Review,ARTICLE,multi,2020_present,US,none,none,none,en,academic,none,none,MEDIUM,NEEDED,,https://annas-archive.org/search?q=Koppes+Advertising+and+Industrialized+Food%3A+Origin+Stories,https://archive.org/search?query=Koppes+Advertising+and+Industrialized+Food%3A+Origin+Stories,,Koppes Advertising and Industrialized Food: Origin Stories,False,v2
620,Food Processing,irradiation,Loaharanu,Paisan,Safety and Nutritional Adequacy of Irradiated Food,1994,WHO,REPORT,multi,1980_2010,Global,none,none,none,en,academic,none,none,LOW,NEEDED,,https://annas-archive.org/search?q=Loaharanu+Safety+and+Nutritional+Adequacy+of+Irradiated+Food,https://archive.org/search?query=Loaharanu+Safety+and+Nutritional+Adequacy+of+Irradiated+Food,,Loaharanu Safety and Nutritional Adequacy of Irradiated Food,False,v2
621,Food Processing,extrusion_processing,Moss,Michael,"Salt, Sugar, Fat: How the Food Giants Hooked Us",2013,Random House,BOOK,multi,1980_2010,US,none,none,none,en,academic,none,none,HIGH,NEEDED,,https://annas-archive.org/search?q=Moss+Salt%2C+Sugar%2C+Fat%3A+How+the+Food+Giants+Hooked+Us,https://archive.org/search?query=Moss+Salt%2C+Sugar%2C+Fat%3A+How+the+Food+Giants+Hooked+Us,,"Moss Salt, Sugar, Fat: How the Food Giants Hooked Us",False,v2
622,Food Processing,extrusion_processing,Monteiro,Carlos A.,Ultra-Processed Foods: What They Are and How to Identify Them,2019,Public Health Nutrition,ARTICLE,multi,2010_2020,Global,none,none,none,en,academic,none,none,HIGH,NEEDED,,https://annas-archive.org/search?q=Monteiro+Ultra-Processed+Foods%3A+What+They+Are+and+How+to+Identify+Them,https://archive.org/search?query=Monteiro+Ultra-Processed+Foods%3A+What+They+Are+and+How+to+Identify+Them,,Monteiro Ultra-Processed Foods: What They Are and How to Identify Them,False,v2
623,Food Processing,modified_atmosphere,Watada,Alley E.,Factors Affecting Quality of Fresh-Cut Horticultural Products,1996,Postharvest Biology and Technology,ARTICLE,produce,1980_2010,US,none,none,none,en,academic,none,none,MEDIUM,NEEDED,,https://annas-archive.org/search?q=Watada+Factors+Affecting+Quality+of+Fresh-Cut+Horticultural+Products,https://archive.org/search?query=Watada+Factors+Affecting+Quality+of+Fresh-Cut+Horticultural+Products,,Watada Factors Affecting Quality of Fresh-Cut Horticultural Products,False,v2
624,Food Processing,canning_freezing,Hamilton,Shane,The Economies and Conveniences of Modern-Day Living: Frozen Foods and Mass Marketing,2003,Business History Review,ARTICLE,multi,1900_1945,US,none,none,none,en,academic,none,none,HIGH,NEEDED,,https://annas-archive.org/search?q=Hamilton+The+Economies+and+Conveniences+of+Modern-Day+Living%3A+Frozen+Foods+and+Mass+Marketing,https://archive.org/search?query=Hamilton+The+Economies+and+Conveniences+of+Modern-Day+Living%3A+Frozen+Foods+and+Mass+Marketing,,Hamilton The Economies and Conveniences of Modern-Day Living: Frozen Foods and Mass Marketing,False,v2
625,Food Processing,pasteurization,DuPuis,E. Melanie,The Dairy Industry's Grand Compromise: Industrial Milk Production and the Public Health,2007,Journal of the History of Biology,ARTICLE,dairy,1980_2010,US,none,none,none,en,academic,none,none,LOW,NEEDED,,https://annas-archive.org/search?q=DuPuis+The+Dairy+Industry%27s+Grand+Compromise%3A+Industrial+Milk+Production+and+the+Public+Health,https://archive.org/search?query=DuPuis+The+Dairy+Industry%27s+Grand+Compromise%3A+Industrial+Milk+Production+and+the+Public+Health,,DuPuis The Dairy Industry's Grand Compromise: Industrial Milk Production and the Public Health,False,v2
626,Supply Chain,trucking,Hamilton,Shane,Trucking Country: The Road to America's Wal-Mart Economy,2008,Princeton UP,BOOK,multi,1945_1980,US,none,none,none,en,academic,none,none,FLAGSHIP,NEEDED,Flagship Cat 17,https://annas-archive.org/search?q=Hamilton+Trucking+Country%3A+The+Road+to+America%27s+Wal-Mart+Economy,https://archive.org/search?query=Hamilton+Trucking+Country%3A+The+Road+to+America%27s+Wal-Mart+Economy,,Hamilton Trucking Country: The Road to America's Wal-Mart Economy,False,v2
627,Supply Chain,container_shipping,Levinson,Marc,The Box: How the Shipping Container Made the World Smaller and the World Economy Bigger,2006,Princeton UP,BOOK,multi,1945_1980,Global,none,none,none,en,academic,none,none,CRITICAL,NEEDED,,https://annas-archive.org/search?q=Levinson+The+Box%3A+How+the+Shipping+Container+Made+the+World+Smaller+and+the+World+Economy+Bigger,https://archive.org/search?query=Levinson+The+Box%3A+How+the+Shipping+Container+Made+the+World+Smaller+and+the+World+Economy+Bigger,,Levinson The Box: How the Shipping Container Made the World Smaller and the World Economy Bigger,False,v2
628,Supply Chain,rail_history,Yeager,Mary,Competition and Regulation: The Development of Oligopoly in the Meat Packing Industry,1981,JAI Press,BOOK,meat,pre1900,US,none,none,none,en,academic,none,none,HIGH,NEEDED,,https://annas-archive.org/search?q=Yeager+Competition+and+Regulation%3A+The+Development+of+Oligopoly+in+the+Meat+Packing+Industry,https://archive.org/search?query=Yeager+Competition+and+Regulation%3A+The+Development+of+Oligopoly+in+the+Meat+Packing+Industry,,Yeager Competition and Regulation: The Development of Oligopoly in the Meat Packing Industry,False,v2
629,Supply Chain,rail_history,Specht,Joshua,Red Meat Republic: A Hoof-to-Table History of How Beef Changed America,2019,Princeton UP,BOOK,meat,pre1900,US,none,none,none,en,academic,none,none,HIGH,NEEDED,,https://annas-archive.org/search?q=Specht+Red+Meat+Republic%3A+A+Hoof-to-Table+History+of+How+Beef+Changed+America,https://archive.org/search?query=Specht+Red+Meat+Republic%3A+A+Hoof-to-Table+History+of+How+Beef+Changed+America,,Specht Red Meat Republic: A Hoof-to-Table History of How Beef Changed America,False,v2
630,Supply Chain,cold_chain,Thévenot,Roger,A History of Refrigeration Throughout the World,1979,International Institute of Refrigeration,BOOK,multi,spanning,Global,none,none,none,en,academic,none,none,MEDIUM,NEEDED,,https://annas-archive.org/search?q=Th%C3%A9venot+A+History+of+Refrigeration+Throughout+the+World,https://archive.org/search?query=Th%C3%A9venot+A+History+of+Refrigeration+Throughout+the+World,,Thévenot A History of Refrigeration Throughout the World,False,v2
631,Supply Chain,cold_chain,Friedberg,Susanne,French Beans and Food Scares: Culture and Commerce in an Anxious Age,2004,Oxford UP,BOOK,produce,1980_2010,Europe,none,none,none,en,academic,none,none,HIGH,NEEDED,,https://annas-archive.org/search?q=Friedberg+French+Beans+and+Food+Scares%3A+Culture+and+Commerce+in+an+Anxious+Age,https://archive.org/search?query=Friedberg+French+Beans+and+Food+Scares%3A+Culture+and+Commerce+in+an+Anxious+Age,,Friedberg French Beans and Food Scares: Culture and Commerce in an Anxious Age,False,v2
632,Supply Chain,supermarket_logistics,Lichtenstein,Nelson,The Retail Revolution: How Wal-Mart Created a Brave New World of Business,2009,Metropolitan,BOOK,multi,1980_2010,US,none,none,none,en,academic,none,none,CRITICAL,NEEDED,,https://annas-archive.org/search?q=Lichtenstein+The+Retail+Revolution%3A+How+Wal-Mart+Created+a+Brave+New+World+of+Business,https://archive.org/search?query=Lichtenstein+The+Retail+Revolution%3A+How+Wal-Mart+Created+a+Brave+New+World+of+Business,,Lichtenstein The Retail Revolution: How Wal-Mart Created a Brave New World of Business,False,v2
633,Supply Chain,supermarket_logistics,Reardon,Thomas,"The Rise of Supermarkets in Africa, Asia, and Latin America",2003,AJAE,ARTICLE,multi,1980_2010,Global,none,none,none,en,academic,none,none,HIGH,NEEDED,,https://annas-archive.org/search?q=Reardon+The+Rise+of+Supermarkets+in+Africa%2C+Asia%2C+and+Latin+America,https://archive.org/search?query=Reardon+The+Rise+of+Supermarkets+in+Africa%2C+Asia%2C+and+Latin+America,,"Reardon The Rise of Supermarkets in Africa, Asia, and Latin America",False,v2
634,Supply Chain,supermarket_logistics,Reardon,Thomas,"The Transformation of Agri-Food Systems: Globalization, Supply Chains, and Smallholder Farmers",2007,Earthscan,BOOK,multi,1980_2010,Global,none,none,none,en,academic,none,none,HIGH,NEEDED,,https://annas-archive.org/search?q=Reardon+The+Transformation+of+Agri-Food+Systems%3A+Globalization%2C+Supply+Chains%2C+and+Smallholder+Farmers,https://archive.org/search?query=Reardon+The+Transformation+of+Agri-Food+Systems%3A+Globalization%2C+Supply+Chains%2C+and+Smallholder+Farmers,,"Reardon The Transformation of Agri-Food Systems: Globalization, Supply Chains, and Smallholder Farmers",False,v2
635,Supply Chain,supermarket_logistics,Walmart,,Walmart Annual Report 2024,2024,Walmart,GOV_DOC,multi,2020_present,US,none,none,none,en,academic,none,none,MEDIUM,NEEDED,,https://annas-archive.org/search?q=Walmart+Walmart+Annual+Report+2024,https://archive.org/search?query=Walmart+Walmart+Annual+Report+2024,https://corporate.walmart.com/purpose/annual-reports,Walmart Walmart Annual Report 2024,False,v2
636,Supply Chain,pandemic_supply,Reardon,Thomas,The Processed Food Revolution in African Food Systems and the Double Burden of Malnutrition,2021,Global Food Security,ARTICLE,multi,2020_present,Africa,none,none,none,en,academic,none,none,MEDIUM,NEEDED,,https://annas-archive.org/search?q=Reardon+The+Processed+Food+Revolution+in+African+Food+Systems+and+the+Double+Burden+of+Malnutrition,https://archive.org/search?query=Reardon+The+Processed+Food+Revolution+in+African+Food+Systems+and+the+Double+Burden+of+Malnutrition,,Reardon The Processed Food Revolution in African Food Systems and the Double Burden of Malnutrition,False,v2
637,Supply Chain,pandemic_supply,Hobbs,Jill E.,Food Supply Chains During the COVID-19 Pandemic,2020,Canadian J Ag Econ,ARTICLE,multi,2020_present,US_Global,none,none,none,en,academic,none,none,CRITICAL,NEEDED,,https://annas-archive.org/search?q=Hobbs+Food+Supply+Chains+During+the+COVID-19+Pandemic,https://archive.org/search?query=Hobbs+Food+Supply+Chains+During+the+COVID-19+Pandemic,https://doi.org/10.1111/cjag.12237,Hobbs Food Supply Chains During the COVID-19 Pandemic,False,v2
638,Supply Chain,pandemic_supply,Barman,Arindam,COVID-19 and the Food Supply Chain: A Comprehensive Review,2021,Int J Logistics Research,ARTICLE,multi,2020_present,Global,none,none,none,en,academic,none,none,HIGH,NEEDED,,https://annas-archive.org/search?q=Barman+COVID-19+and+the+Food+Supply+Chain%3A+A+Comprehensive+Review,https://archive.org/search?query=Barman+COVID-19+and+the+Food+Supply+Chain%3A+A+Comprehensive+Review,,Barman COVID-19 and the Food Supply Chain: A Comprehensive Review,False,v2
639,Supply Chain,pandemic_supply,Reardon,Thomas,Pivoting by Food Industry Firms to Cope with COVID-19,2021,Ag Econ,ARTICLE,multi,2020_present,Global,none,none,none,en,academic,none,none,HIGH,NEEDED,,https://annas-archive.org/search?q=Reardon+Pivoting+by+Food+Industry+Firms+to+Cope+with+COVID-19,https://archive.org/search?query=Reardon+Pivoting+by+Food+Industry+Firms+to+Cope+with+COVID-19,,Reardon Pivoting by Food Industry Firms to Cope with COVID-19,False,v2
640,Supply Chain,trucking,Belzer,Michael H.,Sweatshops on Wheels: Winners and Losers in Trucking Deregulation,2000,Oxford UP,BOOK,multi,1980_2010,US,none,none,none,en,academic,none,none,MEDIUM,NEEDED,,https://annas-archive.org/search?q=Belzer+Sweatshops+on+Wheels%3A+Winners+and+Losers+in+Trucking+Deregulation,https://archive.org/search?query=Belzer+Sweatshops+on+Wheels%3A+Winners+and+Losers+in+Trucking+Deregulation,,Belzer Sweatshops on Wheels: Winners and Losers in Trucking Deregulation,False,v2
641,Supply Chain,container_shipping,Jin,Yue,Container Freight Rates and the World Food Supply Chain 2020-2024,2024,Maritime Economics & Logistics,ARTICLE,multi,2020_present,Global,none,none,none,en,academic,none,none,HIGH,NEEDED,,https://annas-archive.org/search?q=Jin+Container+Freight+Rates+and+the+World+Food+Supply+Chain+2020-2024,https://archive.org/search?query=Jin+Container+Freight+Rates+and+the+World+Food+Supply+Chain+2020-2024,,Jin Container Freight Rates and the World Food Supply Chain 2020-2024,False,v2
642,Supply Chain,rail_history,Chandler,Alfred D.,The Visible Hand: The Managerial Revolution in American Business,1977,Harvard UP,BOOK,none,pre1900,US,none,none,none,en,academic,none,none,HIGH,NEEDED,,https://annas-archive.org/search?q=Chandler+The+Visible+Hand%3A+The+Managerial+Revolution+in+American+Business,https://archive.org/search?query=Chandler+The+Visible+Hand%3A+The+Managerial+Revolution+in+American+Business,,Chandler The Visible Hand: The Managerial Revolution in American Business,False,v2
643,Supply Chain,cold_chain,Mercado,Stephen,Cold Chain Investment and Food Loss,2020,Food Policy,ARTICLE,multi,2020_present,Global,none,none,none,en,academic,none,none,MEDIUM,NEEDED,,https://annas-archive.org/search?q=Mercado+Cold+Chain+Investment+and+Food+Loss,https://archive.org/search?query=Mercado+Cold+Chain+Investment+and+Food+Loss,,Mercado Cold Chain Investment and Food Loss,False,v2
644,Supply Chain,supermarket_logistics,Bonnano,Alessandro,Globalization of Agriculture and Food,1994,U Kansas Press,BOOK,multi,1980_2010,Global,none,none,none,en,academic,none,none,LOW,NEEDED,,https://annas-archive.org/search?q=Bonnano+Globalization+of+Agriculture+and+Food,https://archive.org/search?query=Bonnano+Globalization+of+Agriculture+and+Food,,Bonnano Globalization of Agriculture and Food,False,v2
645,Supply Chain,pandemic_supply,Ifft,Jennifer,Effects of COVID-19 on US Agriculture,2021,Applied Econ Perspectives & Policy,ARTICLE,multi,2020_present,US,none,none,none,en,academic,none,none,MEDIUM,NEEDED,,https://annas-archive.org/search?q=Ifft+Effects+of+COVID-19+on+US+Agriculture,https://archive.org/search?query=Ifft+Effects+of+COVID-19+on+US+Agriculture,,Ifft Effects of COVID-19 on US Agriculture,False,v2
646,Supply Chain,trucking,USDA,,US Agricultural Trucking and Rail Capacity,2023,USDA AMS,REPORT,multi,2020_present,US,none,none,none,en,academic,none,none,MEDIUM,NEEDED,,https://annas-archive.org/search?q=USDA+US+Agricultural+Trucking+and+Rail+Capacity,https://archive.org/search?query=USDA+US+Agricultural+Trucking+and+Rail+Capacity,https://www.ams.usda.gov/services/transportation-analysis,USDA US Agricultural Trucking and Rail Capacity,False,v2
647,Supply Chain,container_shipping,Drewry,,Global Container Shipping Annual Review 2024,2024,Drewry,REPORT,multi,2020_present,Global,none,none,none,en,academic,none,none,MEDIUM,NEEDED,,https://annas-archive.org/search?q=Drewry+Global+Container+Shipping+Annual+Review+2024,https://archive.org/search?query=Drewry+Global+Container+Shipping+Annual+Review+2024,,Drewry Global Container Shipping Annual Review 2024,False,v2
648,Supply Chain,pandemic_supply,Stevens,Andrew W.,The Economic Effects of COVID-19 on Specialty Crop and Vegetable Markets,2021,Applied Econ Perspectives & Policy,ARTICLE,produce,2020_present,US,none,none,none,en,academic,none,none,MEDIUM,NEEDED,,https://annas-archive.org/search?q=Stevens+The+Economic+Effects+of+COVID-19+on+Specialty+Crop+and+Vegetable+Markets,https://archive.org/search?query=Stevens+The+Economic+Effects+of+COVID-19+on+Specialty+Crop+and+Vegetable+Markets,,Stevens The Economic Effects of COVID-19 on Specialty Crop and Vegetable Markets,False,v2
649,Supply Chain,cold_chain,James,Stephen,"Cold Chains, Energy and Food Waste in the Supply Chain",2010,Applied Energy,ARTICLE,multi,1980_2010,Global,none,none,none,en,academic,none,none,MEDIUM,NEEDED,,https://annas-archive.org/search?q=James+Cold+Chains%2C+Energy+and+Food+Waste+in+the+Supply+Chain,https://archive.org/search?query=James+Cold+Chains%2C+Energy+and+Food+Waste+in+the+Supply+Chain,,"James Cold Chains, Energy and Food Waste in the Supply Chain",False,v2
650,Supply Chain,supermarket_logistics,Konefal,Jason,"Mass Production, Globalization, and the Transformation of Food Retailing",2005,in Ag Biotech in Transition,CHAPTER,multi,1980_2010,US_Global,none,none,none,en,academic,none,none,LOW,NEEDED,,https://annas-archive.org/search?q=Konefal+Mass+Production%2C+Globalization%2C+and+the+Transformation+of+Food+Retailing,https://archive.org/search?query=Konefal+Mass+Production%2C+Globalization%2C+and+the+Transformation+of+Food+Retailing,,"Konefal Mass Production, Globalization, and the Transformation of Food Retailing",False,v2
651,Supply Chain,rail_history,Cronon,William,Pricing the Future: Grain,1991,(chapter in Nature's Metropolis),CHAPTER,cereals,pre1900,US,none,none,none,en,academic,none,none,MEDIUM,NEEDED,,https://annas-archive.org/search?q=Cronon+Pricing+the+Future%3A+Grain,https://archive.org/search?query=Cronon+Pricing+the+Future%3A+Grain,,Cronon Pricing the Future: Grain,False,v2
652,Supply Chain,trucking,Viscelli,Steve,The Big Rig: Trucking and the Decline of the American Dream,2016,UC Press,BOOK,multi,2010_2020,US,none,none,none,en,academic,none,none,HIGH,NEEDED,,https://annas-archive.org/search?q=Viscelli+The+Big+Rig%3A+Trucking+and+the+Decline+of+the+American+Dream,https://archive.org/search?query=Viscelli+The+Big+Rig%3A+Trucking+and+the+Decline+of+the+American+Dream,,Viscelli The Big Rig: Trucking and the Decline of the American Dream,False,v2
653,Supply Chain,container_shipping,IMO,,International Maritime Organization Statistics: Reefer Shipping 2024,2024,IMO,DATASET_DOC,multi,2020_present,Global,none,none,none,en,academic,none,none,LOW,NEEDED,,https://annas-archive.org/search?q=IMO+International+Maritime+Organization+Statistics%3A+Reefer+Shipping+2024,https://archive.org/search?query=IMO+International+Maritime+Organization+Statistics%3A+Reefer+Shipping+2024,,IMO International Maritime Organization Statistics: Reefer Shipping 2024,False,v2
654,Supply Chain,pandemic_supply,Saitone,Tina L.,Food Supply Chains Under COVID-19,2022,Annual Review of Resource Economics,ARTICLE,multi,2020_present,US_Global,none,none,none,en,academic,none,none,HIGH,NEEDED,,https://annas-archive.org/search?q=Saitone+Food+Supply+Chains+Under+COVID-19,https://archive.org/search?query=Saitone+Food+Supply+Chains+Under+COVID-19,,Saitone Food Supply Chains Under COVID-19,False,v2
655,Supply Chain,supermarket_logistics,Kalaitzandonakes,Nicholas,Vertical Coordination in the Food Industry,2018,Applied Econ Perspectives & Policy,ARTICLE,multi,2010_2020,US,none,none,none,en,academic,none,none,MEDIUM,NEEDED,,https://annas-archive.org/search?q=Kalaitzandonakes+Vertical+Coordination+in+the+Food+Industry,https://archive.org/search?query=Kalaitzandonakes+Vertical+Coordination+in+the+Food+Industry,,Kalaitzandonakes Vertical Coordination in the Food Industry,False,v2
656,Retail Grocery,chain_era,Levinson,Marc,The Great A&P and the Struggle for Small Business in America,2011,Hill and Wang,BOOK,multi,1900_1945,US,none,none,none,en,academic,none,none,FLAGSHIP,NEEDED,Flagship Cat 18,https://annas-archive.org/search?q=Levinson+The+Great+A%26P+and+the+Struggle+for+Small+Business+in+America,https://archive.org/search?query=Levinson+The+Great+A%26P+and+the+Struggle+for+Small+Business+in+America,,Levinson The Great A&P and the Struggle for Small Business in America,False,v2
657,Retail Grocery,chain_era,Deutsch,Tracey,"Building a Housewife's Paradise: Gender, Politics, and American Grocery Stores",2010,UNC Press,BOOK,multi,1900_1945,US,none,none,none,en,academic,none,none,HIGH,NEEDED,,https://annas-archive.org/search?q=Deutsch+Building+a+Housewife%27s+Paradise%3A+Gender%2C+Politics%2C+and+American+Grocery+Stores,https://archive.org/search?query=Deutsch+Building+a+Housewife%27s+Paradise%3A+Gender%2C+Politics%2C+and+American+Grocery+Stores,,"Deutsch Building a Housewife's Paradise: Gender, Politics, and American Grocery Stores",False,v2
658,Retail Grocery,chain_era,Mayo,James M.,The American Grocery Store: The Business Evolution of an Architectural Space,1993,Greenwood,BOOK,multi,pre1900,US,none,none,none,en,academic,none,none,LOW,NEEDED,,https://annas-archive.org/search?q=Mayo+The+American+Grocery+Store%3A+The+Business+Evolution+of+an+Architectural+Space,https://archive.org/search?query=Mayo+The+American+Grocery+Store%3A+The+Business+Evolution+of+an+Architectural+Space,,Mayo The American Grocery Store: The Business Evolution of an Architectural Space,False,v2
659,Retail Grocery,supermarket_rise,Hamilton,Shane,Supermarket USA: Food and Power in the Cold War Farms Race,2018,Yale UP,BOOK,multi,1945_1980,US_Global,none,none,none,en,academic,none,none,HIGH,NEEDED,,https://annas-archive.org/search?q=Hamilton+Supermarket+USA%3A+Food+and+Power+in+the+Cold+War+Farms+Race,https://archive.org/search?query=Hamilton+Supermarket+USA%3A+Food+and+Power+in+the+Cold+War+Farms+Race,,Hamilton Supermarket USA: Food and Power in the Cold War Farms Race,False,v2
660,Retail Grocery,supermarket_rise,Zimmerman,Max M.,The Super Market: A Revolution in Distribution,1955,McGraw-Hill,BOOK,multi,1945_1980,US,none,none,none,en,academic,none,none,MEDIUM,NEEDED,,https://annas-archive.org/search?q=Zimmerman+The+Super+Market%3A+A+Revolution+in+Distribution,https://archive.org/search?query=Zimmerman+The+Super+Market%3A+A+Revolution+in+Distribution,,Zimmerman The Super Market: A Revolution in Distribution,False,v2
661,Retail Grocery,supermarket_rise,Ellickson,Paul B.,The Evolution of the Supermarket Industry: From A&P to Walmart,2016,in Handbook on the Economics of Retailing,CHAPTER,multi,spanning,US,none,none,none,en,academic,none,none,HIGH,NEEDED,,https://annas-archive.org/search?q=Ellickson+The+Evolution+of+the+Supermarket+Industry%3A+From+A%26P+to+Walmart,https://archive.org/search?query=Ellickson+The+Evolution+of+the+Supermarket+Industry%3A+From+A%26P+to+Walmart,,Ellickson The Evolution of the Supermarket Industry: From A&P to Walmart,False,v2
662,Retail Grocery,walmart,Fishman,Charles,The Wal-Mart Effect,2006,Penguin,BOOK,multi,1980_2010,US,none,none,none,en,academic,none,none,HIGH,NEEDED,,https://annas-archive.org/search?q=Fishman+The+Wal-Mart+Effect,https://archive.org/search?query=Fishman+The+Wal-Mart+Effect,,Fishman The Wal-Mart Effect,False,v2
663,Retail Grocery,walmart,Basker,Emek,The Causes and Consequences of Wal-Mart's Growth,2007,J Economic Perspectives,ARTICLE,multi,1980_2010,US,none,none,none,en,academic,none,none,HIGH,NEEDED,,https://annas-archive.org/search?q=Basker+The+Causes+and+Consequences+of+Wal-Mart%27s+Growth,https://archive.org/search?query=Basker+The+Causes+and+Consequences+of+Wal-Mart%27s+Growth,https://doi.org/10.1257/jep.21.3.177,Basker The Causes and Consequences of Wal-Mart's Growth,False,v2
664,Retail Grocery,walmart,Volpe,Richard,Walmart's Effect on the Supply of Low-Price Food Products,2014,AJAE,ARTICLE,multi,2010_2020,US,none,none,none,en,academic,none,none,MEDIUM,NEEDED,,https://annas-archive.org/search?q=Volpe+Walmart%27s+Effect+on+the+Supply+of+Low-Price+Food+Products,https://archive.org/search?query=Volpe+Walmart%27s+Effect+on+the+Supply+of+Low-Price+Food+Products,,Volpe Walmart's Effect on the Supply of Low-Price Food Products,False,v2
665,Retail Grocery,amazon_whole_foods,Cachon,Gérard P.,Retail on Amazon: New Insights Into Online Commerce,2023,Management Science,ARTICLE,multi,2020_present,US,none,none,none,en,academic,none,none,MEDIUM,NEEDED,,https://annas-archive.org/search?q=Cachon+Retail+on+Amazon%3A+New+Insights+Into+Online+Commerce,https://archive.org/search?query=Cachon+Retail+on+Amazon%3A+New+Insights+Into+Online+Commerce,,Cachon Retail on Amazon: New Insights Into Online Commerce,False,v2
666,Retail Grocery,amazon_whole_foods,Hortacsu,Ali,The Geography of Retail,2015,NBER WP,WORKING_PAPER,none,2010_2020,US,none,none,none,en,academic,none,none,MEDIUM,NEEDED,,https://annas-archive.org/search?q=Hortacsu+The+Geography+of+Retail,https://archive.org/search?query=Hortacsu+The+Geography+of+Retail,,Hortacsu The Geography of Retail,False,v2
667,Retail Grocery,food_deserts,Allcott,Hunt,Food Deserts and the Causes of Nutritional Inequality,2019,QJE,ARTICLE,multi,2010_2020,US,none,none,none,en,academic,none,none,CRITICAL,NEEDED,,https://annas-archive.org/search?q=Allcott+Food+Deserts+and+the+Causes+of+Nutritional+Inequality,https://archive.org/search?query=Allcott+Food+Deserts+and+the+Causes+of+Nutritional+Inequality,https://doi.org/10.1093/qje/qjz015,Allcott Food Deserts and the Causes of Nutritional Inequality,False,v2
668,Retail Grocery,food_deserts,USDA ERS,,Food Access Research Atlas Documentation,2024,USDA ERS,DATASET_DOC,none,2020_present,US,none,none,none,en,academic,none,none,HIGH,NEEDED,,https://annas-archive.org/search?q=USDA+ERS+Food+Access+Research+Atlas+Documentation,https://archive.org/search?query=USDA+ERS+Food+Access+Research+Atlas+Documentation,https://www.ers.usda.gov/data-products/food-access-research-atlas/,USDA ERS Food Access Research Atlas Documentation,False,v2
669,Retail Grocery,food_deserts,Wright,Joshua,Food Deserts in America: A Research Synthesis,2016,USDA ERS,REPORT,none,2010_2020,US,none,none,none,en,academic,none,none,MEDIUM,NEEDED,,https://annas-archive.org/search?q=Wright+Food+Deserts+in+America%3A+A+Research+Synthesis,https://archive.org/search?query=Wright+Food+Deserts+in+America%3A+A+Research+Synthesis,,Wright Food Deserts in America: A Research Synthesis,False,v2
670,Retail Grocery,dollar_stores,Caoui,El Hadi,The Rise of Dollar Stores and Food Access,2023,Review of Economics and Statistics,ARTICLE,none,2020_present,US,none,none,none,en,academic,none,none,HIGH,NEEDED,,https://annas-archive.org/search?q=Caoui+The+Rise+of+Dollar+Stores+and+Food+Access,https://archive.org/search?query=Caoui+The+Rise+of+Dollar+Stores+and+Food+Access,,Caoui The Rise of Dollar Stores and Food Access,False,v2
671,Retail Grocery,kroger_albertsons,FTC,,FTC Challenges Kroger-Albertsons Merger: Filings,2024,FTC,GOV_DOC,none,2020_present,US,none,none,none,en,academic,none,none,HIGH,NEEDED,,https://annas-archive.org/search?q=FTC+FTC+Challenges+Kroger-Albertsons+Merger%3A+Filings,https://archive.org/search?query=FTC+FTC+Challenges+Kroger-Albertsons+Merger%3A+Filings,https://www.ftc.gov/news-events/news/press-releases/2024/02/ftc-challenges-krogers-acquisition-albertsons,FTC FTC Challenges Kroger-Albertsons Merger: Filings,False,v2
672,Retail Grocery,kroger_albertsons,Hovhannisyan,Vardges,Potential Effects of the Kroger-Albertsons Merger on Food Prices,2024,Choices Magazine,ARTICLE,multi,2020_present,US,none,none,none,en,academic,none,none,HIGH,NEEDED,,https://annas-archive.org/search?q=Hovhannisyan+Potential+Effects+of+the+Kroger-Albertsons+Merger+on+Food+Prices,https://archive.org/search?query=Hovhannisyan+Potential+Effects+of+the+Kroger-Albertsons+Merger+on+Food+Prices,,Hovhannisyan Potential Effects of the Kroger-Albertsons Merger on Food Prices,False,v2
673,Retail Grocery,meal_kits,Mintel,,US Meal Kit Market Report 2023,2023,Mintel,REPORT,multi,2020_present,US,none,none,none,en,academic,none,none,LOW,NEEDED,,https://annas-archive.org/search?q=Mintel+US+Meal+Kit+Market+Report+2023,https://archive.org/search?query=Mintel+US+Meal+Kit+Market+Report+2023,,Mintel US Meal Kit Market Report 2023,False,v2
674,Retail Grocery,instant_grocery,Fisher,Marshall L.,The Unit Economics of Instant Grocery Delivery,2023,MIT Sloan Review,ARTICLE,none,2020_present,US,none,none,none,en,academic,none,none,MEDIUM,NEEDED,,https://annas-archive.org/search?q=Fisher+The+Unit+Economics+of+Instant+Grocery+Delivery,https://archive.org/search?query=Fisher+The+Unit+Economics+of+Instant+Grocery+Delivery,,Fisher The Unit Economics of Instant Grocery Delivery,False,v2
675,Retail Grocery,supermarket_rise,Humphery,Kim,Shelf Life: Supermarkets and the Changing Cultures of Consumption,1998,Cambridge UP,BOOK,multi,1980_2010,Global,none,none,none,en,academic,none,none,LOW,NEEDED,,https://annas-archive.org/search?q=Humphery+Shelf+Life%3A+Supermarkets+and+the+Changing+Cultures+of+Consumption,https://archive.org/search?query=Humphery+Shelf+Life%3A+Supermarkets+and+the+Changing+Cultures+of+Consumption,,Humphery Shelf Life: Supermarkets and the Changing Cultures of Consumption,False,v2
676,Retail Grocery,chain_era,Bean,Jonathan J.,"Beyond the Broker State: Federal Policies Toward Small Business, 1936-1961",1996,UNC Press,BOOK,none,1900_1945,US,none,none,none,en,academic,none,none,LOW,NEEDED,,https://annas-archive.org/search?q=Bean+Beyond+the+Broker+State%3A+Federal+Policies+Toward+Small+Business%2C+1936-1961,https://archive.org/search?query=Bean+Beyond+the+Broker+State%3A+Federal+Policies+Toward+Small+Business%2C+1936-1961,,"Bean Beyond the Broker State: Federal Policies Toward Small Business, 1936-1961",False,v2
677,Retail Grocery,walmart,Goetz,Stephan J.,WalMart and Obesity,2009,Social Science Quarterly,ARTICLE,multi,1980_2010,US,none,none,none,en,academic,none,none,LOW,NEEDED,,https://annas-archive.org/search?q=Goetz+WalMart+and+Obesity,https://archive.org/search?query=Goetz+WalMart+and+Obesity,,Goetz WalMart and Obesity,False,v2
678,Retail Grocery,food_deserts,Weatherspoon,Dave,The Impact of a Nutritionally-Enhanced Supermarket on Household Food Purchases,2013,Applied Econ Perspectives & Policy,ARTICLE,none,2010_2020,US,none,none,none,en,academic,none,none,LOW,NEEDED,,https://annas-archive.org/search?q=Weatherspoon+The+Impact+of+a+Nutritionally-Enhanced+Supermarket+on+Household+Food+Purchases,https://archive.org/search?query=Weatherspoon+The+Impact+of+a+Nutritionally-Enhanced+Supermarket+on+Household+Food+Purchases,,Weatherspoon The Impact of a Nutritionally-Enhanced Supermarket on Household Food Purchases,False,v2
679,Retail Grocery,amazon_whole_foods,Derstine,Charles,Amazon's Whole Foods Acquisition: Four Years Later,2021,J Retailing,ARTICLE,multi,2020_present,US,none,none,none,en,academic,none,none,MEDIUM,NEEDED,,https://annas-archive.org/search?q=Derstine+Amazon%27s+Whole+Foods+Acquisition%3A+Four+Years+Later,https://archive.org/search?query=Derstine+Amazon%27s+Whole+Foods+Acquisition%3A+Four+Years+Later,,Derstine Amazon's Whole Foods Acquisition: Four Years Later,False,v2
680,Retail Grocery,dollar_stores,Chenarides,Lauren,Dollar Stores and Food Deserts: A Dual Role?,2021,Applied Econ Perspectives & Policy,ARTICLE,none,2020_present,US,none,none,none,en,academic,none,none,HIGH,NEEDED,,https://annas-archive.org/search?q=Chenarides+Dollar+Stores+and+Food+Deserts%3A+A+Dual+Role%3F,https://archive.org/search?query=Chenarides+Dollar+Stores+and+Food+Deserts%3A+A+Dual+Role%3F,,Chenarides Dollar Stores and Food Deserts: A Dual Role?,False,v2
681,Food Ag Labor,meatpacking_labor,Pachirat,Timothy,Every Twelve Seconds: Industrialized Slaughter and the Politics of Sight,2011,Yale UP,BOOK,meat,2010_2020,US,none,none,none,en,academic,none,none,FLAGSHIP,NEEDED,Flagship Cat 19,https://annas-archive.org/search?q=Pachirat+Every+Twelve+Seconds%3A+Industrialized+Slaughter+and+the+Politics+of+Sight,https://archive.org/search?query=Pachirat+Every+Twelve+Seconds%3A+Industrialized+Slaughter+and+the+Politics+of+Sight,,Pachirat Every Twelve Seconds: Industrialized Slaughter and the Politics of Sight,False,v2
682,Food Ag Labor,meatpacking_labor,Sinclair,Upton,The Jungle,1906,Doubleday,BOOK,meat,pre1900,US,none,none,none,en,academic,none,none,HIGH,NEEDED,Foundational muckraking,https://annas-archive.org/search?q=Sinclair+The+Jungle,https://archive.org/search?query=Sinclair+The+Jungle,,Sinclair The Jungle,False,v2
683,Food Ag Labor,meatpacking_labor,Stull,Donald D.,Any Way You Cut It: Meat Processing and Small-Town America,1995,U Kansas Press,BOOK,meat,1980_2010,US,none,none,none,en,academic,none,none,HIGH,NEEDED,"With Broadway, Griffith",https://annas-archive.org/search?q=Stull+Any+Way+You+Cut+It%3A+Meat+Processing+and+Small-Town+America,https://archive.org/search?query=Stull+Any+Way+You+Cut+It%3A+Meat+Processing+and+Small-Town+America,,Stull Any Way You Cut It: Meat Processing and Small-Town America,False,v2
684,Food Ag Labor,meatpacking_labor,Stuesse,Angela,"Scratching Out a Living: Latinos, Race, and Work in the Deep South",2016,UC Press,BOOK,meat,2010_2020,US,none,none,none,en,academic,none,none,MEDIUM,NEEDED,,https://annas-archive.org/search?q=Stuesse+Scratching+Out+a+Living%3A+Latinos%2C+Race%2C+and+Work+in+the+Deep+South,https://archive.org/search?query=Stuesse+Scratching+Out+a+Living%3A+Latinos%2C+Race%2C+and+Work+in+the+Deep+South,,"Stuesse Scratching Out a Living: Latinos, Race, and Work in the Deep South",False,v2
685,Food Ag Labor,farmworker,Martin,Philip L.,"Promise Unfulfilled: Unions, Immigration, and the Farm Workers",2003,Cornell UP,BOOK,produce,1980_2010,US,none,none,none,en,academic,none,none,HIGH,NEEDED,,https://annas-archive.org/search?q=Martin+Promise+Unfulfilled%3A+Unions%2C+Immigration%2C+and+the+Farm+Workers,https://archive.org/search?query=Martin+Promise+Unfulfilled%3A+Unions%2C+Immigration%2C+and+the+Farm+Workers,,"Martin Promise Unfulfilled: Unions, Immigration, and the Farm Workers",False,v2
686,Food Ag Labor,farmworker,Cohen,Deborah,Braceros: Migrant Citizens and Transnational Subjects in the Postwar United States and Mexico,2011,UNC Press,BOOK,produce,1945_1980,US,none,none,none,en,academic,none,none,HIGH,NEEDED,,https://annas-archive.org/search?q=Cohen+Braceros%3A+Migrant+Citizens+and+Transnational+Subjects+in+the+Postwar+United+States+and+Mexico,https://archive.org/search?query=Cohen+Braceros%3A+Migrant+Citizens+and+Transnational+Subjects+in+the+Postwar+United+States+and+Mexico,,Cohen Braceros: Migrant Citizens and Transnational Subjects in the Postwar United States and Mexico,False,v2
687,Food Ag Labor,farmworker,Holmes,Seth M.,"Fresh Fruit, Broken Bodies: Migrant Farmworkers in the United States",2013,UC Press,BOOK,produce,2010_2020,US,none,none,none,en,academic,none,none,HIGH,NEEDED,,https://annas-archive.org/search?q=Holmes+Fresh+Fruit%2C+Broken+Bodies%3A+Migrant+Farmworkers+in+the+United+States,https://archive.org/search?query=Holmes+Fresh+Fruit%2C+Broken+Bodies%3A+Migrant+Farmworkers+in+the+United+States,,"Holmes Fresh Fruit, Broken Bodies: Migrant Farmworkers in the United States",False,v2
688,Food Ag Labor,farmworker,Ganz,Marshall,"Why David Sometimes Wins: Leadership, Organization, and Strategy in the California Farm Worker Movement",2009,Oxford UP,BOOK,produce,1945_1980,US,none,none,none,en,academic,none,none,HIGH,NEEDED,,https://annas-archive.org/search?q=Ganz+Why+David+Sometimes+Wins%3A+Leadership%2C+Organization%2C+and+Strategy+in+the+California+Farm+Worker+Movement,https://archive.org/search?query=Ganz+Why+David+Sometimes+Wins%3A+Leadership%2C+Organization%2C+and+Strategy+in+the+California+Farm+Worker+Movement,,"Ganz Why David Sometimes Wins: Leadership, Organization, and Strategy in the California Farm Worker Movement",False,v2
689,Food Ag Labor,farmworker,Garcia y Griego,Manuel,"The Importation of Mexican Contract Laborers to the US, 1942-1964",1996,in Between Two Worlds,CHAPTER,produce,1945_1980,US,none,none,none,en,academic,none,none,MEDIUM,NEEDED,,https://annas-archive.org/search?q=Garcia+y+Griego+The+Importation+of+Mexican+Contract+Laborers+to+the+US%2C+1942-1964,https://archive.org/search?query=Garcia+y+Griego+The+Importation+of+Mexican+Contract+Laborers+to+the+US%2C+1942-1964,,"Garcia y Griego The Importation of Mexican Contract Laborers to the US, 1942-1964",False,v2
690,Food Ag Labor,restaurant_labor,Jayaraman,Saru,Behind the Kitchen Door,2013,Cornell UP,BOOK,none,2010_2020,US,none,none,none,en,academic,none,none,HIGH,NEEDED,,https://annas-archive.org/search?q=Jayaraman+Behind+the+Kitchen+Door,https://archive.org/search?query=Jayaraman+Behind+the+Kitchen+Door,,Jayaraman Behind the Kitchen Door,False,v2
691,Food Ag Labor,restaurant_labor,Jayaraman,Saru,Forked: A New Standard for American Dining,2016,Oxford UP,BOOK,none,2010_2020,US,none,none,none,en,academic,none,none,HIGH,NEEDED,,https://annas-archive.org/search?q=Jayaraman+Forked%3A+A+New+Standard+for+American+Dining,https://archive.org/search?query=Jayaraman+Forked%3A+A+New+Standard+for+American+Dining,,Jayaraman Forked: A New Standard for American Dining,False,v2
692,Food Ag Labor,restaurant_labor,Rosen,Sherwin,The Economics of the Tipped Wage,1991,J Labor Economics,ARTICLE,none,1980_2010,US,none,none,none,en,academic,none,none,MEDIUM,NEEDED,,https://annas-archive.org/search?q=Rosen+The+Economics+of+the+Tipped+Wage,https://archive.org/search?query=Rosen+The+Economics+of+the+Tipped+Wage,,Rosen The Economics of the Tipped Wage,False,v2
693,Food Ag Labor,restaurant_labor,Dube,Arindrajit,Minimum Wages and the Distribution of Family Incomes,2019,American Economic Journal,ARTICLE,none,2010_2020,US,none,none,none,en,academic,none,none,MEDIUM,NEEDED,,https://annas-archive.org/search?q=Dube+Minimum+Wages+and+the+Distribution+of+Family+Incomes,https://archive.org/search?query=Dube+Minimum+Wages+and+the+Distribution+of+Family+Incomes,,Dube Minimum Wages and the Distribution of Family Incomes,False,v2
694,Food Ag Labor,h2a_immigration,Martin,Philip L.,The H-2A Program: A 2024 Assessment,2024,RECON,WORKING_PAPER,produce,2020_present,US,none,none,none,en,academic,none,none,HIGH,NEEDED,,https://annas-archive.org/search?q=Martin+The+H-2A+Program%3A+A+2024+Assessment,https://archive.org/search?query=Martin+The+H-2A+Program%3A+A+2024+Assessment,,Martin The H-2A Program: A 2024 Assessment,False,v2
695,Food Ag Labor,h2a_immigration,Charlton,Diane,The Economic Effects of an Aging Farm Labor Supply,2021,AJAE,ARTICLE,produce,2020_present,US,none,none,none,en,academic,none,none,HIGH,NEEDED,,https://annas-archive.org/search?q=Charlton+The+Economic+Effects+of+an+Aging+Farm+Labor+Supply,https://archive.org/search?query=Charlton+The+Economic+Effects+of+an+Aging+Farm+Labor+Supply,,Charlton The Economic Effects of an Aging Farm Labor Supply,False,v2
696,Food Ag Labor,h2a_immigration,USDOL,,H-2A Adverse Effect Wage Rates (AEWR) 2024,2024,US Dept of Labor,DATASET_DOC,produce,2020_present,US,none,none,none,en,academic,none,none,HIGH,NEEDED,,https://annas-archive.org/search?q=USDOL+H-2A+Adverse+Effect+Wage+Rates+%28AEWR%29+2024,https://archive.org/search?query=USDOL+H-2A+Adverse+Effect+Wage+Rates+%28AEWR%29+2024,https://www.dol.gov/agencies/eta/foreign-labor/wages,USDOL H-2A Adverse Effect Wage Rates (AEWR) 2024,False,v2
697,Food Ag Labor,slavery_plantation,Beckert,Sven,Empire of Cotton: A Global History,2014,Knopf,BOOK,multi,pre1900,Colonial,none,none,none,en,academic,none,none,HIGH,NEEDED,,https://annas-archive.org/search?q=Beckert+Empire+of+Cotton%3A+A+Global+History,https://archive.org/search?query=Beckert+Empire+of+Cotton%3A+A+Global+History,,Beckert Empire of Cotton: A Global History,False,v2
698,Food Ag Labor,slavery_plantation,Rockman,Seth,"Scraping By: Wage Labor, Slavery, and Survival in Early Baltimore",2008,Johns Hopkins,BOOK,none,pre1900,US,none,none,none,en,academic,none,none,LOW,NEEDED,,https://annas-archive.org/search?q=Rockman+Scraping+By%3A+Wage+Labor%2C+Slavery%2C+and+Survival+in+Early+Baltimore,https://archive.org/search?query=Rockman+Scraping+By%3A+Wage+Labor%2C+Slavery%2C+and+Survival+in+Early+Baltimore,,"Rockman Scraping By: Wage Labor, Slavery, and Survival in Early Baltimore",False,v2
699,Food Ag Labor,meatpacking_labor,Human Rights Watch,,"Blood, Sweat, and Fear: Workers' Rights in US Meat and Poultry Plants",2004,HRW,REPORT,meat,1980_2010,US,none,none,none,en,academic,none,none,HIGH,NEEDED,,https://annas-archive.org/search?q=Human+Rights+Watch+Blood%2C+Sweat%2C+and+Fear%3A+Workers%27+Rights+in+US+Meat+and+Poultry+Plants,https://archive.org/search?query=Human+Rights+Watch+Blood%2C+Sweat%2C+and+Fear%3A+Workers%27+Rights+in+US+Meat+and+Poultry+Plants,https://www.hrw.org/,"Human Rights Watch Blood, Sweat, and Fear: Workers' Rights in US Meat and Poultry Plants",False,v2
700,Food Ag Labor,meatpacking_labor,Ramos,Athena K.,A Mixed-Methods Study of Latino/a Immigrant Meatpacking Workers Under COVID-19,2022,American J Industrial Medicine,ARTICLE,meat,2020_present,US,none,none,none,en,academic,none,none,MEDIUM,NEEDED,,https://annas-archive.org/search?q=Ramos+A+Mixed-Methods+Study+of+Latino%2Fa+Immigrant+Meatpacking+Workers+Under+COVID-19,https://archive.org/search?query=Ramos+A+Mixed-Methods+Study+of+Latino%2Fa+Immigrant+Meatpacking+Workers+Under+COVID-19,,Ramos A Mixed-Methods Study of Latino/a Immigrant Meatpacking Workers Under COVID-19,False,v2
701,Food Ag Labor,farmworker,Rothenberg,Daniel,With These Hands: The Hidden World of Migrant Farmworkers Today,2000,UC Press,BOOK,produce,1980_2010,US,none,none,none,en,academic,none,none,MEDIUM,NEEDED,,https://annas-archive.org/search?q=Rothenberg+With+These+Hands%3A+The+Hidden+World+of+Migrant+Farmworkers+Today,https://archive.org/search?query=Rothenberg+With+These+Hands%3A+The+Hidden+World+of+Migrant+Farmworkers+Today,,Rothenberg With These Hands: The Hidden World of Migrant Farmworkers Today,False,v2
702,Food Ag Labor,restaurant_labor,Bernhardt,Annette,"Broken Laws, Unprotected Workers: Violations of Employment and Labor Laws in America's Cities",2009,NELP,REPORT,none,1980_2010,US,none,none,none,en,academic,none,none,MEDIUM,NEEDED,,https://annas-archive.org/search?q=Bernhardt+Broken+Laws%2C+Unprotected+Workers%3A+Violations+of+Employment+and+Labor+Laws+in+America%27s+Cities,https://archive.org/search?query=Bernhardt+Broken+Laws%2C+Unprotected+Workers%3A+Violations+of+Employment+and+Labor+Laws+in+America%27s+Cities,,"Bernhardt Broken Laws, Unprotected Workers: Violations of Employment and Labor Laws in America's Cities",False,v2
703,Food Ag Labor,restaurant_labor,BLS,,Food Preparation and Serving Occupations 2024,2024,BLS,DATASET_DOC,none,2020_present,US,none,none,none,en,academic,none,none,HIGH,NEEDED,,https://annas-archive.org/search?q=BLS+Food+Preparation+and+Serving+Occupations+2024,https://archive.org/search?query=BLS+Food+Preparation+and+Serving+Occupations+2024,https://www.bls.gov/oes/,BLS Food Preparation and Serving Occupations 2024,False,v2
704,Food Ag Labor,h2a_immigration,Clemens,Michael,The Effect of Foreign-Worker Restrictions on US Agricultural Employment,2018,American Economic Review,ARTICLE,produce,2010_2020,US,none,none,none,en,academic,none,none,MEDIUM,NEEDED,,https://annas-archive.org/search?q=Clemens+The+Effect+of+Foreign-Worker+Restrictions+on+US+Agricultural+Employment,https://archive.org/search?query=Clemens+The+Effect+of+Foreign-Worker+Restrictions+on+US+Agricultural+Employment,https://doi.org/10.1257/aer.20170765,Clemens The Effect of Foreign-Worker Restrictions on US Agricultural Employment,False,v2
705,Food Ag Labor,slavery_plantation,Baptist,Edward E.,The Half Has Never Been Told: Slavery and the Making of American Capitalism,2014,Basic,BOOK,multi,pre1900,US,none,none,none,en,academic,none,none,HIGH,NEEDED,,https://annas-archive.org/search?q=Baptist+The+Half+Has+Never+Been+Told%3A+Slavery+and+the+Making+of+American+Capitalism,https://archive.org/search?query=Baptist+The+Half+Has+Never+Been+Told%3A+Slavery+and+the+Making+of+American+Capitalism,,Baptist The Half Has Never Been Told: Slavery and the Making of American Capitalism,False,v2
706,Demand Diet,diet_transition,Popkin,Barry M.,"The World Is Fat: The Fads, Trends, Policies, and Products That Are Fattening the Human Race",2009,Avery,BOOK,multi,1980_2010,Global,none,none,none,en,academic,none,none,FLAGSHIP,NEEDED,Flagship Cat 20,https://annas-archive.org/search?q=Popkin+The+World+Is+Fat%3A+The+Fads%2C+Trends%2C+Policies%2C+and+Products+That+Are+Fattening+the+Human+Race,https://archive.org/search?query=Popkin+The+World+Is+Fat%3A+The+Fads%2C+Trends%2C+Policies%2C+and+Products+That+Are+Fattening+the+Human+Race,,"Popkin The World Is Fat: The Fads, Trends, Policies, and Products That Are Fattening the Human Race",False,v2
707,Demand Diet,diet_transition,Popkin,Barry M.,Global Nutrition Transition and the Pandemic of Obesity in Developing Countries,2012,Nutrition Reviews,ARTICLE,multi,2010_2020,Global,none,none,none,en,academic,none,none,HIGH,NEEDED,,https://annas-archive.org/search?q=Popkin+Global+Nutrition+Transition+and+the+Pandemic+of+Obesity+in+Developing+Countries,https://archive.org/search?query=Popkin+Global+Nutrition+Transition+and+the+Pandemic+of+Obesity+in+Developing+Countries,,Popkin Global Nutrition Transition and the Pandemic of Obesity in Developing Countries,False,v2
708,Demand Diet,engels_law,Houthakker,Hendrik S.,An International Comparison of Household Expenditure Patterns,1957,Econometrica,ARTICLE,none,1945_1980,Global,none,none,none,en,academic,none,none,HIGH,NEEDED,,https://annas-archive.org/search?q=Houthakker+An+International+Comparison+of+Household+Expenditure+Patterns,https://archive.org/search?query=Houthakker+An+International+Comparison+of+Household+Expenditure+Patterns,,Houthakker An International Comparison of Household Expenditure Patterns,False,v2
709,Demand Diet,engels_law,Banks,James,Quadratic Engel Curves and Consumer Demand,1997,Review of Economics and Statistics,ARTICLE,none,1980_2010,US_Global,none,none,none,en,academic,none,none,MEDIUM,NEEDED,,https://annas-archive.org/search?q=Banks+Quadratic+Engel+Curves+and+Consumer+Demand,https://archive.org/search?query=Banks+Quadratic+Engel+Curves+and+Consumer+Demand,,Banks Quadratic Engel Curves and Consumer Demand,False,v2
710,Demand Diet,income_elasticity,Muhammad,Andrew,International Evidence on Food Consumption Patterns: An Update Using 2005 International Comparison Program Data,2011,USDA ERS TB-1929,REPORT,multi,2010_2020,Global,none,none,none,en,academic,none,none,HIGH,NEEDED,,https://annas-archive.org/search?q=Muhammad+International+Evidence+on+Food+Consumption+Patterns%3A+An+Update+Using+2005+International+Comparison+Program+Data,https://archive.org/search?query=Muhammad+International+Evidence+on+Food+Consumption+Patterns%3A+An+Update+Using+2005+International+Comparison+Program+Data,https://www.ers.usda.gov/publications/pub-details/?pubid=47579,Muhammad International Evidence on Food Consumption Patterns: An Update Using 2005 International Comparison Program Data,False,v2
711,Demand Diet,income_elasticity,Regmi,Anita,Changing Structure of Global Food Consumption and Trade,2001,USDA ERS WRS-01-1,REPORT,multi,1980_2010,Global,none,none,none,en,academic,none,none,HIGH,NEEDED,,https://annas-archive.org/search?q=Regmi+Changing+Structure+of+Global+Food+Consumption+and+Trade,https://archive.org/search?query=Regmi+Changing+Structure+of+Global+Food+Consumption+and+Trade,,Regmi Changing Structure of Global Food Consumption and Trade,False,v2
712,Demand Diet,meat_demand,Lusk,Jayson L.,The Political Polarization of Food-Related Preferences,2019,Applied Econ Perspectives & Policy,ARTICLE,meat,2010_2020,US,none,none,none,en,academic,none,none,MEDIUM,NEEDED,,https://annas-archive.org/search?q=Lusk+The+Political+Polarization+of+Food-Related+Preferences,https://archive.org/search?query=Lusk+The+Political+Polarization+of+Food-Related+Preferences,,Lusk The Political Polarization of Food-Related Preferences,False,v2
713,Demand Diet,meat_demand,Delgado,Christopher L.,Livestock to 2020: The Next Food Revolution,1999,IFPRI,REPORT,meat,1980_2010,Global,none,none,none,en,academic,none,none,HIGH,NEEDED,,https://annas-archive.org/search?q=Delgado+Livestock+to+2020%3A+The+Next+Food+Revolution,https://archive.org/search?query=Delgado+Livestock+to+2020%3A+The+Next+Food+Revolution,,Delgado Livestock to 2020: The Next Food Revolution,False,v2
714,Demand Diet,obesity_econ,Philipson,Tomas J.,The Economics of Obesity,1999,NBER,WORKING_PAPER,none,1980_2010,US,none,none,none,en,academic,none,none,MEDIUM,NEEDED,,https://annas-archive.org/search?q=Philipson+The+Economics+of+Obesity,https://archive.org/search?query=Philipson+The+Economics+of+Obesity,,Philipson The Economics of Obesity,False,v2
715,Demand Diet,obesity_econ,Finkelstein,Eric A.,Annual Medical Spending Attributable to Obesity,2009,Health Affairs,ARTICLE,none,1980_2010,US,none,none,none,en,academic,none,none,MEDIUM,NEEDED,,https://annas-archive.org/search?q=Finkelstein+Annual+Medical+Spending+Attributable+to+Obesity,https://archive.org/search?query=Finkelstein+Annual+Medical+Spending+Attributable+to+Obesity,,Finkelstein Annual Medical Spending Attributable to Obesity,False,v2
716,Demand Diet,obesity_econ,Cutler,David M.,Why Have Americans Become More Obese?,2003,J Economic Perspectives,ARTICLE,none,1980_2010,US,none,none,none,en,academic,none,none,HIGH,NEEDED,,https://annas-archive.org/search?q=Cutler+Why+Have+Americans+Become+More+Obese%3F,https://archive.org/search?query=Cutler+Why+Have+Americans+Become+More+Obese%3F,https://doi.org/10.1257/089533003769204371,Cutler Why Have Americans Become More Obese?,False,v2
717,Demand Diet,dietary_guidelines,Nestle,Marion,Food Politics: How the Food Industry Influences Nutrition and Health,2013,UC Press,BOOK,multi,1980_2010,US,none,none,none,en,academic,none,none,CRITICAL,NEEDED,10th anniv ed,https://annas-archive.org/search?q=Nestle+Food+Politics%3A+How+the+Food+Industry+Influences+Nutrition+and+Health,https://archive.org/search?query=Nestle+Food+Politics%3A+How+the+Food+Industry+Influences+Nutrition+and+Health,,Nestle Food Politics: How the Food Industry Influences Nutrition and Health,False,v2
718,Demand Diet,dietary_guidelines,Nestle,Marion,Unsavory Truth: How Food Companies Skew the Science of What We Eat,2018,Basic,BOOK,multi,2010_2020,US,none,none,none,en,academic,none,none,HIGH,NEEDED,,https://annas-archive.org/search?q=Nestle+Unsavory+Truth%3A+How+Food+Companies+Skew+the+Science+of+What+We+Eat,https://archive.org/search?query=Nestle+Unsavory+Truth%3A+How+Food+Companies+Skew+the+Science+of+What+We+Eat,,Nestle Unsavory Truth: How Food Companies Skew the Science of What We Eat,False,v2
719,Demand Diet,dietary_guidelines,USDA/HHS,,Dietary Guidelines for Americans 2020-2025,2020,USDA/HHS,REPORT,multi,2020_present,US,none,none,none,en,academic,none,none,HIGH,NEEDED,,https://annas-archive.org/search?q=USDA%2FHHS+Dietary+Guidelines+for+Americans+2020-2025,https://archive.org/search?query=USDA%2FHHS+Dietary+Guidelines+for+Americans+2020-2025,https://www.dietaryguidelines.gov/,USDA/HHS Dietary Guidelines for Americans 2020-2025,False,v2
720,Demand Diet,glp1_demand,Morgan Stanley,,Obesity Drugs' Potential to Reshape Food Consumption,2023,Morgan Stanley Research,REPORT,multi,2020_present,US,none,none,none,en,academic,none,none,HIGH,NEEDED,,https://annas-archive.org/search?q=Morgan+Stanley+Obesity+Drugs%27+Potential+to+Reshape+Food+Consumption,https://archive.org/search?query=Morgan+Stanley+Obesity+Drugs%27+Potential+to+Reshape+Food+Consumption,,Morgan Stanley Obesity Drugs' Potential to Reshape Food Consumption,False,v2
721,Demand Diet,glp1_demand,Walmart,,GLP-1 Food-Purchasing Commentary 2023-2024,2024,CNBC / Company Disclosures,ARTICLE,multi,2020_present,US,none,none,none,en,academic,none,none,MEDIUM,NEEDED,,https://annas-archive.org/search?q=Walmart+GLP-1+Food-Purchasing+Commentary+2023-2024,https://archive.org/search?query=Walmart+GLP-1+Food-Purchasing+Commentary+2023-2024,,Walmart GLP-1 Food-Purchasing Commentary 2023-2024,False,v2
722,Demand Diet,sugar_consumption,Popkin,Barry M.,"Sweetening of the Global Diet, Particularly Beverages: Patterns, Trends, and Policy Responses",2016,Lancet Diabetes & Endocrinology,ARTICLE,sugar,2010_2020,Global,none,none,none,en,academic,none,none,HIGH,NEEDED,,https://annas-archive.org/search?q=Popkin+Sweetening+of+the+Global+Diet%2C+Particularly+Beverages%3A+Patterns%2C+Trends%2C+and+Policy+Responses,https://archive.org/search?query=Popkin+Sweetening+of+the+Global+Diet%2C+Particularly+Beverages%3A+Patterns%2C+Trends%2C+and+Policy+Responses,,"Popkin Sweetening of the Global Diet, Particularly Beverages: Patterns, Trends, and Policy Responses",False,v2
723,Demand Diet,meat_demand,Godfray,H. Charles J.,"Meat Consumption, Health, and the Environment",2018,Science,ARTICLE,meat,2010_2020,Global,none,none,none,en,academic,none,none,HIGH,NEEDED,,https://annas-archive.org/search?q=Godfray+Meat+Consumption%2C+Health%2C+and+the+Environment,https://archive.org/search?query=Godfray+Meat+Consumption%2C+Health%2C+and+the+Environment,https://doi.org/10.1126/science.aam5324,"Godfray Meat Consumption, Health, and the Environment",False,v2
724,Demand Diet,income_elasticity,USDA ERS,,International Food Consumption Patterns Dataset,2024,USDA ERS,DATASET_DOC,multi,2020_present,Global,none,none,none,en,academic,none,none,HIGH,NEEDED,,https://annas-archive.org/search?q=USDA+ERS+International+Food+Consumption+Patterns+Dataset,https://archive.org/search?query=USDA+ERS+International+Food+Consumption+Patterns+Dataset,https://www.ers.usda.gov/data-products/international-food-consumption-patterns/,USDA ERS International Food Consumption Patterns Dataset,False,v2
725,Demand Diet,obesity_econ,Harris,Jeffrey E.,Obesity Rates and the Economics of Food Choice,2020,American J Health Economics,ARTICLE,none,2020_present,US,none,none,none,en,academic,none,none,MEDIUM,NEEDED,,https://annas-archive.org/search?q=Harris+Obesity+Rates+and+the+Economics+of+Food+Choice,https://archive.org/search?query=Harris+Obesity+Rates+and+the+Economics+of+Food+Choice,,Harris Obesity Rates and the Economics of Food Choice,False,v2
726,Demand Diet,dietary_guidelines,Mozaffarian,Dariush,"Foods, Obesity, and Diabetes",2019,Lancet,ARTICLE,multi,2010_2020,Global,none,none,none,en,academic,none,none,MEDIUM,NEEDED,,https://annas-archive.org/search?q=Mozaffarian+Foods%2C+Obesity%2C+and+Diabetes,https://archive.org/search?query=Mozaffarian+Foods%2C+Obesity%2C+and+Diabetes,,"Mozaffarian Foods, Obesity, and Diabetes",False,v2
727,Demand Diet,meat_demand,Ritchie,Hannah,Meat and Dairy Production: Our World in Data,2024,Our World in Data,DATASET_DOC,meat,2020_present,Global,none,none,none,en,academic,none,none,HIGH,NEEDED,,https://annas-archive.org/search?q=Ritchie+Meat+and+Dairy+Production%3A+Our+World+in+Data,https://archive.org/search?query=Ritchie+Meat+and+Dairy+Production%3A+Our+World+in+Data,https://ourworldindata.org/meat-production,Ritchie Meat and Dairy Production: Our World in Data,False,v2
728,Demand Diet,diet_transition,Drewnowski,Adam,Obesity and the Food Environment,2004,American J Preventive Medicine,ARTICLE,multi,1980_2010,US,none,none,none,en,academic,none,none,HIGH,NEEDED,,https://annas-archive.org/search?q=Drewnowski+Obesity+and+the+Food+Environment,https://archive.org/search?query=Drewnowski+Obesity+and+the+Food+Environment,,Drewnowski Obesity and the Food Environment,False,v2
729,Demand Diet,glp1_demand,Nestle,Nestle S.A.,GLP-1 Food Industry Impact Commentary,2024,Nestle Investor Day,REPORT,multi,2020_present,Global,none,none,none,en,academic,none,none,LOW,NEEDED,,https://annas-archive.org/search?q=Nestle+GLP-1+Food+Industry+Impact+Commentary,https://archive.org/search?query=Nestle+GLP-1+Food+Industry+Impact+Commentary,,Nestle GLP-1 Food Industry Impact Commentary,False,v2
730,Demand Diet,sugar_consumption,USDA ERS,,Sugar and Sweeteners Yearbook Tables 2024,2024,USDA ERS,DATASET_DOC,sugar,2020_present,US,none,none,none,en,academic,none,none,HIGH,NEEDED,,https://annas-archive.org/search?q=USDA+ERS+Sugar+and+Sweeteners+Yearbook+Tables+2024,https://archive.org/search?query=USDA+ERS+Sugar+and+Sweeteners+Yearbook+Tables+2024,https://www.ers.usda.gov/data-products/sugar-and-sweeteners-yearbook-tables/,USDA ERS Sugar and Sweeteners Yearbook Tables 2024,False,v2
731,Food Safety Regulation,regulatory_history,Young,James Harvey,Pure Food: Securing the Federal Food and Drugs Act of 1906,1989,Princeton UP,BOOK,multi,pre1900,US,none,none,none,en,academic,none,none,FLAGSHIP,NEEDED,Flagship Cat 21,https://annas-archive.org/search?q=Young+Pure+Food%3A+Securing+the+Federal+Food+and+Drugs+Act+of+1906,https://archive.org/search?query=Young+Pure+Food%3A+Securing+the+Federal+Food+and+Drugs+Act+of+1906,,Young Pure Food: Securing the Federal Food and Drugs Act of 1906,False,v2
732,Food Safety Regulation,regulatory_history,Hilts,Philip J.,"Protecting America's Health: The FDA, Business, and One Hundred Years of Regulation",2003,Knopf,BOOK,multi,spanning,US,none,none,none,en,academic,none,none,HIGH,NEEDED,,https://annas-archive.org/search?q=Hilts+Protecting+America%27s+Health%3A+The+FDA%2C+Business%2C+and+One+Hundred+Years+of+Regulation,https://archive.org/search?query=Hilts+Protecting+America%27s+Health%3A+The+FDA%2C+Business%2C+and+One+Hundred+Years+of+Regulation,,"Hilts Protecting America's Health: The FDA, Business, and One Hundred Years of Regulation",False,v2
733,Food Safety Regulation,regulatory_history,Olmsted,Alan L.,"Arresting Contagion: Science, Policy, and Conflicts over Animal Disease Control",2015,Harvard UP,BOOK,meat,spanning,US,none,none,none,en,academic,none,none,HIGH,NEEDED,With Rhode,https://annas-archive.org/search?q=Olmsted+Arresting+Contagion%3A+Science%2C+Policy%2C+and+Conflicts+over+Animal+Disease+Control,https://archive.org/search?query=Olmsted+Arresting+Contagion%3A+Science%2C+Policy%2C+and+Conflicts+over+Animal+Disease+Control,,"Olmsted Arresting Contagion: Science, Policy, and Conflicts over Animal Disease Control",False,v2
734,Food Safety Regulation,fda_usda,USDA FSIS,,FSIS Strategic Plan 2022-2026,2022,USDA,REPORT,meat,2020_present,US,none,none,none,en,academic,none,none,HIGH,NEEDED,,https://annas-archive.org/search?q=USDA+FSIS+FSIS+Strategic+Plan+2022-2026,https://archive.org/search?query=USDA+FSIS+FSIS+Strategic+Plan+2022-2026,https://www.fsis.usda.gov/,USDA FSIS FSIS Strategic Plan 2022-2026,False,v2
735,Food Safety Regulation,fda_usda,FDA,,Food Safety Modernization Act (FSMA) Implementation Report 2024,2024,FDA,REPORT,multi,2020_present,US,none,none,none,en,academic,none,none,HIGH,NEEDED,,https://annas-archive.org/search?q=FDA+Food+Safety+Modernization+Act+%28FSMA%29+Implementation+Report+2024,https://archive.org/search?query=FDA+Food+Safety+Modernization+Act+%28FSMA%29+Implementation+Report+2024,https://www.fda.gov/food/food-safety-modernization-act-fsma,FDA Food Safety Modernization Act (FSMA) Implementation Report 2024,False,v2
736,Food Safety Regulation,haccp,Sperber,William H.,HACCP and Transparent Regulation,2005,Food Control,ARTICLE,multi,1980_2010,Global,none,none,none,en,academic,none,none,MEDIUM,NEEDED,,https://annas-archive.org/search?q=Sperber+HACCP+and+Transparent+Regulation,https://archive.org/search?query=Sperber+HACCP+and+Transparent+Regulation,,Sperber HACCP and Transparent Regulation,False,v2
737,Food Safety Regulation,haccp,USDA FSIS,,Pathogen Reduction: HACCP Systems Final Rule 1996,1996,USDA,GOV_DOC,meat,1980_2010,US,none,none,none,en,academic,none,none,HIGH,NEEDED,,https://annas-archive.org/search?q=USDA+FSIS+Pathogen+Reduction%3A+HACCP+Systems+Final+Rule+1996,https://archive.org/search?query=USDA+FSIS+Pathogen+Reduction%3A+HACCP+Systems+Final+Rule+1996,https://www.fsis.usda.gov/,USDA FSIS Pathogen Reduction: HACCP Systems Final Rule 1996,False,v2
738,Food Safety Regulation,recalls_outbreaks,Hoffmann,Sandra,Economic Burden of Major Foodborne Illnesses Acquired in the United States,2012,USDA ERS EIB-140,REPORT,multi,2010_2020,US,none,none,none,en,academic,none,none,HIGH,NEEDED,,https://annas-archive.org/search?q=Hoffmann+Economic+Burden+of+Major+Foodborne+Illnesses+Acquired+in+the+United+States,https://archive.org/search?query=Hoffmann+Economic+Burden+of+Major+Foodborne+Illnesses+Acquired+in+the+United+States,https://www.ers.usda.gov/publications/pub-details/?pubid=43989,Hoffmann Economic Burden of Major Foodborne Illnesses Acquired in the United States,False,v2
739,Food Safety Regulation,recalls_outbreaks,Scallan,Elaine,Foodborne Illness Acquired in the United States - Major Pathogens,2011,Emerging Infectious Diseases,ARTICLE,multi,2010_2020,US,none,none,none,en,academic,none,none,HIGH,NEEDED,,https://annas-archive.org/search?q=Scallan+Foodborne+Illness+Acquired+in+the+United+States+-+Major+Pathogens,https://archive.org/search?query=Scallan+Foodborne+Illness+Acquired+in+the+United+States+-+Major+Pathogens,,Scallan Foodborne Illness Acquired in the United States - Major Pathogens,False,v2
740,Food Safety Regulation,recalls_outbreaks,CDC,,FoodNet Annual Reports 2020-2024,2024,CDC,DATASET_DOC,multi,2020_present,US,none,none,none,en,academic,none,none,MEDIUM,NEEDED,,https://annas-archive.org/search?q=CDC+FoodNet+Annual+Reports+2020-2024,https://archive.org/search?query=CDC+FoodNet+Annual+Reports+2020-2024,https://www.cdc.gov/foodnet/,CDC FoodNet Annual Reports 2020-2024,False,v2
741,Food Safety Regulation,pesticide_regulation,Carson,Rachel,Silent Spring,1962,Houghton Mifflin,BOOK,multi,1945_1980,US,none,none,none,en,academic,none,none,HIGH,NEEDED,,https://annas-archive.org/search?q=Carson+Silent+Spring,https://archive.org/search?query=Carson+Silent+Spring,,Carson Silent Spring,False,v2
742,Food Safety Regulation,pesticide_regulation,EPA,,Registration Review of Glyphosate: Interim Decision,2020,EPA,REPORT,multi,2020_present,US,none,none,none,en,academic,none,none,MEDIUM,NEEDED,,https://annas-archive.org/search?q=EPA+Registration+Review+of+Glyphosate%3A+Interim+Decision,https://archive.org/search?query=EPA+Registration+Review+of+Glyphosate%3A+Interim+Decision,https://www.epa.gov/,EPA Registration Review of Glyphosate: Interim Decision,False,v2
743,Food Safety Regulation,pesticide_regulation,Kniss,Andrew R.,Long-Term Trends in the Intensity and Relative Toxicity of Herbicide Use,2017,Nature Communications,ARTICLE,multi,2010_2020,US,none,none,none,en,academic,none,none,MEDIUM,NEEDED,,https://annas-archive.org/search?q=Kniss+Long-Term+Trends+in+the+Intensity+and+Relative+Toxicity+of+Herbicide+Use,https://archive.org/search?query=Kniss+Long-Term+Trends+in+the+Intensity+and+Relative+Toxicity+of+Herbicide+Use,,Kniss Long-Term Trends in the Intensity and Relative Toxicity of Herbicide Use,False,v2
744,Food Safety Regulation,pesticide_regulation,Douglas,Margaret R.,Neonicotinoids and the Food Supply Chain,2020,Entomologia Experimentalis et Applicata,ARTICLE,multi,2020_present,Global,none,none,none,en,academic,none,none,MEDIUM,NEEDED,,https://annas-archive.org/search?q=Douglas+Neonicotinoids+and+the+Food+Supply+Chain,https://archive.org/search?query=Douglas+Neonicotinoids+and+the+Food+Supply+Chain,,Douglas Neonicotinoids and the Food Supply Chain,False,v2
745,Food Safety Regulation,fda_usda,Becker,Geoffrey,Meat and Poultry Inspection: Background and Current Issues,2014,CRS,REPORT,meat,2010_2020,US,none,none,none,en,academic,none,none,MEDIUM,NEEDED,,https://annas-archive.org/search?q=Becker+Meat+and+Poultry+Inspection%3A+Background+and+Current+Issues,https://archive.org/search?query=Becker+Meat+and+Poultry+Inspection%3A+Background+and+Current+Issues,,Becker Meat and Poultry Inspection: Background and Current Issues,False,v2
746,Food Safety Regulation,regulatory_history,Law,Marc T.,"How Do Regulators Regulate? Enforcement of the Pure Food and Drugs Act, 1907-38",2006,"J Law, Economics, and Organization",ARTICLE,multi,1900_1945,US,none,none,none,en,academic,none,none,MEDIUM,NEEDED,,https://annas-archive.org/search?q=Law+How+Do+Regulators+Regulate%3F+Enforcement+of+the+Pure+Food+and+Drugs+Act%2C+1907-38,https://archive.org/search?query=Law+How+Do+Regulators+Regulate%3F+Enforcement+of+the+Pure+Food+and+Drugs+Act%2C+1907-38,,"Law How Do Regulators Regulate? Enforcement of the Pure Food and Drugs Act, 1907-38",False,v2
747,Food Safety Regulation,haccp,Unnevehr,Laurian J.,Value-Based Management of Food Safety,2004,ERS,REPORT,multi,1980_2010,US,none,none,none,en,academic,none,none,MEDIUM,NEEDED,,https://annas-archive.org/search?q=Unnevehr+Value-Based+Management+of+Food+Safety,https://archive.org/search?query=Unnevehr+Value-Based+Management+of+Food+Safety,,Unnevehr Value-Based Management of Food Safety,False,v2
748,Food Safety Regulation,recalls_outbreaks,USDA FSIS,,Meat and Poultry Recalls: Annual Reports,2024,USDA,DATASET_DOC,meat,2020_present,US,none,none,none,en,academic,none,none,MEDIUM,NEEDED,,https://annas-archive.org/search?q=USDA+FSIS+Meat+and+Poultry+Recalls%3A+Annual+Reports,https://archive.org/search?query=USDA+FSIS+Meat+and+Poultry+Recalls%3A+Annual+Reports,https://www.fsis.usda.gov/recalls,USDA FSIS Meat and Poultry Recalls: Annual Reports,False,v2
749,Food Safety Regulation,pesticide_regulation,Benbrook,Charles,Trends in Glyphosate Herbicide Use in the United States and Globally,2016,Environmental Sciences Europe,ARTICLE,multi,2010_2020,US_Global,none,none,none,en,academic,none,none,MEDIUM,NEEDED,,https://annas-archive.org/search?q=Benbrook+Trends+in+Glyphosate+Herbicide+Use+in+the+United+States+and+Globally,https://archive.org/search?query=Benbrook+Trends+in+Glyphosate+Herbicide+Use+in+the+United+States+and+Globally,https://doi.org/10.1186/s12302-016-0070-0,Benbrook Trends in Glyphosate Herbicide Use in the United States and Globally,False,v2
750,Food Safety Regulation,fda_usda,GAO,,FDA Oversight of Imported Food,2022,GAO,REPORT,multi,2020_present,US,none,none,none,en,academic,none,none,MEDIUM,NEEDED,,https://annas-archive.org/search?q=GAO+FDA+Oversight+of+Imported+Food,https://archive.org/search?query=GAO+FDA+Oversight+of+Imported+Food,https://www.gao.gov/,GAO FDA Oversight of Imported Food,False,v2
751,Nutrition SNAP,snap_history,Wilde,Parke,Food Policy in the United States: An Introduction,2018,Routledge,BOOK,none,spanning,US,none,none,none,en,academic,none,none,FLAGSHIP,NEEDED,Flagship Cat 22,https://annas-archive.org/search?q=Wilde+Food+Policy+in+the+United+States%3A+An+Introduction,https://archive.org/search?query=Wilde+Food+Policy+in+the+United+States%3A+An+Introduction,,Wilde Food Policy in the United States: An Introduction,False,v2
752,Nutrition SNAP,snap_history,Ziliak,James P.,Modernizing SNAP Benefits,2016,Hamilton Project Brookings,REPORT,none,2010_2020,US,none,none,none,en,academic,none,none,HIGH,NEEDED,,https://annas-archive.org/search?q=Ziliak+Modernizing+SNAP+Benefits,https://archive.org/search?query=Ziliak+Modernizing+SNAP+Benefits,https://www.hamiltonproject.org/,Ziliak Modernizing SNAP Benefits,False,v2
753,Nutrition SNAP,snap_history,Hoynes,Hilary W.,U.S. Food and Nutrition Programs,2016,in Economics of Means-Tested Transfer Programs,CHAPTER,none,spanning,US,none,none,none,en,academic,none,none,HIGH,NEEDED,With Schanzenbach,https://annas-archive.org/search?q=Hoynes+U.S.+Food+and+Nutrition+Programs,https://archive.org/search?query=Hoynes+U.S.+Food+and+Nutrition+Programs,,Hoynes U.S. Food and Nutrition Programs,False,v2
754,Nutrition SNAP,snap_history,Hoynes,Hilary W.,Long-Run Impacts of Childhood Access to the Safety Net,2016,American Economic Review,ARTICLE,none,2010_2020,US,none,none,none,en,academic,none,none,HIGH,NEEDED,,https://annas-archive.org/search?q=Hoynes+Long-Run+Impacts+of+Childhood+Access+to+the+Safety+Net,https://archive.org/search?query=Hoynes+Long-Run+Impacts+of+Childhood+Access+to+the+Safety+Net,https://doi.org/10.1257/aer.20130375,Hoynes Long-Run Impacts of Childhood Access to the Safety Net,False,v2
755,Nutrition SNAP,thrifty_food_plan,USDA FNS,,Thrifty Food Plan Reevaluation Report 2021,2021,USDA,REPORT,none,2020_present,US,none,none,none,en,academic,none,none,CRITICAL,NEEDED,,https://annas-archive.org/search?q=USDA+FNS+Thrifty+Food+Plan+Reevaluation+Report+2021,https://archive.org/search?query=USDA+FNS+Thrifty+Food+Plan+Reevaluation+Report+2021,https://www.fns.usda.gov/tfp,USDA FNS Thrifty Food Plan Reevaluation Report 2021,False,v2
756,Nutrition SNAP,thrifty_food_plan,Ziliak,James P.,The 2021 Thrifty Food Plan Update: A Review,2022,Applied Econ Perspectives & Policy,ARTICLE,none,2020_present,US,none,none,none,en,academic,none,none,HIGH,NEEDED,,https://annas-archive.org/search?q=Ziliak+The+2021+Thrifty+Food+Plan+Update%3A+A+Review,https://archive.org/search?query=Ziliak+The+2021+Thrifty+Food+Plan+Update%3A+A+Review,,Ziliak The 2021 Thrifty Food Plan Update: A Review,False,v2
757,Nutrition SNAP,school_lunch,Gunderson,Gordon W.,The National School Lunch Program: Background and Development,1971,USDA FNS,REPORT,none,1945_1980,US,none,none,none,en,academic,none,none,HIGH,NEEDED,,https://annas-archive.org/search?q=Gunderson+The+National+School+Lunch+Program%3A+Background+and+Development,https://archive.org/search?query=Gunderson+The+National+School+Lunch+Program%3A+Background+and+Development,,Gunderson The National School Lunch Program: Background and Development,False,v2
758,Nutrition SNAP,school_lunch,Schanzenbach,Diane Whitmore,Do School Lunches Contribute to Childhood Obesity?,2009,J Human Resources,ARTICLE,none,1980_2010,US,none,none,none,en,academic,none,none,MEDIUM,NEEDED,,https://annas-archive.org/search?q=Schanzenbach+Do+School+Lunches+Contribute+to+Childhood+Obesity%3F,https://archive.org/search?query=Schanzenbach+Do+School+Lunches+Contribute+to+Childhood+Obesity%3F,,Schanzenbach Do School Lunches Contribute to Childhood Obesity?,False,v2
759,Nutrition SNAP,school_lunch,USDA FNS,,National School Lunch Program Annual Summary 2024,2024,USDA FNS,DATASET_DOC,none,2020_present,US,none,none,none,en,academic,none,none,HIGH,NEEDED,,https://annas-archive.org/search?q=USDA+FNS+National+School+Lunch+Program+Annual+Summary+2024,https://archive.org/search?query=USDA+FNS+National+School+Lunch+Program+Annual+Summary+2024,https://www.fns.usda.gov/pd/national-school-lunch-program,USDA FNS National School Lunch Program Annual Summary 2024,False,v2
760,Nutrition SNAP,wic,Oliveira,Victor,"Special Supplemental Nutrition Program for Women, Infants, and Children (WIC) Program Evaluation",2018,USDA ERS,REPORT,none,2010_2020,US,none,none,none,en,academic,none,none,HIGH,NEEDED,,https://annas-archive.org/search?q=Oliveira+Special+Supplemental+Nutrition+Program+for+Women%2C+Infants%2C+and+Children+%28WIC%29+Program+Evaluation,https://archive.org/search?query=Oliveira+Special+Supplemental+Nutrition+Program+for+Women%2C+Infants%2C+and+Children+%28WIC%29+Program+Evaluation,,"Oliveira Special Supplemental Nutrition Program for Women, Infants, and Children (WIC) Program Evaluation",False,v2
761,Nutrition SNAP,wic,Bitler,Marianne P.,WIC and the Demand for Healthful Foods,2015,Applied Econ Perspectives & Policy,ARTICLE,none,2010_2020,US,none,none,none,en,academic,none,none,MEDIUM,NEEDED,,https://annas-archive.org/search?q=Bitler+WIC+and+the+Demand+for+Healthful+Foods,https://archive.org/search?query=Bitler+WIC+and+the+Demand+for+Healthful+Foods,,Bitler WIC and the Demand for Healthful Foods,False,v2
762,Nutrition SNAP,food_insecurity,Coleman-Jensen,Alisha,Household Food Security in the United States in 2023,2024,USDA ERS ERR-329,REPORT,none,2020_present,US,none,none,none,en,academic,none,none,CRITICAL,NEEDED,,https://annas-archive.org/search?q=Coleman-Jensen+Household+Food+Security+in+the+United+States+in+2023,https://archive.org/search?query=Coleman-Jensen+Household+Food+Security+in+the+United+States+in+2023,https://www.ers.usda.gov/publications/pub-details/?pubid=108881,Coleman-Jensen Household Food Security in the United States in 2023,False,v2
763,Nutrition SNAP,food_insecurity,Gundersen,Craig,Food Insecurity and Health Outcomes,2015,Health Affairs,ARTICLE,none,2010_2020,US,none,none,none,en,academic,none,none,HIGH,NEEDED,,https://annas-archive.org/search?q=Gundersen+Food+Insecurity+and+Health+Outcomes,https://archive.org/search?query=Gundersen+Food+Insecurity+and+Health+Outcomes,,Gundersen Food Insecurity and Health Outcomes,False,v2
764,Nutrition SNAP,snap_history,Currie,Janet,The Take-Up of Social Benefits,2006,in Public Policy and the Income Distribution,CHAPTER,none,1980_2010,US,none,none,none,en,academic,none,none,MEDIUM,NEEDED,,https://annas-archive.org/search?q=Currie+The+Take-Up+of+Social+Benefits,https://archive.org/search?query=Currie+The+Take-Up+of+Social+Benefits,,Currie The Take-Up of Social Benefits,False,v2
765,Nutrition SNAP,food_insecurity,Barrett,Christopher B.,Food Assistance Programs and Food Security,2010,in Handbook of Ag Econ,CHAPTER,none,1980_2010,US_Global,none,none,none,en,academic,none,none,MEDIUM,NEEDED,,https://annas-archive.org/search?q=Barrett+Food+Assistance+Programs+and+Food+Security,https://archive.org/search?query=Barrett+Food+Assistance+Programs+and+Food+Security,,Barrett Food Assistance Programs and Food Security,False,v2
766,Nutrition SNAP,snap_history,USDA FNS,,SNAP Annual Summary 2023,2024,USDA FNS,DATASET_DOC,none,2020_present,US,none,none,none,en,academic,none,none,HIGH,NEEDED,,https://annas-archive.org/search?q=USDA+FNS+SNAP+Annual+Summary+2023,https://archive.org/search?query=USDA+FNS+SNAP+Annual+Summary+2023,https://www.fns.usda.gov/pd/supplemental-nutrition-assistance-program-snap,USDA FNS SNAP Annual Summary 2023,False,v2
767,Nutrition SNAP,commodity_donations,USDA,,The Emergency Food Assistance Program (TEFAP) Annual Report 2024,2024,USDA FNS,REPORT,none,2020_present,US,none,none,none,en,academic,none,none,MEDIUM,NEEDED,,https://annas-archive.org/search?q=USDA+The+Emergency+Food+Assistance+Program+%28TEFAP%29+Annual+Report+2024,https://archive.org/search?query=USDA+The+Emergency+Food+Assistance+Program+%28TEFAP%29+Annual+Report+2024,https://www.fns.usda.gov/tefap,USDA The Emergency Food Assistance Program (TEFAP) Annual Report 2024,False,v2
768,Nutrition SNAP,school_lunch,Hoynes,Hilary W.,The Long-Run Effects of Childhood Access to the Safety Net,2016,in Labor Economics,CHAPTER,none,2010_2020,US,none,none,none,en,academic,none,none,MEDIUM,NEEDED,,https://annas-archive.org/search?q=Hoynes+The+Long-Run+Effects+of+Childhood+Access+to+the+Safety+Net,https://archive.org/search?query=Hoynes+The+Long-Run+Effects+of+Childhood+Access+to+the+Safety+Net,,Hoynes The Long-Run Effects of Childhood Access to the Safety Net,False,v2
769,Nutrition SNAP,food_insecurity,FAO,,Hunger Hotspots: FAO-WFP Early Warnings,2024,FAO/WFP,REPORT,none,2020_present,Global,none,none,none,en,academic,none,none,HIGH,NEEDED,,https://annas-archive.org/search?q=FAO+Hunger+Hotspots%3A+FAO-WFP+Early+Warnings,https://archive.org/search?query=FAO+Hunger+Hotspots%3A+FAO-WFP+Early+Warnings,https://www.fao.org/,FAO Hunger Hotspots: FAO-WFP Early Warnings,False,v2
770,Nutrition SNAP,snap_history,CBO,,An Overview of the 2018 Farm Bill Nutrition Title,2018,CBO,REPORT,none,2010_2020,US,none,none,none,en,academic,none,none,MEDIUM,NEEDED,,https://annas-archive.org/search?q=CBO+An+Overview+of+the+2018+Farm+Bill+Nutrition+Title,https://archive.org/search?query=CBO+An+Overview+of+the+2018+Farm+Bill+Nutrition+Title,https://www.cbo.gov/,CBO An Overview of the 2018 Farm Bill Nutrition Title,False,v2
771,Non-Row-Crop,coffee,Pendergrast,Mark,Uncommon Grounds: The History of Coffee and How It Transformed Our World,2010,Basic,BOOK,none,spanning,Global,none,none,none,en,academic,none,none,FLAGSHIP,NEEDED,Flagship for coffee,https://annas-archive.org/search?q=Pendergrast+Uncommon+Grounds%3A+The+History+of+Coffee+and+How+It+Transformed+Our+World,https://archive.org/search?query=Pendergrast+Uncommon+Grounds%3A+The+History+of+Coffee+and+How+It+Transformed+Our+World,,Pendergrast Uncommon Grounds: The History of Coffee and How It Transformed Our World,False,v2
772,Non-Row-Crop,coffee,Topik,Steven,"The Global Coffee Economy in Africa, Asia, and Latin America, 1500-1989",2003,Cambridge UP,BOOK,none,pre1900,Global,none,none,none,en,academic,none,none,HIGH,NEEDED,With Clarence-Smith,https://annas-archive.org/search?q=Topik+The+Global+Coffee+Economy+in+Africa%2C+Asia%2C+and+Latin+America%2C+1500-1989,https://archive.org/search?query=Topik+The+Global+Coffee+Economy+in+Africa%2C+Asia%2C+and+Latin+America%2C+1500-1989,,"Topik The Global Coffee Economy in Africa, Asia, and Latin America, 1500-1989",False,v2
773,Non-Row-Crop,coffee,Daviron,Benoit,"The Coffee Paradox: Global Markets, Commodity Trade, and the Elusive Promise of Development",2005,Zed,BOOK,none,1980_2010,Global,none,none,none,en,academic,none,none,HIGH,NEEDED,With Ponte,https://annas-archive.org/search?q=Daviron+The+Coffee+Paradox%3A+Global+Markets%2C+Commodity+Trade%2C+and+the+Elusive+Promise+of+Development,https://archive.org/search?query=Daviron+The+Coffee+Paradox%3A+Global+Markets%2C+Commodity+Trade%2C+and+the+Elusive+Promise+of+Development,,"Daviron The Coffee Paradox: Global Markets, Commodity Trade, and the Elusive Promise of Development",False,v2
774,Non-Row-Crop,coffee,ICO,,International Coffee Organization Annual Review 2023-24,2024,ICO,REPORT,none,2020_present,Global,none,none,none,en,academic,none,none,HIGH,NEEDED,,https://annas-archive.org/search?q=ICO+International+Coffee+Organization+Annual+Review+2023-24,https://archive.org/search?query=ICO+International+Coffee+Organization+Annual+Review+2023-24,https://www.ico.org/,ICO International Coffee Organization Annual Review 2023-24,False,v2
775,Non-Row-Crop,coffee,Craves,Julian,Coffee Climate Change 2024 Outlook,2024,World Coffee Research,REPORT,none,2020_present,Global,none,none,none,en,academic,none,none,HIGH,NEEDED,,https://annas-archive.org/search?q=Craves+Coffee+Climate+Change+2024+Outlook,https://archive.org/search?query=Craves+Coffee+Climate+Change+2024+Outlook,https://worldcoffeeresearch.org/,Craves Coffee Climate Change 2024 Outlook,False,v2
776,Non-Row-Crop,cocoa,Fold,Niels,Lead Firms and Competition in 'Bi-polar' Commodity Chains: Grinders and Branders in the Global Cocoa–Chocolate Industry,2002,J Agrarian Change,ARTICLE,none,1980_2010,Global,none,none,none,en,academic,none,none,HIGH,NEEDED,,https://annas-archive.org/search?q=Fold+Lead+Firms+and+Competition+in+%27Bi-polar%27+Commodity+Chains%3A+Grinders+and+Branders+in+the+Global+Cocoa%E2%80%93Chocolate+Industry,https://archive.org/search?query=Fold+Lead+Firms+and+Competition+in+%27Bi-polar%27+Commodity+Chains%3A+Grinders+and+Branders+in+the+Global+Cocoa%E2%80%93Chocolate+Industry,,Fold Lead Firms and Competition in 'Bi-polar' Commodity Chains: Grinders and Branders in the Global Cocoa–Chocolate Industry,False,v2
777,Non-Row-Crop,cocoa,Cocoa Barometer,,Cocoa Barometer 2022,2022,VOICE Network,REPORT,none,2020_present,Global,none,none,none,en,academic,none,none,HIGH,NEEDED,,https://annas-archive.org/search?q=Cocoa+Barometer+Cocoa+Barometer+2022,https://archive.org/search?query=Cocoa+Barometer+Cocoa+Barometer+2022,,Cocoa Barometer Cocoa Barometer 2022,False,v2
778,Non-Row-Crop,cocoa,ICCO,,International Cocoa Organization Quarterly Bulletin 2024,2024,ICCO,REPORT,none,2020_present,Africa,none,none,none,en,academic,none,none,HIGH,NEEDED,,https://annas-archive.org/search?q=ICCO+International+Cocoa+Organization+Quarterly+Bulletin+2024,https://archive.org/search?query=ICCO+International+Cocoa+Organization+Quarterly+Bulletin+2024,https://www.icco.org/,ICCO International Cocoa Organization Quarterly Bulletin 2024,False,v2
779,Non-Row-Crop,tea,Rappaport,Erika,A Thirst for Empire: How Tea Shaped the Modern World,2017,Princeton UP,BOOK,none,pre1900,Global,none,none,none,en,academic,none,none,HIGH,NEEDED,,https://annas-archive.org/search?q=Rappaport+A+Thirst+for+Empire%3A+How+Tea+Shaped+the+Modern+World,https://archive.org/search?query=Rappaport+A+Thirst+for+Empire%3A+How+Tea+Shaped+the+Modern+World,,Rappaport A Thirst for Empire: How Tea Shaped the Modern World,False,v2
780,Non-Row-Crop,tea,FAO,,Tea Market Review 2024,2024,FAO,REPORT,none,2020_present,Global,none,none,none,en,academic,none,none,MEDIUM,NEEDED,,https://annas-archive.org/search?q=FAO+Tea+Market+Review+2024,https://archive.org/search?query=FAO+Tea+Market+Review+2024,https://www.fao.org/markets-and-trade/commodities/tea/,FAO Tea Market Review 2024,False,v2
781,Non-Row-Crop,spices,Krondl,Michael,The Taste of Conquest: The Rise and Fall of the Three Great Cities of Spice,2008,Ballantine,BOOK,none,pre1900,Global,none,none,none,en,academic,none,none,MEDIUM,NEEDED,,https://annas-archive.org/search?q=Krondl+The+Taste+of+Conquest%3A+The+Rise+and+Fall+of+the+Three+Great+Cities+of+Spice,https://archive.org/search?query=Krondl+The+Taste+of+Conquest%3A+The+Rise+and+Fall+of+the+Three+Great+Cities+of+Spice,,Krondl The Taste of Conquest: The Rise and Fall of the Three Great Cities of Spice,False,v2
782,Non-Row-Crop,spices,Freedman,Paul,Out of the East: Spices and the Medieval Imagination,2008,Yale UP,BOOK,none,pre1900,Global,none,none,none,en,academic,none,none,MEDIUM,NEEDED,,https://annas-archive.org/search?q=Freedman+Out+of+the+East%3A+Spices+and+the+Medieval+Imagination,https://archive.org/search?query=Freedman+Out+of+the+East%3A+Spices+and+the+Medieval+Imagination,,Freedman Out of the East: Spices and the Medieval Imagination,False,v2
783,Non-Row-Crop,spices,Rai,Kishore,Vanilla Price Volatility: Madagascar Supply Dynamics,2020,J Ag Econ,ARTICLE,none,2010_2020,Africa,none,none,none,en,academic,none,none,MEDIUM,NEEDED,,https://annas-archive.org/search?q=Rai+Vanilla+Price+Volatility%3A+Madagascar+Supply+Dynamics,https://archive.org/search?query=Rai+Vanilla+Price+Volatility%3A+Madagascar+Supply+Dynamics,,Rai Vanilla Price Volatility: Madagascar Supply Dynamics,False,v2
784,Non-Row-Crop,seafood,Pauly,Daniel,Fishing Down Marine Food Webs,1998,Science,ARTICLE,none,1980_2010,Global,none,none,none,en,academic,none,none,HIGH,NEEDED,,https://annas-archive.org/search?q=Pauly+Fishing+Down+Marine+Food+Webs,https://archive.org/search?query=Pauly+Fishing+Down+Marine+Food+Webs,https://doi.org/10.1126/science.279.5352.860,Pauly Fishing Down Marine Food Webs,False,v2
785,Non-Row-Crop,seafood,Naylor,Rosamond L.,Effect of Aquaculture on World Fish Supplies,2000,Nature,ARTICLE,none,1980_2010,Global,none,none,none,en,academic,none,none,HIGH,NEEDED,,https://annas-archive.org/search?q=Naylor+Effect+of+Aquaculture+on+World+Fish+Supplies,https://archive.org/search?query=Naylor+Effect+of+Aquaculture+on+World+Fish+Supplies,,Naylor Effect of Aquaculture on World Fish Supplies,False,v2
786,Non-Row-Crop,seafood,FAO,,The State of World Fisheries and Aquaculture (SOFIA) 2024,2024,FAO,REPORT,none,2020_present,Global,none,none,none,en,academic,none,none,CRITICAL,NEEDED,,https://annas-archive.org/search?q=FAO+The+State+of+World+Fisheries+and+Aquaculture+%28SOFIA%29+2024,https://archive.org/search?query=FAO+The+State+of+World+Fisheries+and+Aquaculture+%28SOFIA%29+2024,https://www.fao.org/publications/sofia/,FAO The State of World Fisheries and Aquaculture (SOFIA) 2024,False,v2
787,Non-Row-Crop,seafood,NOAA,,Fisheries of the United States 2023,2024,NOAA,REPORT,none,2020_present,US,none,none,none,en,academic,none,none,HIGH,NEEDED,,https://annas-archive.org/search?q=NOAA+Fisheries+of+the+United+States+2023,https://archive.org/search?query=NOAA+Fisheries+of+the+United+States+2023,https://www.fisheries.noaa.gov/,NOAA Fisheries of the United States 2023,False,v2
788,Non-Row-Crop,seafood,Froese,Rainer,FishBase: Species Database,2024,FishBase,DATASET_DOC,none,2020_present,Global,none,none,none,en,academic,none,none,LOW,NEEDED,,https://annas-archive.org/search?q=Froese+FishBase%3A+Species+Database,https://archive.org/search?query=Froese+FishBase%3A+Species+Database,https://www.fishbase.org/,Froese FishBase: Species Database,False,v2
789,Non-Row-Crop,honey_pollinators,Gallai,Nicola,Economic Valuation of the Vulnerability of World Agriculture Confronted with Pollinator Decline,2009,Ecological Economics,ARTICLE,multi,1980_2010,Global,none,none,none,en,academic,none,none,MEDIUM,NEEDED,,https://annas-archive.org/search?q=Gallai+Economic+Valuation+of+the+Vulnerability+of+World+Agriculture+Confronted+with+Pollinator+Decline,https://archive.org/search?query=Gallai+Economic+Valuation+of+the+Vulnerability+of+World+Agriculture+Confronted+with+Pollinator+Decline,,Gallai Economic Valuation of the Vulnerability of World Agriculture Confronted with Pollinator Decline,False,v2
790,Non-Row-Crop,honey_pollinators,USDA,,Honey Production Annual 2024,2024,USDA NASS,DATASET_DOC,none,2020_present,US,none,none,none,en,academic,none,none,MEDIUM,NEEDED,,https://annas-archive.org/search?q=USDA+Honey+Production+Annual+2024,https://archive.org/search?query=USDA+Honey+Production+Annual+2024,https://www.nass.usda.gov/,USDA Honey Production Annual 2024,False,v2
791,Non-Row-Crop,nuts,USDA,,California Almond Industry: An Economic Review,2022,USDA ERS,REPORT,produce,2020_present,US,none,none,none,en,academic,none,none,HIGH,NEEDED,,https://annas-archive.org/search?q=USDA+California+Almond+Industry%3A+An+Economic+Review,https://archive.org/search?query=USDA+California+Almond+Industry%3A+An+Economic+Review,,USDA California Almond Industry: An Economic Review,False,v2
792,Non-Row-Crop,nuts,USDA,,Pistachio Market Outlook,2023,USDA FAS,REPORT,produce,2020_present,US,none,none,none,en,academic,none,none,MEDIUM,NEEDED,,https://annas-archive.org/search?q=USDA+Pistachio+Market+Outlook,https://archive.org/search?query=USDA+Pistachio+Market+Outlook,,USDA Pistachio Market Outlook,False,v2
793,Non-Row-Crop,coffee,Talbot,John M.,Grounds for Agreement: The Political Economy of the Coffee Commodity Chain,2004,Rowman & Littlefield,BOOK,none,1980_2010,Global,none,none,none,en,academic,none,none,MEDIUM,NEEDED,,https://annas-archive.org/search?q=Talbot+Grounds+for+Agreement%3A+The+Political+Economy+of+the+Coffee+Commodity+Chain,https://archive.org/search?query=Talbot+Grounds+for+Agreement%3A+The+Political+Economy+of+the+Coffee+Commodity+Chain,,Talbot Grounds for Agreement: The Political Economy of the Coffee Commodity Chain,False,v2
794,Non-Row-Crop,cocoa,Gayi,Samuel K.,Cocoa Industry: Integrating Small Farmers into the Global Value Chain,2016,UNCTAD,REPORT,none,2010_2020,Africa,none,none,none,en,academic,none,none,MEDIUM,NEEDED,,https://annas-archive.org/search?q=Gayi+Cocoa+Industry%3A+Integrating+Small+Farmers+into+the+Global+Value+Chain,https://archive.org/search?query=Gayi+Cocoa+Industry%3A+Integrating+Small+Farmers+into+the+Global+Value+Chain,,Gayi Cocoa Industry: Integrating Small Farmers into the Global Value Chain,False,v2
795,Non-Row-Crop,seafood,Smith,Martin D.,Sustainability and Global Seafood,2010,Science,ARTICLE,none,1980_2010,Global,none,none,none,en,academic,none,none,MEDIUM,NEEDED,,https://annas-archive.org/search?q=Smith+Sustainability+and+Global+Seafood,https://archive.org/search?query=Smith+Sustainability+and+Global+Seafood,,Smith Sustainability and Global Seafood,False,v2
796,Ag R&D,land_grant,Alston,Julian M.,Persistence Pays: U.S. Agricultural Productivity Growth and the Benefits from Public R&D Spending,2010,Springer,BOOK,multi,spanning,US,none,none,none,en,academic,none,none,FLAGSHIP,NEEDED,Flagship Cat 24,https://annas-archive.org/search?q=Alston+Persistence+Pays%3A+U.S.+Agricultural+Productivity+Growth+and+the+Benefits+from+Public+R%26D+Spending,https://archive.org/search?query=Alston+Persistence+Pays%3A+U.S.+Agricultural+Productivity+Growth+and+the+Benefits+from+Public+R%26D+Spending,,Alston Persistence Pays: U.S. Agricultural Productivity Growth and the Benefits from Public R&D Spending,False,v2
797,Ag R&D,land_grant,Fuglie,Keith,Productivity Growth and Technology Capital in the Global Agricultural Economy,2012,in Productivity Growth,CHAPTER,multi,1980_2010,Global,none,none,none,en,academic,none,none,HIGH,NEEDED,,https://annas-archive.org/search?q=Fuglie+Productivity+Growth+and+Technology+Capital+in+the+Global+Agricultural+Economy,https://archive.org/search?query=Fuglie+Productivity+Growth+and+Technology+Capital+in+the+Global+Agricultural+Economy,,Fuglie Productivity Growth and Technology Capital in the Global Agricultural Economy,False,v2
798,Ag R&D,land_grant,USDA,,USDA Agricultural Research Service: TEKTRAN Database,2024,USDA ARS,DATASET_DOC,multi,2020_present,US,none,none,none,en,academic,none,none,HIGH,NEEDED,,https://annas-archive.org/search?q=USDA+USDA+Agricultural+Research+Service%3A+TEKTRAN+Database,https://archive.org/search?query=USDA+USDA+Agricultural+Research+Service%3A+TEKTRAN+Database,https://tellus.ars.usda.gov/,USDA USDA Agricultural Research Service: TEKTRAN Database,False,v2
799,Ag R&D,land_grant,Marcus,Alan I.,"Agricultural Science and the Quest for Legitimacy: Farmers, Agricultural Colleges, and Experiment Stations, 1870-1890",1985,Iowa State,BOOK,multi,pre1900,US,none,none,none,en,academic,none,none,MEDIUM,NEEDED,,https://annas-archive.org/search?q=Marcus+Agricultural+Science+and+the+Quest+for+Legitimacy%3A+Farmers%2C+Agricultural+Colleges%2C+and+Experiment+Stations%2C+1870-1890,https://archive.org/search?query=Marcus+Agricultural+Science+and+the+Quest+for+Legitimacy%3A+Farmers%2C+Agricultural+Colleges%2C+and+Experiment+Stations%2C+1870-1890,,"Marcus Agricultural Science and the Quest for Legitimacy: Farmers, Agricultural Colleges, and Experiment Stations, 1870-1890",False,v2
800,Ag R&D,cgiar,Baum,Warren C.,Partners Against Hunger: The Consultative Group on International Agricultural Research,1986,World Bank,BOOK,multi,1945_1980,Global,none,none,none,en,academic,none,none,HIGH,NEEDED,,https://annas-archive.org/search?q=Baum+Partners+Against+Hunger%3A+The+Consultative+Group+on+International+Agricultural+Research,https://archive.org/search?query=Baum+Partners+Against+Hunger%3A+The+Consultative+Group+on+International+Agricultural+Research,,Baum Partners Against Hunger: The Consultative Group on International Agricultural Research,False,v2
801,Ag R&D,cgiar,Renkow,Mitch,Impacts of CGIAR Research: A Review of Recent Evidence,2010,Food Policy,ARTICLE,multi,1980_2010,Global,none,none,none,en,academic,none,none,HIGH,NEEDED,,https://annas-archive.org/search?q=Renkow+Impacts+of+CGIAR+Research%3A+A+Review+of+Recent+Evidence,https://archive.org/search?query=Renkow+Impacts+of+CGIAR+Research%3A+A+Review+of+Recent+Evidence,,Renkow Impacts of CGIAR Research: A Review of Recent Evidence,False,v2
802,Ag R&D,cgiar,CGIAR,,CGIAR Annual Performance Report 2023,2024,CGIAR,REPORT,multi,2020_present,Global,none,none,none,en,academic,none,none,HIGH,NEEDED,,https://annas-archive.org/search?q=CGIAR+CGIAR+Annual+Performance+Report+2023,https://archive.org/search?query=CGIAR+CGIAR+Annual+Performance+Report+2023,https://www.cgiar.org/,CGIAR CGIAR Annual Performance Report 2023,False,v2
803,Ag R&D,foundations,Fitzgerald,Deborah,Exporting American Agriculture: The Rockefeller Foundation in Mexico,1986,Social Studies of Science,ARTICLE,multi,1945_1980,LatAm,none,none,none,en,academic,none,none,HIGH,NEEDED,,https://annas-archive.org/search?q=Fitzgerald+Exporting+American+Agriculture%3A+The+Rockefeller+Foundation+in+Mexico,https://archive.org/search?query=Fitzgerald+Exporting+American+Agriculture%3A+The+Rockefeller+Foundation+in+Mexico,,Fitzgerald Exporting American Agriculture: The Rockefeller Foundation in Mexico,False,v2
804,Ag R&D,foundations,Perkins,John H.,"The Rockefeller Foundation and the Green Revolution, 1941-56",1990,Agriculture and Human Values,ARTICLE,multi,1945_1980,Global,none,none,none,en,academic,none,none,MEDIUM,NEEDED,,https://annas-archive.org/search?q=Perkins+The+Rockefeller+Foundation+and+the+Green+Revolution%2C+1941-56,https://archive.org/search?query=Perkins+The+Rockefeller+Foundation+and+the+Green+Revolution%2C+1941-56,,"Perkins The Rockefeller Foundation and the Green Revolution, 1941-56",False,v2
805,Ag R&D,extension_service,True,Alfred C.,"A History of Agricultural Extension Work in the United States, 1785-1923",1928,USDA,BOOK,multi,pre1900,US,none,none,none,en,academic,none,none,HIGH,NEEDED,,https://annas-archive.org/search?q=True+A+History+of+Agricultural+Extension+Work+in+the+United+States%2C+1785-1923,https://archive.org/search?query=True+A+History+of+Agricultural+Extension+Work+in+the+United+States%2C+1785-1923,,"True A History of Agricultural Extension Work in the United States, 1785-1923",False,v2
806,Ag R&D,extension_service,Scheer,Scott D.,The Future of Cooperative Extension,2011,J Extension,ARTICLE,multi,2010_2020,US,none,none,none,en,academic,none,none,LOW,NEEDED,,https://annas-archive.org/search?q=Scheer+The+Future+of+Cooperative+Extension,https://archive.org/search?query=Scheer+The+Future+of+Cooperative+Extension,,Scheer The Future of Cooperative Extension,False,v2
807,Ag R&D,productivity,Fuglie,Keith O.,Productivity Growth and the Composition of Capital Services,2018,USDA ERS,REPORT,multi,2010_2020,Global,none,none,none,en,academic,none,none,HIGH,NEEDED,,https://annas-archive.org/search?q=Fuglie+Productivity+Growth+and+the+Composition+of+Capital+Services,https://archive.org/search?query=Fuglie+Productivity+Growth+and+the+Composition+of+Capital+Services,https://www.ers.usda.gov/data-products/international-agricultural-productivity/,Fuglie Productivity Growth and the Composition of Capital Services,False,v2
808,Ag R&D,productivity,Pardey,Philip G.,Agricultural R&D: The Investment Gap,2016,Ag Econ,ARTICLE,multi,2010_2020,Global,none,none,none,en,academic,none,none,MEDIUM,NEEDED,,https://annas-archive.org/search?q=Pardey+Agricultural+R%26D%3A+The+Investment+Gap,https://archive.org/search?query=Pardey+Agricultural+R%26D%3A+The+Investment+Gap,,Pardey Agricultural R&D: The Investment Gap,False,v2
809,Ag R&D,land_grant,Hightower,Jim,"Hard Tomatoes, Hard Times: A Report of the Agribusiness Accountability Project",1972,Schenkman,BOOK,multi,1945_1980,US,none,none,none,en,academic,none,none,MEDIUM,NEEDED,Critique of land-grant,https://annas-archive.org/search?q=Hightower+Hard+Tomatoes%2C+Hard+Times%3A+A+Report+of+the+Agribusiness+Accountability+Project,https://archive.org/search?query=Hightower+Hard+Tomatoes%2C+Hard+Times%3A+A+Report+of+the+Agribusiness+Accountability+Project,,"Hightower Hard Tomatoes, Hard Times: A Report of the Agribusiness Accountability Project",False,v2
810,Ag R&D,productivity,USDA ERS,,Agricultural Productivity in the U.S.,2024,USDA ERS,DATASET_DOC,multi,2020_present,US,none,none,none,en,academic,none,none,HIGH,NEEDED,,https://annas-archive.org/search?q=USDA+ERS+Agricultural+Productivity+in+the+U.S.,https://archive.org/search?query=USDA+ERS+Agricultural+Productivity+in+the+U.S.,https://www.ers.usda.gov/data-products/agricultural-productivity-in-the-us/,USDA ERS Agricultural Productivity in the U.S.,False,v2
811,Water Irrigation Soil,dust_bowl,Worster,Donald,Dust Bowl: The Southern Plains in the 1930s,1979,Oxford UP,BOOK,multi,1900_1945,US,none,none,none,en,academic,none,none,FLAGSHIP,NEEDED,Flagship Cat 25,https://annas-archive.org/search?q=Worster+Dust+Bowl%3A+The+Southern+Plains+in+the+1930s,https://archive.org/search?query=Worster+Dust+Bowl%3A+The+Southern+Plains+in+the+1930s,,Worster Dust Bowl: The Southern Plains in the 1930s,False,v2
812,Water Irrigation Soil,dust_bowl,Egan,Timothy,The Worst Hard Time: The Untold Story of Those Who Survived the Great American Dust Bowl,2006,Houghton Mifflin,BOOK,multi,1900_1945,US,none,none,none,en,academic,none,none,HIGH,NEEDED,,https://annas-archive.org/search?q=Egan+The+Worst+Hard+Time%3A+The+Untold+Story+of+Those+Who+Survived+the+Great+American+Dust+Bowl,https://archive.org/search?query=Egan+The+Worst+Hard+Time%3A+The+Untold+Story+of+Those+Who+Survived+the+Great+American+Dust+Bowl,,Egan The Worst Hard Time: The Untold Story of Those Who Survived the Great American Dust Bowl,False,v2
813,Water Irrigation Soil,reclamation,Worster,Donald,"Rivers of Empire: Water, Aridity, and the Growth of the American West",1985,Pantheon,BOOK,multi,spanning,US,none,none,none,en,academic,none,none,HIGH,NEEDED,,https://annas-archive.org/search?q=Worster+Rivers+of+Empire%3A+Water%2C+Aridity%2C+and+the+Growth+of+the+American+West,https://archive.org/search?query=Worster+Rivers+of+Empire%3A+Water%2C+Aridity%2C+and+the+Growth+of+the+American+West,,"Worster Rivers of Empire: Water, Aridity, and the Growth of the American West",False,v2
814,Water Irrigation Soil,reclamation,Reisner,Marc,Cadillac Desert: The American West and Its Disappearing Water,1986,Viking,BOOK,multi,spanning,US,none,none,none,en,academic,none,none,HIGH,NEEDED,,https://annas-archive.org/search?q=Reisner+Cadillac+Desert%3A+The+American+West+and+Its+Disappearing+Water,https://archive.org/search?query=Reisner+Cadillac+Desert%3A+The+American+West+and+Its+Disappearing+Water,,Reisner Cadillac Desert: The American West and Its Disappearing Water,False,v2
815,Water Irrigation Soil,ogallala,Opie,John,Ogallala: Water for a Dry Land,1993,U Nebraska Press,BOOK,multi,spanning,US,none,none,none,en,academic,none,none,HIGH,NEEDED,,https://annas-archive.org/search?q=Opie+Ogallala%3A+Water+for+a+Dry+Land,https://archive.org/search?query=Opie+Ogallala%3A+Water+for+a+Dry+Land,,Opie Ogallala: Water for a Dry Land,False,v2
816,Water Irrigation Soil,ogallala,Deines,Jillian M.,Transitions from Irrigated to Dryland Agriculture in the Ogallala Aquifer,2020,Environmental Research Letters,ARTICLE,cereals,2020_present,US,none,none,none,en,academic,none,none,HIGH,NEEDED,,https://annas-archive.org/search?q=Deines+Transitions+from+Irrigated+to+Dryland+Agriculture+in+the+Ogallala+Aquifer,https://archive.org/search?query=Deines+Transitions+from+Irrigated+to+Dryland+Agriculture+in+the+Ogallala+Aquifer,,Deines Transitions from Irrigated to Dryland Agriculture in the Ogallala Aquifer,False,v2
817,Water Irrigation Soil,sgma_california,PPIC,,California's Groundwater Sustainability Management Act: Five Years On,2020,PPIC,REPORT,produce,2020_present,US,none,none,none,en,academic,none,none,HIGH,NEEDED,,https://annas-archive.org/search?q=PPIC+California%27s+Groundwater+Sustainability+Management+Act%3A+Five+Years+On,https://archive.org/search?query=PPIC+California%27s+Groundwater+Sustainability+Management+Act%3A+Five+Years+On,https://www.ppic.org/,PPIC California's Groundwater Sustainability Management Act: Five Years On,False,v2
818,Water Irrigation Soil,sgma_california,Lund,Jay,California's Agricultural Water Economy,2020,UC Davis,REPORT,produce,2020_present,US,none,none,none,en,academic,none,none,HIGH,NEEDED,,https://annas-archive.org/search?q=Lund+California%27s+Agricultural+Water+Economy,https://archive.org/search?query=Lund+California%27s+Agricultural+Water+Economy,,Lund California's Agricultural Water Economy,False,v2
819,Water Irrigation Soil,soil_conservation,Helms,Douglas,Readings in the History of the Soil Conservation Service,1992,USDA NRCS,BOOK,multi,1900_1945,US,none,none,none,en,academic,none,none,MEDIUM,NEEDED,,https://annas-archive.org/search?q=Helms+Readings+in+the+History+of+the+Soil+Conservation+Service,https://archive.org/search?query=Helms+Readings+in+the+History+of+the+Soil+Conservation+Service,,Helms Readings in the History of the Soil Conservation Service,False,v2
820,Water Irrigation Soil,soil_conservation,Lal,Rattan,Soil Carbon Sequestration Impacts on Global Climate Change and Food Security,2004,Science,ARTICLE,multi,1980_2010,Global,none,none,none,en,academic,none,none,HIGH,NEEDED,,https://annas-archive.org/search?q=Lal+Soil+Carbon+Sequestration+Impacts+on+Global+Climate+Change+and+Food+Security,https://archive.org/search?query=Lal+Soil+Carbon+Sequestration+Impacts+on+Global+Climate+Change+and+Food+Security,https://doi.org/10.1126/science.1097396,Lal Soil Carbon Sequestration Impacts on Global Climate Change and Food Security,False,v2
821,Water Irrigation Soil,reclamation,Hundley,Norris,"The Great Thirst: Californians and Water, A History",2001,UC Press,BOOK,multi,spanning,US,none,none,none,en,academic,none,none,MEDIUM,NEEDED,,https://annas-archive.org/search?q=Hundley+The+Great+Thirst%3A+Californians+and+Water%2C+A+History,https://archive.org/search?query=Hundley+The+Great+Thirst%3A+Californians+and+Water%2C+A+History,,"Hundley The Great Thirst: Californians and Water, A History",False,v2
822,Water Irrigation Soil,ogallala,Scanlon,Bridget R.,Groundwater Depletion and Sustainability of Irrigation in the U.S. High Plains and Central Valley,2012,PNAS,ARTICLE,multi,2010_2020,US,none,none,none,en,academic,none,none,HIGH,NEEDED,,https://annas-archive.org/search?q=Scanlon+Groundwater+Depletion+and+Sustainability+of+Irrigation+in+the+U.S.+High+Plains+and+Central+Valley,https://archive.org/search?query=Scanlon+Groundwater+Depletion+and+Sustainability+of+Irrigation+in+the+U.S.+High+Plains+and+Central+Valley,https://doi.org/10.1073/pnas.1200311109,Scanlon Groundwater Depletion and Sustainability of Irrigation in the U.S. High Plains and Central Valley,False,v2
823,Water Irrigation Soil,sgma_california,Medellin-Azuara,Josue,Economic Impacts of California Drought 2022-2023,2023,UC Merced,REPORT,produce,2020_present,US,none,none,none,en,academic,none,none,HIGH,NEEDED,,https://annas-archive.org/search?q=Medellin-Azuara+Economic+Impacts+of+California+Drought+2022-2023,https://archive.org/search?query=Medellin-Azuara+Economic+Impacts+of+California+Drought+2022-2023,,Medellin-Azuara Economic Impacts of California Drought 2022-2023,False,v2
824,Water Irrigation Soil,soil_conservation,USDA NRCS,,National Resources Inventory (NRI) 2024,2024,USDA NRCS,DATASET_DOC,multi,2020_present,US,none,none,none,en,academic,none,none,MEDIUM,NEEDED,,https://annas-archive.org/search?q=USDA+NRCS+National+Resources+Inventory+%28NRI%29+2024,https://archive.org/search?query=USDA+NRCS+National+Resources+Inventory+%28NRI%29+2024,https://www.nrcs.usda.gov/,USDA NRCS National Resources Inventory (NRI) 2024,False,v2
825,Water Irrigation Soil,dust_bowl,Hansen,Zeynep K.,"Bust and Boom: American Political Economy of the Prairie Grass, 1930-37",2009,J Economic History,ARTICLE,cereals,1900_1945,US,none,none,none,en,academic,none,none,MEDIUM,NEEDED,,https://annas-archive.org/search?q=Hansen+Bust+and+Boom%3A+American+Political+Economy+of+the+Prairie+Grass%2C+1930-37,https://archive.org/search?query=Hansen+Bust+and+Boom%3A+American+Political+Economy+of+the+Prairie+Grass%2C+1930-37,,"Hansen Bust and Boom: American Political Economy of the Prairie Grass, 1930-37",False,v2
826,NYC History Colonial,dutch,Rose,Peter G.,"Food, Drink and Celebrations of the Hudson Valley Dutch",2009,History Press,BOOK,none,pre1900,US,Citywide,none,none,en,academic,none,none,HIGH,NEEDED,,https://annas-archive.org/search?q=Rose+Food%2C+Drink+and+Celebrations+of+the+Hudson+Valley+Dutch,https://archive.org/search?query=Rose+Food%2C+Drink+and+Celebrations+of+the+Hudson+Valley+Dutch,,"Rose Food, Drink and Celebrations of the Hudson Valley Dutch",False,v3v4
827,NYC History Colonial,dutch,Van der Donck,Adriaen,A Description of the New Netherlands,1655,Syracuse UP,BOOK,none,pre1900,Colonial,Citywide,none,none,en,academic,none,none,MEDIUM,NEEDED,,https://annas-archive.org/search?q=Van+der+Donck+A+Description+of+the+New+Netherlands,https://archive.org/search?query=Van+der+Donck+A+Description+of+the+New+Netherlands,,Van der Donck A Description of the New Netherlands,False,v3v4
828,NYC History Colonial,colonial,Burrows,Edwin G.,Gotham: A History of New York City to 1898,1999,Oxford UP,BOOK,none,pre1900,US,Citywide,none,none,en,academic,none,none,CRITICAL,NEEDED,Pulitzer; w/ Wallace,https://annas-archive.org/search?q=Burrows+Gotham%3A+A+History+of+New+York+City+to+1898,https://archive.org/search?query=Burrows+Gotham%3A+A+History+of+New+York+City+to+1898,https://scholar.google.com/scholar?q=Burrows+Wallace+Gotham,Burrows Gotham: A History of New York City to 1898,True,v3v4
829,NYC History Colonial,colonial,Anbinder,Tyler,Five Points: The Nineteenth-Century New York City Neighborhood,2001,Free Press,BOOK,none,pre1900,US,Manhattan,none,none,en,academic,none,none,HIGH,NEEDED,,https://annas-archive.org/search?q=Anbinder+Five+Points%3A+The+Nineteenth-Century+New+York+City+Neighborhood,https://archive.org/search?query=Anbinder+Five+Points%3A+The+Nineteenth-Century+New+York+City+Neighborhood,https://scholar.google.com/scholar?q=Anbinder+Five+Points,Anbinder Five Points: The Nineteenth-Century New York City Neighborhood,True,v3v4
830,NYC History Colonial,colonial,Kurlansky,Mark,The Big Oyster: History on the Half Shell,2006,Ballantine,BOOK,none,pre1900,US,Citywide,none,none,en,academic,none,none,CRITICAL,NEEDED,,https://annas-archive.org/search?q=Kurlansky+The+Big+Oyster%3A+History+on+the+Half+Shell,https://archive.org/search?query=Kurlansky+The+Big+Oyster%3A+History+on+the+Half+Shell,https://scholar.google.com/scholar?q=Kurlansky+Big+Oyster,Kurlansky The Big Oyster: History on the Half Shell,True,v3v4
831,NYC History Colonial,gastropolis,Hauck-Lawson,Annie,Gastropolis: Food and New York City,2008,Columbia UP,BOOK,none,spanning,US,Citywide,none,none,en,academic,none,none,CRITICAL,NEEDED,,https://annas-archive.org/search?q=Hauck-Lawson+Gastropolis%3A+Food+and+New+York+City,https://archive.org/search?query=Hauck-Lawson+Gastropolis%3A+Food+and+New+York+City,https://scholar.google.com/scholar?q=Hauck-Lawson+Gastropolis,Hauck-Lawson Gastropolis: Food and New York City,True,v3v4
832,NYC History Colonial,gastropolis,Smith,Andrew F.,New York City: A Food Biography,2014,Rowman & Littlefield,BOOK,none,spanning,US,Citywide,none,none,en,academic,none,none,FLAGSHIP,NEEDED,,https://annas-archive.org/search?q=Smith+New+York+City%3A+A+Food+Biography,https://archive.org/search?query=Smith+New+York+City%3A+A+Food+Biography,https://scholar.google.com/scholar?q=Smith+New+York+City+Food+Biography,Smith New York City: A Food Biography,True,v3v4
833,NYC History Colonial,gastropolis,Smith,Andrew F.,Savoring Gotham: A Food Lover's Companion to New York City,2015,Oxford UP,BOOK,none,spanning,US,Citywide,none,none,en,academic,none,none,CRITICAL,NEEDED,,https://annas-archive.org/search?q=Smith+Savoring+Gotham%3A+A+Food+Lover%27s+Companion+to+New+York+City,https://archive.org/search?query=Smith+Savoring+Gotham%3A+A+Food+Lover%27s+Companion+to+New+York+City,,Smith Savoring Gotham: A Food Lover's Companion to New York City,True,v3v4
834,NYC History Colonial,fulton,NYHS,,Fulton Market Records 1822-1900,1900,New-York Historical Society,REPORT,none,pre1900,US,Manhattan,wholesale,none,en,academic,none,none,MEDIUM,PARTIAL,,https://annas-archive.org/search?q=NYHS+Fulton+Market+Records+1822-1900,https://archive.org/search?query=NYHS+Fulton+Market+Records+1822-1900,,NYHS Fulton Market Records 1822-1900,False,v3v4
835,NYC History Colonial,colonial,Levinson,David,The Early American Table: Food and Society in the New World,1997,NYU Press,BOOK,none,pre1900,US,Citywide,none,none,en,academic,none,none,MEDIUM,NEEDED,,https://annas-archive.org/search?q=Levinson+The+Early+American+Table%3A+Food+and+Society+in+the+New+World,https://archive.org/search?query=Levinson+The+Early+American+Table%3A+Food+and+Society+in+the+New+World,,Levinson The Early American Table: Food and Society in the New World,False,v3v4
836,NYC History Colonial,erie,Sheriff,Carol,The Artificial River: The Erie Canal and the Paradox of Progress,1996,Hill & Wang,BOOK,none,pre1900,US,Upstate,wholesale,none,en,academic,none,none,HIGH,NEEDED,,https://annas-archive.org/search?q=Sheriff+The+Artificial+River%3A+The+Erie+Canal+and+the+Paradox+of+Progress,https://archive.org/search?query=Sheriff+The+Artificial+River%3A+The+Erie+Canal+and+the+Paradox+of+Progress,,Sheriff The Artificial River: The Erie Canal and the Paradox of Progress,False,v3v4
837,NYC History Colonial,taverns,McWilliams,James E.,A Revolution in Eating: How the Quest for Food Shaped America,2005,Columbia UP,BOOK,none,pre1900,US,Citywide,none,none,en,academic,none,none,MEDIUM,NEEDED,,https://annas-archive.org/search?q=McWilliams+A+Revolution+in+Eating%3A+How+the+Quest+for+Food+Shaped+America,https://archive.org/search?query=McWilliams+A+Revolution+in+Eating%3A+How+the+Quest+for+Food+Shaped+America,,McWilliams A Revolution in Eating: How the Quest for Food Shaped America,False,v3v4
838,NYC History Colonial,slavery,Harris,Leslie M.,In the Shadow of Slavery: African Americans in New York City 1626-1863,2003,U Chicago Press,BOOK,none,pre1900,US,Manhattan,none,none,en,academic,none,none,MEDIUM,NEEDED,,https://annas-archive.org/search?q=Harris+In+the+Shadow+of+Slavery%3A+African+Americans+in+New+York+City+1626-1863,https://archive.org/search?query=Harris+In+the+Shadow+of+Slavery%3A+African+Americans+in+New+York+City+1626-1863,,Harris In the Shadow of Slavery: African Americans in New York City 1626-1863,False,v3v4
839,NYC History Colonial,diner,Diner,Hasia R.,Hungering for America: Italian Irish Jewish Foodways in the Age of Migration,2001,Harvard UP,BOOK,none,pre1900,US,Manhattan,none,none,en,academic,none,none,CRITICAL,NEEDED,,https://annas-archive.org/search?q=Diner+Hungering+for+America%3A+Italian+Irish+Jewish+Foodways+in+the+Age+of+Migration,https://archive.org/search?query=Diner+Hungering+for+America%3A+Italian+Irish+Jewish+Foodways+in+the+Age+of+Migration,https://scholar.google.com/scholar?q=Diner+Hungering+for+America,Diner Hungering for America: Italian Irish Jewish Foodways in the Age of Migration,True,v3v4
840,NYC History Colonial,tenement,Ziegelman,Jane,97 Orchard: An Edible History of Five Immigrant Families in One New York Tenement,2010,Harper,BOOK,none,pre1900,US,Manhattan,none,none,en,academic,none,none,HIGH,NEEDED,,https://annas-archive.org/search?q=Ziegelman+97+Orchard%3A+An+Edible+History+of+Five+Immigrant+Families+in+One+New+York+Tenement,https://archive.org/search?query=Ziegelman+97+Orchard%3A+An+Edible+History+of+Five+Immigrant+Families+in+One+New+York+Tenement,https://scholar.google.com/scholar?q=Ziegelman+97+Orchard,Ziegelman 97 Orchard: An Edible History of Five Immigrant Families in One New York Tenement,True,v3v4
841,NYC History Gilded,delmonicos,Thomas,Lately,Delmonico's: A Century of Splendor,1967,Houghton Mifflin,BOOK,none,pre1900,US,Manhattan,fine_dining,none,en,academic,none,none,CRITICAL,NEEDED,,https://annas-archive.org/search?q=Thomas+Delmonico%27s%3A+A+Century+of+Splendor,https://archive.org/search?query=Thomas+Delmonico%27s%3A+A+Century+of+Splendor,,Thomas Delmonico's: A Century of Splendor,False,v3v4
842,NYC History Gilded,menu,NYPL,,Delmonico's Menu 1899 (NYPL What's on the Menu),1899,NYPL,DATASET_DOC,none,pre1900,US,Manhattan,fine_dining,none,en,academic,none,none,HIGH,PARTIAL,NYPL primary source,https://annas-archive.org/search?q=NYPL+Delmonico%27s+Menu+1899+%28NYPL+What%27s+on+the+Menu%29,https://archive.org/search?query=NYPL+Delmonico%27s+Menu+1899+%28NYPL+What%27s+on+the+Menu%29,http://menus.nypl.org/menus/12380,NYPL Delmonico's Menu 1899 (NYPL What's on the Menu),False,v3v4
843,NYC History Gilded,menu,NYPL,,Waldorf-Astoria Menu 1907 (NYPL),1907,NYPL,DATASET_DOC,none,pre1900,US,Manhattan,fine_dining,none,en,academic,none,none,MEDIUM,PARTIAL,,https://annas-archive.org/search?q=NYPL+Waldorf-Astoria+Menu+1907+%28NYPL%29,https://archive.org/search?query=NYPL+Waldorf-Astoria+Menu+1907+%28NYPL%29,http://menus.nypl.org/,NYPL Waldorf-Astoria Menu 1907 (NYPL),False,v3v4
844,NYC History Gilded,menu,NYPL,,Rector's Menu 1910 (NYPL),1910,NYPL,DATASET_DOC,none,1900_1945,US,Manhattan,fine_dining,none,en,academic,none,none,MEDIUM,PARTIAL,,https://annas-archive.org/search?q=NYPL+Rector%27s+Menu+1910+%28NYPL%29,https://archive.org/search?query=NYPL+Rector%27s+Menu+1910+%28NYPL%29,http://menus.nypl.org/,NYPL Rector's Menu 1910 (NYPL),False,v3v4
845,NYC History Gilded,pushcarts,Bluestone,Daniel M.,The Pushcart Evil: Peddlers Merchants and NY's Progressive Era,1991,J Urban History,ARTICLE,none,1900_1945,US,Manhattan,food_truck,none,en,academic,none,none,HIGH,NEEDED,,https://annas-archive.org/search?q=Bluestone+The+Pushcart+Evil%3A+Peddlers+Merchants+and+NY%27s+Progressive+Era,https://archive.org/search?query=Bluestone+The+Pushcart+Evil%3A+Peddlers+Merchants+and+NY%27s+Progressive+Era,https://scholar.google.com/scholar?q=Bluestone+Pushcart+Evil,Bluestone The Pushcart Evil: Peddlers Merchants and NY's Progressive Era,False,v3v4
846,NYC History Gilded,pushcarts,NYC Mayor,,Report of the Mayor's Pushcart Commission,1906,NYC Municipal Archives,GOV_DOC,none,1900_1945,US,Manhattan,food_truck,none,en,regulator,none,none,HIGH,NEEDED,,https://annas-archive.org/search?q=NYC+Mayor+Report+of+the+Mayor%27s+Pushcart+Commission,https://archive.org/search?query=NYC+Mayor+Report+of+the+Mayor%27s+Pushcart+Commission,https://archive.org/search?query=Mayor+Pushcart+Commission+1906,NYC Mayor Report of the Mayor's Pushcart Commission,False,v3v4
847,NYC History Gilded,tenement,Riis,Jacob,How the Other Half Lives,1890,Scribner,BOOK,none,pre1900,US,Manhattan,none,none,en,academic,none,none,CRITICAL,NEEDED,,https://annas-archive.org/search?q=Riis+How+the+Other+Half+Lives,https://archive.org/search?query=Riis+How+the+Other+Half+Lives,https://archive.org/search?query=Riis+How+the+Other+Half+Lives,Riis How the Other Half Lives,False,v3v4
848,NYC History Gilded,adulter,Coppin,Clayton A.,The Politics of Purity: Harvey Wiley and the Origins of Federal Food Policy,1999,U Michigan Press,BOOK,none,1900_1945,US,Citywide,none,none,en,academic,none,none,MEDIUM,NEEDED,,https://annas-archive.org/search?q=Coppin+The+Politics+of+Purity%3A+Harvey+Wiley+and+the+Origins+of+Federal+Food+Policy,https://archive.org/search?query=Coppin+The+Politics+of+Purity%3A+Harvey+Wiley+and+the+Origins+of+Federal+Food+Policy,,Coppin The Politics of Purity: Harvey Wiley and the Origins of Federal Food Policy,False,v3v4
849,NYC History Gilded,automat,Diehl,Lorraine,The Automat: History Recipes and Allure of Horn & Hardart's Masterpiece,2002,Potter,BOOK,none,1900_1945,US,Manhattan,chain,none,en,academic,none,none,HIGH,NEEDED,,https://annas-archive.org/search?q=Diehl+The+Automat%3A+History+Recipes+and+Allure+of+Horn+%26+Hardart%27s+Masterpiece,https://archive.org/search?query=Diehl+The+Automat%3A+History+Recipes+and+Allure+of+Horn+%26+Hardart%27s+Masterpiece,,Diehl The Automat: History Recipes and Allure of Horn & Hardart's Masterpiece,False,v3v4
850,NYC History Gilded,restaurants,Grimes,William,Appetite City: A Culinary History of New York,2009,North Point,BOOK,none,spanning,US,Citywide,fine_dining,none,en,academic,none,none,CRITICAL,NEEDED,,https://annas-archive.org/search?q=Grimes+Appetite+City%3A+A+Culinary+History+of+New+York,https://archive.org/search?query=Grimes+Appetite+City%3A+A+Culinary+History+of+New+York,https://scholar.google.com/scholar?q=Grimes+Appetite+City,Grimes Appetite City: A Culinary History of New York,True,v3v4
851,NYC History Gilded,jewish,Merwin,Ted,Pastrami on Rye: An Overstuffed History of the Jewish Deli,2015,NYU Press,BOOK,none,spanning,US,Manhattan,deli,none,en,academic,none,none,CRITICAL,NEEDED,,https://annas-archive.org/search?q=Merwin+Pastrami+on+Rye%3A+An+Overstuffed+History+of+the+Jewish+Deli,https://archive.org/search?query=Merwin+Pastrami+on+Rye%3A+An+Overstuffed+History+of+the+Jewish+Deli,https://scholar.google.com/scholar?q=Merwin+Pastrami+on+Rye,Merwin Pastrami on Rye: An Overstuffed History of the Jewish Deli,True,v3v4
852,NYC History Gilded,jewish,Diner,Hasia R.,Lower East Side Memories: A Jewish Place in America,2000,Princeton UP,BOOK,none,spanning,US,Manhattan,deli,none,en,academic,none,none,HIGH,NEEDED,,https://annas-archive.org/search?q=Diner+Lower+East+Side+Memories%3A+A+Jewish+Place+in+America,https://archive.org/search?query=Diner+Lower+East+Side+Memories%3A+A+Jewish+Place+in+America,,Diner Lower East Side Memories: A Jewish Place in America,False,v3v4
853,NYC History Gilded,italian,Cinotto,Simone,The Italian American Table: Food Family and Community in NYC,2013,U Illinois Press,BOOK,none,1900_1945,US,Manhattan,none,none,en,academic,italian,none,HIGH,NEEDED,,https://annas-archive.org/search?q=Cinotto+The+Italian+American+Table%3A+Food+Family+and+Community+in+NYC,https://archive.org/search?query=Cinotto+The+Italian+American+Table%3A+Food+Family+and+Community+in+NYC,https://scholar.google.com/scholar?q=Cinotto+Italian+American+Table,Cinotto The Italian American Table: Food Family and Community in NYC,False,v3v4
854,NYC History Gilded,italian,Gabaccia,Donna,We Are What We Eat: Ethnic Food and the Making of Americans,1998,Harvard UP,BOOK,none,spanning,US,Citywide,none,none,en,academic,none,none,HIGH,NEEDED,,https://annas-archive.org/search?q=Gabaccia+We+Are+What+We+Eat%3A+Ethnic+Food+and+the+Making+of+Americans,https://archive.org/search?query=Gabaccia+We+Are+What+We+Eat%3A+Ethnic+Food+and+the+Making+of+Americans,https://scholar.google.com/scholar?q=Gabaccia+We+Are+What+We+Eat,Gabaccia We Are What We Eat: Ethnic Food and the Making of Americans,False,v3v4
855,NYC History Gilded,restaurants,Spang,Rebecca L.,The Invention of the Restaurant: Paris and Modern Gastronomic Culture,2000,Harvard UP,BOOK,none,pre1900,Europe,none,fine_dining,none,en,academic,french,none,HIGH,NEEDED,,https://annas-archive.org/search?q=Spang+The+Invention+of+the+Restaurant%3A+Paris+and+Modern+Gastronomic+Culture,https://archive.org/search?query=Spang+The+Invention+of+the+Restaurant%3A+Paris+and+Modern+Gastronomic+Culture,,Spang The Invention of the Restaurant: Paris and Modern Gastronomic Culture,False,v3v4
856,NYC History Gilded,bagel,Balinska,Maria,The Bagel: The Surprising History of a Modest Bread,2008,Yale UP,BOOK,none,spanning,US_Global,Manhattan,bagel,none,en,academic,none,none,CRITICAL,NEEDED,,https://annas-archive.org/search?q=Balinska+The+Bagel%3A+The+Surprising+History+of+a+Modest+Bread,https://archive.org/search?query=Balinska+The+Bagel%3A+The+Surprising+History+of+a+Modest+Bread,https://scholar.google.com/scholar?q=Balinska+Bagel+Surprising+History,Balinska The Bagel: The Surprising History of a Modest Bread,True,v3v4
857,NYC History Gilded,katz,Federman,Mark Russ,Russ & Daughters: Reflections and Recipes,2013,Schocken,BOOK,none,spanning,US,Manhattan,specialty_retail,none,en,academic,none,none,MEDIUM,NEEDED,,https://annas-archive.org/search?q=Federman+Russ+%26+Daughters%3A+Reflections+and+Recipes,https://archive.org/search?query=Federman+Russ+%26+Daughters%3A+Reflections+and+Recipes,,Federman Russ & Daughters: Reflections and Recipes,False,v3v4
858,NYC History Gilded,katz,Merwin,Ted,Katz's Delicatessen Centennial,2018,Cornell UP,BOOK,none,spanning,US,Manhattan,deli,none,en,academic,none,none,MEDIUM,NEEDED,,https://annas-archive.org/search?q=Merwin+Katz%27s+Delicatessen+Centennial,https://archive.org/search?query=Merwin+Katz%27s+Delicatessen+Centennial,,Merwin Katz's Delicatessen Centennial,False,v3v4
859,NYC History Gilded,italian,Mariani,John,How Italian Food Conquered the World,2011,Palgrave,BOOK,none,spanning,US_Global,Manhattan,none,none,en,academic,italian,none,HIGH,NEEDED,,https://annas-archive.org/search?q=Mariani+How+Italian+Food+Conquered+the+World,https://archive.org/search?query=Mariani+How+Italian+Food+Conquered+the+World,,Mariani How Italian Food Conquered the World,False,v3v4
860,NYC History Gilded,pizza,Helstosky,Carol,Pizza: A Global History,2008,Reaktion,BOOK,none,spanning,US_Global,Manhattan,pizza,none,en,academic,italian,none,HIGH,NEEDED,,https://annas-archive.org/search?q=Helstosky+Pizza%3A+A+Global+History,https://archive.org/search?query=Helstosky+Pizza%3A+A+Global+History,,Helstosky Pizza: A Global History,False,v3v4
861,NYC History 1930-70,depression,Poppendieck,Janet,Breadlines Knee-Deep in Wheat: Food Assistance in the Great Depression,1986,Rutgers UP,BOOK,none,1900_1945,US,Citywide,none,none,en,academic,none,none,HIGH,NEEDED,,https://annas-archive.org/search?q=Poppendieck+Breadlines+Knee-Deep+in+Wheat%3A+Food+Assistance+in+the+Great+Depression,https://archive.org/search?query=Poppendieck+Breadlines+Knee-Deep+in+Wheat%3A+Food+Assistance+in+the+Great+Depression,https://scholar.google.com/scholar?q=Poppendieck+Breadlines+Knee-Deep+in+Wheat,Poppendieck Breadlines Knee-Deep in Wheat: Food Assistance in the Great Depression,False,v3v4
862,NYC History 1930-70,encyclo,Smith,Andrew F.,The Oxford Encyclopedia of Food and Drink in America,2013,Oxford UP,BOOK,none,spanning,US,none,none,none,en,academic,none,none,HIGH,NEEDED,,https://annas-archive.org/search?q=Smith+The+Oxford+Encyclopedia+of+Food+and+Drink+in+America,https://archive.org/search?query=Smith+The+Oxford+Encyclopedia+of+Food+and+Drink+in+America,,Smith The Oxford Encyclopedia of Food and Drink in America,False,v3v4
863,NYC History 1930-70,restaurants,Freedman,Paul,Ten Restaurants That Changed America,2016,Liveright,BOOK,none,spanning,US,Manhattan,fine_dining,none,en,academic,none,none,HIGH,NEEDED,,https://annas-archive.org/search?q=Freedman+Ten+Restaurants+That+Changed+America,https://archive.org/search?query=Freedman+Ten+Restaurants+That+Changed+America,https://scholar.google.com/scholar?q=Freedman+Ten+Restaurants,Freedman Ten Restaurants That Changed America,False,v3v4
864,NYC History 1930-70,critics,Sheraton,Mimi,Eating My Words: An Appetite for Life,2004,William Morrow,BOOK,none,1945_1980,US,Manhattan,food_media,none,en,media,none,none,HIGH,NEEDED,,https://annas-archive.org/search?q=Sheraton+Eating+My+Words%3A+An+Appetite+for+Life,https://archive.org/search?query=Sheraton+Eating+My+Words%3A+An+Appetite+for+Life,https://scholar.google.com/scholar?q=Sheraton+Eating+My+Words,Sheraton Eating My Words: An Appetite for Life,False,v3v4
865,NYC History 1930-70,critics,Claiborne,Craig,The New York Times Cook Book,1961,Harper,BOOK,none,1945_1980,US,Manhattan,food_media,none,en,media,none,none,MEDIUM,NEEDED,,https://annas-archive.org/search?q=Claiborne+The+New+York+Times+Cook+Book,https://archive.org/search?query=Claiborne+The+New+York+Times+Cook+Book,,Claiborne The New York Times Cook Book,False,v3v4
866,NYC History 1930-70,menu,NYPL,,Le Pavillon Menu c.1945 (Soulé era),1945,NYPL,DATASET_DOC,none,1945_1980,US,Manhattan,fine_dining,none,en,academic,french,none,HIGH,PARTIAL,,https://annas-archive.org/search?q=NYPL+Le+Pavillon+Menu+c.1945+%28Soul%C3%A9+era%29,https://archive.org/search?query=NYPL+Le+Pavillon+Menu+c.1945+%28Soul%C3%A9+era%29,http://menus.nypl.org/,NYPL Le Pavillon Menu c.1945 (Soulé era),False,v3v4
867,NYC History 1930-70,menu,NYPL,,Four Seasons Opening Menu 1959,1959,NYPL,DATASET_DOC,none,1945_1980,US,Manhattan,fine_dining,none,en,academic,none,none,HIGH,PARTIAL,,https://annas-archive.org/search?q=NYPL+Four+Seasons+Opening+Menu+1959,https://archive.org/search?query=NYPL+Four+Seasons+Opening+Menu+1959,http://menus.nypl.org/,NYPL Four Seasons Opening Menu 1959,False,v3v4
868,NYC History 1930-70,menu,NYPL,,Lüchow's Final Menu 1982,1982,NYPL,DATASET_DOC,none,1980_2010,US,Manhattan,fine_dining,none,en,academic,none,none,MEDIUM,PARTIAL,,https://annas-archive.org/search?q=NYPL+L%C3%BCchow%27s+Final+Menu+1982,https://archive.org/search?query=NYPL+L%C3%BCchow%27s+Final+Menu+1982,http://menus.nypl.org/,NYPL Lüchow's Final Menu 1982,False,v3v4
869,NYC History 1930-70,fiscal,Tabb,William K.,The Long Default: NYC and the Urban Fiscal Crisis,1982,Monthly Review,BOOK,none,1945_1980,US,Citywide,none,none,en,academic,none,none,MEDIUM,NEEDED,,https://annas-archive.org/search?q=Tabb+The+Long+Default%3A+NYC+and+the+Urban+Fiscal+Crisis,https://archive.org/search?query=Tabb+The+Long+Default%3A+NYC+and+the+Urban+Fiscal+Crisis,,Tabb The Long Default: NYC and the Urban Fiscal Crisis,False,v3v4
870,NYC History 1930-70,fiscal,Phillips-Fein,Kim,Fear City: NYC's Fiscal Crisis and the Rise of Austerity Politics,2017,Metropolitan,BOOK,none,1945_1980,US,Citywide,none,none,en,academic,none,none,HIGH,NEEDED,,https://annas-archive.org/search?q=Phillips-Fein+Fear+City%3A+NYC%27s+Fiscal+Crisis+and+the+Rise+of+Austerity+Politics,https://archive.org/search?query=Phillips-Fein+Fear+City%3A+NYC%27s+Fiscal+Crisis+and+the+Rise+of+Austerity+Politics,https://scholar.google.com/scholar?q=Phillips-Fein+Fear+City,Phillips-Fein Fear City: NYC's Fiscal Crisis and the Rise of Austerity Politics,False,v3v4
871,NYC History 1930-70,outdoor,NYC DCP,,NYC Sidewalk Café Law 1974,1974,NYC Dept City Planning,GOV_DOC,none,1945_1980,US,Citywide,none,none,en,regulator,none,none,MEDIUM,NEEDED,,https://annas-archive.org/search?q=NYC+DCP+NYC+Sidewalk+Caf%C3%A9+Law+1974,https://archive.org/search?query=NYC+DCP+NYC+Sidewalk+Caf%C3%A9+Law+1974,,NYC DCP NYC Sidewalk Café Law 1974,False,v3v4
872,NYC History 1930-70,mariani,Mariani,John,America Eats Out: An Illustrated History of Restaurants,1991,William Morrow,BOOK,none,spanning,US,Citywide,fine_dining,none,en,academic,none,none,HIGH,NEEDED,,https://annas-archive.org/search?q=Mariani+America+Eats+Out%3A+An+Illustrated+History+of+Restaurants,https://archive.org/search?query=Mariani+America+Eats+Out%3A+An+Illustrated+History+of+Restaurants,https://scholar.google.com/scholar?q=Mariani+America+Eats+Out,Mariani America Eats Out: An Illustrated History of Restaurants,False,v3v4
873,NYC History 1930-70,arugula,Kamp,David,The United States of Arugula,2006,Broadway,BOOK,none,spanning,US,Citywide,fine_dining,none,en,academic,none,none,HIGH,NEEDED,,https://annas-archive.org/search?q=Kamp+The+United+States+of+Arugula,https://archive.org/search?query=Kamp+The+United+States+of+Arugula,https://scholar.google.com/scholar?q=Kamp+United+States+of+Arugula,Kamp The United States of Arugula,False,v3v4
874,NYC History 1930-70,postww2,Shapiro,Laura,Something from the Oven: Reinventing Dinner in 1950s America,2004,Viking,BOOK,none,1945_1980,US,Citywide,none,none,en,academic,none,none,MEDIUM,NEEDED,,https://annas-archive.org/search?q=Shapiro+Something+from+the+Oven%3A+Reinventing+Dinner+in+1950s+America,https://archive.org/search?query=Shapiro+Something+from+the+Oven%3A+Reinventing+Dinner+in+1950s+America,,Shapiro Something from the Oven: Reinventing Dinner in 1950s America,False,v3v4
875,NYC History 1930-70,postww2,Levenstein,Harvey,Paradox of Plenty: A Social History of Eating in Modern America,1993,Oxford UP,BOOK,none,spanning,US,none,none,none,en,academic,none,none,HIGH,NEEDED,,https://annas-archive.org/search?q=Levenstein+Paradox+of+Plenty%3A+A+Social+History+of+Eating+in+Modern+America,https://archive.org/search?query=Levenstein+Paradox+of+Plenty%3A+A+Social+History+of+Eating+in+Modern+America,,Levenstein Paradox of Plenty: A Social History of Eating in Modern America,False,v3v4
876,NYC History 1930-70,saccharin,Cohen,Rich,Sweet and Low: A Family Story,2006,Picador,BOOK,none,1945_1980,US,Manhattan,none,none,en,academic,none,none,LOW,NEEDED,,https://annas-archive.org/search?q=Cohen+Sweet+and+Low%3A+A+Family+Story,https://archive.org/search?query=Cohen+Sweet+and+Low%3A+A+Family+Story,,Cohen Sweet and Low: A Family Story,False,v3v4
877,NYC History 1930-70,bengali,Ray,Krishnendu,The Migrant's Table: Meals and Memories in Bengali-American Households,2004,Temple UP,BOOK,none,1980_2010,US,Queens,none,none,en,academic,indian,none,MEDIUM,NEEDED,,https://annas-archive.org/search?q=Ray+The+Migrant%27s+Table%3A+Meals+and+Memories+in+Bengali-American+Households,https://archive.org/search?query=Ray+The+Migrant%27s+Table%3A+Meals+and+Memories+in+Bengali-American+Households,,Ray The Migrant's Table: Meals and Memories in Bengali-American Households,False,v3v4
878,NYC History 1930-70,downtown,Ocejo,Richard E.,Upscaling Downtown: From Bowery Saloons to Cocktail Bars in NYC,2014,Princeton UP,BOOK,none,2010_2020,US,Manhattan,bar,none,en,academic,none,none,HIGH,NEEDED,,https://annas-archive.org/search?q=Ocejo+Upscaling+Downtown%3A+From+Bowery+Saloons+to+Cocktail+Bars+in+NYC,https://archive.org/search?query=Ocejo+Upscaling+Downtown%3A+From+Bowery+Saloons+to+Cocktail+Bars+in+NYC,https://scholar.google.com/scholar?q=Ocejo+Upscaling+Downtown,Ocejo Upscaling Downtown: From Bowery Saloons to Cocktail Bars in NYC,False,v3v4
879,NYC History 1930-70,craft,Ocejo,Richard E.,Masters of Craft: Old Jobs in the New Urban Economy,2017,Princeton UP,BOOK,none,2010_2020,US,Manhattan,bar,none,en,academic,none,none,HIGH,NEEDED,,https://annas-archive.org/search?q=Ocejo+Masters+of+Craft%3A+Old+Jobs+in+the+New+Urban+Economy,https://archive.org/search?query=Ocejo+Masters+of+Craft%3A+Old+Jobs+in+the+New+Urban+Economy,https://scholar.google.com/scholar?q=Ocejo+Masters+of+Craft,Ocejo Masters of Craft: Old Jobs in the New Urban Economy,True,v3v4
880,NYC History 1930-70,bourdain,Bourdain,Anthony,Kitchen Confidential: Adventures in the Culinary Underbelly,2000,Bloomsbury,BOOK,none,1980_2010,US,Manhattan,fine_dining,none,en,media,none,none,HIGH,NEEDED,,https://annas-archive.org/search?q=Bourdain+Kitchen+Confidential%3A+Adventures+in+the+Culinary+Underbelly,https://archive.org/search?query=Bourdain+Kitchen+Confidential%3A+Adventures+in+the+Culinary+Underbelly,https://scholar.google.com/scholar?q=Bourdain+Kitchen+Confidential,Bourdain Kitchen Confidential: Adventures in the Culinary Underbelly,False,v3v4
881,NYC History 1980-2001,greenmarkets,GrowNYC,,GrowNYC History and Greenmarket Archives,2024,GrowNYC,REPORT,produce,spanning,US,Citywide,greenmarket,none,en,NGO,none,none,HIGH,NEEDED,,https://annas-archive.org/search?q=GrowNYC+GrowNYC+History+and+Greenmarket+Archives,https://archive.org/search?query=GrowNYC+GrowNYC+History+and+Greenmarket+Archives,https://www.grownyc.org/about,GrowNYC GrowNYC History and Greenmarket Archives,False,v3v4
882,NYC History 1980-2001,meyer,Meyer,Danny,Setting the Table: The Transforming Power of Hospitality,2006,HarperBusiness,BOOK,none,1980_2010,US,Manhattan,fine_dining,none,en,foodservice,none,none,HIGH,NEEDED,,https://annas-archive.org/search?q=Meyer+Setting+the+Table%3A+The+Transforming+Power+of+Hospitality,https://archive.org/search?query=Meyer+Setting+the+Table%3A+The+Transforming+Power+of+Hospitality,https://scholar.google.com/scholar?q=Meyer+Setting+the+Table,Meyer Setting the Table: The Transforming Power of Hospitality,True,v3v4
883,NYC History 1980-2001,reichl,Reichl,Ruth,Garlic and Sapphires: The Secret Life of a Critic in Disguise,2005,Penguin,BOOK,none,1980_2010,US,Manhattan,food_media,none,en,media,none,none,HIGH,NEEDED,,https://annas-archive.org/search?q=Reichl+Garlic+and+Sapphires%3A+The+Secret+Life+of+a+Critic+in+Disguise,https://archive.org/search?query=Reichl+Garlic+and+Sapphires%3A+The+Secret+Life+of+a+Critic+in+Disguise,https://scholar.google.com/scholar?q=Reichl+Garlic+and+Sapphires,Reichl Garlic and Sapphires: The Secret Life of a Critic in Disguise,True,v3v4
884,NYC History 1980-2001,chains,Zukin,Sharon,Naked City: The Death and Life of Authentic Urban Places,2010,Oxford UP,BOOK,none,1980_2010,US,Citywide,retail,none,en,academic,none,none,HIGH,NEEDED,,https://annas-archive.org/search?q=Zukin+Naked+City%3A+The+Death+and+Life+of+Authentic+Urban+Places,https://archive.org/search?query=Zukin+Naked+City%3A+The+Death+and+Life+of+Authentic+Urban+Places,https://scholar.google.com/scholar?q=Zukin+Naked+City,Zukin Naked City: The Death and Life of Authentic Urban Places,True,v3v4
885,NYC History 1980-2001,chains,Zukin,Sharon,Point of Purchase: How Shopping Changed American Culture,2004,Routledge,BOOK,none,1980_2010,US,Citywide,retail,none,en,academic,none,none,HIGH,NEEDED,,https://annas-archive.org/search?q=Zukin+Point+of+Purchase%3A+How+Shopping+Changed+American+Culture,https://archive.org/search?query=Zukin+Point+of+Purchase%3A+How+Shopping+Changed+American+Culture,,Zukin Point of Purchase: How Shopping Changed American Culture,False,v3v4
886,NYC History 1980-2001,9_11,Joseph,Peniel,9/11 and the Restaurant Industry: Economic Devastation,2002,Hospitality Review,ARTICLE,none,1980_2010,US,Manhattan,fine_dining,none,en,academic,none,none,MEDIUM,NEEDED,,https://annas-archive.org/search?q=Joseph+9%2F11+and+the+Restaurant+Industry%3A+Economic+Devastation,https://archive.org/search?query=Joseph+9%2F11+and+the+Restaurant+Industry%3A+Economic+Devastation,,Joseph 9/11 and the Restaurant Industry: Economic Devastation,False,v3v4
887,NYC History 1980-2001,sietsema,Sietsema,Robert,New York in a Dozen Dishes,2015,Rizzoli,BOOK,none,2010_2020,US,Citywide,none,none,en,media,none,none,HIGH,NEEDED,,https://annas-archive.org/search?q=Sietsema+New+York+in+a+Dozen+Dishes,https://archive.org/search?query=Sietsema+New+York+in+a+Dozen+Dishes,https://scholar.google.com/scholar?q=Sietsema+New+York+Dozen+Dishes,Sietsema New York in a Dozen Dishes,True,v3v4
888,NYC History 1980-2001,korean,Min,Pyong Gap,Caught in the Middle: Korean Merchants in America's Multiethnic Cities,1996,UC Press,BOOK,none,1980_2010,US,Manhattan,specialty_retail,none,en,academic,korean,none,HIGH,NEEDED,,https://annas-archive.org/search?q=Min+Caught+in+the+Middle%3A+Korean+Merchants+in+America%27s+Multiethnic+Cities,https://archive.org/search?query=Min+Caught+in+the+Middle%3A+Korean+Merchants+in+America%27s+Multiethnic+Cities,,Min Caught in the Middle: Korean Merchants in America's Multiethnic Cities,False,v3v4
889,NYC History 1980-2001,gentrify,Zukin,Sharon,New Retail Capital and Neighborhood Change,2009,City & Community,ARTICLE,none,1980_2010,US,Brooklyn,retail,none,en,academic,none,none,MEDIUM,NEEDED,,https://annas-archive.org/search?q=Zukin+New+Retail+Capital+and+Neighborhood+Change,https://archive.org/search?query=Zukin+New+Retail+Capital+and+Neighborhood+Change,,Zukin New Retail Capital and Neighborhood Change,False,v3v4
890,NYC History 1980-2001,chinatown,Lin,Jan,Reconstructing Chinatown: Ethnic Enclave Global Change,1998,U Minnesota Press,BOOK,none,1980_2010,US,Manhattan,none,none,en,academic,chinese,none,HIGH,NEEDED,,https://annas-archive.org/search?q=Lin+Reconstructing+Chinatown%3A+Ethnic+Enclave+Global+Change,https://archive.org/search?query=Lin+Reconstructing+Chinatown%3A+Ethnic+Enclave+Global+Change,https://scholar.google.com/scholar?q=Lin+Reconstructing+Chinatown,Lin Reconstructing Chinatown: Ethnic Enclave Global Change,False,v3v4
891,NYC History 1980-2001,cocktails,Simonson,Robert,A Proper Drink: How a Band of Bartenders Saved the Civilized Drinking World,2016,Ten Speed,BOOK,none,2010_2020,US,Manhattan,bar,none,en,academic,none,spirits,MEDIUM,NEEDED,,https://annas-archive.org/search?q=Simonson+A+Proper+Drink%3A+How+a+Band+of+Bartenders+Saved+the+Civilized+Drinking+World,https://archive.org/search?query=Simonson+A+Proper+Drink%3A+How+a+Band+of+Bartenders+Saved+the+Civilized+Drinking+World,,Simonson A Proper Drink: How a Band of Bartenders Saved the Civilized Drinking World,False,v3v4
892,NYC History 1980-2001,aids,Shilts,Randy,And the Band Played On: Politics People and the AIDS Epidemic,1987,St Martin's,BOOK,none,1980_2010,US,Manhattan,fine_dining,none,en,academic,none,none,LOW,NEEDED,,https://annas-archive.org/search?q=Shilts+And+the+Band+Played+On%3A+Politics+People+and+the+AIDS+Epidemic,https://archive.org/search?query=Shilts+And+the+Band+Played+On%3A+Politics+People+and+the+AIDS+Epidemic,,Shilts And the Band Played On: Politics People and the AIDS Epidemic,False,v3v4
893,NYC History 1980-2001,ny_mag,Beard,James,The James Beard Cookbook,1959,Dell,BOOK,none,1945_1980,US,Manhattan,none,none,en,media,none,none,LOW,NEEDED,,https://annas-archive.org/search?q=Beard+The+James+Beard+Cookbook,https://archive.org/search?query=Beard+The+James+Beard+Cookbook,,Beard The James Beard Cookbook,False,v3v4
894,NYC History 1980-2001,memoir,Reichl,Ruth,Tender at the Bone: Growing Up at the Table,1998,Random House,BOOK,none,1980_2010,US,Manhattan,none,none,en,media,none,none,MEDIUM,NEEDED,,https://annas-archive.org/search?q=Reichl+Tender+at+the+Bone%3A+Growing+Up+at+the+Table,https://archive.org/search?query=Reichl+Tender+at+the+Bone%3A+Growing+Up+at+the+Table,,Reichl Tender at the Bone: Growing Up at the Table,False,v3v4
895,NYC History 1980-2001,80s,Kuh,Patric,The Last Days of Haute Cuisine: The Coming of Age of American Restaurants,2001,Penguin,BOOK,none,1980_2010,US,Manhattan,fine_dining,none,en,academic,none,none,MEDIUM,NEEDED,,https://annas-archive.org/search?q=Kuh+The+Last+Days+of+Haute+Cuisine%3A+The+Coming+of+Age+of+American+Restaurants,https://archive.org/search?query=Kuh+The+Last+Days+of+Haute+Cuisine%3A+The+Coming+of+Age+of+American+Restaurants,,Kuh The Last Days of Haute Cuisine: The Coming of Age of American Restaurants,False,v3v4
896,Hunts Point Wholesale,hunts,NYCEDC,,Hunts Point Food Distribution Center Profile,2024,NYCEDC,REPORT,multi,2020_present,US,Bronx,wholesale,none,en,regulator,none,none,FLAGSHIP,NEEDED,Largest food distribution complex worldwide,https://annas-archive.org/search?q=NYCEDC+Hunts+Point+Food+Distribution+Center+Profile,https://archive.org/search?query=NYCEDC+Hunts+Point+Food+Distribution+Center+Profile,https://edc.nyc/industry/food-and-beverage,NYCEDC Hunts Point Food Distribution Center Profile,True,v3v4
897,Hunts Point Wholesale,hunts,NYC Mayor,,Hunts Point Vision Plan 2019,2019,NYC Mayor Office,REPORT,multi,2010_2020,US,Bronx,wholesale,none,en,regulator,none,none,HIGH,NEEDED,,https://annas-archive.org/search?q=NYC+Mayor+Hunts+Point+Vision+Plan+2019,https://archive.org/search?query=NYC+Mayor+Hunts+Point+Vision+Plan+2019,https://www.nyc.gov/,NYC Mayor Hunts Point Vision Plan 2019,False,v3v4
898,Hunts Point Wholesale,hunts,NYCEDC,,Hunts Point Infrastructure Investment Plan 2020,2020,NYCEDC,REPORT,multi,2020_present,US,Bronx,wholesale,none,en,regulator,none,none,HIGH,NEEDED,,https://annas-archive.org/search?q=NYCEDC+Hunts+Point+Infrastructure+Investment+Plan+2020,https://archive.org/search?query=NYCEDC+Hunts+Point+Infrastructure+Investment+Plan+2020,https://edc.nyc/,NYCEDC Hunts Point Infrastructure Investment Plan 2020,False,v3v4
899,Hunts Point Wholesale,produce,Hunts Point Terminal Produce,,Hunts Point Terminal Produce Market Publications,2024,HPTPM,DATASET_DOC,produce,2020_present,US,Bronx,wholesale,none,en,trader,none,none,MEDIUM,NEEDED,,https://annas-archive.org/search?q=Hunts+Point+Terminal+Produce+Hunts+Point+Terminal+Produce+Market+Publications,https://archive.org/search?query=Hunts+Point+Terminal+Produce+Hunts+Point+Terminal+Produce+Market+Publications,https://huntspointterminalmarket.com/,Hunts Point Terminal Produce Hunts Point Terminal Produce Market Publications,False,v3v4
900,Hunts Point Wholesale,meat,Hunts Point Meat,,Hunts Point Cooperative Meat Market Publications,2024,HPCMM,DATASET_DOC,meat,2020_present,US,Bronx,wholesale,none,en,trader,none,none,MEDIUM,NEEDED,,https://annas-archive.org/search?q=Hunts+Point+Meat+Hunts+Point+Cooperative+Meat+Market+Publications,https://archive.org/search?query=Hunts+Point+Meat+Hunts+Point+Cooperative+Meat+Market+Publications,https://huntspointmeatmarket.com/,Hunts Point Meat Hunts Point Cooperative Meat Market Publications,False,v3v4
901,Hunts Point Wholesale,fulton,Fulton Fish Market,,Fulton Fish Market at Hunts Point Trade Pubs,2024,NFFM,DATASET_DOC,none,2020_present,US,Bronx,fish_market,none,en,trader,none,none,MEDIUM,NEEDED,,https://annas-archive.org/search?q=Fulton+Fish+Market+Fulton+Fish+Market+at+Hunts+Point+Trade+Pubs,https://archive.org/search?query=Fulton+Fish+Market+Fulton+Fish+Market+at+Hunts+Point+Trade+Pubs,https://www.fultonfishmarket.com/,Fulton Fish Market Fulton Fish Market at Hunts Point Trade Pubs,False,v3v4
902,Hunts Point Wholesale,jetro,Jetro,,Jetro Restaurant Depot Corporate Profile,2024,Jetro,GOV_DOC,none,2020_present,US,Bronx,wholesale,none,en,distributor,none,none,MEDIUM,NEEDED,,https://annas-archive.org/search?q=Jetro+Jetro+Restaurant+Depot+Corporate+Profile,https://archive.org/search?query=Jetro+Jetro+Restaurant+Depot+Corporate+Profile,https://www.restaurantdepot.com/,Jetro Jetro Restaurant Depot Corporate Profile,False,v3v4
903,Hunts Point Wholesale,bronx_terminal,NYC,,Bronx Terminal Market History 1935-2005,2005,NYC Economic Dev,REPORT,none,spanning,US,Bronx,wholesale,none,en,regulator,none,none,MEDIUM,NEEDED,,https://annas-archive.org/search?q=NYC+Bronx+Terminal+Market+History+1935-2005,https://archive.org/search?query=NYC+Bronx+Terminal+Market+History+1935-2005,,NYC Bronx Terminal Market History 1935-2005,False,v3v4
904,Hunts Point Wholesale,wholesale,Grace,Francesca,The NYC Wholesale Produce Industry: Structure and Participants,2020,CUNY Food Policy,REPORT,produce,2020_present,US,Bronx,wholesale,none,en,academic,none,none,HIGH,NEEDED,,https://annas-archive.org/search?q=Grace+The+NYC+Wholesale+Produce+Industry%3A+Structure+and+Participants,https://archive.org/search?query=Grace+The+NYC+Wholesale+Produce+Industry%3A+Structure+and+Participants,https://www.cunyurbanfoodpolicy.org/,Grace The NYC Wholesale Produce Industry: Structure and Participants,False,v3v4
905,Hunts Point Wholesale,wholesale,NYC Food Policy Center,,NYC Wholesale Food Markets: Operations and Challenges,2021,Hunter Food Policy Center,REPORT,none,2020_present,US,Bronx,wholesale,none,en,academic,none,none,HIGH,NEEDED,,https://annas-archive.org/search?q=NYC+Food+Policy+Center+NYC+Wholesale+Food+Markets%3A+Operations+and+Challenges,https://archive.org/search?query=NYC+Food+Policy+Center+NYC+Wholesale+Food+Markets%3A+Operations+and+Challenges,https://www.nycfoodpolicy.org/,NYC Food Policy Center NYC Wholesale Food Markets: Operations and Challenges,False,v3v4
906,Hunts Point Wholesale,truck,Rudin,,Truck Congestion at Hunts Point: Logistics Analysis,2018,Rudin Center NYU Wagner,REPORT,none,2010_2020,US,Bronx,wholesale,real_estate,en,academic,none,none,MEDIUM,NEEDED,,https://annas-archive.org/search?q=Rudin+Truck+Congestion+at+Hunts+Point%3A+Logistics+Analysis,https://archive.org/search?query=Rudin+Truck+Congestion+at+Hunts+Point%3A+Logistics+Analysis,,Rudin Truck Congestion at Hunts Point: Logistics Analysis,False,v3v4
907,Hunts Point Wholesale,wholesale,Center for an Urban Future,,State of NYC's Wholesale Food Markets,2022,CUF,REPORT,none,2020_present,US,Bronx,wholesale,none,en,NGO,none,none,HIGH,NEEDED,,https://annas-archive.org/search?q=Center+for+an+Urban+Future+State+of+NYC%27s+Wholesale+Food+Markets,https://archive.org/search?query=Center+for+an+Urban+Future+State+of+NYC%27s+Wholesale+Food+Markets,https://nycfuture.org/,Center for an Urban Future State of NYC's Wholesale Food Markets,False,v3v4
908,Hunts Point Wholesale,wholesale,Morgan,Dan,Merchants of Grain,1979,Viking,BOOK,cereals,1945_1980,Global,none,wholesale,none,en,trader,none,none,HIGH,NEEDED,,https://annas-archive.org/search?q=Morgan+Merchants+of+Grain,https://archive.org/search?query=Morgan+Merchants+of+Grain,,Morgan Merchants of Grain,False,v3v4
909,Hunts Point Wholesale,wholesale,NYC EDC,,Food Forward NYC: 10-Year Food Policy Strategy,2021,NYCEDC,REPORT,multi,2020_present,US,Citywide,none,none,en,regulator,none,none,FLAGSHIP,NEEDED,,https://annas-archive.org/search?q=NYC+EDC+Food+Forward+NYC%3A+10-Year+Food+Policy+Strategy,https://archive.org/search?query=NYC+EDC+Food+Forward+NYC%3A+10-Year+Food+Policy+Strategy,https://edc.nyc/project/food-forward-nyc,NYC EDC Food Forward NYC: 10-Year Food Policy Strategy,True,v3v4
910,Hunts Point Wholesale,wholesale,NYC Mayor Food,,NYC Food Metrics Report (annual),2024,Mayor's Office of Food Policy,REPORT,none,2020_present,US,Citywide,none,none,en,regulator,none,none,HIGH,NEEDED,,https://annas-archive.org/search?q=NYC+Mayor+Food+NYC+Food+Metrics+Report+%28annual%29,https://archive.org/search?query=NYC+Mayor+Food+NYC+Food+Metrics+Report+%28annual%29,https://www.nyc.gov/site/foodpolicy/reports-and-data/food-metrics-report.page,NYC Mayor Food NYC Food Metrics Report (annual),False,v3v4
911,Hunts Point Wholesale,wholesale,NYC Speaker,,SPEAK Food Policy Report,2023,NYC Council Speaker,REPORT,none,2020_present,US,Citywide,none,none,en,regulator,none,none,MEDIUM,NEEDED,,https://annas-archive.org/search?q=NYC+Speaker+SPEAK+Food+Policy+Report,https://archive.org/search?query=NYC+Speaker+SPEAK+Food+Policy+Report,,NYC Speaker SPEAK Food Policy Report,False,v3v4
912,Hunts Point Wholesale,wholesale,CUNY Urban Food Policy,,Bodega Food Distribution in NYC 2022,2022,CUNY,REPORT,none,2020_present,US,Citywide,bodega,none,en,academic,none,none,HIGH,NEEDED,,https://annas-archive.org/search?q=CUNY+Urban+Food+Policy+Bodega+Food+Distribution+in+NYC+2022,https://archive.org/search?query=CUNY+Urban+Food+Policy+Bodega+Food+Distribution+in+NYC+2022,https://www.cunyurbanfoodpolicy.org/,CUNY Urban Food Policy Bodega Food Distribution in NYC 2022,False,v3v4
913,Hunts Point Wholesale,foodshed,Peters,Christian,Mapping Potential Foodsheds in NY State,2009,Renewable Agriculture & Food Systems,ARTICLE,none,1980_2010,US,Upstate,none,none,en,academic,none,none,MEDIUM,NEEDED,,https://annas-archive.org/search?q=Peters+Mapping+Potential+Foodsheds+in+NY+State,https://archive.org/search?query=Peters+Mapping+Potential+Foodsheds+in+NY+State,,Peters Mapping Potential Foodsheds in NY State,False,v3v4
914,Hunts Point Wholesale,foodshed,Karp,,Karp Resources: NYC Food Distribution Consulting,2024,Karp Resources,REPORT,none,2020_present,US,Citywide,wholesale,none,en,academic,none,none,LOW,NEEDED,,https://annas-archive.org/search?q=Karp+Karp+Resources%3A+NYC+Food+Distribution+Consulting,https://archive.org/search?query=Karp+Karp+Resources%3A+NYC+Food+Distribution+Consulting,,Karp Karp Resources: NYC Food Distribution Consulting,False,v3v4
915,Hunts Point Wholesale,foodshed,Hinrichs,Clare,Embeddedness and Local Food Systems: Notes on Two Types of Direct Agricultural Market,2000,J Rural Studies,ARTICLE,none,1980_2010,US,Upstate,none,none,en,academic,none,none,MEDIUM,NEEDED,,https://annas-archive.org/search?q=Hinrichs+Embeddedness+and+Local+Food+Systems%3A+Notes+on+Two+Types+of+Direct+Agricultural+Market,https://archive.org/search?query=Hinrichs+Embeddedness+and+Local+Food+Systems%3A+Notes+on+Two+Types+of+Direct+Agricultural+Market,,Hinrichs Embeddedness and Local Food Systems: Notes on Two Types of Direct Agricultural Market,False,v3v4
916,Hunts Point Wholesale,foodshed,Brooklyn Grange,,Brooklyn Grange Rooftop Farm Operations Reports,2024,Brooklyn Grange,REPORT,none,2020_present,US,Brooklyn,greenmarket,none,en,producer,none,none,MEDIUM,NEEDED,,https://annas-archive.org/search?q=Brooklyn+Grange+Brooklyn+Grange+Rooftop+Farm+Operations+Reports,https://archive.org/search?query=Brooklyn+Grange+Brooklyn+Grange+Rooftop+Farm+Operations+Reports,,Brooklyn Grange Brooklyn Grange Rooftop Farm Operations Reports,False,v3v4
917,Hunts Point Wholesale,wholesale,USDA AMS,,NYC Wholesale Market Prices (daily series),2024,USDA AMS,DATASET_DOC,multi,2020_present,US,Citywide,wholesale,none,en,regulator,none,none,HIGH,NEEDED,,https://annas-archive.org/search?q=USDA+AMS+NYC+Wholesale+Market+Prices+%28daily+series%29,https://archive.org/search?query=USDA+AMS+NYC+Wholesale+Market+Prices+%28daily+series%29,https://www.ams.usda.gov/market-news,USDA AMS NYC Wholesale Market Prices (daily series),False,v3v4
918,Hunts Point Wholesale,wholesale,NYC Comptroller,,Food Markets of NYC: Past Present Future,2018,NYC Comptroller,REPORT,none,2010_2020,US,Citywide,wholesale,none,en,regulator,none,none,MEDIUM,NEEDED,,https://annas-archive.org/search?q=NYC+Comptroller+Food+Markets+of+NYC%3A+Past+Present+Future,https://archive.org/search?query=NYC+Comptroller+Food+Markets+of+NYC%3A+Past+Present+Future,,NYC Comptroller Food Markets of NYC: Past Present Future,False,v3v4
919,Hunts Point Wholesale,wholesale,Chester,,Cargo Airport & Food Supply: JFK Perishables,2019,Port Authority,REPORT,none,2010_2020,US,Queens,wholesale,real_estate,en,regulator,none,none,MEDIUM,NEEDED,,https://annas-archive.org/search?q=Chester+Cargo+Airport+%26+Food+Supply%3A+JFK+Perishables,https://archive.org/search?query=Chester+Cargo+Airport+%26+Food+Supply%3A+JFK+Perishables,,Chester Cargo Airport & Food Supply: JFK Perishables,False,v3v4
920,Hunts Point Wholesale,wholesale,USDA,,NYC Food Distribution Transportation,2020,USDA AMS,REPORT,none,2020_present,US,Citywide,wholesale,none,en,regulator,none,none,MEDIUM,NEEDED,,https://annas-archive.org/search?q=USDA+NYC+Food+Distribution+Transportation,https://archive.org/search?query=USDA+NYC+Food+Distribution+Transportation,,USDA NYC Food Distribution Transportation,False,v3v4
921,Fulton Fish,fulton,Mitchell,Joseph,Up in the Old Hotel: And Other Stories,1992,Pantheon,BOOK,none,spanning,US,Manhattan,fish_market,none,en,academic,none,none,FLAGSHIP,NEEDED,New Yorker classic Fulton reporting,https://annas-archive.org/search?q=Mitchell+Up+in+the+Old+Hotel%3A+And+Other+Stories,https://archive.org/search?query=Mitchell+Up+in+the+Old+Hotel%3A+And+Other+Stories,,Mitchell Up in the Old Hotel: And Other Stories,True,v3v4
922,Fulton Fish,fulton,Kurlansky,Mark,The Big Oyster (Fulton Market chapters),2006,Ballantine,CHAPTER,none,pre1900,US,Manhattan,fish_market,none,en,academic,none,none,CRITICAL,NEEDED,,https://annas-archive.org/search?q=Kurlansky+The+Big+Oyster+%28Fulton+Market+chapters%29,https://archive.org/search?query=Kurlansky+The+Big+Oyster+%28Fulton+Market+chapters%29,,Kurlansky The Big Oyster (Fulton Market chapters),False,v3v4
923,Fulton Fish,fulton,NYC,,Fulton Market Relocation Records 2005,2005,NYC Dept Markets,GOV_DOC,none,1980_2010,US,Manhattan,fish_market,none,en,regulator,none,none,MEDIUM,NEEDED,,https://annas-archive.org/search?q=NYC+Fulton+Market+Relocation+Records+2005,https://archive.org/search?query=NYC+Fulton+Market+Relocation+Records+2005,,NYC Fulton Market Relocation Records 2005,False,v3v4
924,Fulton Fish,fulton_crime,Jacobs,James B.,Gotham Unbound: How NY Was Liberated from the Grip of Organized Crime,1999,NYU Press,BOOK,none,spanning,US,Manhattan,fish_market,none,en,academic,none,none,HIGH,NEEDED,,https://annas-archive.org/search?q=Jacobs+Gotham+Unbound%3A+How+NY+Was+Liberated+from+the+Grip+of+Organized+Crime,https://archive.org/search?query=Jacobs+Gotham+Unbound%3A+How+NY+Was+Liberated+from+the+Grip+of+Organized+Crime,,Jacobs Gotham Unbound: How NY Was Liberated from the Grip of Organized Crime,False,v3v4
925,Fulton Fish,fulton,Farber,Barry,Fulton Fish Market: A History,2022,Columbia UP,BOOK,none,spanning,US,Manhattan,fish_market,none,en,academic,none,none,HIGH,NEEDED,,https://annas-archive.org/search?q=Farber+Fulton+Fish+Market%3A+A+History,https://archive.org/search?query=Farber+Fulton+Fish+Market%3A+A+History,,Farber Fulton Fish Market: A History,False,v3v4
926,Fulton Fish,seafood,Finamore,Daniel,The Fulton Fish Market and the Oyster Wars,2015,South Street Seaport Museum,REPORT,none,pre1900,US,Manhattan,fish_market,none,en,academic,none,none,MEDIUM,NEEDED,,https://annas-archive.org/search?q=Finamore+The+Fulton+Fish+Market+and+the+Oyster+Wars,https://archive.org/search?query=Finamore+The+Fulton+Fish+Market+and+the+Oyster+Wars,,Finamore The Fulton Fish Market and the Oyster Wars,False,v3v4
927,Fulton Fish,seafood,NOAA,,NYC Seafood Landings Statistics,2024,NOAA,DATASET_DOC,none,2020_present,US,Tri-State,fish_market,none,en,regulator,none,none,HIGH,NEEDED,,https://annas-archive.org/search?q=NOAA+NYC+Seafood+Landings+Statistics,https://archive.org/search?query=NOAA+NYC+Seafood+Landings+Statistics,https://www.fisheries.noaa.gov/,NOAA NYC Seafood Landings Statistics,False,v3v4
928,Fulton Fish,seafood,Neptune,,Neptune Fishing NYC: Current Market Landscape,2022,Industry report,REPORT,none,2020_present,US,Bronx,fish_market,none,en,academic,none,none,LOW,NEEDED,,https://annas-archive.org/search?q=Neptune+Neptune+Fishing+NYC%3A+Current+Market+Landscape,https://archive.org/search?query=Neptune+Neptune+Fishing+NYC%3A+Current+Market+Landscape,,Neptune Neptune Fishing NYC: Current Market Landscape,False,v3v4
929,Fulton Fish,oyster,NYC DEP,,NY Harbor Oyster Restoration Reports,2024,Billion Oyster Project / DEP,REPORT,none,2020_present,US,Citywide,fish_market,none,en,NGO,none,none,HIGH,NEEDED,,https://annas-archive.org/search?q=NYC+DEP+NY+Harbor+Oyster+Restoration+Reports,https://archive.org/search?query=NYC+DEP+NY+Harbor+Oyster+Restoration+Reports,https://www.billionoysterproject.org/,NYC DEP NY Harbor Oyster Restoration Reports,False,v3v4
930,Fulton Fish,seafood,Mansfield,Becky,Thinking Through Scale: The Role of State Governance in Globalizing North Pacific Fisheries,2008,Environment & Planning A,ARTICLE,none,1980_2010,US_Global,none,fish_market,none,en,academic,none,none,MEDIUM,NEEDED,,https://annas-archive.org/search?q=Mansfield+Thinking+Through+Scale%3A+The+Role+of+State+Governance+in+Globalizing+North+Pacific+Fisheries,https://archive.org/search?query=Mansfield+Thinking+Through+Scale%3A+The+Role+of+State+Governance+in+Globalizing+North+Pacific+Fisheries,,Mansfield Thinking Through Scale: The Role of State Governance in Globalizing North Pacific Fisheries,False,v3v4
931,Fulton Fish,seafood,Seafood Source,,NYC Seafood Distribution Trade Coverage,2024,Seafood Source,ARTICLE,none,2020_present,US,Bronx,fish_market,none,en,media,none,none,LOW,NEEDED,,https://annas-archive.org/search?q=Seafood+Source+NYC+Seafood+Distribution+Trade+Coverage,https://archive.org/search?query=Seafood+Source+NYC+Seafood+Distribution+Trade+Coverage,,Seafood Source NYC Seafood Distribution Trade Coverage,False,v3v4
932,Fulton Fish,seafood,FAO,,State of World Fisheries and Aquaculture (SOFIA) 2024,2024,FAO,REPORT,none,2020_present,Global,none,none,none,en,regulator,none,none,HIGH,NEEDED,,https://annas-archive.org/search?q=FAO+State+of+World+Fisheries+and+Aquaculture+%28SOFIA%29+2024,https://archive.org/search?query=FAO+State+of+World+Fisheries+and+Aquaculture+%28SOFIA%29+2024,https://www.fao.org/publications/sofia/,FAO State of World Fisheries and Aquaculture (SOFIA) 2024,False,v3v4
933,Fulton Fish,seafood,Greenberg,Paul,Four Fish: The Future of the Last Wild Food,2010,Penguin,BOOK,none,2010_2020,Global,none,fish_market,none,en,academic,none,none,HIGH,NEEDED,,https://annas-archive.org/search?q=Greenberg+Four+Fish%3A+The+Future+of+the+Last+Wild+Food,https://archive.org/search?query=Greenberg+Four+Fish%3A+The+Future+of+the+Last+Wild+Food,,Greenberg Four Fish: The Future of the Last Wild Food,False,v3v4
934,Fulton Fish,seafood,Greenberg,Paul,American Catch: The Fight for Our Local Seafood,2014,Penguin,BOOK,none,2010_2020,US,none,fish_market,none,en,academic,none,none,HIGH,NEEDED,,https://annas-archive.org/search?q=Greenberg+American+Catch%3A+The+Fight+for+Our+Local+Seafood,https://archive.org/search?query=Greenberg+American+Catch%3A+The+Fight+for+Our+Local+Seafood,,Greenberg American Catch: The Fight for Our Local Seafood,False,v3v4
935,Fulton Fish,oyster_hist,Ingersoll,Ernest,The Oyster-Industry,1881,10th Census of US,GOV_DOC,none,pre1900,US,Citywide,fish_market,none,en,regulator,none,none,MEDIUM,NEEDED,,https://annas-archive.org/search?q=Ingersoll+The+Oyster-Industry,https://archive.org/search?query=Ingersoll+The+Oyster-Industry,https://archive.org/search?query=Ingersoll+Oyster+Industry+1881,Ingersoll The Oyster-Industry,False,v3v4
936,NYC Restaurant Econ,unit_econ,NYC Hospitality Alliance,,NYC Restaurant Industry Reports (annual),2024,NYC Hospitality Alliance,REPORT,none,2020_present,US,Citywide,none,none,en,NGO,none,none,CRITICAL,NEEDED,,https://annas-archive.org/search?q=NYC+Hospitality+Alliance+NYC+Restaurant+Industry+Reports+%28annual%29,https://archive.org/search?query=NYC+Hospitality+Alliance+NYC+Restaurant+Industry+Reports+%28annual%29,https://thenycalliance.org/,NYC Hospitality Alliance NYC Restaurant Industry Reports (annual),False,v3v4
937,NYC Restaurant Econ,unit_econ,Center for an Urban Future,,State of the Restaurant Industry NYC,2019,CUF,REPORT,none,2010_2020,US,Citywide,none,none,en,NGO,none,none,HIGH,NEEDED,,https://annas-archive.org/search?q=Center+for+an+Urban+Future+State+of+the+Restaurant+Industry+NYC,https://archive.org/search?query=Center+for+an+Urban+Future+State+of+the+Restaurant+Industry+NYC,https://nycfuture.org/,Center for an Urban Future State of the Restaurant Industry NYC,False,v3v4
938,NYC Restaurant Econ,rents,REBNY,,Retail Rent Reports NYC (quarterly),2024,REBNY,DATASET_DOC,none,2020_present,US,Citywide,none,real_estate,en,NGO,none,none,HIGH,NEEDED,,https://annas-archive.org/search?q=REBNY+Retail+Rent+Reports+NYC+%28quarterly%29,https://archive.org/search?query=REBNY+Retail+Rent+Reports+NYC+%28quarterly%29,https://www.rebny.com/,REBNY Retail Rent Reports NYC (quarterly),False,v3v4
939,NYC Restaurant Econ,rents,Cushman,,NYC Retail Marketbeat Reports,2024,Cushman & Wakefield,REPORT,none,2020_present,US,Citywide,none,real_estate,en,media,none,none,MEDIUM,NEEDED,,https://annas-archive.org/search?q=Cushman+NYC+Retail+Marketbeat+Reports,https://archive.org/search?query=Cushman+NYC+Retail+Marketbeat+Reports,,Cushman NYC Retail Marketbeat Reports,False,v3v4
940,NYC Restaurant Econ,labor_cost,NYC Comptroller,,NYC Restaurant Industry Sector Analysis,2020,NYC Comptroller,REPORT,none,2020_present,US,Citywide,none,none,en,regulator,none,none,HIGH,NEEDED,,https://annas-archive.org/search?q=NYC+Comptroller+NYC+Restaurant+Industry+Sector+Analysis,https://archive.org/search?query=NYC+Comptroller+NYC+Restaurant+Industry+Sector+Analysis,https://comptroller.nyc.gov/,NYC Comptroller NYC Restaurant Industry Sector Analysis,False,v3v4
941,NYC Restaurant Econ,minwage,Reich,Michael,The Effects of a $15 Minimum Wage in NY State and NYC,2016,UC Berkeley IRLE,REPORT,none,2010_2020,US,Citywide,none,none,en,academic,none,none,HIGH,NEEDED,,https://annas-archive.org/search?q=Reich+The+Effects+of+a+%2415+Minimum+Wage+in+NY+State+and+NYC,https://archive.org/search?query=Reich+The+Effects+of+a+%2415+Minimum+Wage+in+NY+State+and+NYC,https://scholar.google.com/scholar?q=Reich+%2415+minimum+wage+NY,Reich The Effects of a $15 Minimum Wage in NY State and NYC,False,v3v4
942,NYC Restaurant Econ,minwage,NELP,,$15 Minimum Wage in NYC: Effect on Restaurants,2019,NELP,REPORT,none,2010_2020,US,Citywide,none,none,en,NGO,none,none,HIGH,NEEDED,,https://annas-archive.org/search?q=NELP+%2415+Minimum+Wage+in+NYC%3A+Effect+on+Restaurants,https://archive.org/search?query=NELP+%2415+Minimum+Wage+in+NYC%3A+Effect+on+Restaurants,,NELP $15 Minimum Wage in NYC: Effect on Restaurants,False,v3v4
943,NYC Restaurant Econ,closures,Yelp,,NYC Restaurant Closures Economic Impact Reports,2021,Yelp Economic Avg,REPORT,none,2020_present,US,Citywide,none,none,en,media,none,none,MEDIUM,NEEDED,,https://annas-archive.org/search?q=Yelp+NYC+Restaurant+Closures+Economic+Impact+Reports,https://archive.org/search?query=Yelp+NYC+Restaurant+Closures+Economic+Impact+Reports,,Yelp NYC Restaurant Closures Economic Impact Reports,False,v3v4
944,NYC Restaurant Econ,financing,Square,,Square Restaurant Industry Reports NYC,2024,Square / Block,REPORT,none,2020_present,US,Citywide,none,pos_tech,en,trader,none,none,MEDIUM,NEEDED,,https://annas-archive.org/search?q=Square+Square+Restaurant+Industry+Reports+NYC,https://archive.org/search?query=Square+Square+Restaurant+Industry+Reports+NYC,,Square Square Restaurant Industry Reports NYC,False,v3v4
945,NYC Restaurant Econ,financing,Toast,,Toast NYC Restaurant Industry Data,2024,Toast Inc,REPORT,none,2020_present,US,Citywide,none,pos_tech,en,trader,none,none,MEDIUM,NEEDED,,https://annas-archive.org/search?q=Toast+Toast+NYC+Restaurant+Industry+Data,https://archive.org/search?query=Toast+Toast+NYC+Restaurant+Industry+Data,,Toast Toast NYC Restaurant Industry Data,False,v3v4
946,NYC Restaurant Econ,resy,Amex,,Resy: Restaurant Reservation Platform NYC Origin,2019,American Express / Resy,GOV_DOC,none,2010_2020,US,Manhattan,none,reservation_tech,en,trader,none,none,MEDIUM,NEEDED,,https://annas-archive.org/search?q=Amex+Resy%3A+Restaurant+Reservation+Platform+NYC+Origin,https://archive.org/search?query=Amex+Resy%3A+Restaurant+Reservation+Platform+NYC+Origin,,Amex Resy: Restaurant Reservation Platform NYC Origin,False,v3v4
947,NYC Restaurant Econ,opentable,OpenTable,,OpenTable NYC Dining Trend Reports,2024,OpenTable,REPORT,none,2020_present,US,Citywide,none,reservation_tech,en,trader,none,none,MEDIUM,NEEDED,,https://annas-archive.org/search?q=OpenTable+OpenTable+NYC+Dining+Trend+Reports,https://archive.org/search?query=OpenTable+OpenTable+NYC+Dining+Trend+Reports,,OpenTable OpenTable NYC Dining Trend Reports,False,v3v4
948,NYC Restaurant Econ,margins,Parsa,H.G.,Restaurant Margins in NYC Metropolitan Area,2017,Cornell Hospitality Quarterly,ARTICLE,none,2010_2020,US,Citywide,none,none,en,academic,none,none,MEDIUM,NEEDED,,https://annas-archive.org/search?q=Parsa+Restaurant+Margins+in+NYC+Metropolitan+Area,https://archive.org/search?query=Parsa+Restaurant+Margins+in+NYC+Metropolitan+Area,,Parsa Restaurant Margins in NYC Metropolitan Area,False,v3v4
949,NYC Restaurant Econ,outdoor,NYC Dept Transportation,,Open Restaurants Program Economic Impact,2023,NYC DOT,REPORT,none,2020_present,US,Citywide,none,none,en,regulator,none,none,HIGH,NEEDED,,https://annas-archive.org/search?q=NYC+Dept+Transportation+Open+Restaurants+Program+Economic+Impact,https://archive.org/search?query=NYC+Dept+Transportation+Open+Restaurants+Program+Economic+Impact,https://www.nyc.gov/html/dot/html/pedestrians/openrestaurants.shtml,NYC Dept Transportation Open Restaurants Program Economic Impact,False,v3v4
950,NYC Restaurant Econ,outdoor,NYC Hospitality Alliance,,Open Restaurants: One Year Review,2021,NYC Hospitality Alliance,REPORT,none,2020_present,US,Citywide,none,none,en,NGO,none,none,HIGH,NEEDED,,https://annas-archive.org/search?q=NYC+Hospitality+Alliance+Open+Restaurants%3A+One+Year+Review,https://archive.org/search?query=NYC+Hospitality+Alliance+Open+Restaurants%3A+One+Year+Review,,NYC Hospitality Alliance Open Restaurants: One Year Review,False,v3v4
951,NYC Restaurant Econ,data,NYC Open Data,,NYC Food Establishment Licenses (DCWP),2024,NYC Open Data,DATASET_DOC,none,2020_present,US,Citywide,none,none,en,regulator,none,none,HIGH,NEEDED,,https://annas-archive.org/search?q=NYC+Open+Data+NYC+Food+Establishment+Licenses+%28DCWP%29,https://archive.org/search?query=NYC+Open+Data+NYC+Food+Establishment+Licenses+%28DCWP%29,https://data.cityofnewyork.us/,NYC Open Data NYC Food Establishment Licenses (DCWP),False,v3v4
952,NYC Restaurant Econ,unit_econ,NYT,,How Much Does It Cost to Run a NYC Restaurant?,2022,New York Times,ARTICLE,none,2020_present,US,Citywide,none,none,en,media,none,none,MEDIUM,NEEDED,,https://annas-archive.org/search?q=NYT+How+Much+Does+It+Cost+to+Run+a+NYC+Restaurant%3F,https://archive.org/search?query=NYT+How+Much+Does+It+Cost+to+Run+a+NYC+Restaurant%3F,,NYT How Much Does It Cost to Run a NYC Restaurant?,False,v3v4
953,NYC Restaurant Econ,unit_econ,Eater,,Eater NYC Restaurant Closing Tracker,2024,Eater NY,ARTICLE,none,2020_present,US,Citywide,none,none,en,media,none,none,HIGH,NEEDED,,https://annas-archive.org/search?q=Eater+Eater+NYC+Restaurant+Closing+Tracker,https://archive.org/search?query=Eater+Eater+NYC+Restaurant+Closing+Tracker,https://ny.eater.com/,Eater Eater NYC Restaurant Closing Tracker,False,v3v4
954,NYC Restaurant Econ,unit_econ,Grub Street,,Grub Street Restaurant Economics Coverage,2024,NY Magazine,ARTICLE,none,2020_present,US,Citywide,none,none,en,media,none,none,MEDIUM,NEEDED,,https://annas-archive.org/search?q=Grub+Street+Grub+Street+Restaurant+Economics+Coverage,https://archive.org/search?query=Grub+Street+Grub+Street+Restaurant+Economics+Coverage,https://www.grubstreet.com/,Grub Street Grub Street Restaurant Economics Coverage,False,v3v4
955,NYC Restaurant Econ,tips,One Fair Wage,,Tipped Minimum Wage in NY: Data,2024,One Fair Wage,REPORT,none,2020_present,US,Citywide,none,none,en,NGO,none,none,HIGH,NEEDED,,https://annas-archive.org/search?q=One+Fair+Wage+Tipped+Minimum+Wage+in+NY%3A+Data,https://archive.org/search?query=One+Fair+Wage+Tipped+Minimum+Wage+in+NY%3A+Data,https://onefairwage.site/,One Fair Wage Tipped Minimum Wage in NY: Data,False,v3v4
956,NYC Restaurant Econ,tips,Jayaraman,Saru,Forked: A New Standard for American Dining,2016,Oxford UP,BOOK,none,2010_2020,US,Citywide,none,none,en,NGO,none,none,HIGH,NEEDED,,https://annas-archive.org/search?q=Jayaraman+Forked%3A+A+New+Standard+for+American+Dining,https://archive.org/search?query=Jayaraman+Forked%3A+A+New+Standard+for+American+Dining,,Jayaraman Forked: A New Standard for American Dining,False,v3v4
957,NYC Restaurant Econ,liq_license,NYS Liquor Authority,,NYC Liquor License Database,2024,NYS SLA,DATASET_DOC,none,2020_present,US,Citywide,bar,none,en,regulator,none,spirits,HIGH,NEEDED,,https://annas-archive.org/search?q=NYS+Liquor+Authority+NYC+Liquor+License+Database,https://archive.org/search?query=NYS+Liquor+Authority+NYC+Liquor+License+Database,https://sla.ny.gov/,NYS Liquor Authority NYC Liquor License Database,False,v3v4
958,NYC Restaurant Econ,consultants,Rosen,Jeff,NYC Restaurant Consulting: Financial Benchmarks,2020,Industry publication,REPORT,none,2020_present,US,Citywide,none,none,en,trader,none,none,LOW,NEEDED,,https://annas-archive.org/search?q=Rosen+NYC+Restaurant+Consulting%3A+Financial+Benchmarks,https://archive.org/search?query=Rosen+NYC+Restaurant+Consulting%3A+Financial+Benchmarks,,Rosen NYC Restaurant Consulting: Financial Benchmarks,False,v3v4
959,NYC Restaurant Econ,insurance,NYC Hospitality,,Restaurant Insurance Benchmarks NYC,2022,Insurance Journal,ARTICLE,none,2020_present,US,Citywide,none,insurance,en,media,none,none,LOW,NEEDED,,https://annas-archive.org/search?q=NYC+Hospitality+Restaurant+Insurance+Benchmarks+NYC,https://archive.org/search?query=NYC+Hospitality+Restaurant+Insurance+Benchmarks+NYC,,NYC Hospitality Restaurant Insurance Benchmarks NYC,False,v3v4
960,NYC Restaurant Econ,ghost,Reuters,,Ghost Kitchen Expansion Pulls Back NYC 2023,2023,Reuters,ARTICLE,none,2020_present,US,Citywide,fine_dining,none,en,media,none,none,MEDIUM,NEEDED,,https://annas-archive.org/search?q=Reuters+Ghost+Kitchen+Expansion+Pulls+Back+NYC+2023,https://archive.org/search?query=Reuters+Ghost+Kitchen+Expansion+Pulls+Back+NYC+2023,,Reuters Ghost Kitchen Expansion Pulls Back NYC 2023,False,v3v4
961,NYC Fine Dining,per_se,Keller,Thomas,The French Laundry Cookbook,1999,Artisan,BOOK,none,1980_2010,US,Manhattan,fine_dining,none,en,academic,french,none,FLAGSHIP,NEEDED,Per Se foundation,https://annas-archive.org/search?q=Keller+The+French+Laundry+Cookbook,https://archive.org/search?query=Keller+The+French+Laundry+Cookbook,,Keller The French Laundry Cookbook,True,v3v4
962,NYC Fine Dining,per_se,Keller,Thomas,Per Se Cookbook: A Decade of Haute Cuisine,2020,Artisan,BOOK,none,2020_present,US,Manhattan,fine_dining,none,en,academic,french,none,HIGH,NEEDED,,https://annas-archive.org/search?q=Keller+Per+Se+Cookbook%3A+A+Decade+of+Haute+Cuisine,https://archive.org/search?query=Keller+Per+Se+Cookbook%3A+A+Decade+of+Haute+Cuisine,,Keller Per Se Cookbook: A Decade of Haute Cuisine,False,v3v4
963,NYC Fine Dining,emp,Humm,Daniel,Eleven Madison Park: The Next Chapter,2021,Ten Speed,BOOK,none,2020_present,US,Manhattan,fine_dining,none,en,academic,none,none,HIGH,NEEDED,Plant-based pivot 2021,https://annas-archive.org/search?q=Humm+Eleven+Madison+Park%3A+The+Next+Chapter,https://archive.org/search?query=Humm+Eleven+Madison+Park%3A+The+Next+Chapter,,Humm Eleven Madison Park: The Next Chapter,False,v3v4
964,NYC Fine Dining,nyt_stars,NYT,,NYT Restaurant Star System: History and Methodology,2020,NYT,ARTICLE,none,spanning,US,Manhattan,food_media,none,en,media,none,none,HIGH,NEEDED,,https://annas-archive.org/search?q=NYT+NYT+Restaurant+Star+System%3A+History+and+Methodology,https://archive.org/search?query=NYT+NYT+Restaurant+Star+System%3A+History+and+Methodology,,NYT NYT Restaurant Star System: History and Methodology,False,v3v4
965,NYC Fine Dining,bruni,Bruni,Frank,Born Round: The Secret History of a Full-Time Eater,2009,Penguin,BOOK,none,1980_2010,US,Manhattan,food_media,none,en,media,none,none,MEDIUM,NEEDED,,https://annas-archive.org/search?q=Bruni+Born+Round%3A+The+Secret+History+of+a+Full-Time+Eater,https://archive.org/search?query=Bruni+Born+Round%3A+The+Secret+History+of+a+Full-Time+Eater,,Bruni Born Round: The Secret History of a Full-Time Eater,False,v3v4
966,NYC Fine Dining,wells,Wells,Pete,Best of Pete Wells NYT Reviews Collection,2023,NYT archive,ARTICLE,none,2020_present,US,Manhattan,food_media,none,en,media,none,none,HIGH,NEEDED,,https://annas-archive.org/search?q=Wells+Best+of+Pete+Wells+NYT+Reviews+Collection,https://archive.org/search?query=Wells+Best+of+Pete+Wells+NYT+Reviews+Collection,,Wells Best of Pete Wells NYT Reviews Collection,False,v3v4
967,NYC Fine Dining,michelin,Michelin,,Michelin Guide New York City 2024,2024,Michelin,REPORT,none,2020_present,US,Citywide,food_media,none,en,media,none,none,HIGH,NEEDED,,https://annas-archive.org/search?q=Michelin+Michelin+Guide+New+York+City+2024,https://archive.org/search?query=Michelin+Michelin+Guide+New+York+City+2024,,Michelin Michelin Guide New York City 2024,False,v3v4
968,NYC Fine Dining,michelin,Karpinski,Joanne,Michelin's Entry into NYC 2005: Industry Impact,2015,Cornell Hospitality Quarterly,ARTICLE,none,1980_2010,US,Citywide,food_media,none,en,media,none,none,MEDIUM,NEEDED,,https://annas-archive.org/search?q=Karpinski+Michelin%27s+Entry+into+NYC+2005%3A+Industry+Impact,https://archive.org/search?query=Karpinski+Michelin%27s+Entry+into+NYC+2005%3A+Industry+Impact,,Karpinski Michelin's Entry into NYC 2005: Industry Impact,False,v3v4
969,NYC Fine Dining,beard,James Beard Foundation,,James Beard Awards Archive,2024,JBF,DATASET_DOC,none,spanning,US,Manhattan,food_media,none,en,NGO,none,none,HIGH,NEEDED,,https://annas-archive.org/search?q=James+Beard+Foundation+James+Beard+Awards+Archive,https://archive.org/search?query=James+Beard+Foundation+James+Beard+Awards+Archive,https://www.jamesbeard.org/awards,James Beard Foundation James Beard Awards Archive,False,v3v4
970,NYC Fine Dining,le_cirque,Maccioni,Sirio,Sirio: The Story of My Life at Le Cirque,2004,Wiley,BOOK,none,1980_2010,US,Manhattan,fine_dining,none,en,academic,french,none,MEDIUM,NEEDED,,https://annas-archive.org/search?q=Maccioni+Sirio%3A+The+Story+of+My+Life+at+Le+Cirque,https://archive.org/search?query=Maccioni+Sirio%3A+The+Story+of+My+Life+at+Le+Cirque,,Maccioni Sirio: The Story of My Life at Le Cirque,False,v3v4
971,NYC Fine Dining,lespinasse,Hess,Karen,The Taste of America (w/ John L. Hess),1977,Crown,BOOK,none,1945_1980,US,Manhattan,fine_dining,none,en,academic,none,none,LOW,NEEDED,,https://annas-archive.org/search?q=Hess+The+Taste+of+America+%28w%2F+John+L.+Hess%29,https://archive.org/search?query=Hess+The+Taste+of+America+%28w%2F+John+L.+Hess%29,,Hess The Taste of America (w/ John L. Hess),False,v3v4
972,NYC Fine Dining,momofuku,Chang,David,Momofuku,2009,Clarkson Potter,BOOK,none,2010_2020,US,Manhattan,fine_dining,none,en,academic,fusion,none,HIGH,NEEDED,,https://annas-archive.org/search?q=Chang+Momofuku,https://archive.org/search?query=Chang+Momofuku,,Chang Momofuku,False,v3v4
973,NYC Fine Dining,le_bernardin,Ripert,Eric,32 Yolks: From My Mother's Table to Working the Line,2016,Random House,BOOK,none,2010_2020,US,Manhattan,fine_dining,none,en,academic,french,none,MEDIUM,NEEDED,,https://annas-archive.org/search?q=Ripert+32+Yolks%3A+From+My+Mother%27s+Table+to+Working+the+Line,https://archive.org/search?query=Ripert+32+Yolks%3A+From+My+Mother%27s+Table+to+Working+the+Line,,Ripert 32 Yolks: From My Mother's Table to Working the Line,False,v3v4
974,NYC Fine Dining,union_sq,Meyer,Danny,Union Square Cafe Cookbook,1994,HarperCollins,BOOK,none,1980_2010,US,Manhattan,fine_dining,none,en,academic,none,none,MEDIUM,NEEDED,,https://annas-archive.org/search?q=Meyer+Union+Square+Cafe+Cookbook,https://archive.org/search?query=Meyer+Union+Square+Cafe+Cookbook,,Meyer Union Square Cafe Cookbook,False,v3v4
975,NYC Fine Dining,nouvelle,Ferguson,Priscilla Parkhurst,Accounting for Taste: The Triumph of French Cuisine,2004,U Chicago Press,BOOK,none,spanning,Global,none,fine_dining,none,en,academic,french,none,HIGH,NEEDED,,https://annas-archive.org/search?q=Ferguson+Accounting+for+Taste%3A+The+Triumph+of+French+Cuisine,https://archive.org/search?query=Ferguson+Accounting+for+Taste%3A+The+Triumph+of+French+Cuisine,,Ferguson Accounting for Taste: The Triumph of French Cuisine,False,v3v4
976,NYC Fine Dining,per_se,Buford,Bill,Dirt: Adventures in Lyon as a Chef in Training,2020,Knopf,BOOK,none,2020_present,Europe,none,fine_dining,none,en,academic,french,none,MEDIUM,NEEDED,,https://annas-archive.org/search?q=Buford+Dirt%3A+Adventures+in+Lyon+as+a+Chef+in+Training,https://archive.org/search?query=Buford+Dirt%3A+Adventures+in+Lyon+as+a+Chef+in+Training,,Buford Dirt: Adventures in Lyon as a Chef in Training,False,v3v4
977,NYC Fine Dining,worlds50,World's 50 Best,,World's 50 Best Restaurants NYC Inclusions Analysis,2024,50 Best,REPORT,none,2020_present,US,Manhattan,food_media,none,en,media,none,none,MEDIUM,NEEDED,,https://annas-archive.org/search?q=World%27s+50+Best+World%27s+50+Best+Restaurants+NYC+Inclusions+Analysis,https://archive.org/search?query=World%27s+50+Best+World%27s+50+Best+Restaurants+NYC+Inclusions+Analysis,,World's 50 Best World's 50 Best Restaurants NYC Inclusions Analysis,False,v3v4
978,NYC Fine Dining,eleven_madison,Humm,Daniel,I Love New York: Ingredients and Recipes,2013,Ten Speed,BOOK,none,2010_2020,US,Manhattan,fine_dining,none,en,academic,none,none,MEDIUM,NEEDED,,https://annas-archive.org/search?q=Humm+I+Love+New+York%3A+Ingredients+and+Recipes,https://archive.org/search?query=Humm+I+Love+New+York%3A+Ingredients+and+Recipes,,Humm I Love New York: Ingredients and Recipes,False,v3v4
979,NYC Fine Dining,gramercy,Meyer,Danny,The Gramercy Tavern Cookbook,2013,Clarkson Potter,BOOK,none,2010_2020,US,Manhattan,fine_dining,none,en,academic,none,none,MEDIUM,NEEDED,,https://annas-archive.org/search?q=Meyer+The+Gramercy+Tavern+Cookbook,https://archive.org/search?query=Meyer+The+Gramercy+Tavern+Cookbook,,Meyer The Gramercy Tavern Cookbook,False,v3v4
980,NYC Fine Dining,nyt_critics,Grimes,William,Eating My Way Through the 80s: Reviews Collection,1990,NYT archive,ARTICLE,none,1980_2010,US,Manhattan,food_media,none,en,media,none,none,LOW,NEEDED,,https://annas-archive.org/search?q=Grimes+Eating+My+Way+Through+the+80s%3A+Reviews+Collection,https://archive.org/search?query=Grimes+Eating+My+Way+Through+the+80s%3A+Reviews+Collection,,Grimes Eating My Way Through the 80s: Reviews Collection,False,v3v4
981,NYC Jewish Italian,pastrami,Merwin,Ted,Pastrami on Rye: An Overstuffed History of the Jewish Deli,2015,NYU Press,BOOK,none,spanning,US,Manhattan,deli,none,en,academic,none,none,FLAGSHIP,NEEDED,,https://annas-archive.org/search?q=Merwin+Pastrami+on+Rye%3A+An+Overstuffed+History+of+the+Jewish+Deli,https://archive.org/search?query=Merwin+Pastrami+on+Rye%3A+An+Overstuffed+History+of+the+Jewish+Deli,,Merwin Pastrami on Rye: An Overstuffed History of the Jewish Deli,True,v3v4
982,NYC Jewish Italian,lower_east,Diner,Hasia R.,Lower East Side Memories: A Jewish Place in America,2000,Princeton UP,BOOK,none,spanning,US,Manhattan,deli,none,en,academic,none,none,HIGH,NEEDED,,https://annas-archive.org/search?q=Diner+Lower+East+Side+Memories%3A+A+Jewish+Place+in+America,https://archive.org/search?query=Diner+Lower+East+Side+Memories%3A+A+Jewish+Place+in+America,,Diner Lower East Side Memories: A Jewish Place in America,False,v3v4
983,NYC Jewish Italian,bagel_deep,Balinska,Maria,The Bagel: The Surprising History of a Modest Bread,2008,Yale UP,BOOK,none,spanning,US_Global,Manhattan,bagel,none,en,academic,none,none,HIGH,NEEDED,,https://annas-archive.org/search?q=Balinska+The+Bagel%3A+The+Surprising+History+of+a+Modest+Bread,https://archive.org/search?query=Balinska+The+Bagel%3A+The+Surprising+History+of+a+Modest+Bread,,Balinska The Bagel: The Surprising History of a Modest Bread,False,v3v4
984,NYC Jewish Italian,bagel_deep,Regelson,Rosalyn,Brooklyn Bagel Boys and Unionization,1977,Yiddish Book Center,ARTICLE,none,1945_1980,US,Brooklyn,bagel,none,en,academic,none,none,LOW,NEEDED,,https://annas-archive.org/search?q=Regelson+Brooklyn+Bagel+Boys+and+Unionization,https://archive.org/search?query=Regelson+Brooklyn+Bagel+Boys+and+Unionization,,Regelson Brooklyn Bagel Boys and Unionization,False,v3v4
985,NYC Jewish Italian,little_italy,Gabaccia,Donna,We Are What We Eat: Ethnic Food and the Making of Americans,1998,Harvard UP,BOOK,none,spanning,US,Manhattan,none,none,en,academic,italian,none,HIGH,NEEDED,,https://annas-archive.org/search?q=Gabaccia+We+Are+What+We+Eat%3A+Ethnic+Food+and+the+Making+of+Americans,https://archive.org/search?query=Gabaccia+We+Are+What+We+Eat%3A+Ethnic+Food+and+the+Making+of+Americans,,Gabaccia We Are What We Eat: Ethnic Food and the Making of Americans,False,v3v4
986,NYC Jewish Italian,arthur_ave,Pérez,Gina,Little Italy Reimagined: Arthur Ave & the Belmont Neighborhood,2018,Bronx Historical Society,ARTICLE,none,spanning,US,Bronx,none,none,en,academic,italian,none,MEDIUM,NEEDED,,https://annas-archive.org/search?q=P%C3%A9rez+Little+Italy+Reimagined%3A+Arthur+Ave+%26+the+Belmont+Neighborhood,https://archive.org/search?query=P%C3%A9rez+Little+Italy+Reimagined%3A+Arthur+Ave+%26+the+Belmont+Neighborhood,,Pérez Little Italy Reimagined: Arthur Ave & the Belmont Neighborhood,False,v3v4
987,NYC Jewish Italian,nyc_italian,Cinotto,Simone,The Italian American Table: Food Family Community NYC,2013,U Illinois Press,BOOK,none,1900_1945,US,Manhattan,none,none,en,academic,italian,none,HIGH,NEEDED,,https://annas-archive.org/search?q=Cinotto+The+Italian+American+Table%3A+Food+Family+Community+NYC,https://archive.org/search?query=Cinotto+The+Italian+American+Table%3A+Food+Family+Community+NYC,,Cinotto The Italian American Table: Food Family Community NYC,False,v3v4
988,NYC Jewish Italian,pizza,Lombardi,,Lombardi's First US Pizzeria 1905: Industry Origin Documentation,1905,Various primary,GOV_DOC,none,pre1900,US,Manhattan,pizza,none,en,academic,italian,none,MEDIUM,NEEDED,,https://annas-archive.org/search?q=Lombardi+Lombardi%27s+First+US+Pizzeria+1905%3A+Industry+Origin+Documentation,https://archive.org/search?query=Lombardi+Lombardi%27s+First+US+Pizzeria+1905%3A+Industry+Origin+Documentation,,Lombardi Lombardi's First US Pizzeria 1905: Industry Origin Documentation,False,v3v4
989,NYC Jewish Italian,pizza,Mariani,John,How Italian Food Conquered the World,2011,Palgrave,BOOK,none,spanning,US_Global,none,pizza,none,en,academic,italian,none,HIGH,NEEDED,,https://annas-archive.org/search?q=Mariani+How+Italian+Food+Conquered+the+World,https://archive.org/search?query=Mariani+How+Italian+Food+Conquered+the+World,,Mariani How Italian Food Conquered the World,False,v3v4
990,NYC Jewish Italian,pizza,Levine,Ed,Pizza: A Slice of Heaven,2005,Universe,BOOK,none,1980_2010,US,Citywide,pizza,none,en,academic,italian,none,MEDIUM,NEEDED,,https://annas-archive.org/search?q=Levine+Pizza%3A+A+Slice+of+Heaven,https://archive.org/search?query=Levine+Pizza%3A+A+Slice+of+Heaven,,Levine Pizza: A Slice of Heaven,False,v3v4
991,NYC Jewish Italian,russ_daughters,Federman,Mark Russ,Russ & Daughters: Reflections and Recipes from the House That Herring Built,2013,Schocken,BOOK,none,spanning,US,Manhattan,specialty_retail,none,en,academic,none,none,HIGH,NEEDED,,https://annas-archive.org/search?q=Federman+Russ+%26+Daughters%3A+Reflections+and+Recipes+from+the+House+That+Herring+Built,https://archive.org/search?query=Federman+Russ+%26+Daughters%3A+Reflections+and+Recipes+from+the+House+That+Herring+Built,,Federman Russ & Daughters: Reflections and Recipes from the House That Herring Built,False,v3v4
992,NYC Jewish Italian,deli_decline,NYC Hospitality Alliance,,Decline of the NYC Jewish Deli 2000-2020,2020,Industry Report,REPORT,none,2020_present,US,Manhattan,deli,none,en,NGO,none,none,MEDIUM,NEEDED,,https://annas-archive.org/search?q=NYC+Hospitality+Alliance+Decline+of+the+NYC+Jewish+Deli+2000-2020,https://archive.org/search?query=NYC+Hospitality+Alliance+Decline+of+the+NYC+Jewish+Deli+2000-2020,,NYC Hospitality Alliance Decline of the NYC Jewish Deli 2000-2020,False,v3v4
993,NYC Jewish Italian,deli_decline,Sax,David,Save the Deli: In Search of Perfect Pastrami,2009,Houghton Mifflin,BOOK,none,1980_2010,US,Manhattan,deli,none,en,academic,none,none,HIGH,NEEDED,,https://annas-archive.org/search?q=Sax+Save+the+Deli%3A+In+Search+of+Perfect+Pastrami,https://archive.org/search?query=Sax+Save+the+Deli%3A+In+Search+of+Perfect+Pastrami,https://scholar.google.com/scholar?q=Sax+Save+the+Deli,Sax Save the Deli: In Search of Perfect Pastrami,False,v3v4
994,NYC Jewish Italian,bialy,Sheraton,Mimi,The Bialy Eaters: Origins of the Bialys,2000,Broadway Books,BOOK,none,spanning,US_Global,Manhattan,bagel,none,en,academic,none,none,MEDIUM,NEEDED,,https://annas-archive.org/search?q=Sheraton+The+Bialy+Eaters%3A+Origins+of+the+Bialys,https://archive.org/search?query=Sheraton+The+Bialy+Eaters%3A+Origins+of+the+Bialys,,Sheraton The Bialy Eaters: Origins of the Bialys,False,v3v4
995,NYC Jewish Italian,pizza_economics,Grimes,William,Economics of a NY Slice,2018,NYT,ARTICLE,none,2010_2020,US,Citywide,pizza,none,en,media,none,none,MEDIUM,NEEDED,,https://annas-archive.org/search?q=Grimes+Economics+of+a+NY+Slice,https://archive.org/search?query=Grimes+Economics+of+a+NY+Slice,,Grimes Economics of a NY Slice,False,v3v4
996,NYC Jewish Italian,italian_hist,Diner,Hasia,Hungering for America: Italian Irish Jewish Foodways,2001,Harvard UP,BOOK,none,pre1900,US,Manhattan,none,none,en,academic,italian,none,CRITICAL,NEEDED,,https://annas-archive.org/search?q=Diner+Hungering+for+America%3A+Italian+Irish+Jewish+Foodways,https://archive.org/search?query=Diner+Hungering+for+America%3A+Italian+Irish+Jewish+Foodways,,Diner Hungering for America: Italian Irish Jewish Foodways,False,v3v4
997,NYC Jewish Italian,mulberry,Tricarico,Donald,The Italians of Greenwich Village,1984,Center for Migration,BOOK,none,spanning,US,Manhattan,none,none,en,academic,italian,none,LOW,NEEDED,,https://annas-archive.org/search?q=Tricarico+The+Italians+of+Greenwich+Village,https://archive.org/search?query=Tricarico+The+Italians+of+Greenwich+Village,,Tricarico The Italians of Greenwich Village,False,v3v4
998,NYC Jewish Italian,zabars,Stern,Jane,"Zabar's: A Family Story, with Recipes",2022,Artisan,BOOK,none,spanning,US,Manhattan,specialty_retail,none,en,academic,none,none,MEDIUM,NEEDED,,https://annas-archive.org/search?q=Stern+Zabar%27s%3A+A+Family+Story%2C+with+Recipes,https://archive.org/search?query=Stern+Zabar%27s%3A+A+Family+Story%2C+with+Recipes,,"Stern Zabar's: A Family Story, with Recipes",False,v3v4
999,NYC Jewish Italian,katzs,Lekach,Nick,Katz's: Autobiography of a Delicatessen,2021,NYC Press,BOOK,none,spanning,US,Manhattan,deli,none,en,academic,none,none,MEDIUM,NEEDED,,https://annas-archive.org/search?q=Lekach+Katz%27s%3A+Autobiography+of+a+Delicatessen,https://archive.org/search?query=Lekach+Katz%27s%3A+Autobiography+of+a+Delicatessen,,Lekach Katz's: Autobiography of a Delicatessen,False,v3v4
1000,NYC Jewish Italian,dipalo,Di Palo,Lou,Di Palo's Guide to the Essential Foods of Italy,2014,Ballantine,BOOK,none,spanning,US,Manhattan,specialty_retail,none,en,academic,italian,none,MEDIUM,NEEDED,,https://annas-archive.org/search?q=Di+Palo+Di+Palo%27s+Guide+to+the+Essential+Foods+of+Italy,https://archive.org/search?query=Di+Palo+Di+Palo%27s+Guide+to+the+Essential+Foods+of+Italy,,Di Palo Di Palo's Guide to the Essential Foods of Italy,False,v3v4
1001,NYC Asian Food,chop_suey,Chen,Yong,Chop Suey USA: The Story of Chinese Food in America,2014,Columbia UP,BOOK,none,spanning,US,Manhattan,none,none,en,academic,chinese,none,FLAGSHIP,NEEDED,,https://annas-archive.org/search?q=Chen+Chop+Suey+USA%3A+The+Story+of+Chinese+Food+in+America,https://archive.org/search?query=Chen+Chop+Suey+USA%3A+The+Story+of+Chinese+Food+in+America,,Chen Chop Suey USA: The Story of Chinese Food in America,True,v3v4
1002,NYC Asian Food,chinatown,Lin,Jan,Reconstructing Chinatown: Ethnic Enclave Global Change,1998,U Minnesota Press,BOOK,none,1980_2010,US,Manhattan,none,none,en,academic,chinese,none,HIGH,NEEDED,,https://annas-archive.org/search?q=Lin+Reconstructing+Chinatown%3A+Ethnic+Enclave+Global+Change,https://archive.org/search?query=Lin+Reconstructing+Chinatown%3A+Ethnic+Enclave+Global+Change,,Lin Reconstructing Chinatown: Ethnic Enclave Global Change,False,v3v4
1003,NYC Asian Food,flushing,Ling,Huping,Asian America: Forming New Communities Expanding Boundaries,2009,Rutgers UP,BOOK,none,1980_2010,US,Queens,none,none,en,academic,chinese,none,MEDIUM,NEEDED,,https://annas-archive.org/search?q=Ling+Asian+America%3A+Forming+New+Communities+Expanding+Boundaries,https://archive.org/search?query=Ling+Asian+America%3A+Forming+New+Communities+Expanding+Boundaries,,Ling Asian America: Forming New Communities Expanding Boundaries,False,v3v4
1004,NYC Asian Food,dimsum,Lee,Heather,A Life Cooking for Others: NYC Chinatown Restaurant Labor,2018,Modern American History,ARTICLE,none,spanning,US,Manhattan,none,none,en,academic,chinese,none,MEDIUM,NEEDED,,https://annas-archive.org/search?q=Lee+A+Life+Cooking+for+Others%3A+NYC+Chinatown+Restaurant+Labor,https://archive.org/search?query=Lee+A+Life+Cooking+for+Others%3A+NYC+Chinatown+Restaurant+Labor,,Lee A Life Cooking for Others: NYC Chinatown Restaurant Labor,False,v3v4
1005,NYC Asian Food,korean,Min,Pyong Gap,Caught in the Middle: Korean Merchants in America's Multiethnic Cities,1996,UC Press,BOOK,none,1980_2010,US,Manhattan,specialty_retail,none,en,academic,korean,none,HIGH,NEEDED,,https://annas-archive.org/search?q=Min+Caught+in+the+Middle%3A+Korean+Merchants+in+America%27s+Multiethnic+Cities,https://archive.org/search?query=Min+Caught+in+the+Middle%3A+Korean+Merchants+in+America%27s+Multiethnic+Cities,,Min Caught in the Middle: Korean Merchants in America's Multiethnic Cities,False,v3v4
1006,NYC Asian Food,korean,Parks,Tae Yang,K-Food and NYC's Koreatown 1990-2020,2022,J Asian American Studies,ARTICLE,none,2010_2020,US,Manhattan,none,none,en,academic,korean,none,MEDIUM,NEEDED,,https://annas-archive.org/search?q=Parks+K-Food+and+NYC%27s+Koreatown+1990-2020,https://archive.org/search?query=Parks+K-Food+and+NYC%27s+Koreatown+1990-2020,,Parks K-Food and NYC's Koreatown 1990-2020,False,v3v4
1007,NYC Asian Food,japanese,Bestor,Theodore C.,Tsukiji: The Fish Market at the Center of the World,2004,UC Press,BOOK,none,1980_2010,Asia,none,fish_market,none,en,academic,japanese,none,HIGH,NEEDED,,https://annas-archive.org/search?q=Bestor+Tsukiji%3A+The+Fish+Market+at+the+Center+of+the+World,https://archive.org/search?query=Bestor+Tsukiji%3A+The+Fish+Market+at+the+Center+of+the+World,,Bestor Tsukiji: The Fish Market at the Center of the World,False,v3v4
1008,NYC Asian Food,japanese,Sasamoto,Setsuko,NYC Japanese Restaurants 1970-2020,2021,Cornell Hospitality,ARTICLE,none,2010_2020,US,Manhattan,none,none,en,academic,japanese,none,MEDIUM,NEEDED,,https://annas-archive.org/search?q=Sasamoto+NYC+Japanese+Restaurants+1970-2020,https://archive.org/search?query=Sasamoto+NYC+Japanese+Restaurants+1970-2020,,Sasamoto NYC Japanese Restaurants 1970-2020,False,v3v4
1009,NYC Asian Food,sushi,Issenberg,Sasha,The Sushi Economy: Globalization and the Making of a Modern Delicacy,2007,Gotham,BOOK,none,spanning,Global,none,fish_market,none,en,academic,japanese,none,HIGH,NEEDED,,https://annas-archive.org/search?q=Issenberg+The+Sushi+Economy%3A+Globalization+and+the+Making+of+a+Modern+Delicacy,https://archive.org/search?query=Issenberg+The+Sushi+Economy%3A+Globalization+and+the+Making+of+a+Modern+Delicacy,,Issenberg The Sushi Economy: Globalization and the Making of a Modern Delicacy,False,v3v4
1010,NYC Asian Food,india,Roy,Parama,Alimentary Tracts: Appetites Aversions and the Postcolonial,2010,Duke UP,BOOK,none,spanning,Asia,none,none,none,en,academic,indian,none,MEDIUM,NEEDED,,https://annas-archive.org/search?q=Roy+Alimentary+Tracts%3A+Appetites+Aversions+and+the+Postcolonial,https://archive.org/search?query=Roy+Alimentary+Tracts%3A+Appetites+Aversions+and+the+Postcolonial,,Roy Alimentary Tracts: Appetites Aversions and the Postcolonial,False,v3v4
1011,NYC Asian Food,india,Bains,Jessi,Little India: Jackson Heights Food Economy,2019,Queens College Asian American Studies,ARTICLE,none,2010_2020,US,Queens,none,none,en,academic,indian,none,MEDIUM,NEEDED,,https://annas-archive.org/search?q=Bains+Little+India%3A+Jackson+Heights+Food+Economy,https://archive.org/search?query=Bains+Little+India%3A+Jackson+Heights+Food+Economy,,Bains Little India: Jackson Heights Food Economy,False,v3v4
1012,NYC Asian Food,curry_hill,Kaur,Ravinder,Curry Hill: NYC's South Asian Food District,2018,Food Culture & Society,ARTICLE,none,spanning,US,Manhattan,none,none,en,academic,indian,none,LOW,NEEDED,,https://annas-archive.org/search?q=Kaur+Curry+Hill%3A+NYC%27s+South+Asian+Food+District,https://archive.org/search?query=Kaur+Curry+Hill%3A+NYC%27s+South+Asian+Food+District,,Kaur Curry Hill: NYC's South Asian Food District,False,v3v4
1013,NYC Asian Food,ethnic_rest,Ray,Krishnendu,The Ethnic Restaurateur,2016,Bloomsbury,BOOK,none,2010_2020,US,Citywide,none,none,en,academic,none,none,FLAGSHIP,NEEDED,,https://annas-archive.org/search?q=Ray+The+Ethnic+Restaurateur,https://archive.org/search?query=Ray+The+Ethnic+Restaurateur,https://scholar.google.com/scholar?q=Ray+Ethnic+Restaurateur,Ray The Ethnic Restaurateur,False,v3v4
1014,NYC Asian Food,ethnic_rest,Ray,Krishnendu,Migrating Matters: Ethnicity Cuisines and Cultural Politics,2022,Columbia UP,BOOK,none,2020_present,US,Citywide,none,none,en,academic,none,none,HIGH,NEEDED,,https://annas-archive.org/search?q=Ray+Migrating+Matters%3A+Ethnicity+Cuisines+and+Cultural+Politics,https://archive.org/search?query=Ray+Migrating+Matters%3A+Ethnicity+Cuisines+and+Cultural+Politics,,Ray Migrating Matters: Ethnicity Cuisines and Cultural Politics,False,v3v4
1015,NYC Asian Food,bangla,Mannur,Anita,Culinary Fictions: Food in South Asian Diasporic Culture,2010,Temple UP,BOOK,none,2010_2020,US,Queens,none,none,en,academic,indian,none,MEDIUM,NEEDED,,https://annas-archive.org/search?q=Mannur+Culinary+Fictions%3A+Food+in+South+Asian+Diasporic+Culture,https://archive.org/search?query=Mannur+Culinary+Fictions%3A+Food+in+South+Asian+Diasporic+Culture,,Mannur Culinary Fictions: Food in South Asian Diasporic Culture,False,v3v4
1016,NYC Asian Food,thai,Van Esterik,Penny,Materializing Thailand (Thai food chapters),2000,Berg,BOOK,none,1980_2010,Asia,none,none,none,en,academic,thai,none,LOW,NEEDED,,https://annas-archive.org/search?q=Van+Esterik+Materializing+Thailand+%28Thai+food+chapters%29,https://archive.org/search?query=Van+Esterik+Materializing+Thailand+%28Thai+food+chapters%29,,Van Esterik Materializing Thailand (Thai food chapters),False,v3v4
1017,NYC Asian Food,vietnam,Peters,Erica,Appetites and Aspirations in Vietnam,2011,AltaMira,BOOK,none,spanning,Asia,none,none,none,en,academic,fusion,none,LOW,NEEDED,,https://annas-archive.org/search?q=Peters+Appetites+and+Aspirations+in+Vietnam,https://archive.org/search?query=Peters+Appetites+and+Aspirations+in+Vietnam,,Peters Appetites and Aspirations in Vietnam,False,v3v4
1018,NYC Asian Food,sunset,Zhou,Min,Chinatown: The Socioeconomic Potential of an Urban Enclave,1992,Temple UP,BOOK,none,1980_2010,US,Brooklyn,none,none,en,academic,chinese,none,HIGH,NEEDED,,https://annas-archive.org/search?q=Zhou+Chinatown%3A+The+Socioeconomic+Potential+of+an+Urban+Enclave,https://archive.org/search?query=Zhou+Chinatown%3A+The+Socioeconomic+Potential+of+an+Urban+Enclave,,Zhou Chinatown: The Socioeconomic Potential of an Urban Enclave,False,v3v4
1019,NYC Asian Food,flushing_rep,Queens College,,Flushing Food Economy: A Report,2021,Queens College Asian-American Studies,REPORT,none,2020_present,US,Queens,none,none,en,academic,chinese,none,MEDIUM,NEEDED,,https://annas-archive.org/search?q=Queens+College+Flushing+Food+Economy%3A+A+Report,https://archive.org/search?query=Queens+College+Flushing+Food+Economy%3A+A+Report,,Queens College Flushing Food Economy: A Report,False,v3v4
1020,NYC Asian Food,chinatown_rep,Museum of Chinese in America,,NYC Chinatown Restaurant Industry Documentation,2023,MOCA,REPORT,none,spanning,US,Manhattan,none,none,en,NGO,chinese,none,MEDIUM,NEEDED,,https://annas-archive.org/search?q=Museum+of+Chinese+in+America+NYC+Chinatown+Restaurant+Industry+Documentation,https://archive.org/search?query=Museum+of+Chinese+in+America+NYC+Chinatown+Restaurant+Industry+Documentation,https://www.mocanyc.org/,Museum of Chinese in America NYC Chinatown Restaurant Industry Documentation,False,v3v4
1021,NYC Latino African,dominican,Thomas,Lorrin,Puerto Rican Citizen: History and Political Identity in 20c NYC,2010,U Chicago Press,BOOK,none,spanning,US,Manhattan,none,none,en,academic,none,none,FLAGSHIP,NEEDED,,https://annas-archive.org/search?q=Thomas+Puerto+Rican+Citizen%3A+History+and+Political+Identity+in+20c+NYC,https://archive.org/search?query=Thomas+Puerto+Rican+Citizen%3A+History+and+Political+Identity+in+20c+NYC,,Thomas Puerto Rican Citizen: History and Political Identity in 20c NYC,False,v3v4
1022,NYC Latino African,mexican,Smith,Robert C.,Mexican New York: Transnational Lives of New Immigrants,2005,UC Press,BOOK,none,1980_2010,US,Brooklyn,none,none,en,academic,mexican,none,HIGH,NEEDED,,https://annas-archive.org/search?q=Smith+Mexican+New+York%3A+Transnational+Lives+of+New+Immigrants,https://archive.org/search?query=Smith+Mexican+New+York%3A+Transnational+Lives+of+New+Immigrants,,Smith Mexican New York: Transnational Lives of New Immigrants,False,v3v4
1023,NYC Latino African,bodega_latino,Ramírez,Dixa,Colonial Phantoms: Belonging and Refusal in the Dominican Americas,2018,NYU Press,BOOK,none,spanning,US,Manhattan,bodega,none,en,academic,none,none,MEDIUM,NEEDED,,https://annas-archive.org/search?q=Ram%C3%ADrez+Colonial+Phantoms%3A+Belonging+and+Refusal+in+the+Dominican+Americas,https://archive.org/search?query=Ram%C3%ADrez+Colonial+Phantoms%3A+Belonging+and+Refusal+in+the+Dominican+Americas,,Ramírez Colonial Phantoms: Belonging and Refusal in the Dominican Americas,False,v3v4
1024,NYC Latino African,puerto_rican,Dávila,Arlene,Barrio Dreams: Puerto Ricans Latinos and the Neoliberal City,2004,UC Press,BOOK,none,1980_2010,US,Manhattan,none,none,en,academic,none,none,MEDIUM,NEEDED,,https://annas-archive.org/search?q=D%C3%A1vila+Barrio+Dreams%3A+Puerto+Ricans+Latinos+and+the+Neoliberal+City,https://archive.org/search?query=D%C3%A1vila+Barrio+Dreams%3A+Puerto+Ricans+Latinos+and+the+Neoliberal+City,,Dávila Barrio Dreams: Puerto Ricans Latinos and the Neoliberal City,False,v3v4
1025,NYC Latino African,west_african,Stoller,Paul,Money Has No Smell: The Africanization of New York City,2002,U Chicago Press,BOOK,none,1980_2010,US,Manhattan,none,none,en,academic,none,none,HIGH,NEEDED,,https://annas-archive.org/search?q=Stoller+Money+Has+No+Smell%3A+The+Africanization+of+New+York+City,https://archive.org/search?query=Stoller+Money+Has+No+Smell%3A+The+Africanization+of+New+York+City,,Stoller Money Has No Smell: The Africanization of New York City,False,v3v4
1026,NYC Latino African,harlem,Harris,Jessica B.,High on the Hog: A Culinary Journey from Africa to America,2011,Bloomsbury,BOOK,none,spanning,US,Manhattan,none,none,en,academic,none,none,HIGH,NEEDED,,https://annas-archive.org/search?q=Harris+High+on+the+Hog%3A+A+Culinary+Journey+from+Africa+to+America,https://archive.org/search?query=Harris+High+on+the+Hog%3A+A+Culinary+Journey+from+Africa+to+America,,Harris High on the Hog: A Culinary Journey from Africa to America,False,v3v4
1027,NYC Latino African,caribbean,Marshall,Paule,Daughters (food chapters reflecting Brooklyn Caribbean),1991,Atheneum,BOOK,none,1980_2010,US,Brooklyn,none,none,en,academic,none,none,LOW,NEEDED,,https://annas-archive.org/search?q=Marshall+Daughters+%28food+chapters+reflecting+Brooklyn+Caribbean%29,https://archive.org/search?query=Marshall+Daughters+%28food+chapters+reflecting+Brooklyn+Caribbean%29,,Marshall Daughters (food chapters reflecting Brooklyn Caribbean),False,v3v4
1028,NYC Latino African,caribbean,Paul,Annie,Caribbean Food and Foodways: NYC and Diaspora,2013,Food Culture & Society,ARTICLE,none,2010_2020,US,Brooklyn,none,none,en,academic,none,none,MEDIUM,NEEDED,,https://annas-archive.org/search?q=Paul+Caribbean+Food+and+Foodways%3A+NYC+and+Diaspora,https://archive.org/search?query=Paul+Caribbean+Food+and+Foodways%3A+NYC+and+Diaspora,,Paul Caribbean Food and Foodways: NYC and Diaspora,False,v3v4
1029,NYC Latino African,mexican,Pilcher,Jeffrey M.,¡Que Vivan los Tamales! Food and the Making of Mexican Identity,1998,U New Mexico Press,BOOK,none,spanning,LatAm,none,none,none,en,academic,mexican,none,HIGH,NEEDED,,https://annas-archive.org/search?q=Pilcher+%C2%A1Que+Vivan+los+Tamales%21+Food+and+the+Making+of+Mexican+Identity,https://archive.org/search?query=Pilcher+%C2%A1Que+Vivan+los+Tamales%21+Food+and+the+Making+of+Mexican+Identity,,Pilcher ¡Que Vivan los Tamales! Food and the Making of Mexican Identity,False,v3v4
1030,NYC Latino African,mexican,Valenzuela,Abel,Mexican Food Distribution NYC 2000-2020,2022,UCLA Urban Planning,ARTICLE,none,2010_2020,US,Brooklyn,none,none,en,academic,mexican,none,MEDIUM,NEEDED,,https://annas-archive.org/search?q=Valenzuela+Mexican+Food+Distribution+NYC+2000-2020,https://archive.org/search?query=Valenzuela+Mexican+Food+Distribution+NYC+2000-2020,,Valenzuela Mexican Food Distribution NYC 2000-2020,False,v3v4
1031,NYC Latino African,african,Osseo-Asare,Fran,Food Culture in Sub-Saharan Africa,2005,Greenwood,BOOK,none,spanning,Africa,none,none,none,en,academic,none,none,MEDIUM,NEEDED,,https://annas-archive.org/search?q=Osseo-Asare+Food+Culture+in+Sub-Saharan+Africa,https://archive.org/search?query=Osseo-Asare+Food+Culture+in+Sub-Saharan+Africa,,Osseo-Asare Food Culture in Sub-Saharan Africa,False,v3v4
1032,NYC Latino African,haitian,Laguerre,Michel,Diasporic Citizenship: Haitian Americans in Transnational America,1998,St Martin's,BOOK,none,1980_2010,US,Brooklyn,none,none,en,academic,none,none,LOW,NEEDED,,https://annas-archive.org/search?q=Laguerre+Diasporic+Citizenship%3A+Haitian+Americans+in+Transnational+America,https://archive.org/search?query=Laguerre+Diasporic+Citizenship%3A+Haitian+Americans+in+Transnational+America,,Laguerre Diasporic Citizenship: Haitian Americans in Transnational America,False,v3v4
1033,NYC Latino African,latin_report,NYC DOHMH,,Latino Food Environment Borough Analysis,2022,NYC Health,REPORT,none,2020_present,US,Citywide,none,none,en,regulator,none,none,MEDIUM,NEEDED,,https://annas-archive.org/search?q=NYC+DOHMH+Latino+Food+Environment+Borough+Analysis,https://archive.org/search?query=NYC+DOHMH+Latino+Food+Environment+Borough+Analysis,,NYC DOHMH Latino Food Environment Borough Analysis,False,v3v4
1034,NYC Latino African,african_report,African Services Committee,,African-Owned Food Businesses in NYC,2019,ASC,REPORT,none,2010_2020,US,Citywide,none,none,en,NGO,none,none,MEDIUM,NEEDED,,https://annas-archive.org/search?q=African+Services+Committee+African-Owned+Food+Businesses+in+NYC,https://archive.org/search?query=African+Services+Committee+African-Owned+Food+Businesses+in+NYC,,African Services Committee African-Owned Food Businesses in NYC,False,v3v4
1035,NYC Latino African,jamaican,Wilk,Richard,Food and Globalization: Jamaica in NYC,2006,Berg,BOOK,none,1980_2010,US,Brooklyn,none,none,en,academic,none,none,LOW,NEEDED,,https://annas-archive.org/search?q=Wilk+Food+and+Globalization%3A+Jamaica+in+NYC,https://archive.org/search?query=Wilk+Food+and+Globalization%3A+Jamaica+in+NYC,,Wilk Food and Globalization: Jamaica in NYC,False,v3v4
1036,NYC Bodegas,bodega,Ramírez,Ana,Bodega: An Ethnography of a NYC Corner Store,2020,NYU Press,BOOK,none,2020_present,US,Citywide,bodega,none,en,academic,none,none,FLAGSHIP,NEEDED,,https://annas-archive.org/search?q=Ram%C3%ADrez+Bodega%3A+An+Ethnography+of+a+NYC+Corner+Store,https://archive.org/search?query=Ram%C3%ADrez+Bodega%3A+An+Ethnography+of+a+NYC+Corner+Store,,Ramírez Bodega: An Ethnography of a NYC Corner Store,True,v3v4
1037,NYC Bodegas,bodega,Hispanic Federation,,State of the NYC Bodega Annual Report,2024,Hispanic Federation,REPORT,none,2020_present,US,Citywide,bodega,none,en,NGO,none,none,HIGH,NEEDED,,https://annas-archive.org/search?q=Hispanic+Federation+State+of+the+NYC+Bodega+Annual+Report,https://archive.org/search?query=Hispanic+Federation+State+of+the+NYC+Bodega+Annual+Report,,Hispanic Federation State of the NYC Bodega Annual Report,False,v3v4
1038,NYC Bodegas,bodega,United Bodegas of America,,Bodega Strike 2017 Documentation,2017,UBA,REPORT,none,2010_2020,US,Citywide,bodega,none,en,NGO,none,none,MEDIUM,NEEDED,,https://annas-archive.org/search?q=United+Bodegas+of+America+Bodega+Strike+2017+Documentation,https://archive.org/search?query=United+Bodegas+of+America+Bodega+Strike+2017+Documentation,,United Bodegas of America Bodega Strike 2017 Documentation,False,v3v4
1039,NYC Bodegas,bodega_startup,Gonzales,Joe,Bodega (Startup) Controversy 2017,2017,Fast Company,ARTICLE,none,2010_2020,US,Citywide,bodega,none,en,media,none,none,HIGH,NEEDED,,https://annas-archive.org/search?q=Gonzales+Bodega+%28Startup%29+Controversy+2017,https://archive.org/search?query=Gonzales+Bodega+%28Startup%29+Controversy+2017,,Gonzales Bodega (Startup) Controversy 2017,False,v3v4
1040,NYC Bodegas,bodega_food,Horowitz,Carl,Bodega-Focused Food Access: A Policy Analysis,2019,Urban Affairs Review,ARTICLE,none,2010_2020,US,Citywide,bodega,none,en,academic,none,none,MEDIUM,NEEDED,,https://annas-archive.org/search?q=Horowitz+Bodega-Focused+Food+Access%3A+A+Policy+Analysis,https://archive.org/search?query=Horowitz+Bodega-Focused+Food+Access%3A+A+Policy+Analysis,,Horowitz Bodega-Focused Food Access: A Policy Analysis,False,v3v4
1041,NYC Bodegas,bodega_labor,Workers Justice Project,,NYC Bodega Worker Labor Conditions,2020,WJP,REPORT,none,2020_present,US,Citywide,bodega,none,en,NGO,none,none,HIGH,NEEDED,,https://annas-archive.org/search?q=Workers+Justice+Project+NYC+Bodega+Worker+Labor+Conditions,https://archive.org/search?query=Workers+Justice+Project+NYC+Bodega+Worker+Labor+Conditions,,Workers Justice Project NYC Bodega Worker Labor Conditions,False,v3v4
1042,NYC Bodegas,bodega_ethnic,Kasinitz,Philip,Inheriting the City: The Children of Immigrants Come of Age,2008,Harvard UP,BOOK,none,1980_2010,US,Citywide,bodega,none,en,academic,none,none,HIGH,NEEDED,,https://annas-archive.org/search?q=Kasinitz+Inheriting+the+City%3A+The+Children+of+Immigrants+Come+of+Age,https://archive.org/search?query=Kasinitz+Inheriting+the+City%3A+The+Children+of+Immigrants+Come+of+Age,,Kasinitz Inheriting the City: The Children of Immigrants Come of Age,False,v3v4
1043,NYC Bodegas,bodega_health,NYC DOHMH,,Bodega-Based Healthy Food Intervention,2018,NYC Health,REPORT,none,2010_2020,US,Citywide,bodega,none,en,regulator,none,none,HIGH,NEEDED,,https://annas-archive.org/search?q=NYC+DOHMH+Bodega-Based+Healthy+Food+Intervention,https://archive.org/search?query=NYC+DOHMH+Bodega-Based+Healthy+Food+Intervention,,NYC DOHMH Bodega-Based Healthy Food Intervention,False,v3v4
1044,NYC Bodegas,bodega_culture,Shaw,Joe,The Bodega as Community Space,2021,Gotham Gazette,ARTICLE,none,2020_present,US,Citywide,bodega,none,en,media,none,none,LOW,NEEDED,,https://annas-archive.org/search?q=Shaw+The+Bodega+as+Community+Space,https://archive.org/search?query=Shaw+The+Bodega+as+Community+Space,,Shaw The Bodega as Community Space,False,v3v4
1045,NYC Bodegas,bodega_econ,Small,Mario Luis,Villa Victoria: The Transformation of Social Capital in a Boston Barrio (bodega frame),2004,U Chicago Press,CHAPTER,none,1980_2010,US,none,bodega,none,en,academic,none,none,LOW,NEEDED,,https://annas-archive.org/search?q=Small+Villa+Victoria%3A+The+Transformation+of+Social+Capital+in+a+Boston+Barrio+%28bodega+frame%29,https://archive.org/search?query=Small+Villa+Victoria%3A+The+Transformation+of+Social+Capital+in+a+Boston+Barrio+%28bodega+frame%29,,Small Villa Victoria: The Transformation of Social Capital in a Boston Barrio (bodega frame),False,v3v4
1046,NYC Bodegas,bodega_stats,NYC DCWP,,NYC Food License Data Bodegas 2024,2024,DCWP,DATASET_DOC,none,2020_present,US,Citywide,bodega,none,en,regulator,none,none,HIGH,NEEDED,,https://annas-archive.org/search?q=NYC+DCWP+NYC+Food+License+Data+Bodegas+2024,https://archive.org/search?query=NYC+DCWP+NYC+Food+License+Data+Bodegas+2024,https://data.cityofnewyork.us/,NYC DCWP NYC Food License Data Bodegas 2024,False,v3v4
1047,NYC Bodegas,corner_store,Sutton,Stacey,Urban Revitalization and Small Business: Bodegas,2010,Urban Affairs,ARTICLE,none,1980_2010,US,Citywide,bodega,none,en,academic,none,none,MEDIUM,NEEDED,,https://annas-archive.org/search?q=Sutton+Urban+Revitalization+and+Small+Business%3A+Bodegas,https://archive.org/search?query=Sutton+Urban+Revitalization+and+Small+Business%3A+Bodegas,,Sutton Urban Revitalization and Small Business: Bodegas,False,v3v4
1048,NYC Bodegas,bodega_cats,NYPL,,NYC Bodega Cat Cultural Documentation,2020,NYPL Archive,DATASET_DOC,none,2020_present,US,Citywide,bodega,none,en,media,none,none,LOW,NEEDED,,https://annas-archive.org/search?q=NYPL+NYC+Bodega+Cat+Cultural+Documentation,https://archive.org/search?query=NYPL+NYC+Bodega+Cat+Cultural+Documentation,,NYPL NYC Bodega Cat Cultural Documentation,False,v3v4
1049,NYC Bodegas,bodega_covid,NYC EDC,,Bodegas During COVID-19: Small Business Survival,2021,NYCEDC,REPORT,none,2020_present,US,Citywide,bodega,none,en,regulator,none,none,HIGH,NEEDED,,https://annas-archive.org/search?q=NYC+EDC+Bodegas+During+COVID-19%3A+Small+Business+Survival,https://archive.org/search?query=NYC+EDC+Bodegas+During+COVID-19%3A+Small+Business+Survival,,NYC EDC Bodegas During COVID-19: Small Business Survival,False,v3v4
1050,NYC Bodegas,bodega_snap,Weiner,Rebecca,SNAP Retailers in NYC Bodegas,2019,Journal of Hunger,ARTICLE,none,2010_2020,US,Citywide,bodega,none,en,academic,none,none,MEDIUM,NEEDED,,https://annas-archive.org/search?q=Weiner+SNAP+Retailers+in+NYC+Bodegas,https://archive.org/search?query=Weiner+SNAP+Retailers+in+NYC+Bodegas,,Weiner SNAP Retailers in NYC Bodegas,False,v3v4
1051,NYC Bodegas,bodega_dist,Jetro/Restaurant Depot,,Bodega Wholesale Distribution Patterns,2022,Jetro,REPORT,none,2020_present,US,Citywide,bodega,real_estate,en,distributor,none,none,MEDIUM,NEEDED,,https://annas-archive.org/search?q=Jetro%2FRestaurant+Depot+Bodega+Wholesale+Distribution+Patterns,https://archive.org/search?query=Jetro%2FRestaurant+Depot+Bodega+Wholesale+Distribution+Patterns,,Jetro/Restaurant Depot Bodega Wholesale Distribution Patterns,False,v3v4
1052,NYC Bodegas,bodega_crime,NYC Dept Small Business,,Bodega Robbery Trends Small Business Safety,2020,NYC SBS,REPORT,none,2020_present,US,Citywide,bodega,none,en,regulator,none,none,LOW,NEEDED,,https://annas-archive.org/search?q=NYC+Dept+Small+Business+Bodega+Robbery+Trends+Small+Business+Safety,https://archive.org/search?query=NYC+Dept+Small+Business+Bodega+Robbery+Trends+Small+Business+Safety,,NYC Dept Small Business Bodega Robbery Trends Small Business Safety,False,v3v4
1053,NYC Bodegas,bodega_yemeni,Bayoumi,Moustafa,How Does It Feel to Be a Problem? Being Young and Arab in America,2008,Penguin,BOOK,none,1980_2010,US,Brooklyn,bodega,none,en,academic,none,none,HIGH,NEEDED,,https://annas-archive.org/search?q=Bayoumi+How+Does+It+Feel+to+Be+a+Problem%3F+Being+Young+and+Arab+in+America,https://archive.org/search?query=Bayoumi+How+Does+It+Feel+to+Be+a+Problem%3F+Being+Young+and+Arab+in+America,,Bayoumi How Does It Feel to Be a Problem? Being Young and Arab in America,False,v3v4
1054,NYC Bodegas,bodega_rents,REBNY,,Bodega Rent Pressure Data NYC,2023,REBNY,REPORT,none,2020_present,US,Citywide,bodega,real_estate,en,NGO,none,none,MEDIUM,NEEDED,,https://annas-archive.org/search?q=REBNY+Bodega+Rent+Pressure+Data+NYC,https://archive.org/search?query=REBNY+Bodega+Rent+Pressure+Data+NYC,,REBNY Bodega Rent Pressure Data NYC,False,v3v4
1055,NYC Bodegas,bodega_culture2,Williams,Joe,The Bodega in NYC: Beyond the Corner,2024,CUNY Urban Food,ARTICLE,none,2020_present,US,Citywide,bodega,none,en,academic,none,none,MEDIUM,NEEDED,,https://annas-archive.org/search?q=Williams+The+Bodega+in+NYC%3A+Beyond+the+Corner,https://archive.org/search?query=Williams+The+Bodega+in+NYC%3A+Beyond+the+Corner,,Williams The Bodega in NYC: Beyond the Corner,False,v3v4
1056,NYC Diners,diner,Hurley,Andrew,Diners Bowling Alleys and Trailer Parks: Chasing the American Dream in Postwar Consumer Culture,2002,Basic,BOOK,none,1945_1980,US,Citywide,diner,none,en,academic,none,none,FLAGSHIP,NEEDED,,https://annas-archive.org/search?q=Hurley+Diners+Bowling+Alleys+and+Trailer+Parks%3A+Chasing+the+American+Dream+in+Postwar+Consumer+Culture,https://archive.org/search?query=Hurley+Diners+Bowling+Alleys+and+Trailer+Parks%3A+Chasing+the+American+Dream+in+Postwar+Consumer+Culture,,Hurley Diners Bowling Alleys and Trailer Parks: Chasing the American Dream in Postwar Consumer Culture,False,v3v4
1057,NYC Diners,greek,Frangos,Steve,Greek Diners of New York,2015,Greek History Press,BOOK,none,spanning,US,Citywide,diner,none,en,academic,fusion,none,HIGH,NEEDED,,https://annas-archive.org/search?q=Frangos+Greek+Diners+of+New+York,https://archive.org/search?query=Frangos+Greek+Diners+of+New+York,,Frangos Greek Diners of New York,False,v3v4
1058,NYC Diners,greek,Lefteris,Michael,The Greek Diner: An Immigrant Economic Success Story,2010,Columbia Journal,ARTICLE,none,1945_1980,US,Citywide,diner,none,en,academic,none,none,MEDIUM,NEEDED,,https://annas-archive.org/search?q=Lefteris+The+Greek+Diner%3A+An+Immigrant+Economic+Success+Story,https://archive.org/search?query=Lefteris+The+Greek+Diner%3A+An+Immigrant+Economic+Success+Story,,Lefteris The Greek Diner: An Immigrant Economic Success Story,False,v3v4
1059,NYC Diners,classic,Baeder,John,Diners,1978,Abrams,BOOK,none,1945_1980,US,Citywide,diner,none,en,academic,none,none,MEDIUM,NEEDED,,https://annas-archive.org/search?q=Baeder+Diners,https://archive.org/search?query=Baeder+Diners,,Baeder Diners,False,v3v4
1060,NYC Diners,closures,NYT,,NYC Diner Closures 2015-2025,2024,NYT,ARTICLE,none,2020_present,US,Citywide,diner,none,en,media,none,none,MEDIUM,NEEDED,,https://annas-archive.org/search?q=NYT+NYC+Diner+Closures+2015-2025,https://archive.org/search?query=NYT+NYC+Diner+Closures+2015-2025,,NYT NYC Diner Closures 2015-2025,False,v3v4
1061,NYC Diners,gentrify,Center for an Urban Future,,NYC Diner Vulnerability Report,2020,CUF,REPORT,none,2020_present,US,Citywide,diner,none,en,NGO,none,none,MEDIUM,NEEDED,,https://annas-archive.org/search?q=Center+for+an+Urban+Future+NYC+Diner+Vulnerability+Report,https://archive.org/search?query=Center+for+an+Urban+Future+NYC+Diner+Vulnerability+Report,,Center for an Urban Future NYC Diner Vulnerability Report,False,v3v4
1062,NYC Diners,diner_hist,Gutman,Richard J.S.,American Diner Then and Now,2000,Johns Hopkins,BOOK,none,spanning,US,Citywide,diner,none,en,academic,none,none,HIGH,NEEDED,,https://annas-archive.org/search?q=Gutman+American+Diner+Then+and+Now,https://archive.org/search?query=Gutman+American+Diner+Then+and+Now,,Gutman American Diner Then and Now,False,v3v4
1063,NYC Diners,diner_labor,NYC Hospitality,,NYC Diner Labor Practices,2019,Industry,REPORT,none,2010_2020,US,Citywide,diner,none,en,NGO,none,none,LOW,NEEDED,,https://annas-archive.org/search?q=NYC+Hospitality+NYC+Diner+Labor+Practices,https://archive.org/search?query=NYC+Hospitality+NYC+Diner+Labor+Practices,,NYC Hospitality NYC Diner Labor Practices,False,v3v4
1064,NYC Diners,24_7,Keeler,,Economics of 24/7 Diners in NYC,2018,Cornell Hospitality,ARTICLE,none,2010_2020,US,Citywide,diner,none,en,academic,none,none,MEDIUM,NEEDED,,https://annas-archive.org/search?q=Keeler+Economics+of+24%2F7+Diners+in+NYC,https://archive.org/search?query=Keeler+Economics+of+24%2F7+Diners+in+NYC,,Keeler Economics of 24/7 Diners in NYC,False,v3v4
1065,NYC Diners,last,Sietsema,Robert,The Last Greek Diners Standing,2023,Eater NY,ARTICLE,none,2020_present,US,Citywide,diner,none,en,media,none,none,MEDIUM,NEEDED,,https://annas-archive.org/search?q=Sietsema+The+Last+Greek+Diners+Standing,https://archive.org/search?query=Sietsema+The+Last+Greek+Diners+Standing,,Sietsema The Last Greek Diners Standing,False,v3v4
1066,NYC Diners,queens,Newsday,,Queens Diner Closures 2020-2024,2024,Newsday,ARTICLE,none,2020_present,US,Queens,diner,none,en,media,none,none,LOW,NEEDED,,https://annas-archive.org/search?q=Newsday+Queens+Diner+Closures+2020-2024,https://archive.org/search?query=Newsday+Queens+Diner+Closures+2020-2024,,Newsday Queens Diner Closures 2020-2024,False,v3v4
1067,NYC Diners,revival,Gonzalez,Miguel,Gen-Z Reviving NYC Diners 2024,2024,NYT Food,ARTICLE,none,2020_present,US,Citywide,diner,none,en,media,none,none,LOW,NEEDED,,https://annas-archive.org/search?q=Gonzalez+Gen-Z+Reviving+NYC+Diners+2024,https://archive.org/search?query=Gonzalez+Gen-Z+Reviving+NYC+Diners+2024,,Gonzalez Gen-Z Reviving NYC Diners 2024,False,v3v4
1068,NYC Diners,diner_menu,NYPL,,NYC Diner Menu Collection (NYPL),2020,NYPL,DATASET_DOC,none,spanning,US,Citywide,diner,none,en,academic,none,none,MEDIUM,NEEDED,,https://annas-archive.org/search?q=NYPL+NYC+Diner+Menu+Collection+%28NYPL%29,https://archive.org/search?query=NYPL+NYC+Diner+Menu+Collection+%28NYPL%29,http://menus.nypl.org/,NYPL NYC Diner Menu Collection (NYPL),False,v3v4
1069,NYC Diners,diner_life,Miller,Henry,The Air-Conditioned Nightmare (diner references),1945,New Directions,BOOK,none,1900_1945,US,Citywide,diner,none,en,academic,none,none,LOW,NEEDED,,https://annas-archive.org/search?q=Miller+The+Air-Conditioned+Nightmare+%28diner+references%29,https://archive.org/search?query=Miller+The+Air-Conditioned+Nightmare+%28diner+references%29,,Miller The Air-Conditioned Nightmare (diner references),False,v3v4
1070,NYC Diners,diner_modern,NYC Grant,,NYC Diner Preservation Grants Program,2024,NYC,REPORT,none,2020_present,US,Citywide,diner,none,en,regulator,none,none,LOW,NEEDED,,https://annas-archive.org/search?q=NYC+Grant+NYC+Diner+Preservation+Grants+Program,https://archive.org/search?query=NYC+Grant+NYC+Diner+Preservation+Grants+Program,,NYC Grant NYC Diner Preservation Grants Program,False,v3v4
1071,NYC Street Food,street_vend,Devlin,Ryan,Street Vending and the Politics of Space in New York City,2018,U Georgia Press,BOOK,none,spanning,US,Citywide,food_truck,none,en,academic,none,none,FLAGSHIP,NEEDED,,https://annas-archive.org/search?q=Devlin+Street+Vending+and+the+Politics+of+Space+in+New+York+City,https://archive.org/search?query=Devlin+Street+Vending+and+the+Politics+of+Space+in+New+York+City,,Devlin Street Vending and the Politics of Space in New York City,True,v3v4
1072,NYC Street Food,halal,Ghosh,Paramita,Halal Carts of Manhattan: An Immigrant Food Industry,2019,Food Culture & Society,ARTICLE,none,1980_2010,US,Manhattan,food_truck,none,en,academic,middle_eastern,none,HIGH,NEEDED,,https://annas-archive.org/search?q=Ghosh+Halal+Carts+of+Manhattan%3A+An+Immigrant+Food+Industry,https://archive.org/search?query=Ghosh+Halal+Carts+of+Manhattan%3A+An+Immigrant+Food+Industry,,Ghosh Halal Carts of Manhattan: An Immigrant Food Industry,False,v3v4
1073,NYC Street Food,street_vend_proj,Street Vendor Project,,Street Vendor Project Research and Advocacy Reports,2024,SVP,REPORT,none,2020_present,US,Citywide,food_truck,none,en,NGO,none,none,HIGH,NEEDED,,https://annas-archive.org/search?q=Street+Vendor+Project+Street+Vendor+Project+Research+and+Advocacy+Reports,https://archive.org/search?query=Street+Vendor+Project+Street+Vendor+Project+Research+and+Advocacy+Reports,https://vendorpower.org/,Street Vendor Project Street Vendor Project Research and Advocacy Reports,False,v3v4
1074,NYC Street Food,food_trucks,Bustos,Ray,NYC Food Truck Boom 2008-2014,2016,Food Business News,ARTICLE,none,2010_2020,US,Citywide,food_truck,none,en,media,none,none,MEDIUM,NEEDED,,https://annas-archive.org/search?q=Bustos+NYC+Food+Truck+Boom+2008-2014,https://archive.org/search?query=Bustos+NYC+Food+Truck+Boom+2008-2014,,Bustos NYC Food Truck Boom 2008-2014,False,v3v4
1075,NYC Street Food,green_carts,NYC DOHMH,,Green Cart Initiative Evaluation,2018,NYC Health,REPORT,none,2010_2020,US,Citywide,food_truck,none,en,regulator,none,none,HIGH,NEEDED,,https://annas-archive.org/search?q=NYC+DOHMH+Green+Cart+Initiative+Evaluation,https://archive.org/search?query=NYC+DOHMH+Green+Cart+Initiative+Evaluation,,NYC DOHMH Green Cart Initiative Evaluation,False,v3v4
1076,NYC Street Food,hot_dogs,Stricker,Herbert,The Hot Dog Vendors of NYC,2012,Journal of Food Studies,ARTICLE,none,spanning,US,Manhattan,food_truck,none,en,academic,none,none,MEDIUM,NEEDED,,https://annas-archive.org/search?q=Stricker+The+Hot+Dog+Vendors+of+NYC,https://archive.org/search?query=Stricker+The+Hot+Dog+Vendors+of+NYC,,Stricker The Hot Dog Vendors of NYC,False,v3v4
1077,NYC Street Food,cart_permits,NYC DOHMH,,Food Cart Permits NYC: Data and Regulation,2024,NYC Health,DATASET_DOC,none,2020_present,US,Citywide,food_truck,none,en,regulator,none,none,HIGH,NEEDED,,https://annas-archive.org/search?q=NYC+DOHMH+Food+Cart+Permits+NYC%3A+Data+and+Regulation,https://archive.org/search?query=NYC+DOHMH+Food+Cart+Permits+NYC%3A+Data+and+Regulation,,NYC DOHMH Food Cart Permits NYC: Data and Regulation,False,v3v4
1078,NYC Street Food,labor,ROC United,,Street Vendor Labor Survey,2019,ROC,REPORT,none,2010_2020,US,Citywide,food_truck,none,en,NGO,none,none,MEDIUM,NEEDED,,https://annas-archive.org/search?q=ROC+United+Street+Vendor+Labor+Survey,https://archive.org/search?query=ROC+United+Street+Vendor+Labor+Survey,,ROC United Street Vendor Labor Survey,False,v3v4
1079,NYC Street Food,bangladesh,Islam,Mahfuzul,Bangladeshi Halal Cart Operators in Manhattan,2020,Journal of Ethnic Studies,ARTICLE,none,2010_2020,US,Manhattan,food_truck,none,en,academic,none,none,MEDIUM,NEEDED,,https://annas-archive.org/search?q=Islam+Bangladeshi+Halal+Cart+Operators+in+Manhattan,https://archive.org/search?query=Islam+Bangladeshi+Halal+Cart+Operators+in+Manhattan,,Islam Bangladeshi Halal Cart Operators in Manhattan,False,v3v4
1080,NYC Street Food,rulemaking,Devlin,Ryan,The Politics of Street Vendor Regulation,2015,J Urban Affairs,ARTICLE,none,2010_2020,US,Citywide,food_truck,none,en,academic,none,none,MEDIUM,NEEDED,,https://annas-archive.org/search?q=Devlin+The+Politics+of+Street+Vendor+Regulation,https://archive.org/search?query=Devlin+The+Politics+of+Street+Vendor+Regulation,,Devlin The Politics of Street Vendor Regulation,False,v3v4
1081,NYC Street Food,pushcart_hist,NYC,,Pushcart Commission Historical Records 1906-1938,1938,NYC Municipal Archives,GOV_DOC,none,1900_1945,US,Manhattan,food_truck,none,en,regulator,none,none,MEDIUM,NEEDED,,https://annas-archive.org/search?q=NYC+Pushcart+Commission+Historical+Records+1906-1938,https://archive.org/search?query=NYC+Pushcart+Commission+Historical+Records+1906-1938,,NYC Pushcart Commission Historical Records 1906-1938,False,v3v4
1082,NYC Street Food,smoothies,Starter,,Smoothie Carts: A New NYC Vendor Niche,2023,Eater NY,ARTICLE,none,2020_present,US,Citywide,food_truck,none,en,media,none,none,LOW,NEEDED,,https://annas-archive.org/search?q=Starter+Smoothie+Carts%3A+A+New+NYC+Vendor+Niche,https://archive.org/search?query=Starter+Smoothie+Carts%3A+A+New+NYC+Vendor+Niche,,Starter Smoothie Carts: A New NYC Vendor Niche,False,v3v4
1083,NYC Street Food,taco_truck,Pilcher,Jeffrey,Planet Taco: A Global History of Mexican Food,2012,Oxford UP,CHAPTER,none,2010_2020,US,Brooklyn,food_truck,none,en,academic,mexican,none,MEDIUM,NEEDED,,https://annas-archive.org/search?q=Pilcher+Planet+Taco%3A+A+Global+History+of+Mexican+Food,https://archive.org/search?query=Pilcher+Planet+Taco%3A+A+Global+History+of+Mexican+Food,,Pilcher Planet Taco: A Global History of Mexican Food,False,v3v4
1084,NYC Street Food,vendor_cap,NYC Council,,Street Vendor Permit Cap Reform 2021,2021,NYC Council,GOV_DOC,none,2020_present,US,Citywide,food_truck,none,en,regulator,none,none,HIGH,NEEDED,,https://annas-archive.org/search?q=NYC+Council+Street+Vendor+Permit+Cap+Reform+2021,https://archive.org/search?query=NYC+Council+Street+Vendor+Permit+Cap+Reform+2021,,NYC Council Street Vendor Permit Cap Reform 2021,False,v3v4
1085,NYC Street Food,street_covid,SVP,,Street Vendors During COVID-19 NYC,2021,Street Vendor Project,REPORT,none,2020_present,US,Citywide,food_truck,none,en,NGO,none,none,MEDIUM,NEEDED,,https://annas-archive.org/search?q=SVP+Street+Vendors+During+COVID-19+NYC,https://archive.org/search?query=SVP+Street+Vendors+During+COVID-19+NYC,,SVP Street Vendors During COVID-19 NYC,False,v3v4
1086,NYC Greenmarkets,grownyc,GrowNYC,,Greenmarket Annual Reports,2024,GrowNYC,REPORT,produce,2020_present,US,Citywide,greenmarket,none,en,NGO,none,none,FLAGSHIP,NEEDED,,https://annas-archive.org/search?q=GrowNYC+Greenmarket+Annual+Reports,https://archive.org/search?query=GrowNYC+Greenmarket+Annual+Reports,https://www.grownyc.org/,GrowNYC Greenmarket Annual Reports,False,v3v4
1087,NYC Greenmarkets,union_sq,NYC Parks,,Union Square Greenmarket History 1976-Present,2024,NYC Parks,REPORT,none,spanning,US,Manhattan,greenmarket,none,en,regulator,none,none,HIGH,NEEDED,,https://annas-archive.org/search?q=NYC+Parks+Union+Square+Greenmarket+History+1976-Present,https://archive.org/search?query=NYC+Parks+Union+Square+Greenmarket+History+1976-Present,,NYC Parks Union Square Greenmarket History 1976-Present,False,v3v4
1088,NYC Greenmarkets,csa,Just Food,,CSA in NYC: Annual Directory and Research,2024,Just Food,REPORT,none,2020_present,US,Citywide,greenmarket,none,en,NGO,none,none,HIGH,NEEDED,,https://annas-archive.org/search?q=Just+Food+CSA+in+NYC%3A+Annual+Directory+and+Research,https://archive.org/search?query=Just+Food+CSA+in+NYC%3A+Annual+Directory+and+Research,https://justfood.org/,Just Food CSA in NYC: Annual Directory and Research,False,v3v4
1089,NYC Greenmarkets,brooklyn_grange,Brooklyn Grange,,Brooklyn Grange Rooftop Farm Reports,2024,BG,REPORT,produce,2020_present,US,Brooklyn,greenmarket,none,en,producer,none,none,HIGH,NEEDED,,https://annas-archive.org/search?q=Brooklyn+Grange+Brooklyn+Grange+Rooftop+Farm+Reports,https://archive.org/search?query=Brooklyn+Grange+Brooklyn+Grange+Rooftop+Farm+Reports,,Brooklyn Grange Brooklyn Grange Rooftop Farm Reports,False,v3v4
1090,NYC Greenmarkets,added_value,Added Value Farms,,Red Hook Community Farm Operations,2022,Added Value,REPORT,none,2020_present,US,Brooklyn,greenmarket,none,en,NGO,none,none,MEDIUM,NEEDED,,https://annas-archive.org/search?q=Added+Value+Farms+Red+Hook+Community+Farm+Operations,https://archive.org/search?query=Added+Value+Farms+Red+Hook+Community+Farm+Operations,,Added Value Farms Red Hook Community Farm Operations,False,v3v4
1091,NYC Greenmarkets,urban_ag,Nevin Cohen,,Urban Agriculture in NYC: Policy Landscape,2020,CUNY Urban Food,REPORT,none,2020_present,US,Citywide,greenmarket,none,en,academic,none,none,HIGH,NEEDED,,https://annas-archive.org/search?q=Nevin+Cohen+Urban+Agriculture+in+NYC%3A+Policy+Landscape,https://archive.org/search?query=Nevin+Cohen+Urban+Agriculture+in+NYC%3A+Policy+Landscape,https://www.cunyurbanfoodpolicy.org/,Nevin Cohen Urban Agriculture in NYC: Policy Landscape,False,v3v4
1092,NYC Greenmarkets,urban_ag,Cohen,Nevin,Healthy Food Access for Urban Food Deserts: An Evaluation of Green Carts,2016,Applied Econ Perspectives,ARTICLE,none,2010_2020,US,Citywide,greenmarket,none,en,academic,none,none,HIGH,NEEDED,,https://annas-archive.org/search?q=Cohen+Healthy+Food+Access+for+Urban+Food+Deserts%3A+An+Evaluation+of+Green+Carts,https://archive.org/search?query=Cohen+Healthy+Food+Access+for+Urban+Food+Deserts%3A+An+Evaluation+of+Green+Carts,,Cohen Healthy Food Access for Urban Food Deserts: An Evaluation of Green Carts,False,v3v4
1093,NYC Greenmarkets,fresh_direct,NYU Wagner,,FreshDirect Urban Grocery Study,2015,NYU Wagner,REPORT,none,2010_2020,US,Citywide,supermarket,none,en,academic,none,none,MEDIUM,NEEDED,,https://annas-archive.org/search?q=NYU+Wagner+FreshDirect+Urban+Grocery+Study,https://archive.org/search?query=NYU+Wagner+FreshDirect+Urban+Grocery+Study,,NYU Wagner FreshDirect Urban Grocery Study,False,v3v4
1094,NYC Greenmarkets,farm_rest,HudsonValleyFoodshed,,NYC Farm-to-Restaurant Pipeline,2022,Foodshed Reports,REPORT,none,2020_present,US,Upstate,greenmarket,none,en,NGO,none,none,MEDIUM,NEEDED,,https://annas-archive.org/search?q=HudsonValleyFoodshed+NYC+Farm-to-Restaurant+Pipeline,https://archive.org/search?query=HudsonValleyFoodshed+NYC+Farm-to-Restaurant+Pipeline,,HudsonValleyFoodshed NYC Farm-to-Restaurant Pipeline,False,v3v4
1095,NYC Greenmarkets,urban_farm,Gittleman,Mara,Community Garden Survey: NYC 2023,2023,GrowNYC,REPORT,none,2020_present,US,Citywide,greenmarket,none,en,NGO,none,none,MEDIUM,NEEDED,,https://annas-archive.org/search?q=Gittleman+Community+Garden+Survey%3A+NYC+2023,https://archive.org/search?query=Gittleman+Community+Garden+Survey%3A+NYC+2023,,Gittleman Community Garden Survey: NYC 2023,False,v3v4
1096,NYC Greenmarkets,greenmarket_pol,NYC Council,,FRESH Program and Food Retail Expansion,2010,NYC,GOV_DOC,none,2010_2020,US,Citywide,none,none,en,regulator,none,none,MEDIUM,NEEDED,,https://annas-archive.org/search?q=NYC+Council+FRESH+Program+and+Food+Retail+Expansion,https://archive.org/search?query=NYC+Council+FRESH+Program+and+Food+Retail+Expansion,,NYC Council FRESH Program and Food Retail Expansion,False,v3v4
1097,NYC Greenmarkets,food_politics,Marcus,Allison Hope,Politics of the NYC Greenmarket,2012,Food Culture & Society,ARTICLE,none,2010_2020,US,Citywide,greenmarket,none,en,academic,none,none,MEDIUM,NEEDED,,https://annas-archive.org/search?q=Marcus+Politics+of+the+NYC+Greenmarket,https://archive.org/search?query=Marcus+Politics+of+the+NYC+Greenmarket,,Marcus Politics of the NYC Greenmarket,False,v3v4
1098,NYC Greenmarkets,gotham_green,Gotham Greens,,Gotham Greens Rooftop Hydroponics,2024,Corporate,REPORT,none,2020_present,US,Brooklyn,greenmarket,none,en,producer,none,none,MEDIUM,NEEDED,,https://annas-archive.org/search?q=Gotham+Greens+Gotham+Greens+Rooftop+Hydroponics,https://archive.org/search?query=Gotham+Greens+Gotham+Greens+Rooftop+Hydroponics,,Gotham Greens Gotham Greens Rooftop Hydroponics,False,v3v4
1099,NYC Greenmarkets,farm_to_table,Pollan,Michael,In Defense of Food: An Eater's Manifesto,2008,Penguin,BOOK,none,1980_2010,US,Citywide,none,none,en,academic,none,none,MEDIUM,NEEDED,,https://annas-archive.org/search?q=Pollan+In+Defense+of+Food%3A+An+Eater%27s+Manifesto,https://archive.org/search?query=Pollan+In+Defense+of+Food%3A+An+Eater%27s+Manifesto,,Pollan In Defense of Food: An Eater's Manifesto,False,v3v4
1100,NYC Greenmarkets,locavore,Kingsolver,Barbara,Animal Vegetable Miracle: A Year of Food Life,2007,HarperCollins,BOOK,none,1980_2010,US,none,none,none,en,academic,none,none,MEDIUM,NEEDED,,https://annas-archive.org/search?q=Kingsolver+Animal+Vegetable+Miracle%3A+A+Year+of+Food+Life,https://archive.org/search?query=Kingsolver+Animal+Vegetable+Miracle%3A+A+Year+of+Food+Life,,Kingsolver Animal Vegetable Miracle: A Year of Food Life,False,v3v4
1101,NYC Food Media,zagat,Zagat,Tim & Nina,Zagat Survey New York City Restaurants (annual),2024,Zagat,REPORT,none,spanning,US,Citywide,food_media,none,en,media,none,none,FLAGSHIP,NEEDED,,https://annas-archive.org/search?q=Zagat+Zagat+Survey+New+York+City+Restaurants+%28annual%29,https://archive.org/search?query=Zagat+Zagat+Survey+New+York+City+Restaurants+%28annual%29,,Zagat Zagat Survey New York City Restaurants (annual),True,v3v4
1102,NYC Food Media,nyt_hist,NYT,,NYT Restaurant Criticism: A Century of Reviews,2020,NYT Archive,DATASET_DOC,none,spanning,US,Citywide,food_media,none,en,media,none,none,HIGH,NEEDED,,https://annas-archive.org/search?q=NYT+NYT+Restaurant+Criticism%3A+A+Century+of+Reviews,https://archive.org/search?query=NYT+NYT+Restaurant+Criticism%3A+A+Century+of+Reviews,,NYT NYT Restaurant Criticism: A Century of Reviews,False,v3v4
1103,NYC Food Media,sheraton,Sheraton,Mimi,NYT Restaurant Reviews 1976-1983,1983,NYT,ARTICLE,none,1945_1980,US,Citywide,food_media,none,en,media,none,none,MEDIUM,NEEDED,,https://annas-archive.org/search?q=Sheraton+NYT+Restaurant+Reviews+1976-1983,https://archive.org/search?query=Sheraton+NYT+Restaurant+Reviews+1976-1983,,Sheraton NYT Restaurant Reviews 1976-1983,False,v3v4
1104,NYC Food Media,claiborne,Claiborne,Craig,NYT Restaurant Reviews 1957-1993,1993,NYT,ARTICLE,none,spanning,US,Citywide,food_media,none,en,media,none,none,HIGH,NEEDED,,https://annas-archive.org/search?q=Claiborne+NYT+Restaurant+Reviews+1957-1993,https://archive.org/search?query=Claiborne+NYT+Restaurant+Reviews+1957-1993,,Claiborne NYT Restaurant Reviews 1957-1993,False,v3v4
1105,NYC Food Media,miller,Miller,Bryan,NYT Food Editor 1984-1993,1993,NYT,ARTICLE,none,1980_2010,US,Citywide,food_media,none,en,media,none,none,MEDIUM,NEEDED,,https://annas-archive.org/search?q=Miller+NYT+Food+Editor+1984-1993,https://archive.org/search?query=Miller+NYT+Food+Editor+1984-1993,,Miller NYT Food Editor 1984-1993,False,v3v4
1106,NYC Food Media,grimes,Grimes,William,NYT Dining Editor Era,2003,NYT,ARTICLE,none,1980_2010,US,Citywide,food_media,none,en,media,none,none,MEDIUM,NEEDED,,https://annas-archive.org/search?q=Grimes+NYT+Dining+Editor+Era,https://archive.org/search?query=Grimes+NYT+Dining+Editor+Era,,Grimes NYT Dining Editor Era,False,v3v4
1107,NYC Food Media,bruni_review,Bruni,Frank,NYT Restaurant Critic 2004-2009 Reviews,2009,NYT,ARTICLE,none,1980_2010,US,Citywide,food_media,none,en,media,none,none,MEDIUM,NEEDED,,https://annas-archive.org/search?q=Bruni+NYT+Restaurant+Critic+2004-2009+Reviews,https://archive.org/search?query=Bruni+NYT+Restaurant+Critic+2004-2009+Reviews,,Bruni NYT Restaurant Critic 2004-2009 Reviews,False,v3v4
1108,NYC Food Media,wells_review,Wells,Pete,NYT Restaurant Critic 2012-Present,2024,NYT,ARTICLE,none,2010_2020,US,Citywide,food_media,none,en,media,none,none,HIGH,NEEDED,,https://annas-archive.org/search?q=Wells+NYT+Restaurant+Critic+2012-Present,https://archive.org/search?query=Wells+NYT+Restaurant+Critic+2012-Present,,Wells NYT Restaurant Critic 2012-Present,False,v3v4
1109,NYC Food Media,eater,Eater NY,,Eater NY Archive,2024,Vox Media,DATASET_DOC,none,2020_present,US,Citywide,food_media,none,en,media,none,none,HIGH,NEEDED,,https://annas-archive.org/search?q=Eater+NY+Eater+NY+Archive,https://archive.org/search?query=Eater+NY+Eater+NY+Archive,https://ny.eater.com/,Eater NY Eater NY Archive,False,v3v4
1110,NYC Food Media,grubstreet,Grub Street,,NY Magazine Grub Street Archive,2024,NY Magazine,DATASET_DOC,none,2020_present,US,Citywide,food_media,none,en,media,none,none,HIGH,NEEDED,,https://annas-archive.org/search?q=Grub+Street+NY+Magazine+Grub+Street+Archive,https://archive.org/search?query=Grub+Street+NY+Magazine+Grub+Street+Archive,https://www.grubstreet.com/,Grub Street NY Magazine Grub Street Archive,False,v3v4
1111,NYC Food Media,ny_underground,Warhol,Andy,New York Magazine Underground Gourmet 1968-,1974,NY Magazine,ARTICLE,none,1945_1980,US,Citywide,food_media,none,en,media,none,none,LOW,NEEDED,,https://annas-archive.org/search?q=Warhol+New+York+Magazine+Underground+Gourmet+1968-,https://archive.org/search?query=Warhol+New+York+Magazine+Underground+Gourmet+1968-,,Warhol New York Magazine Underground Gourmet 1968-,False,v3v4
1112,NYC Food Media,infatuation,The Infatuation,,The Infatuation NYC Coverage,2024,Infatuation,DATASET_DOC,none,2020_present,US,Citywide,food_media,none,en,media,none,none,MEDIUM,NEEDED,,https://annas-archive.org/search?q=The+Infatuation+The+Infatuation+NYC+Coverage,https://archive.org/search?query=The+Infatuation+The+Infatuation+NYC+Coverage,https://www.theinfatuation.com/,The Infatuation The Infatuation NYC Coverage,False,v3v4
1113,NYC Food Media,cherry_bombe,Cherry Bombe,,Cherry Bombe: Food Media Gender & NYC,2024,Cherry Bombe,REPORT,none,2020_present,US,Citywide,food_media,none,en,media,none,none,MEDIUM,NEEDED,,https://annas-archive.org/search?q=Cherry+Bombe+Cherry+Bombe%3A+Food+Media+Gender+%26+NYC,https://archive.org/search?query=Cherry+Bombe+Cherry+Bombe%3A+Food+Media+Gender+%26+NYC,,Cherry Bombe Cherry Bombe: Food Media Gender & NYC,False,v3v4
1114,NYC Food Media,new_yorker,Gopnik,Adam,The New Yorker Food Essays Archive,2024,New Yorker,DATASET_DOC,none,spanning,US,Citywide,food_media,none,en,media,none,none,HIGH,NEEDED,,https://annas-archive.org/search?q=Gopnik+The+New+Yorker+Food+Essays+Archive,https://archive.org/search?query=Gopnik+The+New+Yorker+Food+Essays+Archive,,Gopnik The New Yorker Food Essays Archive,False,v3v4
1115,NYC Food Media,gourmet,Reichl,Ruth,Gourmet Magazine: A Cultural Archive 1941-2009,2011,Ten Speed,BOOK,none,spanning,US,Manhattan,food_media,none,en,media,none,none,HIGH,NEEDED,,https://annas-archive.org/search?q=Reichl+Gourmet+Magazine%3A+A+Cultural+Archive+1941-2009,https://archive.org/search?query=Reichl+Gourmet+Magazine%3A+A+Cultural+Archive+1941-2009,,Reichl Gourmet Magazine: A Cultural Archive 1941-2009,False,v3v4
1116,NYC Food Media,resy_review,Resy,,Resy Platform: Reviews and Restaurant Discovery,2024,Resy,DATASET_DOC,none,2020_present,US,Citywide,none,reservation_tech,en,media,none,none,MEDIUM,NEEDED,,https://annas-archive.org/search?q=Resy+Resy+Platform%3A+Reviews+and+Restaurant+Discovery,https://archive.org/search?query=Resy+Resy+Platform%3A+Reviews+and+Restaurant+Discovery,,Resy Resy Platform: Reviews and Restaurant Discovery,False,v3v4
1117,NYC Food Media,media_hist,Fowler,Gene,Restaurant Criticism: A Short History,2008,Columbia Journalism,ARTICLE,none,spanning,US,none,food_media,none,en,media,none,none,MEDIUM,NEEDED,,https://annas-archive.org/search?q=Fowler+Restaurant+Criticism%3A+A+Short+History,https://archive.org/search?query=Fowler+Restaurant+Criticism%3A+A+Short+History,,Fowler Restaurant Criticism: A Short History,False,v3v4
1118,NYC Food Media,star_system,Matthews,Jacob,The Three-Star System: NYT's Restaurant Rating Influence,2015,Cornell Hospitality,ARTICLE,none,2010_2020,US,Citywide,food_media,none,en,academic,none,none,MEDIUM,NEEDED,,https://annas-archive.org/search?q=Matthews+The+Three-Star+System%3A+NYT%27s+Restaurant+Rating+Influence,https://archive.org/search?query=Matthews+The+Three-Star+System%3A+NYT%27s+Restaurant+Rating+Influence,,Matthews The Three-Star System: NYT's Restaurant Rating Influence,False,v3v4
1119,NYC Food Media,food_journalism,Ruhlman,Michael,Food Journalism: Evolution in NYC,2016,Columbia Journal,ARTICLE,none,2010_2020,US,Citywide,food_media,none,en,media,none,none,LOW,NEEDED,,https://annas-archive.org/search?q=Ruhlman+Food+Journalism%3A+Evolution+in+NYC,https://archive.org/search?query=Ruhlman+Food+Journalism%3A+Evolution+in+NYC,,Ruhlman Food Journalism: Evolution in NYC,False,v3v4
1120,NYC Food Media,bon_app,Bon Appétit,,Bon Appétit NYC Coverage Archive,2024,Condé Nast,DATASET_DOC,none,spanning,US,Citywide,food_media,none,en,media,none,none,MEDIUM,NEEDED,,https://annas-archive.org/search?q=Bon+App%C3%A9tit+Bon+App%C3%A9tit+NYC+Coverage+Archive,https://archive.org/search?query=Bon+App%C3%A9tit+Bon+App%C3%A9tit+NYC+Coverage+Archive,,Bon Appétit Bon Appétit NYC Coverage Archive,False,v3v4
1121,NYC Regulation,letter_grade,NYC DOHMH,,Restaurant Letter Grading System: Rule and Impact Report,2024,NYC DOH,REPORT,none,2010_2020,US,Citywide,none,none,en,regulator,none,none,FLAGSHIP,NEEDED,,https://annas-archive.org/search?q=NYC+DOHMH+Restaurant+Letter+Grading+System%3A+Rule+and+Impact+Report,https://archive.org/search?query=NYC+DOHMH+Restaurant+Letter+Grading+System%3A+Rule+and+Impact+Report,https://www.nyc.gov/site/doh/services/restaurant-grades.page,NYC DOHMH Restaurant Letter Grading System: Rule and Impact Report,True,v3v4
1122,NYC Regulation,inspections,NYC Open Data,,DOHMH Restaurant Inspection Results Dataset,2024,NYC Open Data,DATASET_DOC,none,2020_present,US,Citywide,none,none,en,regulator,none,none,HIGH,NEEDED,,https://annas-archive.org/search?q=NYC+Open+Data+DOHMH+Restaurant+Inspection+Results+Dataset,https://archive.org/search?query=NYC+Open+Data+DOHMH+Restaurant+Inspection+Results+Dataset,https://data.cityofnewyork.us/Health/DOHMH-New-York-City-Restaurant-Inspection-Results/43nn-pn8j,NYC Open Data DOHMH Restaurant Inspection Results Dataset,False,v3v4
1123,NYC Regulation,calorie,Dumanovsky,Tamara,Consumer Response to Calorie Labeling in NYC Restaurants,2011,American J Public Health,ARTICLE,none,2010_2020,US,Citywide,none,none,en,academic,none,none,HIGH,NEEDED,,https://annas-archive.org/search?q=Dumanovsky+Consumer+Response+to+Calorie+Labeling+in+NYC+Restaurants,https://archive.org/search?query=Dumanovsky+Consumer+Response+to+Calorie+Labeling+in+NYC+Restaurants,,Dumanovsky Consumer Response to Calorie Labeling in NYC Restaurants,False,v3v4
1124,NYC Regulation,transfat,Angell,Sonia,Cholesterol Control Beyond the Clinic: NYC Trans-Fat Restrictions,2009,Annals of Internal Medicine,ARTICLE,none,1980_2010,US,Citywide,none,none,en,academic,none,none,HIGH,NEEDED,,https://annas-archive.org/search?q=Angell+Cholesterol+Control+Beyond+the+Clinic%3A+NYC+Trans-Fat+Restrictions,https://archive.org/search?query=Angell+Cholesterol+Control+Beyond+the+Clinic%3A+NYC+Trans-Fat+Restrictions,,Angell Cholesterol Control Beyond the Clinic: NYC Trans-Fat Restrictions,False,v3v4
1125,NYC Regulation,transfat,Resnik,David B.,Trans-Fat Bans and Human Freedom,2010,American J Bioethics,ARTICLE,none,1980_2010,US,Citywide,none,none,en,academic,none,none,MEDIUM,NEEDED,,https://annas-archive.org/search?q=Resnik+Trans-Fat+Bans+and+Human+Freedom,https://archive.org/search?query=Resnik+Trans-Fat+Bans+and+Human+Freedom,,Resnik Trans-Fat Bans and Human Freedom,False,v3v4
1126,NYC Regulation,soda_ban,Pomeranz,Jennifer L.,Portion Sizes and Beverage Caps: NYC's Big Gulp Rule,2012,Yale J Health Policy,ARTICLE,none,2010_2020,US,Citywide,none,none,en,academic,none,soda,HIGH,NEEDED,,https://annas-archive.org/search?q=Pomeranz+Portion+Sizes+and+Beverage+Caps%3A+NYC%27s+Big+Gulp+Rule,https://archive.org/search?query=Pomeranz+Portion+Sizes+and+Beverage+Caps%3A+NYC%27s+Big+Gulp+Rule,,Pomeranz Portion Sizes and Beverage Caps: NYC's Big Gulp Rule,False,v3v4
1127,NYC Regulation,hacp,NYC DOHMH,,HACCP Plan Requirements for NYC Food Establishments,2022,NYC Health,GOV_DOC,none,2020_present,US,Citywide,none,none,en,regulator,none,none,MEDIUM,NEEDED,,https://annas-archive.org/search?q=NYC+DOHMH+HACCP+Plan+Requirements+for+NYC+Food+Establishments,https://archive.org/search?query=NYC+DOHMH+HACCP+Plan+Requirements+for+NYC+Food+Establishments,,NYC DOHMH HACCP Plan Requirements for NYC Food Establishments,False,v3v4
1128,NYC Regulation,handler,NYC DOHMH,,Food Protection Training Certificate Program,2024,NYC Health,DATASET_DOC,none,2020_present,US,Citywide,none,none,en,regulator,none,none,HIGH,NEEDED,,https://annas-archive.org/search?q=NYC+DOHMH+Food+Protection+Training+Certificate+Program,https://archive.org/search?query=NYC+DOHMH+Food+Protection+Training+Certificate+Program,https://www1.nyc.gov/site/doh/services/food-protection-training.page,NYC DOHMH Food Protection Training Certificate Program,False,v3v4
1129,NYC Regulation,violations,NYC Open Data,,OATH Food Violations Records Dataset,2024,NYC Open Data,DATASET_DOC,none,2020_present,US,Citywide,none,none,en,regulator,none,none,HIGH,NEEDED,,https://annas-archive.org/search?q=NYC+Open+Data+OATH+Food+Violations+Records+Dataset,https://archive.org/search?query=NYC+Open+Data+OATH+Food+Violations+Records+Dataset,,NYC Open Data OATH Food Violations Records Dataset,False,v3v4
1130,NYC Regulation,outdoor_code,NYC DOT,,Open Restaurants Permanent Rule 2023,2023,NYC DOT,GOV_DOC,none,2020_present,US,Citywide,none,none,en,regulator,none,none,HIGH,NEEDED,,https://annas-archive.org/search?q=NYC+DOT+Open+Restaurants+Permanent+Rule+2023,https://archive.org/search?query=NYC+DOT+Open+Restaurants+Permanent+Rule+2023,https://www.nyc.gov/html/dot/html/pedestrians/openrestaurants.shtml,NYC DOT Open Restaurants Permanent Rule 2023,False,v3v4
1131,NYC Regulation,rodent,NYC DOHMH,,Rodent Abatement Ordinance & Restaurant Compliance,2023,NYC Health,REPORT,none,2020_present,US,Citywide,none,pest,en,regulator,none,none,MEDIUM,NEEDED,,https://annas-archive.org/search?q=NYC+DOHMH+Rodent+Abatement+Ordinance+%26+Restaurant+Compliance,https://archive.org/search?query=NYC+DOHMH+Rodent+Abatement+Ordinance+%26+Restaurant+Compliance,,NYC DOHMH Rodent Abatement Ordinance & Restaurant Compliance,False,v3v4
1132,NYC Regulation,delivery_min,NYC DCWP,,App-Based Delivery Worker Minimum Pay Rule 2023,2023,NYC DCWP,GOV_DOC,none,2020_present,US,Citywide,none,legal,en,regulator,none,none,CRITICAL,NEEDED,,https://annas-archive.org/search?q=NYC+DCWP+App-Based+Delivery+Worker+Minimum+Pay+Rule+2023,https://archive.org/search?query=NYC+DCWP+App-Based+Delivery+Worker+Minimum+Pay+Rule+2023,,NYC DCWP App-Based Delivery Worker Minimum Pay Rule 2023,False,v3v4
1133,NYC Regulation,inspection_impact,Simon,Paul A.,Impact of Restaurant Hygiene Grade Cards on Foodborne Disease,2005,JAMA,ARTICLE,none,1980_2010,US,none,none,none,en,academic,none,none,MEDIUM,NEEDED,,https://annas-archive.org/search?q=Simon+Impact+of+Restaurant+Hygiene+Grade+Cards+on+Foodborne+Disease,https://archive.org/search?query=Simon+Impact+of+Restaurant+Hygiene+Grade+Cards+on+Foodborne+Disease,,Simon Impact of Restaurant Hygiene Grade Cards on Foodborne Disease,False,v3v4
1134,NYC Regulation,smoke_ban,NYC,,NYC Smoke-Free Air Act 2003: Restaurant Industry Impact,2010,NYC,REPORT,none,1980_2010,US,Citywide,none,none,en,regulator,none,none,LOW,NEEDED,,https://annas-archive.org/search?q=NYC+NYC+Smoke-Free+Air+Act+2003%3A+Restaurant+Industry+Impact,https://archive.org/search?query=NYC+NYC+Smoke-Free+Air+Act+2003%3A+Restaurant+Industry+Impact,,NYC NYC Smoke-Free Air Act 2003: Restaurant Industry Impact,False,v3v4
1135,NYC Regulation,seating,NYC Council,,Outdoor Dining Permanent Zoning Rule,2023,NYC Council,GOV_DOC,none,2020_present,US,Citywide,none,none,en,regulator,none,none,HIGH,NEEDED,,https://annas-archive.org/search?q=NYC+Council+Outdoor+Dining+Permanent+Zoning+Rule,https://archive.org/search?query=NYC+Council+Outdoor+Dining+Permanent+Zoning+Rule,,NYC Council Outdoor Dining Permanent Zoning Rule,False,v3v4
1136,NYC Regulation,reg_hist,NYC DOHMH,,History of NYC Food Inspection 1866-Present,2018,NYC Health,REPORT,none,spanning,US,Citywide,none,none,en,regulator,none,none,MEDIUM,NEEDED,,https://annas-archive.org/search?q=NYC+DOHMH+History+of+NYC+Food+Inspection+1866-Present,https://archive.org/search?query=NYC+DOHMH+History+of+NYC+Food+Inspection+1866-Present,,NYC DOHMH History of NYC Food Inspection 1866-Present,False,v3v4
1137,NYC Regulation,fhv,NYC Health,,Foodhandler Certification Data and Trends,2023,NYC DOH,DATASET_DOC,none,2020_present,US,Citywide,none,none,en,regulator,none,none,LOW,NEEDED,,https://annas-archive.org/search?q=NYC+Health+Foodhandler+Certification+Data+and+Trends,https://archive.org/search?query=NYC+Health+Foodhandler+Certification+Data+and+Trends,,NYC Health Foodhandler Certification Data and Trends,False,v3v4
1138,NYC Regulation,restaurant_safety,NYC DOH,,Restaurant Hygiene Evaluation: Longitudinal Analysis,2021,Journal of Food Protection,ARTICLE,none,2020_present,US,Citywide,none,none,en,regulator,none,none,MEDIUM,NEEDED,,https://annas-archive.org/search?q=NYC+DOH+Restaurant+Hygiene+Evaluation%3A+Longitudinal+Analysis,https://archive.org/search?query=NYC+DOH+Restaurant+Hygiene+Evaluation%3A+Longitudinal+Analysis,,NYC DOH Restaurant Hygiene Evaluation: Longitudinal Analysis,False,v3v4
1139,NYC Regulation,compost_law,NYC DSNY,,Commercial Composting Mandate NYC,2024,NYC Sanitation,GOV_DOC,none,2020_present,US,Citywide,none,waste,en,regulator,none,none,HIGH,NEEDED,,https://annas-archive.org/search?q=NYC+DSNY+Commercial+Composting+Mandate+NYC,https://archive.org/search?query=NYC+DSNY+Commercial+Composting+Mandate+NYC,,NYC DSNY Commercial Composting Mandate NYC,False,v3v4
1140,NYC Labor,pachirat,Pachirat,Timothy,Every Twelve Seconds: Industrialized Slaughter and the Politics of Sight,2011,Yale UP,BOOK,none,2010_2020,US,Tri-State,wholesale,none,en,academic,none,none,FLAGSHIP,NEEDED,,https://annas-archive.org/search?q=Pachirat+Every+Twelve+Seconds%3A+Industrialized+Slaughter+and+the+Politics+of+Sight,https://archive.org/search?query=Pachirat+Every+Twelve+Seconds%3A+Industrialized+Slaughter+and+the+Politics+of+Sight,https://scholar.google.com/scholar?q=Pachirat+Every+Twelve+Seconds,Pachirat Every Twelve Seconds: Industrialized Slaughter and the Politics of Sight,True,v3v4
1141,NYC Labor,roc,ROC United,,Behind the Kitchen Door: NYC Restaurant Workers Survey,2013,ROC,REPORT,none,2010_2020,US,Citywide,none,none,en,NGO,none,none,HIGH,NEEDED,,https://annas-archive.org/search?q=ROC+United+Behind+the+Kitchen+Door%3A+NYC+Restaurant+Workers+Survey,https://archive.org/search?query=ROC+United+Behind+the+Kitchen+Door%3A+NYC+Restaurant+Workers+Survey,,ROC United Behind the Kitchen Door: NYC Restaurant Workers Survey,False,v3v4
1142,NYC Labor,one_fair,Jayaraman,Saru,One Fair Wage: The Case Against the Tipped Minimum Wage,2023,New Press,BOOK,none,2020_present,US,Citywide,none,none,en,NGO,none,none,HIGH,NEEDED,,https://annas-archive.org/search?q=Jayaraman+One+Fair+Wage%3A+The+Case+Against+the+Tipped+Minimum+Wage,https://archive.org/search?query=Jayaraman+One+Fair+Wage%3A+The+Case+Against+the+Tipped+Minimum+Wage,,Jayaraman One Fair Wage: The Case Against the Tipped Minimum Wage,False,v3v4
1143,NYC Labor,unite_here,UNITE HERE Local 100,,NYC Hotel and Restaurant Workers Local 100 Archive,2024,UNITE HERE,REPORT,none,spanning,US,Citywide,none,none,en,worker,none,none,HIGH,NEEDED,,https://annas-archive.org/search?q=UNITE+HERE+Local+100+NYC+Hotel+and+Restaurant+Workers+Local+100+Archive,https://archive.org/search?query=UNITE+HERE+Local+100+NYC+Hotel+and+Restaurant+Workers+Local+100+Archive,,UNITE HERE Local 100 NYC Hotel and Restaurant Workers Local 100 Archive,False,v3v4
1144,NYC Labor,dc37,DC 37,,Public Sector Food Workers DC 37 Records,2024,DC 37 AFSCME,REPORT,none,spanning,US,Citywide,none,none,en,worker,none,none,MEDIUM,NEEDED,,https://annas-archive.org/search?q=DC+37+Public+Sector+Food+Workers+DC+37+Records,https://archive.org/search?query=DC+37+Public+Sector+Food+Workers+DC+37+Records,,DC 37 Public Sector Food Workers DC 37 Records,False,v3v4
1145,NYC Labor,deliveristas,Los Deliveristas Unidos,,Delivery Worker Organizing in NYC,2023,Workers Justice Project,REPORT,none,2020_present,US,Citywide,none,labor_union,en,worker,none,none,HIGH,NEEDED,,https://annas-archive.org/search?q=Los+Deliveristas+Unidos+Delivery+Worker+Organizing+in+NYC,https://archive.org/search?query=Los+Deliveristas+Unidos+Delivery+Worker+Organizing+in+NYC,,Los Deliveristas Unidos Delivery Worker Organizing in NYC,False,v3v4
1146,NYC Labor,min_pay,Parrott,James A.,Delivery Worker Minimum Pay: Economic Analysis,2022,The New School Center for NY City Affairs,REPORT,none,2020_present,US,Citywide,none,none,en,academic,none,none,HIGH,NEEDED,,https://annas-archive.org/search?q=Parrott+Delivery+Worker+Minimum+Pay%3A+Economic+Analysis,https://archive.org/search?query=Parrott+Delivery+Worker+Minimum+Pay%3A+Economic+Analysis,,Parrott Delivery Worker Minimum Pay: Economic Analysis,False,v3v4
1147,NYC Labor,kitchen,Holmes,Seth M.,Fresh Fruit Broken Bodies: Migrant Farmworkers in the US,2013,UC Press,BOOK,none,2010_2020,US,Tri-State,none,none,en,academic,none,none,HIGH,NEEDED,,https://annas-archive.org/search?q=Holmes+Fresh+Fruit+Broken+Bodies%3A+Migrant+Farmworkers+in+the+US,https://archive.org/search?query=Holmes+Fresh+Fruit+Broken+Bodies%3A+Migrant+Farmworkers+in+the+US,,Holmes Fresh Fruit Broken Bodies: Migrant Farmworkers in the US,False,v3v4
1148,NYC Labor,restaurant,Jayaraman,Saru,Behind the Kitchen Door,2013,Cornell UP,BOOK,none,2010_2020,US,Citywide,none,none,en,NGO,none,none,HIGH,NEEDED,,https://annas-archive.org/search?q=Jayaraman+Behind+the+Kitchen+Door,https://archive.org/search?query=Jayaraman+Behind+the+Kitchen+Door,,Jayaraman Behind the Kitchen Door,False,v3v4
1149,NYC Labor,rwcf,Restaurant Workers Community Foundation,,RWCF NYC Industry Reports,2024,RWCF,REPORT,none,2020_present,US,Citywide,none,none,en,NGO,none,none,HIGH,NEEDED,,https://annas-archive.org/search?q=Restaurant+Workers+Community+Foundation+RWCF+NYC+Industry+Reports,https://archive.org/search?query=Restaurant+Workers+Community+Foundation+RWCF+NYC+Industry+Reports,https://restaurantworkerscf.org/,Restaurant Workers Community Foundation RWCF NYC Industry Reports,False,v3v4
1150,NYC Labor,immigrant,Ocejo,Richard E.,Masters of Craft: Old Jobs in the New Urban Economy,2017,Princeton UP,BOOK,none,2010_2020,US,Citywide,bar,none,en,academic,none,none,HIGH,NEEDED,,https://annas-archive.org/search?q=Ocejo+Masters+of+Craft%3A+Old+Jobs+in+the+New+Urban+Economy,https://archive.org/search?query=Ocejo+Masters+of+Craft%3A+Old+Jobs+in+the+New+Urban+Economy,,Ocejo Masters of Craft: Old Jobs in the New Urban Economy,False,v3v4
1151,NYC Labor,sinclair,Sinclair,Upton,The Jungle,1906,Doubleday,BOOK,none,pre1900,US,none,wholesale,none,en,academic,none,none,HIGH,NEEDED,,https://annas-archive.org/search?q=Sinclair+The+Jungle,https://archive.org/search?query=Sinclair+The+Jungle,,Sinclair The Jungle,False,v3v4
1152,NYC Labor,kitchen_wage,BLS,,Food Preparation and Serving Wages NYC Metro,2024,BLS,DATASET_DOC,none,2020_present,US,Citywide,none,none,en,regulator,none,none,HIGH,NEEDED,,https://annas-archive.org/search?q=BLS+Food+Preparation+and+Serving+Wages+NYC+Metro,https://archive.org/search?query=BLS+Food+Preparation+and+Serving+Wages+NYC+Metro,https://www.bls.gov/regions/new-york-new-jersey/,BLS Food Preparation and Serving Wages NYC Metro,False,v3v4
1153,NYC Labor,tipped,Dube,Arindrajit,Minimum Wages and the Distribution of Family Incomes,2019,AEJ Applied,ARTICLE,none,2010_2020,US,none,none,none,en,academic,none,none,MEDIUM,NEEDED,,https://annas-archive.org/search?q=Dube+Minimum+Wages+and+the+Distribution+of+Family+Incomes,https://archive.org/search?query=Dube+Minimum+Wages+and+the+Distribution+of+Family+Incomes,,Dube Minimum Wages and the Distribution of Family Incomes,False,v3v4
1154,NYC Labor,delivery,Workers Justice Project,,NYC Deliveristas Research 2021,2021,WJP,REPORT,none,2020_present,US,Citywide,none,labor_union,en,NGO,none,none,HIGH,NEEDED,,https://annas-archive.org/search?q=Workers+Justice+Project+NYC+Deliveristas+Research+2021,https://archive.org/search?query=Workers+Justice+Project+NYC+Deliveristas+Research+2021,,Workers Justice Project NYC Deliveristas Research 2021,False,v3v4
1155,NYC Labor,kitchen_back,Stuesse,Angela,Scratching Out a Living: Latinos Race and Work in the Deep South,2016,UC Press,BOOK,none,2010_2020,US,none,wholesale,none,en,academic,none,none,MEDIUM,NEEDED,,https://annas-archive.org/search?q=Stuesse+Scratching+Out+a+Living%3A+Latinos+Race+and+Work+in+the+Deep+South,https://archive.org/search?query=Stuesse+Scratching+Out+a+Living%3A+Latinos+Race+and+Work+in+the+Deep+South,,Stuesse Scratching Out a Living: Latinos Race and Work in the Deep South,False,v3v4
1156,NYC Labor,reservation,NYC,,Fair Workweek Law Implementation: Retail and Fast Food,2017,NYC DCWP,GOV_DOC,none,2010_2020,US,Citywide,none,none,en,regulator,none,none,HIGH,NEEDED,,https://annas-archive.org/search?q=NYC+Fair+Workweek+Law+Implementation%3A+Retail+and+Fast+Food,https://archive.org/search?query=NYC+Fair+Workweek+Law+Implementation%3A+Retail+and+Fast+Food,,NYC Fair Workweek Law Implementation: Retail and Fast Food,False,v3v4
1157,NYC Labor,bartender,Meehan,Jim,The PDT Cocktail Book,2011,Sterling Epicure,BOOK,none,2010_2020,US,Manhattan,bar,none,en,academic,none,spirits,LOW,NEEDED,,https://annas-archive.org/search?q=Meehan+The+PDT+Cocktail+Book,https://archive.org/search?query=Meehan+The+PDT+Cocktail+Book,,Meehan The PDT Cocktail Book,False,v3v4
1158,NYC Labor,grocery,Lopez,Steven,Reorganizing the Rust Belt: An Inside Study of the American Labor Movement (ch. on Pathmark NY),2004,UC Press,BOOK,none,1980_2010,US,Citywide,supermarket,none,en,academic,none,none,LOW,NEEDED,,https://annas-archive.org/search?q=Lopez+Reorganizing+the+Rust+Belt%3A+An+Inside+Study+of+the+American+Labor+Movement+%28ch.+on+Pathmark+NY%29,https://archive.org/search?query=Lopez+Reorganizing+the+Rust+Belt%3A+An+Inside+Study+of+the+American+Labor+Movement+%28ch.+on+Pathmark+NY%29,,Lopez Reorganizing the Rust Belt: An Inside Study of the American Labor Movement (ch. on Pathmark NY),False,v3v4
1159,NYC Labor,hotel,UNITE HERE,,NYC Hotel Food Service Union Wages 2024,2024,UNITE HERE,REPORT,none,2020_present,US,Manhattan,foodservice,labor_union,en,worker,none,none,MEDIUM,NEEDED,,https://annas-archive.org/search?q=UNITE+HERE+NYC+Hotel+Food+Service+Union+Wages+2024,https://archive.org/search?query=UNITE+HERE+NYC+Hotel+Food+Service+Union+Wages+2024,,UNITE HERE NYC Hotel Food Service Union Wages 2024,False,v3v4
1160,NYC Labor,covid_labor,Saitone,Tina L.,COVID-19 and the Ag Economy,2020,AEPP,ARTICLE,none,2020_present,US,none,wholesale,none,en,academic,none,none,MEDIUM,NEEDED,,https://annas-archive.org/search?q=Saitone+COVID-19+and+the+Ag+Economy,https://archive.org/search?query=Saitone+COVID-19+and+the+Ag+Economy,,Saitone COVID-19 and the Ag Economy,False,v3v4
1161,NYC Labor,wage_theft,Bernhardt,Annette,"Broken Laws, Unprotected Workers",2009,NELP,REPORT,none,1980_2010,US,Citywide,none,none,en,NGO,none,none,HIGH,NEEDED,,https://annas-archive.org/search?q=Bernhardt+Broken+Laws%2C+Unprotected+Workers,https://archive.org/search?query=Bernhardt+Broken+Laws%2C+Unprotected+Workers,,"Bernhardt Broken Laws, Unprotected Workers",False,v3v4
1162,NYC Labor,meat_covid,Taylor,Charles A.,Livestock Plants and COVID-19 Transmission,2022,PNAS,ARTICLE,none,2020_present,US,none,wholesale,none,en,academic,none,none,HIGH,NEEDED,,https://annas-archive.org/search?q=Taylor+Livestock+Plants+and+COVID-19+Transmission,https://archive.org/search?query=Taylor+Livestock+Plants+and+COVID-19+Transmission,,Taylor Livestock Plants and COVID-19 Transmission,False,v3v4
1163,NYC Labor,ilgwu,ILR School,,NYC Hospitality Labor History Archive,2024,Cornell ILR,DATASET_DOC,none,spanning,US,Citywide,none,none,en,academic,none,none,MEDIUM,NEEDED,,https://annas-archive.org/search?q=ILR+School+NYC+Hospitality+Labor+History+Archive,https://archive.org/search?query=ILR+School+NYC+Hospitality+Labor+History+Archive,,ILR School NYC Hospitality Labor History Archive,False,v3v4
1164,NYC Labor,restaurant_safe,Jayaraman,Saru,Forked: A New Standard for American Dining,2016,Oxford UP,BOOK,none,2010_2020,US,Citywide,none,none,en,NGO,none,none,HIGH,NEEDED,,https://annas-archive.org/search?q=Jayaraman+Forked%3A+A+New+Standard+for+American+Dining,https://archive.org/search?query=Jayaraman+Forked%3A+A+New+Standard+for+American+Dining,,Jayaraman Forked: A New Standard for American Dining,False,v3v4
1165,NYC Delivery,seamless,Seamless,,Seamless NYC Founding & Grubhub Merger 2013 History,2018,Corporate,GOV_DOC,none,2010_2020,US,Citywide,none,pos_tech,en,trader,none,none,FLAGSHIP,NEEDED,,https://annas-archive.org/search?q=Seamless+Seamless+NYC+Founding+%26+Grubhub+Merger+2013+History,https://archive.org/search?query=Seamless+Seamless+NYC+Founding+%26+Grubhub+Merger+2013+History,,Seamless Seamless NYC Founding & Grubhub Merger 2013 History,True,v3v4
1166,NYC Delivery,grubhub,Just Eat Takeaway,,Grubhub Annual Report 2023,2023,JET,GOV_DOC,none,2020_present,US,Citywide,none,reservation_tech,en,investor,none,none,HIGH,NEEDED,,https://annas-archive.org/search?q=Just+Eat+Takeaway+Grubhub+Annual+Report+2023,https://archive.org/search?query=Just+Eat+Takeaway+Grubhub+Annual+Report+2023,,Just Eat Takeaway Grubhub Annual Report 2023,False,v3v4
1167,NYC Delivery,doordash,DoorDash,,DoorDash S-1 Filing and 10-K,2023,DoorDash,GOV_DOC,none,2020_present,US,Citywide,none,pos_tech,en,investor,none,none,HIGH,NEEDED,,https://annas-archive.org/search?q=DoorDash+DoorDash+S-1+Filing+and+10-K,https://archive.org/search?query=DoorDash+DoorDash+S-1+Filing+and+10-K,,DoorDash DoorDash S-1 Filing and 10-K,False,v3v4
1168,NYC Delivery,ubereats,Uber,,Uber Eats 10-K Segment Data,2023,Uber,GOV_DOC,none,2020_present,US,Citywide,none,pos_tech,en,investor,none,none,HIGH,NEEDED,,https://annas-archive.org/search?q=Uber+Uber+Eats+10-K+Segment+Data,https://archive.org/search?query=Uber+Uber+Eats+10-K+Segment+Data,,Uber Uber Eats 10-K Segment Data,False,v3v4
1169,NYC Delivery,instacart,Maplebear/Instacart,,Instacart S-1 and IPO 2023 Filings,2023,Instacart,GOV_DOC,none,2020_present,US,Citywide,none,pos_tech,en,investor,none,none,HIGH,NEEDED,,https://annas-archive.org/search?q=Maplebear%2FInstacart+Instacart+S-1+and+IPO+2023+Filings,https://archive.org/search?query=Maplebear%2FInstacart+Instacart+S-1+and+IPO+2023+Filings,,Maplebear/Instacart Instacart S-1 and IPO 2023 Filings,False,v3v4
1170,NYC Delivery,commissions,NYC Council,,Delivery App Commission Cap Laws 2020,2020,NYC Council,GOV_DOC,none,2020_present,US,Citywide,none,legal,en,regulator,none,none,HIGH,NEEDED,,https://annas-archive.org/search?q=NYC+Council+Delivery+App+Commission+Cap+Laws+2020,https://archive.org/search?query=NYC+Council+Delivery+App+Commission+Cap+Laws+2020,,NYC Council Delivery App Commission Cap Laws 2020,False,v3v4
1171,NYC Delivery,relay,Relay,,Relay Delivery Platform NYC Service Model,2023,Corporate,REPORT,none,2020_present,US,Citywide,none,pos_tech,en,trader,none,none,MEDIUM,NEEDED,,https://annas-archive.org/search?q=Relay+Relay+Delivery+Platform+NYC+Service+Model,https://archive.org/search?query=Relay+Relay+Delivery+Platform+NYC+Service+Model,,Relay Relay Delivery Platform NYC Service Model,False,v3v4
1172,NYC Delivery,mercato,Mercato,,Mercato Online Specialty Food Platform NYC,2023,Corporate,REPORT,none,2020_present,US,Citywide,none,none,en,trader,none,none,LOW,NEEDED,,https://annas-archive.org/search?q=Mercato+Mercato+Online+Specialty+Food+Platform+NYC,https://archive.org/search?query=Mercato+Mercato+Online+Specialty+Food+Platform+NYC,,Mercato Mercato Online Specialty Food Platform NYC,False,v3v4
1173,NYC Delivery,ghost,Reed,Ryan,Ghost Kitchens: NYC Market Analysis,2022,Nation's Restaurant News,ARTICLE,none,2020_present,US,Citywide,none,none,en,media,none,none,MEDIUM,NEEDED,,https://annas-archive.org/search?q=Reed+Ghost+Kitchens%3A+NYC+Market+Analysis,https://archive.org/search?query=Reed+Ghost+Kitchens%3A+NYC+Market+Analysis,,Reed Ghost Kitchens: NYC Market Analysis,False,v3v4
1174,NYC Delivery,delivery_labor,Gregory,Karen,Delivery Platform Labor in NYC,2021,Institute for Work & Employment Research,ARTICLE,none,2020_present,US,Citywide,none,labor_union,en,academic,none,none,MEDIUM,NEEDED,,https://annas-archive.org/search?q=Gregory+Delivery+Platform+Labor+in+NYC,https://archive.org/search?query=Gregory+Delivery+Platform+Labor+in+NYC,,Gregory Delivery Platform Labor in NYC,False,v3v4
1175,NYC Delivery,bike_del,The Markup,,NYC Delivery Worker Conditions: Data Analysis,2022,The Markup,ARTICLE,none,2020_present,US,Citywide,none,none,en,media,none,none,MEDIUM,NEEDED,,https://annas-archive.org/search?q=The+Markup+NYC+Delivery+Worker+Conditions%3A+Data+Analysis,https://archive.org/search?query=The+Markup+NYC+Delivery+Worker+Conditions%3A+Data+Analysis,,The Markup NYC Delivery Worker Conditions: Data Analysis,False,v3v4
1176,NYC Delivery,grocery_del,FreshDirect,,FreshDirect Operations and Sale 2021,2021,FreshDirect,GOV_DOC,none,2020_present,US,Citywide,supermarket,none,en,investor,none,none,MEDIUM,NEEDED,,https://annas-archive.org/search?q=FreshDirect+FreshDirect+Operations+and+Sale+2021,https://archive.org/search?query=FreshDirect+FreshDirect+Operations+and+Sale+2021,,FreshDirect FreshDirect Operations and Sale 2021,False,v3v4
1177,NYC Delivery,quick_com,Gopuff/Getir/Jokr,,Quick Commerce Wave 2020-2023 Collapse in NYC,2023,CB Insights,REPORT,none,2020_present,US,Citywide,none,none,en,investor,none,none,MEDIUM,NEEDED,,https://annas-archive.org/search?q=Gopuff%2FGetir%2FJokr+Quick+Commerce+Wave+2020-2023+Collapse+in+NYC,https://archive.org/search?query=Gopuff%2FGetir%2FJokr+Quick+Commerce+Wave+2020-2023+Collapse+in+NYC,,Gopuff/Getir/Jokr Quick Commerce Wave 2020-2023 Collapse in NYC,False,v3v4
1178,NYC Delivery,seamless_econ,Kang,Helen,Delivery Commission Economics: 2020-2024,2024,Cornell Hospitality,ARTICLE,none,2020_present,US,Citywide,none,none,en,academic,none,none,MEDIUM,NEEDED,,https://annas-archive.org/search?q=Kang+Delivery+Commission+Economics%3A+2020-2024,https://archive.org/search?query=Kang+Delivery+Commission+Economics%3A+2020-2024,,Kang Delivery Commission Economics: 2020-2024,False,v3v4
1179,NYC Delivery,cov_boom,Popper,Nathaniel,Delivery App Boom During Pandemic,2021,NYT,ARTICLE,none,2020_present,US,Citywide,none,none,en,media,none,none,MEDIUM,NEEDED,,https://annas-archive.org/search?q=Popper+Delivery+App+Boom+During+Pandemic,https://archive.org/search?query=Popper+Delivery+App+Boom+During+Pandemic,,Popper Delivery App Boom During Pandemic,False,v3v4
1180,NYC Delivery,min_wage_del,NYC DCWP,,Delivery Worker Minimum Wage Final Rule 2023,2023,NYC DCWP,GOV_DOC,none,2020_present,US,Citywide,none,none,en,regulator,none,none,CRITICAL,NEEDED,,https://annas-archive.org/search?q=NYC+DCWP+Delivery+Worker+Minimum+Wage+Final+Rule+2023,https://archive.org/search?query=NYC+DCWP+Delivery+Worker+Minimum+Wage+Final+Rule+2023,,NYC DCWP Delivery Worker Minimum Wage Final Rule 2023,False,v3v4
1181,NYC Delivery,app_dark,Deliveroo,,Dark Kitchen Expansion and Contraction 2020-2024,2024,Deliveroo,REPORT,none,2020_present,US,Citywide,none,none,en,media,none,none,LOW,NEEDED,,https://annas-archive.org/search?q=Deliveroo+Dark+Kitchen+Expansion+and+Contraction+2020-2024,https://archive.org/search?query=Deliveroo+Dark+Kitchen+Expansion+and+Contraction+2020-2024,,Deliveroo Dark Kitchen Expansion and Contraction 2020-2024,False,v3v4
1182,NYC Delivery,consumer,Yelp,,Yelp NYC Delivery Usage Patterns,2024,Yelp,DATASET_DOC,none,2020_present,US,Citywide,none,none,en,media,none,none,MEDIUM,NEEDED,,https://annas-archive.org/search?q=Yelp+Yelp+NYC+Delivery+Usage+Patterns,https://archive.org/search?query=Yelp+Yelp+NYC+Delivery+Usage+Patterns,,Yelp Yelp NYC Delivery Usage Patterns,False,v3v4
1183,NYC Delivery,restaurant_impact,NY Hospitality,,Delivery Apps Cost Restaurants: Industry Position Paper,2021,NYC Hospitality Alliance,REPORT,none,2020_present,US,Citywide,none,none,en,NGO,none,none,HIGH,NEEDED,,https://annas-archive.org/search?q=NY+Hospitality+Delivery+Apps+Cost+Restaurants%3A+Industry+Position+Paper,https://archive.org/search?query=NY+Hospitality+Delivery+Apps+Cost+Restaurants%3A+Industry+Position+Paper,,NY Hospitality Delivery Apps Cost Restaurants: Industry Position Paper,False,v3v4
1184,NYC Delivery,chef_response,Meyer,Danny,Setting the Table: Hospitality in the Delivery Era,2023,HBR,ARTICLE,none,2020_present,US,Citywide,none,none,en,foodservice,none,none,MEDIUM,NEEDED,,https://annas-archive.org/search?q=Meyer+Setting+the+Table%3A+Hospitality+in+the+Delivery+Era,https://archive.org/search?query=Meyer+Setting+the+Table%3A+Hospitality+in+the+Delivery+Era,,Meyer Setting the Table: Hospitality in the Delivery Era,False,v3v4
1185,NYC COVID,open_rest,NYC DOT,,Open Restaurants Program Launch June 2020,2020,NYC,GOV_DOC,none,2020_present,US,Citywide,none,none,en,regulator,none,none,FLAGSHIP,NEEDED,,https://annas-archive.org/search?q=NYC+DOT+Open+Restaurants+Program+Launch+June+2020,https://archive.org/search?query=NYC+DOT+Open+Restaurants+Program+Launch+June+2020,,NYC DOT Open Restaurants Program Launch June 2020,True,v3v4
1186,NYC COVID,closures,Yelp,,NYC Restaurant Permanent Closures 2020-2022,2022,Yelp Economic,REPORT,none,2020_present,US,Citywide,none,none,en,media,none,none,HIGH,NEEDED,,https://annas-archive.org/search?q=Yelp+NYC+Restaurant+Permanent+Closures+2020-2022,https://archive.org/search?query=Yelp+NYC+Restaurant+Permanent+Closures+2020-2022,,Yelp NYC Restaurant Permanent Closures 2020-2022,False,v3v4
1187,NYC COVID,ppp,SBA,,PPP NYC Restaurant Loan Data 2020-2021,2022,SBA,DATASET_DOC,none,2020_present,US,Citywide,none,none,en,regulator,none,none,HIGH,NEEDED,,https://annas-archive.org/search?q=SBA+PPP+NYC+Restaurant+Loan+Data+2020-2021,https://archive.org/search?query=SBA+PPP+NYC+Restaurant+Loan+Data+2020-2021,,SBA PPP NYC Restaurant Loan Data 2020-2021,False,v3v4
1188,NYC COVID,rrf,SBA,,Restaurant Revitalization Fund Allocation,2021,SBA,REPORT,none,2020_present,US,Citywide,none,none,en,regulator,none,none,HIGH,NEEDED,,https://annas-archive.org/search?q=SBA+Restaurant+Revitalization+Fund+Allocation,https://archive.org/search?query=SBA+Restaurant+Revitalization+Fund+Allocation,,SBA Restaurant Revitalization Fund Allocation,False,v3v4
1189,NYC COVID,irc,Independent Restaurant Coalition,,IRC COVID-19 Advocacy Campaign Archives,2023,IRC,REPORT,none,2020_present,US,Citywide,none,none,en,NGO,none,none,HIGH,NEEDED,,https://annas-archive.org/search?q=Independent+Restaurant+Coalition+IRC+COVID-19+Advocacy+Campaign+Archives,https://archive.org/search?query=Independent+Restaurant+Coalition+IRC+COVID-19+Advocacy+Campaign+Archives,https://www.independentrestaurantcoalition.com/,Independent Restaurant Coalition IRC COVID-19 Advocacy Campaign Archives,False,v3v4
1190,NYC COVID,outdoor_perm,NYC Council,,Open Streets Permanent 2023 Rulemaking,2023,NYC Council,GOV_DOC,none,2020_present,US,Citywide,none,none,en,regulator,none,none,HIGH,NEEDED,,https://annas-archive.org/search?q=NYC+Council+Open+Streets+Permanent+2023+Rulemaking,https://archive.org/search?query=NYC+Council+Open+Streets+Permanent+2023+Rulemaking,,NYC Council Open Streets Permanent 2023 Rulemaking,False,v3v4
1191,NYC COVID,dining_ban,Cuomo,Andrew,Executive Order 202.3: Dine-in Ban March 2020,2020,NYS,GOV_DOC,none,2020_present,US,Citywide,none,none,en,regulator,none,none,HIGH,NEEDED,,https://annas-archive.org/search?q=Cuomo+Executive+Order+202.3%3A+Dine-in+Ban+March+2020,https://archive.org/search?query=Cuomo+Executive+Order+202.3%3A+Dine-in+Ban+March+2020,,Cuomo Executive Order 202.3: Dine-in Ban March 2020,False,v3v4
1192,NYC COVID,ghost_ny,Reuters,,NYC Ghost Kitchen Industry 2021-2024,2024,Reuters,ARTICLE,none,2020_present,US,Citywide,fine_dining,none,en,media,none,none,MEDIUM,NEEDED,,https://annas-archive.org/search?q=Reuters+NYC+Ghost+Kitchen+Industry+2021-2024,https://archive.org/search?query=Reuters+NYC+Ghost+Kitchen+Industry+2021-2024,,Reuters NYC Ghost Kitchen Industry 2021-2024,False,v3v4
1193,NYC COVID,takeout,NYC Comptroller,,NYC Restaurant Takeout Economic Impact Report,2021,NYC Comptroller,REPORT,none,2020_present,US,Citywide,none,none,en,regulator,none,none,HIGH,NEEDED,,https://annas-archive.org/search?q=NYC+Comptroller+NYC+Restaurant+Takeout+Economic+Impact+Report,https://archive.org/search?query=NYC+Comptroller+NYC+Restaurant+Takeout+Economic+Impact+Report,,NYC Comptroller NYC Restaurant Takeout Economic Impact Report,False,v3v4
1194,NYC COVID,recovery,NYCEDC,,NYC Food Industry Recovery Tracker 2022-2024,2024,NYCEDC,REPORT,none,2020_present,US,Citywide,none,none,en,regulator,none,none,HIGH,NEEDED,,https://annas-archive.org/search?q=NYCEDC+NYC+Food+Industry+Recovery+Tracker+2022-2024,https://archive.org/search?query=NYCEDC+NYC+Food+Industry+Recovery+Tracker+2022-2024,,NYCEDC NYC Food Industry Recovery Tracker 2022-2024,False,v3v4
1195,NYC COVID,chefs_relief,Jose Andres,,World Central Kitchen NYC Operations 2020,2020,WCK,REPORT,none,2020_present,US,Citywide,none,none,en,NGO,none,none,MEDIUM,NEEDED,,https://annas-archive.org/search?q=Jose+Andres+World+Central+Kitchen+NYC+Operations+2020,https://archive.org/search?query=Jose+Andres+World+Central+Kitchen+NYC+Operations+2020,,Jose Andres World Central Kitchen NYC Operations 2020,False,v3v4
1196,NYC COVID,getfood,NYC GetFood,,GetFood Program Pandemic Emergency Meal Distribution,2021,NYC Mayor,REPORT,none,2020_present,US,Citywide,none,none,en,regulator,none,none,MEDIUM,NEEDED,,https://annas-archive.org/search?q=NYC+GetFood+GetFood+Program+Pandemic+Emergency+Meal+Distribution,https://archive.org/search?query=NYC+GetFood+GetFood+Program+Pandemic+Emergency+Meal+Distribution,,NYC GetFood GetFood Program Pandemic Emergency Meal Distribution,False,v3v4
1197,NYC COVID,pandemic_fam,Rockefeller Foundation,,NYC Pandemic Food Security Report,2021,Rockefeller,REPORT,none,2020_present,US,Citywide,none,none,en,NGO,none,none,MEDIUM,NEEDED,,https://annas-archive.org/search?q=Rockefeller+Foundation+NYC+Pandemic+Food+Security+Report,https://archive.org/search?query=Rockefeller+Foundation+NYC+Pandemic+Food+Security+Report,,Rockefeller Foundation NYC Pandemic Food Security Report,False,v3v4
1198,NYC COVID,closures_data,Grubhub,,Grubhub NYC Restaurant Closure Heatmap 2020-2022,2022,Grubhub,DATASET_DOC,none,2020_present,US,Citywide,none,none,en,media,none,none,MEDIUM,NEEDED,,https://annas-archive.org/search?q=Grubhub+Grubhub+NYC+Restaurant+Closure+Heatmap+2020-2022,https://archive.org/search?query=Grubhub+Grubhub+NYC+Restaurant+Closure+Heatmap+2020-2022,,Grubhub Grubhub NYC Restaurant Closure Heatmap 2020-2022,False,v3v4
1199,NYC COVID,outdoor_cost,NYC,,Outdoor Dining Costs for Restaurateurs: Survey,2022,NYC Hospitality Alliance,REPORT,none,2020_present,US,Citywide,none,none,en,NGO,none,none,MEDIUM,NEEDED,,https://annas-archive.org/search?q=NYC+Outdoor+Dining+Costs+for+Restaurateurs%3A+Survey,https://archive.org/search?query=NYC+Outdoor+Dining+Costs+for+Restaurateurs%3A+Survey,,NYC Outdoor Dining Costs for Restaurateurs: Survey,False,v3v4
1200,NYC COVID,nine_block,NYC Council,,Universal Outdoor Dining: Design and Equity Analysis,2022,NYC,REPORT,none,2020_present,US,Citywide,none,none,en,regulator,none,none,MEDIUM,NEEDED,,https://annas-archive.org/search?q=NYC+Council+Universal+Outdoor+Dining%3A+Design+and+Equity+Analysis,https://archive.org/search?query=NYC+Council+Universal+Outdoor+Dining%3A+Design+and+Equity+Analysis,,NYC Council Universal Outdoor Dining: Design and Equity Analysis,False,v3v4
1201,NYC COVID,reopening,NYC DOH,,Phased Restaurant Reopening Guidelines 2020-2021,2021,NYC Health,GOV_DOC,none,2020_present,US,Citywide,none,none,en,regulator,none,none,MEDIUM,NEEDED,,https://annas-archive.org/search?q=NYC+DOH+Phased+Restaurant+Reopening+Guidelines+2020-2021,https://archive.org/search?query=NYC+DOH+Phased+Restaurant+Reopening+Guidelines+2020-2021,,NYC DOH Phased Restaurant Reopening Guidelines 2020-2021,False,v3v4
1202,NYC COVID,tourism_drop,NYC & Company,,NYC Tourism Recovery 2021-2024,2024,NYC Tourism,REPORT,none,2020_present,US,Citywide,none,real_estate,en,NGO,none,none,MEDIUM,NEEDED,,https://annas-archive.org/search?q=NYC+%26+Company+NYC+Tourism+Recovery+2021-2024,https://archive.org/search?query=NYC+%26+Company+NYC+Tourism+Recovery+2021-2024,,NYC & Company NYC Tourism Recovery 2021-2024,False,v3v4
1203,NYC COVID,rent_arrears,REBNY,,Commercial Rent Deferrals and Arrears 2020-2023,2023,REBNY,REPORT,none,2020_present,US,Citywide,none,real_estate,en,NGO,none,none,MEDIUM,NEEDED,,https://annas-archive.org/search?q=REBNY+Commercial+Rent+Deferrals+and+Arrears+2020-2023,https://archive.org/search?query=REBNY+Commercial+Rent+Deferrals+and+Arrears+2020-2023,,REBNY Commercial Rent Deferrals and Arrears 2020-2023,False,v3v4
1204,NYC COVID,worker_covid,Taylor,Charles A.,Meatpacking Plants and COVID Transmission,2022,PNAS,ARTICLE,none,2020_present,US,none,wholesale,none,en,academic,none,none,HIGH,NEEDED,,https://annas-archive.org/search?q=Taylor+Meatpacking+Plants+and+COVID+Transmission,https://archive.org/search?query=Taylor+Meatpacking+Plants+and+COVID+Transmission,,Taylor Meatpacking Plants and COVID Transmission,False,v3v4
1205,NYC COVID,street_covid,SVP,,Street Vendors Pandemic Report NYC,2021,Street Vendor Project,REPORT,none,2020_present,US,Citywide,food_truck,none,en,NGO,none,none,HIGH,NEEDED,,https://annas-archive.org/search?q=SVP+Street+Vendors+Pandemic+Report+NYC,https://archive.org/search?query=SVP+Street+Vendors+Pandemic+Report+NYC,,SVP Street Vendors Pandemic Report NYC,False,v3v4
1206,NYC COVID,bodega_covid,NYCEDC,,Bodega Essential Business Designation COVID Impact,2021,NYCEDC,REPORT,none,2020_present,US,Citywide,bodega,none,en,regulator,none,none,HIGH,NEEDED,,https://annas-archive.org/search?q=NYCEDC+Bodega+Essential+Business+Designation+COVID+Impact,https://archive.org/search?query=NYCEDC+Bodega+Essential+Business+Designation+COVID+Impact,,NYCEDC Bodega Essential Business Designation COVID Impact,False,v3v4
1207,NYC COVID,grocery_covid,Ziliak,James,Food Security During COVID-19: NYC Metro,2021,Applied Econ Perspectives,ARTICLE,none,2020_present,US,Citywide,none,none,en,academic,none,none,MEDIUM,NEEDED,,https://annas-archive.org/search?q=Ziliak+Food+Security+During+COVID-19%3A+NYC+Metro,https://archive.org/search?query=Ziliak+Food+Security+During+COVID-19%3A+NYC+Metro,,Ziliak Food Security During COVID-19: NYC Metro,False,v3v4
1208,NYC COVID,pandemic_ebt,USDA FNS,,Pandemic EBT (P-EBT) NYC Rollout,2021,USDA FNS,REPORT,none,2020_present,US,Citywide,none,none,en,regulator,none,none,MEDIUM,NEEDED,,https://annas-archive.org/search?q=USDA+FNS+Pandemic+EBT+%28P-EBT%29+NYC+Rollout,https://archive.org/search?query=USDA+FNS+Pandemic+EBT+%28P-EBT%29+NYC+Rollout,,USDA FNS Pandemic EBT (P-EBT) NYC Rollout,False,v3v4
1209,NYC COVID,delivery_boom,McKinsey,,Food Delivery Surge NYC 2020-2021,2021,McKinsey,REPORT,none,2020_present,US,Citywide,none,pos_tech,en,media,none,none,MEDIUM,NEEDED,,https://annas-archive.org/search?q=McKinsey+Food+Delivery+Surge+NYC+2020-2021,https://archive.org/search?query=McKinsey+Food+Delivery+Surge+NYC+2020-2021,,McKinsey Food Delivery Surge NYC 2020-2021,False,v3v4
1210,NYC Food RE,rebny,REBNY,,REBNY Retail Report Manhattan/Brooklyn Quarterly,2024,REBNY,REPORT,none,2020_present,US,Citywide,none,real_estate,en,NGO,none,none,FLAGSHIP,NEEDED,,https://annas-archive.org/search?q=REBNY+REBNY+Retail+Report+Manhattan%2FBrooklyn+Quarterly,https://archive.org/search?query=REBNY+REBNY+Retail+Report+Manhattan%2FBrooklyn+Quarterly,https://www.rebny.com/,REBNY REBNY Retail Report Manhattan/Brooklyn Quarterly,False,v3v4
1211,NYC Food RE,cuf_storefront,Center for an Urban Future,,State of the Storefront NYC,2019,CUF,REPORT,none,2010_2020,US,Citywide,none,real_estate,en,NGO,none,none,HIGH,NEEDED,,https://annas-archive.org/search?q=Center+for+an+Urban+Future+State+of+the+Storefront+NYC,https://archive.org/search?query=Center+for+an+Urban+Future+State+of+the+Storefront+NYC,,Center for an Urban Future State of the Storefront NYC,False,v3v4
1212,NYC Food RE,comptroller,NYC Comptroller,,Storefront Vacancy Tracker NYC,2023,NYC Comptroller,REPORT,none,2020_present,US,Citywide,none,real_estate,en,regulator,none,none,HIGH,NEEDED,,https://annas-archive.org/search?q=NYC+Comptroller+Storefront+Vacancy+Tracker+NYC,https://archive.org/search?query=NYC+Comptroller+Storefront+Vacancy+Tracker+NYC,,NYC Comptroller Storefront Vacancy Tracker NYC,False,v3v4
1213,NYC Food RE,rents_ch,Cushman & Wakefield,,NYC Retail Rents Marketbeat,2024,C&W,REPORT,none,2020_present,US,Citywide,none,real_estate,en,media,none,none,MEDIUM,NEEDED,,https://annas-archive.org/search?q=Cushman+%26+Wakefield+NYC+Retail+Rents+Marketbeat,https://archive.org/search?query=Cushman+%26+Wakefield+NYC+Retail+Rents+Marketbeat,,Cushman & Wakefield NYC Retail Rents Marketbeat,False,v3v4
1214,NYC Food RE,rents_brok,CBRE,,CBRE NYC Retail Market Report,2024,CBRE,REPORT,none,2020_present,US,Citywide,none,real_estate,en,media,none,none,MEDIUM,NEEDED,,https://annas-archive.org/search?q=CBRE+CBRE+NYC+Retail+Market+Report,https://archive.org/search?query=CBRE+CBRE+NYC+Retail+Market+Report,,CBRE CBRE NYC Retail Market Report,False,v3v4
1215,NYC Food RE,gentry,Zukin,Sharon,Naked City: Death and Life of Authentic Urban Places,2010,Oxford UP,BOOK,none,2010_2020,US,Citywide,none,real_estate,en,academic,none,none,HIGH,NEEDED,,https://annas-archive.org/search?q=Zukin+Naked+City%3A+Death+and+Life+of+Authentic+Urban+Places,https://archive.org/search?query=Zukin+Naked+City%3A+Death+and+Life+of+Authentic+Urban+Places,,Zukin Naked City: Death and Life of Authentic Urban Places,False,v3v4
1216,NYC Food RE,chain_retail,Barbaro,Michael,Chains Replacing Mom-and-Pops in NYC,2014,NYT,ARTICLE,none,2010_2020,US,Citywide,chain,none,en,media,none,none,MEDIUM,NEEDED,,https://annas-archive.org/search?q=Barbaro+Chains+Replacing+Mom-and-Pops+in+NYC,https://archive.org/search?query=Barbaro+Chains+Replacing+Mom-and-Pops+in+NYC,,Barbaro Chains Replacing Mom-and-Pops in NYC,False,v3v4
1217,NYC Food RE,rent_control,Real Deal,,Commercial Rent Control Debate NYC 2019,2019,The Real Deal,ARTICLE,none,2010_2020,US,Citywide,none,real_estate,en,media,none,none,MEDIUM,NEEDED,,https://annas-archive.org/search?q=Real+Deal+Commercial+Rent+Control+Debate+NYC+2019,https://archive.org/search?query=Real+Deal+Commercial+Rent+Control+Debate+NYC+2019,,Real Deal Commercial Rent Control Debate NYC 2019,False,v3v4
1218,NYC Food RE,duane,Gratz,Roberta,Nightmare on Chain Store Row: Duane Reade Expansion,2005,Planning,ARTICLE,none,1980_2010,US,Citywide,retail,none,en,media,none,none,LOW,NEEDED,,https://annas-archive.org/search?q=Gratz+Nightmare+on+Chain+Store+Row%3A+Duane+Reade+Expansion,https://archive.org/search?query=Gratz+Nightmare+on+Chain+Store+Row%3A+Duane+Reade+Expansion,,Gratz Nightmare on Chain Store Row: Duane Reade Expansion,False,v3v4
1219,NYC Food RE,times_sq,NYT,,Times Square Food Rent Premium Analysis,2019,NYT,ARTICLE,none,2010_2020,US,Manhattan,none,real_estate,en,media,none,none,LOW,NEEDED,,https://annas-archive.org/search?q=NYT+Times+Square+Food+Rent+Premium+Analysis,https://archive.org/search?query=NYT+Times+Square+Food+Rent+Premium+Analysis,,NYT Times Square Food Rent Premium Analysis,False,v3v4
1220,NYC Food RE,percent_rent,NYC Hospitality,,Percentage Rent Deals in NYC Restaurants,2021,NYC Hospitality Alliance,REPORT,none,2020_present,US,Citywide,none,real_estate,en,NGO,none,none,MEDIUM,NEEDED,,https://annas-archive.org/search?q=NYC+Hospitality+Percentage+Rent+Deals+in+NYC+Restaurants,https://archive.org/search?query=NYC+Hospitality+Percentage+Rent+Deals+in+NYC+Restaurants,,NYC Hospitality Percentage Rent Deals in NYC Restaurants,False,v3v4
1221,NYC Food RE,foodhall,Le District,,Food Hall Development NYC 2015-2024,2024,Industry,REPORT,none,2020_present,US,Citywide,fine_dining,none,en,media,none,none,MEDIUM,NEEDED,,https://annas-archive.org/search?q=Le+District+Food+Hall+Development+NYC+2015-2024,https://archive.org/search?query=Le+District+Food+Hall+Development+NYC+2015-2024,,Le District Food Hall Development NYC 2015-2024,False,v3v4
1222,NYC Food RE,landlords,Halpin,Mickey,NYC Restaurant Landlord Power Dynamics,2020,Bisnow,ARTICLE,none,2020_present,US,Citywide,none,real_estate,en,media,none,none,MEDIUM,NEEDED,,https://annas-archive.org/search?q=Halpin+NYC+Restaurant+Landlord+Power+Dynamics,https://archive.org/search?query=Halpin+NYC+Restaurant+Landlord+Power+Dynamics,,Halpin NYC Restaurant Landlord Power Dynamics,False,v3v4
1223,NYC Food RE,vacancies,CUF,,Storefront Vacancy Snapshot 2023,2023,Center for an Urban Future,REPORT,none,2020_present,US,Citywide,none,real_estate,en,NGO,none,none,MEDIUM,NEEDED,,https://annas-archive.org/search?q=CUF+Storefront+Vacancy+Snapshot+2023,https://archive.org/search?query=CUF+Storefront+Vacancy+Snapshot+2023,,CUF Storefront Vacancy Snapshot 2023,False,v3v4
1224,NYC Food RE,eataly,Eataly,,Eataly NYC: A Case Study in Food Hall Economics,2020,Harvard Business Review,ARTICLE,none,2010_2020,US,Manhattan,fine_dining,none,en,media,none,none,MEDIUM,NEEDED,,https://annas-archive.org/search?q=Eataly+Eataly+NYC%3A+A+Case+Study+in+Food+Hall+Economics,https://archive.org/search?query=Eataly+Eataly+NYC%3A+A+Case+Study+in+Food+Hall+Economics,,Eataly Eataly NYC: A Case Study in Food Hall Economics,False,v3v4
1225,NYC Food RE,hudson,Hudson Yards,,Hudson Yards Food & Beverage Leasing Analysis,2020,Real Deal,ARTICLE,none,2010_2020,US,Manhattan,none,real_estate,en,media,none,none,LOW,NEEDED,,https://annas-archive.org/search?q=Hudson+Yards+Hudson+Yards+Food+%26+Beverage+Leasing+Analysis,https://archive.org/search?query=Hudson+Yards+Hudson+Yards+Food+%26+Beverage+Leasing+Analysis,,Hudson Yards Hudson Yards Food & Beverage Leasing Analysis,False,v3v4
1226,NYC Food RE,chelsea_mkt,Chelsea Market,,Chelsea Market Food Retail Model,2020,NYC EDC,REPORT,none,2010_2020,US,Manhattan,none,real_estate,en,regulator,none,none,MEDIUM,NEEDED,,https://annas-archive.org/search?q=Chelsea+Market+Chelsea+Market+Food+Retail+Model,https://archive.org/search?query=Chelsea+Market+Chelsea+Market+Food+Retail+Model,,Chelsea Market Chelsea Market Food Retail Model,False,v3v4
1227,NYC Food RE,small_biz,NYC SBS,,NYC Dept Small Business Services Restaurant Reports,2024,NYC SBS,REPORT,none,2020_present,US,Citywide,none,none,en,regulator,none,none,MEDIUM,NEEDED,,https://annas-archive.org/search?q=NYC+SBS+NYC+Dept+Small+Business+Services+Restaurant+Reports,https://archive.org/search?query=NYC+SBS+NYC+Dept+Small+Business+Services+Restaurant+Reports,,NYC SBS NYC Dept Small Business Services Restaurant Reports,False,v3v4
1228,NYC Food RE,gentry_b,Zukin,Sharon,New Retail Capital and Neighborhood Change,2009,City & Community,ARTICLE,none,1980_2010,US,Brooklyn,retail,none,en,academic,none,none,MEDIUM,NEEDED,,https://annas-archive.org/search?q=Zukin+New+Retail+Capital+and+Neighborhood+Change,https://archive.org/search?query=Zukin+New+Retail+Capital+and+Neighborhood+Change,,Zukin New Retail Capital and Neighborhood Change,False,v3v4
1229,NYC Food RE,mall_decline,Segal,David,NYC Ground-Floor Retail Apocalypse,2017,NYT,ARTICLE,none,2010_2020,US,Manhattan,none,real_estate,en,media,none,none,MEDIUM,NEEDED,,https://annas-archive.org/search?q=Segal+NYC+Ground-Floor+Retail+Apocalypse,https://archive.org/search?query=Segal+NYC+Ground-Floor+Retail+Apocalypse,,Segal NYC Ground-Floor Retail Apocalypse,False,v3v4
1230,NYC Food Access,food_bank,Food Bank For NYC,,Food Bank For NYC Annual Hunger Report,2024,FBNYC,REPORT,none,2020_present,US,Citywide,none,none,en,NGO,none,none,FLAGSHIP,NEEDED,,https://annas-archive.org/search?q=Food+Bank+For+NYC+Food+Bank+For+NYC+Annual+Hunger+Report,https://archive.org/search?query=Food+Bank+For+NYC+Food+Bank+For+NYC+Annual+Hunger+Report,https://www.foodbanknyc.org/,Food Bank For NYC Food Bank For NYC Annual Hunger Report,False,v3v4
1231,NYC Food Access,city_harvest,City Harvest,,City Harvest NYC Operations Report,2024,City Harvest,REPORT,none,2020_present,US,Citywide,none,none,en,NGO,none,none,HIGH,NEEDED,,https://annas-archive.org/search?q=City+Harvest+City+Harvest+NYC+Operations+Report,https://archive.org/search?query=City+Harvest+City+Harvest+NYC+Operations+Report,,City Harvest City Harvest NYC Operations Report,False,v3v4
1232,NYC Food Access,snap_ny,NYC HRA,,SNAP Enrollment NYC,2024,NYC Human Resources Admin,DATASET_DOC,none,2020_present,US,Citywide,none,none,en,regulator,none,none,HIGH,NEEDED,,https://annas-archive.org/search?q=NYC+HRA+SNAP+Enrollment+NYC,https://archive.org/search?query=NYC+HRA+SNAP+Enrollment+NYC,,NYC HRA SNAP Enrollment NYC,False,v3v4
1233,NYC Food Access,food_policy,NYC Mayor,,NYC Food Policy Annual Report,2024,Mayor's Office of Food Policy,REPORT,none,2020_present,US,Citywide,none,none,en,regulator,none,none,HIGH,NEEDED,,https://annas-archive.org/search?q=NYC+Mayor+NYC+Food+Policy+Annual+Report,https://archive.org/search?query=NYC+Mayor+NYC+Food+Policy+Annual+Report,https://www.nyc.gov/site/foodpolicy/,NYC Mayor NYC Food Policy Annual Report,False,v3v4
1234,NYC Food Access,food_deserts,Allcott,Hunt,Food Deserts and Nutritional Inequality (NYC data),2019,QJE,ARTICLE,none,2010_2020,US,Citywide,none,none,en,academic,none,none,HIGH,NEEDED,,https://annas-archive.org/search?q=Allcott+Food+Deserts+and+Nutritional+Inequality+%28NYC+data%29,https://archive.org/search?query=Allcott+Food+Deserts+and+Nutritional+Inequality+%28NYC+data%29,,Allcott Food Deserts and Nutritional Inequality (NYC data),False,v3v4
1235,NYC Food Access,cuny_food,CUNY Urban Food Policy,,Food Insecurity in NYC: Annual Report,2024,CUNY,REPORT,none,2020_present,US,Citywide,none,none,en,academic,none,none,HIGH,NEEDED,,https://annas-archive.org/search?q=CUNY+Urban+Food+Policy+Food+Insecurity+in+NYC%3A+Annual+Report,https://archive.org/search?query=CUNY+Urban+Food+Policy+Food+Insecurity+in+NYC%3A+Annual+Report,,CUNY Urban Food Policy Food Insecurity in NYC: Annual Report,False,v3v4
1236,NYC Food Access,snap_bodega,Weiner,Rebecca,SNAP Retailers in Bodegas,2019,J Hunger,ARTICLE,none,2010_2020,US,Citywide,bodega,none,en,academic,none,none,MEDIUM,NEEDED,,https://annas-archive.org/search?q=Weiner+SNAP+Retailers+in+Bodegas,https://archive.org/search?query=Weiner+SNAP+Retailers+in+Bodegas,,Weiner SNAP Retailers in Bodegas,False,v3v4
1237,NYC Food Access,hunger_free,Hunger Free NYC,,Hunger Free NYC Policy Campaign,2024,HFNYC,REPORT,none,2020_present,US,Citywide,none,none,en,NGO,none,none,MEDIUM,NEEDED,,https://annas-archive.org/search?q=Hunger+Free+NYC+Hunger+Free+NYC+Policy+Campaign,https://archive.org/search?query=Hunger+Free+NYC+Hunger+Free+NYC+Policy+Campaign,,Hunger Free NYC Hunger Free NYC Policy Campaign,False,v3v4
1238,NYC Food Access,fresh,NYC EDC,,FRESH Program Food Retail Expansion,2012,NYC EDC,REPORT,none,2010_2020,US,Citywide,none,none,en,regulator,none,none,MEDIUM,NEEDED,,https://annas-archive.org/search?q=NYC+EDC+FRESH+Program+Food+Retail+Expansion,https://archive.org/search?query=NYC+EDC+FRESH+Program+Food+Retail+Expansion,,NYC EDC FRESH Program Food Retail Expansion,False,v3v4
1239,NYC Food Access,sl_universal,NYC DOE,,Universal Free School Meals 2017,2017,NYC DOE,GOV_DOC,none,2010_2020,US,Citywide,none,none,en,regulator,none,none,HIGH,NEEDED,,https://annas-archive.org/search?q=NYC+DOE+Universal+Free+School+Meals+2017,https://archive.org/search?query=NYC+DOE+Universal+Free+School+Meals+2017,,NYC DOE Universal Free School Meals 2017,False,v3v4
1240,NYC Food Access,wic_ny,NYC WIC,,NYC WIC Program Data,2024,NYC Health,DATASET_DOC,none,2020_present,US,Citywide,none,none,en,regulator,none,none,MEDIUM,NEEDED,,https://annas-archive.org/search?q=NYC+WIC+NYC+WIC+Program+Data,https://archive.org/search?query=NYC+WIC+NYC+WIC+Program+Data,,NYC WIC NYC WIC Program Data,False,v3v4
1241,NYC Food Access,pantries,Food Pantries NYC,,NYC Food Pantry Directory and Analysis,2024,FoodPantries.org,DATASET_DOC,none,2020_present,US,Citywide,none,none,en,NGO,none,none,MEDIUM,NEEDED,,https://annas-archive.org/search?q=Food+Pantries+NYC+NYC+Food+Pantry+Directory+and+Analysis,https://archive.org/search?query=Food+Pantries+NYC+NYC+Food+Pantry+Directory+and+Analysis,,Food Pantries NYC NYC Food Pantry Directory and Analysis,False,v3v4
1242,NYC Food Access,food_access_map,USDA ERS,,Food Access Research Atlas NYC Tracts,2024,USDA ERS,DATASET_DOC,none,2020_present,US,Citywide,none,none,en,regulator,none,none,HIGH,NEEDED,,https://annas-archive.org/search?q=USDA+ERS+Food+Access+Research+Atlas+NYC+Tracts,https://archive.org/search?query=USDA+ERS+Food+Access+Research+Atlas+NYC+Tracts,,USDA ERS Food Access Research Atlas NYC Tracts,False,v3v4
1243,NYC Food Access,insecure,Coleman-Jensen,Alisha,Household Food Security NYC Metro,2024,USDA ERS,REPORT,none,2020_present,US,Citywide,none,none,en,regulator,none,none,HIGH,NEEDED,,https://annas-archive.org/search?q=Coleman-Jensen+Household+Food+Security+NYC+Metro,https://archive.org/search?query=Coleman-Jensen+Household+Food+Security+NYC+Metro,,Coleman-Jensen Household Food Security NYC Metro,False,v3v4
1244,NYC Food Access,summer_meals,NYC DOE,,Summer Meals Program Usage,2024,NYC,REPORT,none,2020_present,US,Citywide,none,none,en,regulator,none,none,MEDIUM,NEEDED,,https://annas-archive.org/search?q=NYC+DOE+Summer+Meals+Program+Usage,https://archive.org/search?query=NYC+DOE+Summer+Meals+Program+Usage,,NYC DOE Summer Meals Program Usage,False,v3v4
1245,NYC Food Access,poor_diet,NYC Health,,NYC Community Health Survey: Food Access,2023,NYC Health,REPORT,none,2020_present,US,Citywide,none,none,en,regulator,none,none,MEDIUM,NEEDED,,https://annas-archive.org/search?q=NYC+Health+NYC+Community+Health+Survey%3A+Food+Access,https://archive.org/search?query=NYC+Health+NYC+Community+Health+Survey%3A+Food+Access,,NYC Health NYC Community Health Survey: Food Access,False,v3v4
1246,NYC Food Access,free_food,CUNY Hunger,,CUNY Student Food Insecurity Report,2023,CUNY,REPORT,none,2020_present,US,Citywide,none,none,en,academic,none,none,MEDIUM,NEEDED,,https://annas-archive.org/search?q=CUNY+Hunger+CUNY+Student+Food+Insecurity+Report,https://archive.org/search?query=CUNY+Hunger+CUNY+Student+Food+Insecurity+Report,,CUNY Hunger CUNY Student Food Insecurity Report,False,v3v4
1247,NYC Food Access,nutrition,NYC DOHMH,,Health Bucks SNAP Incentive Program,2024,NYC Health,REPORT,none,2020_present,US,Citywide,none,none,en,regulator,none,none,MEDIUM,NEEDED,,https://annas-archive.org/search?q=NYC+DOHMH+Health+Bucks+SNAP+Incentive+Program,https://archive.org/search?query=NYC+DOHMH+Health+Bucks+SNAP+Incentive+Program,,NYC DOHMH Health Bucks SNAP Incentive Program,False,v3v4
1248,NYC Food Access,meal_prog,Meals on Wheels,,Meals on Wheels NYC Senior Food Program,2024,Meals on Wheels,REPORT,none,2020_present,US,Citywide,none,none,en,NGO,none,none,LOW,NEEDED,,https://annas-archive.org/search?q=Meals+on+Wheels+Meals+on+Wheels+NYC+Senior+Food+Program,https://archive.org/search?query=Meals+on+Wheels+Meals+on+Wheels+NYC+Senior+Food+Program,,Meals on Wheels Meals on Wheels NYC Senior Food Program,False,v3v4
1249,NYC Food Access,wic_impact,Bitler,Marianne,WIC and Demand for Healthful Foods,2015,Applied Econ Perspectives,ARTICLE,none,2010_2020,US,none,none,none,en,academic,none,none,MEDIUM,NEEDED,,https://annas-archive.org/search?q=Bitler+WIC+and+Demand+for+Healthful+Foods,https://archive.org/search?query=Bitler+WIC+and+Demand+for+Healthful+Foods,,Bitler WIC and Demand for Healthful Foods,False,v3v4
1250,NYC Waste,picking_up,Nagle,Robin,Picking Up: On the Streets and Behind the Trucks with the Sanitation Workers of NYC,2013,FSG,BOOK,none,2010_2020,US,Citywide,none,waste,en,academic,none,none,FLAGSHIP,NEEDED,,https://annas-archive.org/search?q=Nagle+Picking+Up%3A+On+the+Streets+and+Behind+the+Trucks+with+the+Sanitation+Workers+of+NYC,https://archive.org/search?query=Nagle+Picking+Up%3A+On+the+Streets+and+Behind+the+Trucks+with+the+Sanitation+Workers+of+NYC,https://scholar.google.com/scholar?q=Nagle+Picking+Up,Nagle Picking Up: On the Streets and Behind the Trucks with the Sanitation Workers of NYC,True,v3v4
1251,NYC Waste,cwz,NYC DSNY,,Commercial Waste Zones Implementation 2019,2019,NYC DSNY,GOV_DOC,none,2010_2020,US,Citywide,none,waste,en,regulator,none,none,HIGH,NEEDED,,https://annas-archive.org/search?q=NYC+DSNY+Commercial+Waste+Zones+Implementation+2019,https://archive.org/search?query=NYC+DSNY+Commercial+Waste+Zones+Implementation+2019,,NYC DSNY Commercial Waste Zones Implementation 2019,False,v3v4
1252,NYC Waste,compost,NYC DSNY,,Universal Curbside Composting NYC 2024,2024,NYC DSNY,GOV_DOC,none,2020_present,US,Citywide,none,waste,en,regulator,none,none,HIGH,NEEDED,,https://annas-archive.org/search?q=NYC+DSNY+Universal+Curbside+Composting+NYC+2024,https://archive.org/search?query=NYC+DSNY+Universal+Curbside+Composting+NYC+2024,,NYC DSNY Universal Curbside Composting NYC 2024,False,v3v4
1253,NYC Waste,ll97,NYC,,Local Law 97 Commercial Kitchen Emissions Compliance,2024,NYC,GOV_DOC,none,2020_present,US,Citywide,none,waste,en,regulator,none,none,HIGH,NEEDED,,https://annas-archive.org/search?q=NYC+Local+Law+97+Commercial+Kitchen+Emissions+Compliance,https://archive.org/search?query=NYC+Local+Law+97+Commercial+Kitchen+Emissions+Compliance,,NYC Local Law 97 Commercial Kitchen Emissions Compliance,False,v3v4
1254,NYC Waste,rats,Sullivan,Robert,Rats: Observations on the History & Habitat of NYC's Most Unwanted Inhabitants,2004,Bloomsbury,BOOK,none,2010_2020,US,Citywide,none,pest,en,academic,none,none,HIGH,NEEDED,,https://annas-archive.org/search?q=Sullivan+Rats%3A+Observations+on+the+History+%26+Habitat+of+NYC%27s+Most+Unwanted+Inhabitants,https://archive.org/search?query=Sullivan+Rats%3A+Observations+on+the+History+%26+Habitat+of+NYC%27s+Most+Unwanted+Inhabitants,,Sullivan Rats: Observations on the History & Habitat of NYC's Most Unwanted Inhabitants,True,v3v4
1255,NYC Waste,waste_haul,GAO/NYS,,NYC Private Carting Industry Report,2020,NYS AG,REPORT,none,2020_present,US,Citywide,none,waste,en,regulator,none,none,HIGH,NEEDED,,https://annas-archive.org/search?q=GAO%2FNYS+NYC+Private+Carting+Industry+Report,https://archive.org/search?query=GAO%2FNYS+NYC+Private+Carting+Industry+Report,,GAO/NYS NYC Private Carting Industry Report,False,v3v4
1256,NYC Waste,food_waste,ReFED,,NYC Food Waste Study 2022,2022,ReFED,REPORT,none,2020_present,US,Citywide,none,waste,en,NGO,none,none,MEDIUM,NEEDED,,https://annas-archive.org/search?q=ReFED+NYC+Food+Waste+Study+2022,https://archive.org/search?query=ReFED+NYC+Food+Waste+Study+2022,,ReFED NYC Food Waste Study 2022,False,v3v4
1257,NYC Waste,waste_workers,Center for Public Safety,,Commercial Waste Workers Safety,2020,Occupational Safety,REPORT,none,2020_present,US,Citywide,none,waste,en,NGO,none,none,MEDIUM,NEEDED,,https://annas-archive.org/search?q=Center+for+Public+Safety+Commercial+Waste+Workers+Safety,https://archive.org/search?query=Center+for+Public+Safety+Commercial+Waste+Workers+Safety,,Center for Public Safety Commercial Waste Workers Safety,False,v3v4
1258,NYC Waste,organics,BioCycle,,NYC Commercial Organic Waste Collection,2023,BioCycle,ARTICLE,none,2020_present,US,Citywide,none,waste,en,media,none,none,MEDIUM,NEEDED,,https://annas-archive.org/search?q=BioCycle+NYC+Commercial+Organic+Waste+Collection,https://archive.org/search?query=BioCycle+NYC+Commercial+Organic+Waste+Collection,,BioCycle NYC Commercial Organic Waste Collection,False,v3v4
1259,NYC Waste,tipping,NYC,,Tipping Fees NYC Commercial Waste Comparison,2021,NYC,REPORT,none,2020_present,US,Citywide,none,waste,en,regulator,none,none,MEDIUM,NEEDED,,https://annas-archive.org/search?q=NYC+Tipping+Fees+NYC+Commercial+Waste+Comparison,https://archive.org/search?query=NYC+Tipping+Fees+NYC+Commercial+Waste+Comparison,,NYC Tipping Fees NYC Commercial Waste Comparison,False,v3v4
1260,NYC Waste,freshkills,NYC Parks,,Fresh Kills Landfill History and Closure 2001,2001,NYC,REPORT,none,spanning,US,Staten_Island,none,waste,en,regulator,none,none,MEDIUM,NEEDED,,https://annas-archive.org/search?q=NYC+Parks+Fresh+Kills+Landfill+History+and+Closure+2001,https://archive.org/search?query=NYC+Parks+Fresh+Kills+Landfill+History+and+Closure+2001,,NYC Parks Fresh Kills Landfill History and Closure 2001,False,v3v4
1261,NYC Waste,pest_ny,NYC Health,,Rodent Indexing Program and Restaurant Correlation,2023,NYC DOH,REPORT,none,2020_present,US,Citywide,none,pest,en,regulator,none,none,MEDIUM,NEEDED,,https://annas-archive.org/search?q=NYC+Health+Rodent+Indexing+Program+and+Restaurant+Correlation,https://archive.org/search?query=NYC+Health+Rodent+Indexing+Program+and+Restaurant+Correlation,,NYC Health Rodent Indexing Program and Restaurant Correlation,False,v3v4
1262,NYC Waste,biogas,NYC DEP,,Newtown Creek Biogas Program,2023,DEP,REPORT,none,2020_present,US,Brooklyn,none,waste,en,regulator,none,none,MEDIUM,NEEDED,,https://annas-archive.org/search?q=NYC+DEP+Newtown+Creek+Biogas+Program,https://archive.org/search?query=NYC+DEP+Newtown+Creek+Biogas+Program,,NYC DEP Newtown Creek Biogas Program,False,v3v4
1263,NYC Waste,carting,Royle,Edward,Garbage: NYC's Carting Industry Organized Crime,2001,Investigative Reporting,ARTICLE,none,1980_2010,US,Citywide,none,waste,en,media,none,none,MEDIUM,NEEDED,,https://annas-archive.org/search?q=Royle+Garbage%3A+NYC%27s+Carting+Industry+Organized+Crime,https://archive.org/search?query=Royle+Garbage%3A+NYC%27s+Carting+Industry+Organized+Crime,,Royle Garbage: NYC's Carting Industry Organized Crime,False,v3v4
1264,NYC Waste,waste_rpt,NYC DSNY,,PlaNYC Waste Management Policies 2020-2030,2021,NYC Sustainability,REPORT,none,2020_present,US,Citywide,none,waste,en,regulator,none,none,MEDIUM,NEEDED,,https://annas-archive.org/search?q=NYC+DSNY+PlaNYC+Waste+Management+Policies+2020-2030,https://archive.org/search?query=NYC+DSNY+PlaNYC+Waste+Management+Policies+2020-2030,,NYC DSNY PlaNYC Waste Management Policies 2020-2030,False,v3v4
1265,NYC Bars,cocktail,Wondrich,David,Imbibe! From Absinthe Cocktail to Whiskey Smash,2007,Perigee,BOOK,none,spanning,US,Manhattan,bar,none,en,academic,none,spirits,FLAGSHIP,NEEDED,,https://annas-archive.org/search?q=Wondrich+Imbibe%21+From+Absinthe+Cocktail+to+Whiskey+Smash,https://archive.org/search?query=Wondrich+Imbibe%21+From+Absinthe+Cocktail+to+Whiskey+Smash,,Wondrich Imbibe! From Absinthe Cocktail to Whiskey Smash,False,v3v4
1266,NYC Bars,prohibition,Okrent,Daniel,Last Call: The Rise and Fall of Prohibition,2010,Scribner,BOOK,none,pre1900,US,Manhattan,bar,none,en,academic,none,spirits,HIGH,NEEDED,,https://annas-archive.org/search?q=Okrent+Last+Call%3A+The+Rise+and+Fall+of+Prohibition,https://archive.org/search?query=Okrent+Last+Call%3A+The+Rise+and+Fall+of+Prohibition,,Okrent Last Call: The Rise and Fall of Prohibition,False,v3v4
1267,NYC Bars,prohibition,Lerner,Michael,Dry Manhattan: Prohibition in NYC,2007,Harvard UP,BOOK,none,1900_1945,US,Manhattan,bar,none,en,academic,none,none,HIGH,NEEDED,,https://annas-archive.org/search?q=Lerner+Dry+Manhattan%3A+Prohibition+in+NYC,https://archive.org/search?query=Lerner+Dry+Manhattan%3A+Prohibition+in+NYC,,Lerner Dry Manhattan: Prohibition in NYC,False,v3v4
1268,NYC Bars,speakeasy,McGrath,Charles,The Stork Club: The Life and Times of NYC's Most Celebrated Nightclub,2000,McFarland,BOOK,none,1900_1945,US,Manhattan,bar,none,en,academic,none,none,MEDIUM,NEEDED,,https://annas-archive.org/search?q=McGrath+The+Stork+Club%3A+The+Life+and+Times+of+NYC%27s+Most+Celebrated+Nightclub,https://archive.org/search?query=McGrath+The+Stork+Club%3A+The+Life+and+Times+of+NYC%27s+Most+Celebrated+Nightclub,,McGrath The Stork Club: The Life and Times of NYC's Most Celebrated Nightclub,False,v3v4
1269,NYC Bars,21club,Berger,Meyer,21 Club,1959,Simon & Schuster,BOOK,none,1900_1945,US,Manhattan,bar,none,en,academic,none,none,MEDIUM,NEEDED,,https://annas-archive.org/search?q=Berger+21+Club,https://archive.org/search?query=Berger+21+Club,,Berger 21 Club,False,v3v4
1270,NYC Bars,cocktail_rev,Meehan,Jim,The PDT Cocktail Book,2011,Sterling,BOOK,none,2010_2020,US,Manhattan,bar,none,en,academic,none,spirits,HIGH,NEEDED,,https://annas-archive.org/search?q=Meehan+The+PDT+Cocktail+Book,https://archive.org/search?query=Meehan+The+PDT+Cocktail+Book,,Meehan The PDT Cocktail Book,False,v3v4
1271,NYC Bars,craft_bar,Ocejo,Richard,Masters of Craft (bar chapters),2017,Princeton UP,CHAPTER,none,2010_2020,US,Manhattan,bar,none,en,academic,none,spirits,HIGH,NEEDED,,https://annas-archive.org/search?q=Ocejo+Masters+of+Craft+%28bar+chapters%29,https://archive.org/search?query=Ocejo+Masters+of+Craft+%28bar+chapters%29,,Ocejo Masters of Craft (bar chapters),False,v3v4
1272,NYC Bars,craft_beer,Ogle,Maureen,Ambitious Brew: The Story of American Beer,2006,Houghton Mifflin,BOOK,none,spanning,US,none,bar,none,en,academic,none,beer,HIGH,NEEDED,,https://annas-archive.org/search?q=Ogle+Ambitious+Brew%3A+The+Story+of+American+Beer,https://archive.org/search?query=Ogle+Ambitious+Brew%3A+The+Story+of+American+Beer,,Ogle Ambitious Brew: The Story of American Beer,False,v3v4
1273,NYC Bars,nat_wine,Kramer,Alice Feiring,Natural Wine for the People,2019,Ten Speed,BOOK,none,2010_2020,US,Manhattan,bar,none,en,academic,none,wine,MEDIUM,NEEDED,,https://annas-archive.org/search?q=Kramer+Natural+Wine+for+the+People,https://archive.org/search?query=Kramer+Natural+Wine+for+the+People,,Kramer Natural Wine for the People,False,v3v4
1274,NYC Bars,sla,NYS SLA,,NYS Liquor Authority Annual Reports,2024,NYS SLA,REPORT,none,2020_present,US,Citywide,bar,none,en,regulator,none,spirits,MEDIUM,NEEDED,,https://annas-archive.org/search?q=NYS+SLA+NYS+Liquor+Authority+Annual+Reports,https://archive.org/search?query=NYS+SLA+NYS+Liquor+Authority+Annual+Reports,,NYS SLA NYS Liquor Authority Annual Reports,False,v3v4
1275,NYC Bars,nightlife,NYC Mayor Office of Nightlife,,State of NYC Nightlife,2024,NYC,REPORT,none,2020_present,US,Citywide,bar,none,en,regulator,none,none,MEDIUM,NEEDED,,https://annas-archive.org/search?q=NYC+Mayor+Office+of+Nightlife+State+of+NYC+Nightlife,https://archive.org/search?query=NYC+Mayor+Office+of+Nightlife+State+of+NYC+Nightlife,,NYC Mayor Office of Nightlife State of NYC Nightlife,False,v3v4
1276,NYC Bars,bottle_serv,Smith,Sarah,The Economics of Bottle Service NYC Clubs,2019,J Hospitality & Tourism,ARTICLE,none,2010_2020,US,Manhattan,bar,none,en,academic,none,spirits,LOW,NEEDED,,https://annas-archive.org/search?q=Smith+The+Economics+of+Bottle+Service+NYC+Clubs,https://archive.org/search?query=Smith+The+Economics+of+Bottle+Service+NYC+Clubs,,Smith The Economics of Bottle Service NYC Clubs,False,v3v4
1277,NYC Bars,dive,Moss,Jeremiah,Vanishing New York: How a Great City Lost Its Soul,2017,Dey Street,BOOK,none,2010_2020,US,Manhattan,bar,none,en,academic,none,none,MEDIUM,NEEDED,,https://annas-archive.org/search?q=Moss+Vanishing+New+York%3A+How+a+Great+City+Lost+Its+Soul,https://archive.org/search?query=Moss+Vanishing+New+York%3A+How+a+Great+City+Lost+Its+Soul,,Moss Vanishing New York: How a Great City Lost Its Soul,False,v3v4
1278,NYC Bars,craft_beer_ny,Brooklyn Brewery,,Brooklyn Brewery Corporate History,2024,Brooklyn Brewery,GOV_DOC,none,1980_2010,US,Brooklyn,bar,none,en,producer,none,beer,MEDIUM,NEEDED,,https://annas-archive.org/search?q=Brooklyn+Brewery+Brooklyn+Brewery+Corporate+History,https://archive.org/search?query=Brooklyn+Brewery+Brooklyn+Brewery+Corporate+History,,Brooklyn Brewery Brooklyn Brewery Corporate History,False,v3v4
1279,NYC Bars,distil,Kings County,,Kings County Distillery History,2024,KCD,GOV_DOC,none,2010_2020,US,Brooklyn,bar,none,en,producer,none,spirits,LOW,NEEDED,,https://annas-archive.org/search?q=Kings+County+Kings+County+Distillery+History,https://archive.org/search?query=Kings+County+Kings+County+Distillery+History,,Kings County Kings County Distillery History,False,v3v4
1280,NYC Tourism,rest_week,NYC & Company,,Restaurant Week 1992 Origins and 30-Year Review,2022,NYC & Co,REPORT,none,spanning,US,Citywide,fine_dining,none,en,NGO,none,none,FLAGSHIP,NEEDED,,https://annas-archive.org/search?q=NYC+%26+Company+Restaurant+Week+1992+Origins+and+30-Year+Review,https://archive.org/search?query=NYC+%26+Company+Restaurant+Week+1992+Origins+and+30-Year+Review,,NYC & Company Restaurant Week 1992 Origins and 30-Year Review,False,v3v4
1281,NYC Tourism,nyc_co,NYC & Company,,NYC Food Tourism Economic Impact 2024,2024,NYC & Co,REPORT,none,2020_present,US,Citywide,none,none,en,NGO,none,none,HIGH,NEEDED,,https://annas-archive.org/search?q=NYC+%26+Company+NYC+Food+Tourism+Economic+Impact+2024,https://archive.org/search?query=NYC+%26+Company+NYC+Food+Tourism+Economic+Impact+2024,,NYC & Company NYC Food Tourism Economic Impact 2024,False,v3v4
1282,NYC Tourism,timesq,Times Square Alliance,,Times Square Food & Beverage Economic Analysis,2023,TSA,REPORT,none,2020_present,US,Manhattan,none,real_estate,en,NGO,none,none,MEDIUM,NEEDED,,https://annas-archive.org/search?q=Times+Square+Alliance+Times+Square+Food+%26+Beverage+Economic+Analysis,https://archive.org/search?query=Times+Square+Alliance+Times+Square+Food+%26+Beverage+Economic+Analysis,,Times Square Alliance Times Square Food & Beverage Economic Analysis,False,v3v4
1283,NYC Tourism,hotel_food,Union Square Hospitality,,Hotel Restaurant Economics,2021,USHG,REPORT,none,2020_present,US,Manhattan,fine_dining,none,en,foodservice,none,none,MEDIUM,NEEDED,,https://annas-archive.org/search?q=Union+Square+Hospitality+Hotel+Restaurant+Economics,https://archive.org/search?query=Union+Square+Hospitality+Hotel+Restaurant+Economics,,Union Square Hospitality Hotel Restaurant Economics,False,v3v4
1284,NYC Tourism,tour_food,Scotto,Nadia,Food Tourism in NYC Post-COVID,2023,J Tourism Research,ARTICLE,none,2020_present,US,Citywide,none,none,en,academic,none,none,MEDIUM,NEEDED,,https://annas-archive.org/search?q=Scotto+Food+Tourism+in+NYC+Post-COVID,https://archive.org/search?query=Scotto+Food+Tourism+in+NYC+Post-COVID,,Scotto Food Tourism in NYC Post-COVID,False,v3v4
1285,NYC Tourism,convention,Javits,,Javits Center Food Services Economic Contribution,2022,Javits,REPORT,none,2020_present,US,Manhattan,fine_dining,none,en,foodservice,none,none,LOW,NEEDED,,https://annas-archive.org/search?q=Javits+Javits+Center+Food+Services+Economic+Contribution,https://archive.org/search?query=Javits+Javits+Center+Food+Services+Economic+Contribution,,Javits Javits Center Food Services Economic Contribution,False,v3v4
1286,NYC Tourism,cruise,Port Authority,,Cruise Ship Food Provisioning NYC,2020,PANYNJ,REPORT,none,2010_2020,US,Brooklyn,none,none,en,regulator,none,none,LOW,NEEDED,,https://annas-archive.org/search?q=Port+Authority+Cruise+Ship+Food+Provisioning+NYC,https://archive.org/search?query=Port+Authority+Cruise+Ship+Food+Provisioning+NYC,,Port Authority Cruise Ship Food Provisioning NYC,False,v3v4
1287,NYC Tourism,airport,Port Authority,,JFK LGA Food Service Economics,2023,PANYNJ,REPORT,none,2020_present,US,Queens,chain,none,en,regulator,none,none,MEDIUM,NEEDED,,https://annas-archive.org/search?q=Port+Authority+JFK+LGA+Food+Service+Economics,https://archive.org/search?query=Port+Authority+JFK+LGA+Food+Service+Economics,,Port Authority JFK LGA Food Service Economics,False,v3v4
1288,NYC Tourism,foodie_tour,Eater,,NYC Food Tour Guide Industry,2024,Eater,ARTICLE,none,2020_present,US,Citywide,none,none,en,media,none,none,LOW,NEEDED,,https://annas-archive.org/search?q=Eater+NYC+Food+Tour+Guide+Industry,https://archive.org/search?query=Eater+NYC+Food+Tour+Guide+Industry,,Eater NYC Food Tour Guide Industry,False,v3v4
1289,NYC Tourism,michelin_tour,Michelin,,Michelin NYC Guide Tourist Premium Effect,2023,Michelin,REPORT,none,2020_present,US,Manhattan,food_media,none,en,media,none,none,MEDIUM,NEEDED,,https://annas-archive.org/search?q=Michelin+Michelin+NYC+Guide+Tourist+Premium+Effect,https://archive.org/search?query=Michelin+Michelin+NYC+Guide+Tourist+Premium+Effect,,Michelin Michelin NYC Guide Tourist Premium Effect,False,v3v4
1290,NYC Tourism,broadway,Broadway League,,Pre-Theater Dining Economics,2022,Broadway League,REPORT,none,2020_present,US,Manhattan,none,none,en,NGO,none,none,LOW,NEEDED,,https://annas-archive.org/search?q=Broadway+League+Pre-Theater+Dining+Economics,https://archive.org/search?query=Broadway+League+Pre-Theater+Dining+Economics,,Broadway League Pre-Theater Dining Economics,False,v3v4
1291,NYC Tourism,market_tour,Eataly,,Eataly NYC as Tourist Destination: A Study,2021,Harvard Case,REPORT,none,2010_2020,US,Manhattan,specialty_retail,none,en,academic,italian,none,MEDIUM,NEEDED,,https://annas-archive.org/search?q=Eataly+Eataly+NYC+as+Tourist+Destination%3A+A+Study,https://archive.org/search?query=Eataly+Eataly+NYC+as+Tourist+Destination%3A+A+Study,,Eataly Eataly NYC as Tourist Destination: A Study,False,v3v4
1292,NYC Tourism,cov_tour,NYC & Co,,NYC Tourism Recovery Tracker 2021-2024,2024,NYC Tourism,REPORT,none,2020_present,US,Citywide,none,none,en,NGO,none,none,MEDIUM,NEEDED,,https://annas-archive.org/search?q=NYC+%26+Co+NYC+Tourism+Recovery+Tracker+2021-2024,https://archive.org/search?query=NYC+%26+Co+NYC+Tourism+Recovery+Tracker+2021-2024,,NYC & Co NYC Tourism Recovery Tracker 2021-2024,False,v3v4
1293,NYC Tourism,food_fest,NYCWFF,,NYC Wine & Food Festival Economic Impact,2024,NYCWFF,REPORT,none,2020_present,US,Manhattan,bar,none,en,NGO,none,wine,LOW,NEEDED,,https://annas-archive.org/search?q=NYCWFF+NYC+Wine+%26+Food+Festival+Economic+Impact,https://archive.org/search?query=NYCWFF+NYC+Wine+%26+Food+Festival+Economic+Impact,,NYCWFF NYC Wine & Food Festival Economic Impact,False,v3v4
1294,NYC Tourism,tour_guide,Zagat,,Zagat NYC Tourist Use Study,2018,Zagat,REPORT,none,2010_2020,US,Citywide,food_media,none,en,media,none,none,LOW,NEEDED,,https://annas-archive.org/search?q=Zagat+Zagat+NYC+Tourist+Use+Study,https://archive.org/search?query=Zagat+Zagat+NYC+Tourist+Use+Study,,Zagat Zagat NYC Tourist Use Study,False,v3v4
1295,Tri-State Foodshed,foodshed,Peters,Christian,Mapping Potential Foodsheds in NY State,2009,Renewable Ag & Food Systems,ARTICLE,none,1980_2010,US,Upstate,none,none,en,academic,none,none,FLAGSHIP,NEEDED,,https://annas-archive.org/search?q=Peters+Mapping+Potential+Foodsheds+in+NY+State,https://archive.org/search?query=Peters+Mapping+Potential+Foodsheds+in+NY+State,,Peters Mapping Potential Foodsheds in NY State,False,v3v4
1296,Tri-State Foodshed,nys_ag,NYS Ag & Markets,,New York State Agriculture Statistics,2024,NYS Ag,DATASET_DOC,none,2020_present,US,Upstate,none,none,en,regulator,none,none,HIGH,NEEDED,,https://annas-archive.org/search?q=NYS+Ag+%26+Markets+New+York+State+Agriculture+Statistics,https://archive.org/search?query=NYS+Ag+%26+Markets+New+York+State+Agriculture+Statistics,,NYS Ag & Markets New York State Agriculture Statistics,False,v3v4
1297,Tri-State Foodshed,hudson,Glynwood,,Glynwood Regional Food Report Hudson Valley,2023,Glynwood,REPORT,none,2020_present,US,Upstate,none,none,en,NGO,none,none,HIGH,NEEDED,,https://annas-archive.org/search?q=Glynwood+Glynwood+Regional+Food+Report+Hudson+Valley,https://archive.org/search?query=Glynwood+Glynwood+Regional+Food+Report+Hudson+Valley,,Glynwood Glynwood Regional Food Report Hudson Valley,False,v3v4
1298,Tri-State Foodshed,longisland,LIF,,Long Island Farm Bureau Annual Report,2024,LI Farm Bureau,REPORT,none,2020_present,US,Upstate,none,none,en,producer,none,none,HIGH,NEEDED,,https://annas-archive.org/search?q=LIF+Long+Island+Farm+Bureau+Annual+Report,https://archive.org/search?query=LIF+Long+Island+Farm+Bureau+Annual+Report,,LIF Long Island Farm Bureau Annual Report,False,v3v4
1299,Tri-State Foodshed,hv_wine,Hudson Valley Wine Country,,Hudson Valley Wine Industry Report,2023,HVWGA,REPORT,none,2020_present,US,Upstate,bar,none,en,producer,none,wine,MEDIUM,NEEDED,,https://annas-archive.org/search?q=Hudson+Valley+Wine+Country+Hudson+Valley+Wine+Industry+Report,https://archive.org/search?query=Hudson+Valley+Wine+Country+Hudson+Valley+Wine+Industry+Report,,Hudson Valley Wine Country Hudson Valley Wine Industry Report,False,v3v4
1300,Tri-State Foodshed,nj_produce,NJDA,,NJ Agriculture Produce Production,2024,NJ DOA,DATASET_DOC,none,2020_present,US,Tri-State,none,none,en,regulator,none,none,MEDIUM,NEEDED,,https://annas-archive.org/search?q=NJDA+NJ+Agriculture+Produce+Production,https://archive.org/search?query=NJDA+NJ+Agriculture+Produce+Production,,NJDA NJ Agriculture Produce Production,False,v3v4
1301,Tri-State Foodshed,ct_dairy,CTDA,,CT Dairy Industry Report,2024,CT DOA,REPORT,dairy,2020_present,US,Tri-State,none,none,en,regulator,none,none,MEDIUM,NEEDED,,https://annas-archive.org/search?q=CTDA+CT+Dairy+Industry+Report,https://archive.org/search?query=CTDA+CT+Dairy+Industry+Report,,CTDA CT Dairy Industry Report,False,v3v4
1302,Tri-State Foodshed,cornell_ext,Cornell,,Cornell Cooperative Extension Downstate,2024,Cornell,REPORT,none,2020_present,US,Upstate,none,none,en,academic,none,none,MEDIUM,NEEDED,,https://annas-archive.org/search?q=Cornell+Cornell+Cooperative+Extension+Downstate,https://archive.org/search?query=Cornell+Cornell+Cooperative+Extension+Downstate,,Cornell Cornell Cooperative Extension Downstate,False,v3v4
1303,Tri-State Foodshed,farm_rest,GrowNYC,,NYC Farm-to-Restaurant Directory,2024,GrowNYC,DATASET_DOC,none,2020_present,US,Tri-State,greenmarket,none,en,NGO,none,none,HIGH,NEEDED,,https://annas-archive.org/search?q=GrowNYC+NYC+Farm-to-Restaurant+Directory,https://archive.org/search?query=GrowNYC+NYC+Farm-to-Restaurant+Directory,,GrowNYC NYC Farm-to-Restaurant Directory,False,v3v4
1304,Tri-State Foodshed,upstate,Sheriff,Carol,The Artificial River: Erie Canal,1996,Hill & Wang,BOOK,none,pre1900,US,Upstate,none,none,en,academic,none,none,MEDIUM,NEEDED,,https://annas-archive.org/search?q=Sheriff+The+Artificial+River%3A+Erie+Canal,https://archive.org/search?query=Sheriff+The+Artificial+River%3A+Erie+Canal,,Sheriff The Artificial River: Erie Canal,False,v3v4
1305,Tri-State Foodshed,hv_climate,Hudson Valley,,Climate Impacts on NYS Agriculture,2023,Hudson Valley Climate,REPORT,none,2020_present,US,Upstate,none,none,en,regulator,none,none,MEDIUM,NEEDED,,https://annas-archive.org/search?q=Hudson+Valley+Climate+Impacts+on+NYS+Agriculture,https://archive.org/search?query=Hudson+Valley+Climate+Impacts+on+NYS+Agriculture,,Hudson Valley Climate Impacts on NYS Agriculture,False,v3v4
1306,Tri-State Foodshed,nyc_foodshed,Karp,,NYC's Regional Foodshed: A Scale Analysis,2020,Karp Resources,REPORT,none,2020_present,US,Tri-State,none,none,en,academic,none,none,MEDIUM,NEEDED,,https://annas-archive.org/search?q=Karp+NYC%27s+Regional+Foodshed%3A+A+Scale+Analysis,https://archive.org/search?query=Karp+NYC%27s+Regional+Foodshed%3A+A+Scale+Analysis,,Karp NYC's Regional Foodshed: A Scale Analysis,False,v3v4
1307,Tri-State Foodshed,hv_farms,Hudson Valley,,Hudson Valley Farm Population Census,2022,USDA NASS,DATASET_DOC,none,2020_present,US,Upstate,none,none,en,regulator,none,none,MEDIUM,NEEDED,,https://annas-archive.org/search?q=Hudson+Valley+Hudson+Valley+Farm+Population+Census,https://archive.org/search?query=Hudson+Valley+Hudson+Valley+Farm+Population+Census,,Hudson Valley Hudson Valley Farm Population Census,False,v3v4
1308,Tri-State Foodshed,li_seafood,Blue Island,,Long Island Sound Seafood Industry,2023,LI Seafood Assoc,REPORT,none,2020_present,US,Tri-State,fish_market,none,en,producer,none,none,MEDIUM,NEEDED,,https://annas-archive.org/search?q=Blue+Island+Long+Island+Sound+Seafood+Industry,https://archive.org/search?query=Blue+Island+Long+Island+Sound+Seafood+Industry,,Blue Island Long Island Sound Seafood Industry,False,v3v4
1309,Tri-State Foodshed,apple,NYS Apple,,NYS Apple Growers Economic Report,2024,NYS Apple Association,REPORT,none,2020_present,US,Upstate,none,none,en,producer,none,none,MEDIUM,NEEDED,,https://annas-archive.org/search?q=NYS+Apple+NYS+Apple+Growers+Economic+Report,https://archive.org/search?query=NYS+Apple+NYS+Apple+Growers+Economic+Report,,NYS Apple NYS Apple Growers Economic Report,False,v3v4
1310,Tri-State Foodshed,maple,VT/NH Maple,,Regional Maple Syrup Economy,2023,Various,REPORT,none,2020_present,US,Upstate,none,none,en,producer,none,none,LOW,NEEDED,,https://annas-archive.org/search?q=VT%2FNH+Maple+Regional+Maple+Syrup+Economy,https://archive.org/search?query=VT%2FNH+Maple+Regional+Maple+Syrup+Economy,,VT/NH Maple Regional Maple Syrup Economy,False,v3v4
1311,Tri-State Foodshed,dairy_nyc,NE Dairy,,Northeastern Dairy Supply to NYC,2022,Dairy Farmers of America,REPORT,dairy,2020_present,US,Tri-State,none,none,en,producer,none,none,MEDIUM,NEEDED,,https://annas-archive.org/search?q=NE+Dairy+Northeastern+Dairy+Supply+to+NYC,https://archive.org/search?query=NE+Dairy+Northeastern+Dairy+Supply+to+NYC,,NE Dairy Northeastern Dairy Supply to NYC,False,v3v4
1312,Tri-State Foodshed,produce_nj,NJ NOFA,,NJ Organic Produce Supply NYC,2022,NOFA NJ,REPORT,none,2020_present,US,Tri-State,greenmarket,none,en,NGO,none,none,LOW,NEEDED,,https://annas-archive.org/search?q=NJ+NOFA+NJ+Organic+Produce+Supply+NYC,https://archive.org/search?query=NJ+NOFA+NJ+Organic+Produce+Supply+NYC,,NJ NOFA NJ Organic Produce Supply NYC,False,v3v4
1313,Tri-State Foodshed,hv_cheese,Hudson Valley,,Hudson Valley Artisan Cheese Industry,2023,Artisan Cheese Guild,REPORT,dairy,2020_present,US,Upstate,none,none,en,producer,none,none,LOW,NEEDED,,https://annas-archive.org/search?q=Hudson+Valley+Hudson+Valley+Artisan+Cheese+Industry,https://archive.org/search?query=Hudson+Valley+Hudson+Valley+Artisan+Cheese+Industry,,Hudson Valley Hudson Valley Artisan Cheese Industry,False,v3v4
1314,Tri-State Foodshed,foodshed_policy,NYC,,NYC's 10 Year Food Policy: Regional Components,2021,NYCEDC,REPORT,none,2020_present,US,Tri-State,none,none,en,regulator,none,none,HIGH,NEEDED,,https://annas-archive.org/search?q=NYC+NYC%27s+10+Year+Food+Policy%3A+Regional+Components,https://archive.org/search?query=NYC+NYC%27s+10+Year+Food+Policy%3A+Regional+Components,,NYC NYC's 10 Year Food Policy: Regional Components,False,v3v4
1315,NYC Adjacent,restaurant_insurance,Marsh,,NYC Restaurant Insurance Benchmarks,2023,Marsh McLennan,REPORT,none,2020_present,US,Citywide,none,insurance,en,trader,none,none,FLAGSHIP,NEEDED,,https://annas-archive.org/search?q=Marsh+NYC+Restaurant+Insurance+Benchmarks,https://archive.org/search?query=Marsh+NYC+Restaurant+Insurance+Benchmarks,,Marsh NYC Restaurant Insurance Benchmarks,False,v3v4
1316,NYC Adjacent,pest,Sullivan,Robert,Rats (extended),2004,Bloomsbury,BOOK,none,2010_2020,US,Citywide,none,pest,en,academic,none,none,HIGH,NEEDED,,https://annas-archive.org/search?q=Sullivan+Rats+%28extended%29,https://archive.org/search?query=Sullivan+Rats+%28extended%29,,Sullivan Rats (extended),False,v3v4
1317,NYC Adjacent,refrig,Bohn,Roger,Commercial Refrigeration Maintenance NYC,2022,ASHRAE,REPORT,none,2020_present,US,Citywide,none,commercial_equip,en,trader,none,none,MEDIUM,NEEDED,,https://annas-archive.org/search?q=Bohn+Commercial+Refrigeration+Maintenance+NYC,https://archive.org/search?query=Bohn+Commercial+Refrigeration+Maintenance+NYC,,Bohn Commercial Refrigeration Maintenance NYC,False,v3v4
1318,NYC Adjacent,commerc_eq,Bowery Equipment,,Bowery Restaurant Supply Row Historical,2015,Gotham Gazette,ARTICLE,none,spanning,US,Manhattan,none,commercial_equip,en,media,none,none,MEDIUM,NEEDED,,https://annas-archive.org/search?q=Bowery+Equipment+Bowery+Restaurant+Supply+Row+Historical,https://archive.org/search?query=Bowery+Equipment+Bowery+Restaurant+Supply+Row+Historical,,Bowery Equipment Bowery Restaurant Supply Row Historical,False,v3v4
1319,NYC Adjacent,linen,Alsco,,NYC Restaurant Linen Services,2023,Corporate,REPORT,none,2020_present,US,Citywide,none,commercial_equip,en,trader,none,none,LOW,NEEDED,,https://annas-archive.org/search?q=Alsco+NYC+Restaurant+Linen+Services,https://archive.org/search?query=Alsco+NYC+Restaurant+Linen+Services,,Alsco NYC Restaurant Linen Services,False,v3v4
1320,NYC Adjacent,pos_tech,Toast,,Toast Inc S-1 Filing IPO,2021,Toast Inc,GOV_DOC,none,2020_present,US,Citywide,none,pos_tech,en,investor,none,none,HIGH,NEEDED,,https://annas-archive.org/search?q=Toast+Toast+Inc+S-1+Filing+IPO,https://archive.org/search?query=Toast+Toast+Inc+S-1+Filing+IPO,,Toast Toast Inc S-1 Filing IPO,False,v3v4
1321,NYC Adjacent,rez_tech,OpenTable,,OpenTable NYC Market Share Analysis,2022,Booking Holdings,GOV_DOC,none,2020_present,US,Citywide,none,reservation_tech,en,trader,none,none,HIGH,NEEDED,,https://annas-archive.org/search?q=OpenTable+OpenTable+NYC+Market+Share+Analysis,https://archive.org/search?query=OpenTable+OpenTable+NYC+Market+Share+Analysis,,OpenTable OpenTable NYC Market Share Analysis,False,v3v4
1322,NYC Adjacent,resy_tech,Resy,,Resy (Amex) NYC Platform Report,2023,American Express,GOV_DOC,none,2020_present,US,Citywide,none,reservation_tech,en,trader,none,none,HIGH,NEEDED,,https://annas-archive.org/search?q=Resy+Resy+%28Amex%29+NYC+Platform+Report,https://archive.org/search?query=Resy+Resy+%28Amex%29+NYC+Platform+Report,,Resy Resy (Amex) NYC Platform Report,False,v3v4
1323,NYC Adjacent,finance,Rabobank,,Rabobank NY Food & Agribusiness Group,2024,Rabobank,REPORT,none,2020_present,US,Citywide,none,finance,en,investor,none,none,MEDIUM,NEEDED,,https://annas-archive.org/search?q=Rabobank+Rabobank+NY+Food+%26+Agribusiness+Group,https://archive.org/search?query=Rabobank+Rabobank+NY+Food+%26+Agribusiness+Group,,Rabobank Rabobank NY Food & Agribusiness Group,False,v3v4
1324,NYC Adjacent,cmbs,Trepp,,CMBS Restaurant Tenant Exposure NYC,2023,Trepp,REPORT,none,2020_present,US,Citywide,none,real_estate,en,investor,none,none,MEDIUM,NEEDED,,https://annas-archive.org/search?q=Trepp+CMBS+Restaurant+Tenant+Exposure+NYC,https://archive.org/search?query=Trepp+CMBS+Restaurant+Tenant+Exposure+NYC,,Trepp CMBS Restaurant Tenant Exposure NYC,False,v3v4
1325,NYC Adjacent,consult,Aaron Allen,,NYC Restaurant Consulting Market,2022,Aaron Allen,REPORT,none,2020_present,US,Citywide,none,media,en,trader,none,none,LOW,NEEDED,,https://annas-archive.org/search?q=Aaron+Allen+NYC+Restaurant+Consulting+Market,https://archive.org/search?query=Aaron+Allen+NYC+Restaurant+Consulting+Market,,Aaron Allen NYC Restaurant Consulting Market,False,v3v4
1326,NYC Adjacent,menu,Menu,,NYC Menu Design Firm Landscape,2021,Industry,REPORT,none,2020_present,US,Citywide,none,media,en,media,none,none,LOW,NEEDED,,https://annas-archive.org/search?q=Menu+NYC+Menu+Design+Firm+Landscape,https://archive.org/search?query=Menu+NYC+Menu+Design+Firm+Landscape,,Menu NYC Menu Design Firm Landscape,False,v3v4
1327,NYC Adjacent,ingredient,ChefsNYC,,NYC Specialty Ingredient Distributors,2023,Trade,REPORT,none,2020_present,US,Citywide,wholesale,none,en,distributor,none,none,MEDIUM,NEEDED,,https://annas-archive.org/search?q=ChefsNYC+NYC+Specialty+Ingredient+Distributors,https://archive.org/search?query=ChefsNYC+NYC+Specialty+Ingredient+Distributors,,ChefsNYC NYC Specialty Ingredient Distributors,False,v3v4
1328,NYC Adjacent,uniform,Cintas,,Cintas Restaurant Uniform Services NYC,2022,Cintas,GOV_DOC,none,2020_present,US,Citywide,none,commercial_equip,en,trader,none,none,LOW,NEEDED,,https://annas-archive.org/search?q=Cintas+Cintas+Restaurant+Uniform+Services+NYC,https://archive.org/search?query=Cintas+Cintas+Restaurant+Uniform+Services+NYC,,Cintas Cintas Restaurant Uniform Services NYC,False,v3v4
1329,NYC Adjacent,liab,NYSRA,,NY State Restaurant Association Liability Reports,2023,NYSRA,REPORT,none,2020_present,US,Citywide,none,insurance,en,NGO,none,none,LOW,NEEDED,,https://annas-archive.org/search?q=NYSRA+NY+State+Restaurant+Association+Liability+Reports,https://archive.org/search?query=NYSRA+NY+State+Restaurant+Association+Liability+Reports,,NYSRA NY State Restaurant Association Liability Reports,False,v3v4
1330,NYC Adjacent,kitchen_des,NYC,,Commercial Kitchen Build-Out Costs NYC,2022,Industry,ARTICLE,none,2020_present,US,Citywide,none,commercial_equip,en,media,none,none,MEDIUM,NEEDED,,https://annas-archive.org/search?q=NYC+Commercial+Kitchen+Build-Out+Costs+NYC,https://archive.org/search?query=NYC+Commercial+Kitchen+Build-Out+Costs+NYC,,NYC Commercial Kitchen Build-Out Costs NYC,False,v3v4
1331,NYC Adjacent,retail_leasing,CBRE,,NYC Retail Brokerage for Restaurant Tenants,2023,CBRE,REPORT,none,2020_present,US,Citywide,none,real_estate,en,trader,none,none,MEDIUM,NEEDED,,https://annas-archive.org/search?q=CBRE+NYC+Retail+Brokerage+for+Restaurant+Tenants,https://archive.org/search?query=CBRE+NYC+Retail+Brokerage+for+Restaurant+Tenants,,CBRE NYC Retail Brokerage for Restaurant Tenants,False,v3v4
1332,NYC Adjacent,pos_square,Square/Block,,Square Hardware Terminal NYC Adoption,2024,Block,GOV_DOC,none,2020_present,US,Citywide,none,pos_tech,en,trader,none,none,MEDIUM,NEEDED,,https://annas-archive.org/search?q=Square%2FBlock+Square+Hardware+Terminal+NYC+Adoption,https://archive.org/search?query=Square%2FBlock+Square+Hardware+Terminal+NYC+Adoption,,Square/Block Square Hardware Terminal NYC Adoption,False,v3v4
1333,NYC Adjacent,payments,Clover,,Clover POS NYC Restaurant Installs,2024,Fiserv Clover,GOV_DOC,none,2020_present,US,Citywide,none,pos_tech,en,trader,none,none,LOW,NEEDED,,https://annas-archive.org/search?q=Clover+Clover+POS+NYC+Restaurant+Installs,https://archive.org/search?query=Clover+Clover+POS+NYC+Restaurant+Installs,,Clover Clover POS NYC Restaurant Installs,False,v3v4
1334,NYC Adjacent,legal,LLL,,NYC Restaurant Legal Firms Landscape,2023,Law Firm Ranking,REPORT,none,2020_present,US,Citywide,none,legal,en,trader,none,none,LOW,NEEDED,,https://annas-archive.org/search?q=LLL+NYC+Restaurant+Legal+Firms+Landscape,https://archive.org/search?query=LLL+NYC+Restaurant+Legal+Firms+Landscape,,LLL NYC Restaurant Legal Firms Landscape,False,v3v4
1335,NYC Exchanges,ice,Intercontinental Exchange,,ICE Futures US (NY) Soft Commodities History,2024,ICE,GOV_DOC,none,spanning,US,Manhattan,none,finance,en,investor,none,none,FLAGSHIP,NEEDED,,https://annas-archive.org/search?q=Intercontinental+Exchange+ICE+Futures+US+%28NY%29+Soft+Commodities+History,https://archive.org/search?query=Intercontinental+Exchange+ICE+Futures+US+%28NY%29+Soft+Commodities+History,,Intercontinental Exchange ICE Futures US (NY) Soft Commodities History,False,v3v4
1336,NYC Exchanges,nybot,NYBOT,,NY Board of Trade Legacy Coffee Cocoa Sugar OJ,2010,NYBOT archive,REPORT,none,spanning,US,Manhattan,none,none,en,trader,none,coffee,HIGH,NEEDED,,https://annas-archive.org/search?q=NYBOT+NY+Board+of+Trade+Legacy+Coffee+Cocoa+Sugar+OJ,https://archive.org/search?query=NYBOT+NY+Board+of+Trade+Legacy+Coffee+Cocoa+Sugar+OJ,,NYBOT NY Board of Trade Legacy Coffee Cocoa Sugar OJ,False,v3v4
1337,NYC Exchanges,fcoj,Markham,Jerry,Frozen Concentrated OJ Futures History,2002,J Futures Markets,ARTICLE,none,spanning,US,Manhattan,none,none,en,academic,none,none,MEDIUM,NEEDED,,https://annas-archive.org/search?q=Markham+Frozen+Concentrated+OJ+Futures+History,https://archive.org/search?query=Markham+Frozen+Concentrated+OJ+Futures+History,,Markham Frozen Concentrated OJ Futures History,False,v3v4
1338,NYC Exchanges,coffee,ICE,,ICE Coffee C Contract Methodology,2024,ICE,DATASET_DOC,none,2020_present,US,Manhattan,none,none,en,trader,none,coffee,HIGH,NEEDED,,https://annas-archive.org/search?q=ICE+ICE+Coffee+C+Contract+Methodology,https://archive.org/search?query=ICE+ICE+Coffee+C+Contract+Methodology,,ICE ICE Coffee C Contract Methodology,False,v3v4
1339,NYC Exchanges,cocoa,ICE,,ICE Cocoa Contract 2024 Crisis,2024,ICE,REPORT,none,2020_present,US,Manhattan,none,none,en,trader,none,cocoa_chocolate,HIGH,NEEDED,,https://annas-archive.org/search?q=ICE+ICE+Cocoa+Contract+2024+Crisis,https://archive.org/search?query=ICE+ICE+Cocoa+Contract+2024+Crisis,,ICE ICE Cocoa Contract 2024 Crisis,False,v3v4
1340,NYC Exchanges,sugar,ICE,,ICE Sugar No. 11 Contract Methodology,2024,ICE,DATASET_DOC,sugar,2020_present,US,Manhattan,none,none,en,trader,none,none,HIGH,NEEDED,,https://annas-archive.org/search?q=ICE+ICE+Sugar+No.+11+Contract+Methodology,https://archive.org/search?query=ICE+ICE+Sugar+No.+11+Contract+Methodology,,ICE ICE Sugar No. 11 Contract Methodology,False,v3v4
1341,NYC Exchanges,cotton,NY Cotton,,NY Cotton Exchange Legacy,2008,ICE,REPORT,none,spanning,US,Manhattan,none,none,en,trader,none,none,LOW,NEEDED,,https://annas-archive.org/search?q=NY+Cotton+NY+Cotton+Exchange+Legacy,https://archive.org/search?query=NY+Cotton+NY+Cotton+Exchange+Legacy,,NY Cotton NY Cotton Exchange Legacy,False,v3v4
1342,NYC Exchanges,nymex,NYMEX,,NYMEX Food Commodity Futures (legacy),2008,CME Group,REPORT,none,spanning,US,Manhattan,none,none,en,trader,none,none,LOW,NEEDED,,https://annas-archive.org/search?q=NYMEX+NYMEX+Food+Commodity+Futures+%28legacy%29,https://archive.org/search?query=NYMEX+NYMEX+Food+Commodity+Futures+%28legacy%29,,NYMEX NYMEX Food Commodity Futures (legacy),False,v3v4
1343,NYC Exchanges,cme_migration,CME,,CME/ICE Consolidation and NYC Trading Floor Closures,2016,CME Group,GOV_DOC,none,2010_2020,US,Manhattan,none,none,en,trader,none,none,MEDIUM,NEEDED,,https://annas-archive.org/search?q=CME+CME%2FICE+Consolidation+and+NYC+Trading+Floor+Closures,https://archive.org/search?query=CME+CME%2FICE+Consolidation+and+NYC+Trading+Floor+Closures,,CME CME/ICE Consolidation and NYC Trading Floor Closures,False,v3v4
1344,NYC Exchanges,volatility,Wright,Brian D.,NY Soft-Commodity Futures Volatility 2010s,2018,Agricultural Finance Review,ARTICLE,none,2010_2020,US,Manhattan,none,none,en,academic,none,none,MEDIUM,NEEDED,,https://annas-archive.org/search?q=Wright+NY+Soft-Commodity+Futures+Volatility+2010s,https://archive.org/search?query=Wright+NY+Soft-Commodity+Futures+Volatility+2010s,,Wright NY Soft-Commodity Futures Volatility 2010s,False,v3v4
1345,NYC Food Startup,blue_apron,Blue Apron,,Blue Apron Founding and 10-K,2023,Blue Apron,GOV_DOC,none,2010_2020,US,Citywide,chain,none,en,investor,none,none,FLAGSHIP,NEEDED,,https://annas-archive.org/search?q=Blue+Apron+Blue+Apron+Founding+and+10-K,https://archive.org/search?query=Blue+Apron+Blue+Apron+Founding+and+10-K,,Blue Apron Blue Apron Founding and 10-K,False,v3v4
1346,NYC Food Startup,hellofresh,HelloFresh,,HelloFresh US HQ NYC and 10-K,2023,HelloFresh,GOV_DOC,none,2010_2020,US,Citywide,none,pos_tech,en,investor,none,none,HIGH,NEEDED,,https://annas-archive.org/search?q=HelloFresh+HelloFresh+US+HQ+NYC+and+10-K,https://archive.org/search?query=HelloFresh+HelloFresh+US+HQ+NYC+and+10-K,,HelloFresh HelloFresh US HQ NYC and 10-K,False,v3v4
1347,NYC Food Startup,misfits,Misfits Market,,Misfits Market Imperfect Produce Delivery,2022,Corporate,REPORT,none,2020_present,US,Citywide,supermarket,none,en,trader,none,none,MEDIUM,NEEDED,,https://annas-archive.org/search?q=Misfits+Market+Misfits+Market+Imperfect+Produce+Delivery,https://archive.org/search?query=Misfits+Market+Misfits+Market+Imperfect+Produce+Delivery,,Misfits Market Misfits Market Imperfect Produce Delivery,False,v3v4
1348,NYC Food Startup,daily,Daily Harvest,,Daily Harvest Business Model and 2022 Recall,2022,Corporate,REPORT,none,2020_present,US,Citywide,none,pos_tech,en,trader,none,none,MEDIUM,NEEDED,,https://annas-archive.org/search?q=Daily+Harvest+Daily+Harvest+Business+Model+and+2022+Recall,https://archive.org/search?query=Daily+Harvest+Daily+Harvest+Business+Model+and+2022+Recall,,Daily Harvest Daily Harvest Business Model and 2022 Recall,False,v3v4
1349,NYC Food Startup,thrive,Thrive Market,,Thrive Market Grocery Platform,2023,Corporate,REPORT,none,2020_present,US,Citywide,supermarket,none,en,trader,none,none,MEDIUM,NEEDED,,https://annas-archive.org/search?q=Thrive+Market+Thrive+Market+Grocery+Platform,https://archive.org/search?query=Thrive+Market+Thrive+Market+Grocery+Platform,,Thrive Market Thrive Market Grocery Platform,False,v3v4
1350,NYC Food Startup,eataly,Eataly,,Eataly NYC Expansion,2024,Eataly,GOV_DOC,none,2020_present,US,Manhattan,specialty_retail,none,en,foodservice,italian,none,MEDIUM,NEEDED,,https://annas-archive.org/search?q=Eataly+Eataly+NYC+Expansion,https://archive.org/search?query=Eataly+Eataly+NYC+Expansion,,Eataly Eataly NYC Expansion,False,v3v4
1351,NYC Food Startup,ushg,Union Square Hospitality,,Union Square Hospitality Group,2024,USHG,GOV_DOC,none,2020_present,US,Manhattan,fine_dining,none,en,foodservice,none,none,MEDIUM,NEEDED,,https://annas-archive.org/search?q=Union+Square+Hospitality+Union+Square+Hospitality+Group,https://archive.org/search?query=Union+Square+Hospitality+Union+Square+Hospitality+Group,,Union Square Hospitality Union Square Hospitality Group,False,v3v4
1352,NYC Food Startup,vc,Lerer Hippeau,,NYC Food Tech VC Investment Trends,2024,Lerer,REPORT,none,2020_present,US,Citywide,none,finance,en,investor,none,none,MEDIUM,NEEDED,,https://annas-archive.org/search?q=Lerer+Hippeau+NYC+Food+Tech+VC+Investment+Trends,https://archive.org/search?query=Lerer+Hippeau+NYC+Food+Tech+VC+Investment+Trends,,Lerer Hippeau NYC Food Tech VC Investment Trends,False,v3v4
1353,NYC Food Startup,plated,Plated,,Plated Acquisition by Albertsons,2017,Albertsons,GOV_DOC,none,2010_2020,US,Citywide,none,pos_tech,en,investor,none,none,LOW,NEEDED,,https://annas-archive.org/search?q=Plated+Plated+Acquisition+by+Albertsons,https://archive.org/search?query=Plated+Plated+Acquisition+by+Albertsons,,Plated Plated Acquisition by Albertsons,False,v3v4
1354,NYC Food Startup,dig,Dig Inn,,Dig Fast-Casual Corporate Growth,2023,Corporate,REPORT,none,2020_present,US,Manhattan,chain,none,en,foodservice,none,none,LOW,NEEDED,,https://annas-archive.org/search?q=Dig+Inn+Dig+Fast-Casual+Corporate+Growth,https://archive.org/search?query=Dig+Inn+Dig+Fast-Casual+Corporate+Growth,,Dig Inn Dig Fast-Casual Corporate Growth,False,v3v4
1355,NYC Food Startup,sweetgreen,Sweetgreen,,Sweetgreen NYC Expansion and IPO,2021,Sweetgreen,GOV_DOC,none,2020_present,US,Citywide,chain,none,en,investor,none,none,MEDIUM,NEEDED,,https://annas-archive.org/search?q=Sweetgreen+Sweetgreen+NYC+Expansion+and+IPO,https://archive.org/search?query=Sweetgreen+Sweetgreen+NYC+Expansion+and+IPO,,Sweetgreen Sweetgreen NYC Expansion and IPO,False,v3v4
1356,NYC Food Startup,shake_shack,Meyer,Danny,Shake Shack Origins and IPO,2015,Shake Shack,GOV_DOC,none,2010_2020,US,Manhattan,chain,none,en,foodservice,none,none,HIGH,NEEDED,,https://annas-archive.org/search?q=Meyer+Shake+Shack+Origins+and+IPO,https://archive.org/search?query=Meyer+Shake+Shack+Origins+and+IPO,,Meyer Shake Shack Origins and IPO,False,v3v4
1357,NYC Food Startup,chef_tech,ChefsFeed,,NYC Chef-Driven Tech Platforms,2022,Industry,REPORT,none,2020_present,US,Citywide,none,media,en,media,none,none,LOW,NEEDED,,https://annas-archive.org/search?q=ChefsFeed+NYC+Chef-Driven+Tech+Platforms,https://archive.org/search?query=ChefsFeed+NYC+Chef-Driven+Tech+Platforms,,ChefsFeed NYC Chef-Driven Tech Platforms,False,v3v4
1358,NYC Food Startup,alt_protein,Just Salad,,Just Salad NYC Plant-Forward Chain,2023,Corporate,REPORT,none,2020_present,US,Citywide,chain,none,en,foodservice,none,none,LOW,NEEDED,,https://annas-archive.org/search?q=Just+Salad+Just+Salad+NYC+Plant-Forward+Chain,https://archive.org/search?query=Just+Salad+Just+Salad+NYC+Plant-Forward+Chain,,Just Salad Just Salad NYC Plant-Forward Chain,False,v3v4
1359,NYC Food Startup,tech_hist,Columbia,,NYC Food-Tech Sector: A Decade Review,2022,Columbia Business,REPORT,none,2020_present,US,Citywide,none,pos_tech,en,academic,none,none,MEDIUM,NEEDED,,https://annas-archive.org/search?q=Columbia+NYC+Food-Tech+Sector%3A+A+Decade+Review,https://archive.org/search?query=Columbia+NYC+Food-Tech+Sector%3A+A+Decade+Review,,Columbia NYC Food-Tech Sector: A Decade Review,False,v3v4
1360,NYC Culinary Ed,cia,Culinary Institute of America,,CIA Hyde Park NY: Institutional History,2024,CIA,REPORT,none,spanning,US,Upstate,culinary_school,none,en,academic,none,none,FLAGSHIP,NEEDED,,https://annas-archive.org/search?q=Culinary+Institute+of+America+CIA+Hyde+Park+NY%3A+Institutional+History,https://archive.org/search?query=Culinary+Institute+of+America+CIA+Hyde+Park+NY%3A+Institutional+History,,Culinary Institute of America CIA Hyde Park NY: Institutional History,False,v3v4
1361,NYC Culinary Ed,ice,Institute of Culinary Education,,ICE NYC Program & Alumni Data,2024,ICE,REPORT,none,spanning,US,Manhattan,culinary_school,none,en,academic,none,none,HIGH,NEEDED,,https://annas-archive.org/search?q=Institute+of+Culinary+Education+ICE+NYC+Program+%26+Alumni+Data,https://archive.org/search?query=Institute+of+Culinary+Education+ICE+NYC+Program+%26+Alumni+Data,,Institute of Culinary Education ICE NYC Program & Alumni Data,False,v3v4
1362,NYC Culinary Ed,fci,French Culinary Institute,,FCI (now ICE) Legacy,2014,ICE,REPORT,none,1980_2010,US,Manhattan,culinary_school,none,en,academic,french,none,MEDIUM,NEEDED,,https://annas-archive.org/search?q=French+Culinary+Institute+FCI+%28now+ICE%29+Legacy,https://archive.org/search?query=French+Culinary+Institute+FCI+%28now+ICE%29+Legacy,,French Culinary Institute FCI (now ICE) Legacy,False,v3v4
1363,NYC Culinary Ed,nyu,NYU Steinhardt,,NYU Food Studies Program,2024,NYU,REPORT,none,2020_present,US,Manhattan,culinary_school,none,en,academic,none,none,HIGH,NEEDED,,https://annas-archive.org/search?q=NYU+Steinhardt+NYU+Food+Studies+Program,https://archive.org/search?query=NYU+Steinhardt+NYU+Food+Studies+Program,,NYU Steinhardt NYU Food Studies Program,False,v3v4
1364,NYC Culinary Ed,cuny,CUNY,,CUNY Food Studies Programs,2024,CUNY,REPORT,none,2020_present,US,Citywide,culinary_school,none,en,academic,none,none,MEDIUM,NEEDED,,https://annas-archive.org/search?q=CUNY+CUNY+Food+Studies+Programs,https://archive.org/search?query=CUNY+CUNY+Food+Studies+Programs,,CUNY CUNY Food Studies Programs,False,v3v4
1365,NYC Culinary Ed,beard_ed,James Beard Foundation,,JBF Culinary Scholarship Program,2024,JBF,REPORT,none,2020_present,US,Manhattan,culinary_school,none,en,NGO,none,none,MEDIUM,NEEDED,,https://annas-archive.org/search?q=James+Beard+Foundation+JBF+Culinary+Scholarship+Program,https://archive.org/search?query=James+Beard+Foundation+JBF+Culinary+Scholarship+Program,,James Beard Foundation JBF Culinary Scholarship Program,False,v3v4
1366,NYC Culinary Ed,tech_school,NYC DOE,,NYC Career and Technical Education Culinary,2023,NYC DOE,REPORT,none,2020_present,US,Citywide,culinary_school,none,en,regulator,none,none,MEDIUM,NEEDED,,https://annas-archive.org/search?q=NYC+DOE+NYC+Career+and+Technical+Education+Culinary,https://archive.org/search?query=NYC+DOE+NYC+Career+and+Technical+Education+Culinary,,NYC DOE NYC Career and Technical Education Culinary,False,v3v4
1367,NYC Culinary Ed,apprentice,ACF,,American Culinary Federation NYC Apprenticeship,2024,ACF,REPORT,none,2020_present,US,Citywide,culinary_school,none,en,NGO,none,none,LOW,NEEDED,,https://annas-archive.org/search?q=ACF+American+Culinary+Federation+NYC+Apprenticeship,https://archive.org/search?query=ACF+American+Culinary+Federation+NYC+Apprenticeship,,ACF American Culinary Federation NYC Apprenticeship,False,v3v4
1368,NYC Culinary Ed,pastry,FCI,,French Pastry Arts Programs NYC,2021,ICE,REPORT,none,2020_present,US,Manhattan,culinary_school,none,en,academic,french,none,LOW,NEEDED,,https://annas-archive.org/search?q=FCI+French+Pastry+Arts+Programs+NYC,https://archive.org/search?query=FCI+French+Pastry+Arts+Programs+NYC,,FCI French Pastry Arts Programs NYC,False,v3v4
1369,NYC Culinary Ed,diversity,NYC Hospitality,,Diversity in NYC Culinary Education 2020-2024,2024,NYC Hospitality Alliance,REPORT,none,2020_present,US,Citywide,culinary_school,none,en,NGO,none,none,MEDIUM,NEEDED,,https://annas-archive.org/search?q=NYC+Hospitality+Diversity+in+NYC+Culinary+Education+2020-2024,https://archive.org/search?query=NYC+Hospitality+Diversity+in+NYC+Culinary+Education+2020-2024,,NYC Hospitality Diversity in NYC Culinary Education 2020-2024,False,v3v4
1370,Pre-Columbian,maya,Coe,Michael D.,The Maya,2015,Thames & Hudson,BOOK,none,pre1900,LatAm,none,none,none,en,academic,none,none,FLAGSHIP,NEEDED,,https://annas-archive.org/search?q=Coe+The+Maya,https://archive.org/search?query=Coe+The+Maya,,Coe The Maya,False,v3v4
1371,Pre-Columbian,aztec,Ortiz de Montellano,Bernard,Aztec Medicine Health and Nutrition,1990,Rutgers UP,BOOK,none,pre1900,LatAm,none,none,none,en,academic,none,none,HIGH,NEEDED,,https://annas-archive.org/search?q=Ortiz+de+Montellano+Aztec+Medicine+Health+and+Nutrition,https://archive.org/search?query=Ortiz+de+Montellano+Aztec+Medicine+Health+and+Nutrition,,Ortiz de Montellano Aztec Medicine Health and Nutrition,False,v3v4
1372,Pre-Columbian,aztec,Pilcher,Jeffrey,Planet Taco: A Global History of Mexican Food,2012,Oxford UP,BOOK,none,spanning,LatAm,none,none,none,en,academic,mexican,none,HIGH,NEEDED,,https://annas-archive.org/search?q=Pilcher+Planet+Taco%3A+A+Global+History+of+Mexican+Food,https://archive.org/search?query=Pilcher+Planet+Taco%3A+A+Global+History+of+Mexican+Food,,Pilcher Planet Taco: A Global History of Mexican Food,False,v3v4
1373,Pre-Columbian,andes,Murra,John,The Economic Organization of the Inca State,1956,U Chicago,BOOK,none,pre1900,LatAm,none,none,none,en,academic,none,none,HIGH,NEEDED,,https://annas-archive.org/search?q=Murra+The+Economic+Organization+of+the+Inca+State,https://archive.org/search?query=Murra+The+Economic+Organization+of+the+Inca+State,,Murra The Economic Organization of the Inca State,False,v3v4
1374,Pre-Columbian,pueblo,Kennett,Douglas,Chaco Canyon Food Provisioning,2009,Journal of Archaeological Research,ARTICLE,none,pre1900,US,none,none,none,en,academic,none,none,MEDIUM,NEEDED,,https://annas-archive.org/search?q=Kennett+Chaco+Canyon+Food+Provisioning,https://archive.org/search?query=Kennett+Chaco+Canyon+Food+Provisioning,,Kennett Chaco Canyon Food Provisioning,False,v3v4
1375,Pre-Columbian,haudenosaunee,Mt Pleasant,Jane,Three Sisters Agriculture Haudenosaunee,2016,Agricultural History,ARTICLE,none,spanning,US,none,none,none,en,academic,none,none,HIGH,NEEDED,,https://annas-archive.org/search?q=Mt+Pleasant+Three+Sisters+Agriculture+Haudenosaunee,https://archive.org/search?query=Mt+Pleasant+Three+Sisters+Agriculture+Haudenosaunee,,Mt Pleasant Three Sisters Agriculture Haudenosaunee,False,v3v4
1376,Pre-Columbian,native_food,Kimmerer,Robin Wall,Braiding Sweetgrass,2013,Milkweed,BOOK,none,spanning,US,none,none,none,en,academic,none,none,HIGH,NEEDED,,https://annas-archive.org/search?q=Kimmerer+Braiding+Sweetgrass,https://archive.org/search?query=Kimmerer+Braiding+Sweetgrass,,Kimmerer Braiding Sweetgrass,False,v3v4
1377,Pre-Columbian,native_sov,White,Monica,Freedom Farmers: Agricultural Resistance and the Black Freedom Movement,2018,UNC Press,BOOK,none,spanning,US,none,none,none,en,academic,none,none,HIGH,NEEDED,,https://annas-archive.org/search?q=White+Freedom+Farmers%3A+Agricultural+Resistance+and+the+Black+Freedom+Movement,https://archive.org/search?query=White+Freedom+Farmers%3A+Agricultural+Resistance+and+the+Black+Freedom+Movement,,White Freedom Farmers: Agricultural Resistance and the Black Freedom Movement,False,v3v4
1378,Pre-Columbian,maize,Warman,Arturo,Corn and Capitalism: How a Botanical Bastard Grew to Global Dominance,2003,UNC Press,BOOK,cereals,spanning,Global,none,none,none,en,academic,none,none,HIGH,NEEDED,,https://annas-archive.org/search?q=Warman+Corn+and+Capitalism%3A+How+a+Botanical+Bastard+Grew+to+Global+Dominance,https://archive.org/search?query=Warman+Corn+and+Capitalism%3A+How+a+Botanical+Bastard+Grew+to+Global+Dominance,,Warman Corn and Capitalism: How a Botanical Bastard Grew to Global Dominance,False,v3v4
1379,Pre-Columbian,potato,Reader,John,Potato: A History of the Propitious Esculent,2008,Yale UP,BOOK,none,spanning,Global,none,none,none,en,academic,none,none,HIGH,NEEDED,,https://annas-archive.org/search?q=Reader+Potato%3A+A+History+of+the+Propitious+Esculent,https://archive.org/search?query=Reader+Potato%3A+A+History+of+the+Propitious+Esculent,,Reader Potato: A History of the Propitious Esculent,False,v3v4
1380,Pre-Columbian,chocolate,Coe,Sophie,The True History of Chocolate,1996,Thames & Hudson,BOOK,none,spanning,Global,none,none,none,en,academic,none,cocoa_chocolate,HIGH,NEEDED,,https://annas-archive.org/search?q=Coe+The+True+History+of+Chocolate,https://archive.org/search?query=Coe+The+True+History+of+Chocolate,,Coe The True History of Chocolate,False,v3v4
1381,Pre-Columbian,beans,Nabhan,Gary Paul,Renewing America's Food Traditions,2008,Chelsea Green,BOOK,none,spanning,US,none,none,none,en,academic,none,none,MEDIUM,NEEDED,,https://annas-archive.org/search?q=Nabhan+Renewing+America%27s+Food+Traditions,https://archive.org/search?query=Nabhan+Renewing+America%27s+Food+Traditions,,Nabhan Renewing America's Food Traditions,False,v3v4
1382,Pre-Columbian,native_fish,Taylor,Joseph E.,Making Salmon: An Environmental History of the Northwest Fisheries Crisis,1999,U Washington Press,BOOK,none,spanning,US,none,none,none,en,academic,none,none,MEDIUM,NEEDED,,https://annas-archive.org/search?q=Taylor+Making+Salmon%3A+An+Environmental+History+of+the+Northwest+Fisheries+Crisis,https://archive.org/search?query=Taylor+Making+Salmon%3A+An+Environmental+History+of+the+Northwest+Fisheries+Crisis,,Taylor Making Salmon: An Environmental History of the Northwest Fisheries Crisis,False,v3v4
1383,Pre-Columbian,corn_recip,Fussell,Betty,The Story of Corn,1992,Knopf,BOOK,cereals,spanning,US,none,none,none,en,academic,none,none,MEDIUM,NEEDED,,https://annas-archive.org/search?q=Fussell+The+Story+of+Corn,https://archive.org/search?query=Fussell+The+Story+of+Corn,,Fussell The Story of Corn,False,v3v4
1384,Pre-Columbian,sov_movement,Clark,Danielle,Native American Food Sovereignty Reports,2024,Intertribal Ag Council,REPORT,none,2020_present,US,none,none,none,en,NGO,none,none,MEDIUM,NEEDED,,https://annas-archive.org/search?q=Clark+Native+American+Food+Sovereignty+Reports,https://archive.org/search?query=Clark+Native+American+Food+Sovereignty+Reports,,Clark Native American Food Sovereignty Reports,False,v3v4
1385,Columbian Exchange,crosby,Crosby,Alfred W.,The Columbian Exchange: Biological and Cultural Consequences of 1492,1972,Greenwood,BOOK,none,pre1900,Global,none,none,none,en,academic,none,none,FLAGSHIP,NEEDED,,https://annas-archive.org/search?q=Crosby+The+Columbian+Exchange%3A+Biological+and+Cultural+Consequences+of+1492,https://archive.org/search?query=Crosby+The+Columbian+Exchange%3A+Biological+and+Cultural+Consequences+of+1492,,Crosby The Columbian Exchange: Biological and Cultural Consequences of 1492,False,v3v4
1386,Columbian Exchange,crosby,Crosby,Alfred W.,Ecological Imperialism: The Biological Expansion of Europe 900-1900,1986,Cambridge UP,BOOK,none,pre1900,Global,none,none,none,en,academic,none,none,HIGH,NEEDED,,https://annas-archive.org/search?q=Crosby+Ecological+Imperialism%3A+The+Biological+Expansion+of+Europe+900-1900,https://archive.org/search?query=Crosby+Ecological+Imperialism%3A+The+Biological+Expansion+of+Europe+900-1900,,Crosby Ecological Imperialism: The Biological Expansion of Europe 900-1900,False,v3v4
1387,Columbian Exchange,mann,Mann,Charles C.,1491: New Revelations of the Americas Before Columbus,2005,Knopf,BOOK,none,pre1900,Global,none,none,none,en,academic,none,none,HIGH,NEEDED,,https://annas-archive.org/search?q=Mann+1491%3A+New+Revelations+of+the+Americas+Before+Columbus,https://archive.org/search?query=Mann+1491%3A+New+Revelations+of+the+Americas+Before+Columbus,,Mann 1491: New Revelations of the Americas Before Columbus,False,v3v4
1388,Columbian Exchange,mann,Mann,Charles C.,1493: Uncovering the New World Columbus Created,2011,Knopf,BOOK,none,pre1900,Global,none,none,none,en,academic,none,none,HIGH,NEEDED,,https://annas-archive.org/search?q=Mann+1493%3A+Uncovering+the+New+World+Columbus+Created,https://archive.org/search?query=Mann+1493%3A+Uncovering+the+New+World+Columbus+Created,,Mann 1493: Uncovering the New World Columbus Created,False,v3v4
1389,Columbian Exchange,mcneill,McNeill,William H.,Plagues and Peoples,1976,Anchor,BOOK,none,pre1900,Global,none,none,none,en,academic,none,none,HIGH,NEEDED,,https://annas-archive.org/search?q=McNeill+Plagues+and+Peoples,https://archive.org/search?query=McNeill+Plagues+and+Peoples,,McNeill Plagues and Peoples,False,v3v4
1390,Columbian Exchange,potato_trans,Salaman,Redcliffe,The History and Social Influence of the Potato,1949,Cambridge UP,BOOK,none,pre1900,Global,none,none,none,en,academic,none,none,HIGH,NEEDED,,https://annas-archive.org/search?q=Salaman+The+History+and+Social+Influence+of+the+Potato,https://archive.org/search?query=Salaman+The+History+and+Social+Influence+of+the+Potato,,Salaman The History and Social Influence of the Potato,False,v3v4
1391,Columbian Exchange,sugar_trans,Mintz,Sidney,Sweetness and Power,1985,Viking,BOOK,sugar,spanning,Global,none,none,none,en,academic,none,none,HIGH,NEEDED,,https://annas-archive.org/search?q=Mintz+Sweetness+and+Power,https://archive.org/search?query=Mintz+Sweetness+and+Power,,Mintz Sweetness and Power,False,v3v4
1392,Columbian Exchange,maize_europe,Warman,Arturo,Corn Invasion of Europe,2003,UNC Press,CHAPTER,cereals,spanning,Europe,none,none,none,en,academic,none,none,MEDIUM,NEEDED,,https://annas-archive.org/search?q=Warman+Corn+Invasion+of+Europe,https://archive.org/search?query=Warman+Corn+Invasion+of+Europe,,Warman Corn Invasion of Europe,False,v3v4
1393,Columbian Exchange,tomato_italy,Gentilcore,David,Pomodoro! A History of the Tomato in Italy,2010,Columbia UP,BOOK,none,pre1900,Europe,none,none,none,en,academic,italian,none,HIGH,NEEDED,,https://annas-archive.org/search?q=Gentilcore+Pomodoro%21+A+History+of+the+Tomato+in+Italy,https://archive.org/search?query=Gentilcore+Pomodoro%21+A+History+of+the+Tomato+in+Italy,,Gentilcore Pomodoro! A History of the Tomato in Italy,False,v3v4
1394,Columbian Exchange,chili,Andrews,Jean,Peppers: The Domesticated Capsicums,1995,U Texas Press,BOOK,none,spanning,Global,none,none,none,en,academic,none,none,HIGH,NEEDED,,https://annas-archive.org/search?q=Andrews+Peppers%3A+The+Domesticated+Capsicums,https://archive.org/search?query=Andrews+Peppers%3A+The+Domesticated+Capsicums,,Andrews Peppers: The Domesticated Capsicums,False,v3v4
1395,Columbian Exchange,cacao,Off,Carol,Bitter Chocolate,2008,New Press,BOOK,none,spanning,Global,none,none,none,en,academic,none,cocoa_chocolate,HIGH,NEEDED,,https://annas-archive.org/search?q=Off+Bitter+Chocolate,https://archive.org/search?query=Off+Bitter+Chocolate,,Off Bitter Chocolate,False,v3v4
1396,Columbian Exchange,pineapple,Beauman,Fran,The Pineapple: King of Fruits,2006,Chatto,BOOK,none,spanning,Global,none,none,none,en,academic,none,none,MEDIUM,NEEDED,,https://annas-archive.org/search?q=Beauman+The+Pineapple%3A+King+of+Fruits,https://archive.org/search?query=Beauman+The+Pineapple%3A+King+of+Fruits,,Beauman The Pineapple: King of Fruits,False,v3v4
1397,Columbian Exchange,banana,Koeppel,Dan,Banana: The Fate of the Fruit That Changed the World,2007,Hudson Street,BOOK,none,spanning,Global,none,none,none,en,academic,none,none,HIGH,NEEDED,,https://annas-archive.org/search?q=Koeppel+Banana%3A+The+Fate+of+the+Fruit+That+Changed+the+World,https://archive.org/search?query=Koeppel+Banana%3A+The+Fate+of+the+Fruit+That+Changed+the+World,,Koeppel Banana: The Fate of the Fruit That Changed the World,False,v3v4
1398,Columbian Exchange,coffee_col,Topik,Steven,The Global Coffee Economy,2003,Cambridge UP,BOOK,none,pre1900,Global,none,none,none,en,academic,none,coffee,HIGH,NEEDED,,https://annas-archive.org/search?q=Topik+The+Global+Coffee+Economy,https://archive.org/search?query=Topik+The+Global+Coffee+Economy,,Topik The Global Coffee Economy,False,v3v4
1399,Columbian Exchange,colonial_food,Warman,Arturo,Food and Global Exchange,2000,Pan-American,CHAPTER,none,pre1900,Global,none,none,none,en,academic,none,none,MEDIUM,NEEDED,,https://annas-archive.org/search?q=Warman+Food+and+Global+Exchange,https://archive.org/search?query=Warman+Food+and+Global+Exchange,,Warman Food and Global Exchange,False,v3v4
1400,European Food,flandrin,Flandrin,Jean-Louis,Histoire de l'alimentation,1996,Fayard,BOOK,none,spanning,Europe,none,none,none,fr,academic,none,none,FLAGSHIP,NEEDED,,https://annas-archive.org/search?q=Flandrin+Histoire+de+l%27alimentation,https://archive.org/search?query=Flandrin+Histoire+de+l%27alimentation,,Flandrin Histoire de l'alimentation,False,v3v4
1401,European Food,montanari,Montanari,Massimo,La fame e l'abbondanza: Storia dell'alimentazione in Europa,1993,Laterza,BOOK,none,spanning,Europe,none,none,none,it,academic,none,none,HIGH,NEEDED,,https://annas-archive.org/search?q=Montanari+La+fame+e+l%27abbondanza%3A+Storia+dell%27alimentazione+in+Europa,https://archive.org/search?query=Montanari+La+fame+e+l%27abbondanza%3A+Storia+dell%27alimentazione+in+Europa,,Montanari La fame e l'abbondanza: Storia dell'alimentazione in Europa,False,v3v4
1402,European Food,spang,Spang,Rebecca,The Invention of the Restaurant: Paris and Modern Gastronomic Culture,2000,Harvard UP,BOOK,none,pre1900,Europe,none,none,none,en,academic,french,none,HIGH,NEEDED,,https://annas-archive.org/search?q=Spang+The+Invention+of+the+Restaurant%3A+Paris+and+Modern+Gastronomic+Culture,https://archive.org/search?query=Spang+The+Invention+of+the+Restaurant%3A+Paris+and+Modern+Gastronomic+Culture,,Spang The Invention of the Restaurant: Paris and Modern Gastronomic Culture,False,v3v4
1403,European Food,scully,Scully,Terence,The Art of Cookery in the Middle Ages,1995,Boydell,BOOK,none,pre1900,Europe,none,none,none,en,academic,none,none,HIGH,NEEDED,,https://annas-archive.org/search?q=Scully+The+Art+of+Cookery+in+the+Middle+Ages,https://archive.org/search?query=Scully+The+Art+of+Cookery+in+the+Middle+Ages,,Scully The Art of Cookery in the Middle Ages,False,v3v4
1404,European Food,laudan,Laudan,Rachel,Cuisine and Empire: Cooking in World History,2013,UC Press,BOOK,none,spanning,Global,none,none,none,en,academic,none,none,HIGH,NEEDED,,https://annas-archive.org/search?q=Laudan+Cuisine+and+Empire%3A+Cooking+in+World+History,https://archive.org/search?query=Laudan+Cuisine+and+Empire%3A+Cooking+in+World+History,,Laudan Cuisine and Empire: Cooking in World History,False,v3v4
1405,European Food,ferguson,Ferguson,Priscilla Parkhurst,Accounting for Taste: The Triumph of French Cuisine,2004,U Chicago Press,BOOK,none,spanning,Europe,none,none,none,en,academic,french,none,HIGH,NEEDED,,https://annas-archive.org/search?q=Ferguson+Accounting+for+Taste%3A+The+Triumph+of+French+Cuisine,https://archive.org/search?query=Ferguson+Accounting+for+Taste%3A+The+Triumph+of+French+Cuisine,,Ferguson Accounting for Taste: The Triumph of French Cuisine,False,v3v4
1406,European Food,escoffier,Escoffier,Auguste,Le Guide Culinaire,1903,Flammarion,BOOK,none,pre1900,Europe,none,none,none,fr,academic,french,none,HIGH,NEEDED,,https://annas-archive.org/search?q=Escoffier+Le+Guide+Culinaire,https://archive.org/search?query=Escoffier+Le+Guide+Culinaire,,Escoffier Le Guide Culinaire,False,v3v4
1407,European Food,brillat,Brillat-Savarin,Jean Anthelme,Physiologie du goût,1825,Sautelet,BOOK,none,pre1900,Europe,none,none,none,fr,academic,french,none,HIGH,NEEDED,,https://annas-archive.org/search?q=Brillat-Savarin+Physiologie+du+go%C3%BBt,https://archive.org/search?query=Brillat-Savarin+Physiologie+du+go%C3%BBt,,Brillat-Savarin Physiologie du goût,False,v3v4
1408,European Food,bocuse,Bocuse,Paul,La Cuisine du Marché,1976,Flammarion,BOOK,none,1945_1980,Europe,none,none,none,fr,academic,french,none,MEDIUM,NEEDED,,https://annas-archive.org/search?q=Bocuse+La+Cuisine+du+March%C3%A9,https://archive.org/search?query=Bocuse+La+Cuisine+du+March%C3%A9,,Bocuse La Cuisine du Marché,False,v3v4
1409,European Food,nouvelle_eur,Gault,Henri,Gault-Millau: A Guide to the New Cuisine,1973,Gault Millau,REPORT,none,1945_1980,Europe,none,none,none,fr,academic,french,none,MEDIUM,NEEDED,,https://annas-archive.org/search?q=Gault+Gault-Millau%3A+A+Guide+to+the+New+Cuisine,https://archive.org/search?query=Gault+Gault-Millau%3A+A+Guide+to+the+New+Cuisine,,Gault Gault-Millau: A Guide to the New Cuisine,False,v3v4
1410,European Food,michelin,Michelin,,Michelin Guide France History 1900-,1900,Michelin,DATASET_DOC,none,spanning,Europe,none,none,none,fr,academic,french,none,HIGH,NEEDED,,https://annas-archive.org/search?q=Michelin+Michelin+Guide+France+History+1900-,https://archive.org/search?query=Michelin+Michelin+Guide+France+History+1900-,,Michelin Michelin Guide France History 1900-,False,v3v4
1411,European Food,artusi,Artusi,Pellegrino,La scienza in cucina e l'arte di mangiar bene,1891,Self-published,BOOK,none,pre1900,Europe,none,none,none,it,academic,italian,none,HIGH,NEEDED,,https://annas-archive.org/search?q=Artusi+La+scienza+in+cucina+e+l%27arte+di+mangiar+bene,https://archive.org/search?query=Artusi+La+scienza+in+cucina+e+l%27arte+di+mangiar+bene,,Artusi La scienza in cucina e l'arte di mangiar bene,False,v3v4
1412,European Food,slow_food,Petrini,Carlo,Slow Food: The Case for Taste,2001,Columbia UP,BOOK,none,1980_2010,Europe,none,none,none,en,academic,italian,none,HIGH,NEEDED,,https://annas-archive.org/search?q=Petrini+Slow+Food%3A+The+Case+for+Taste,https://archive.org/search?query=Petrini+Slow+Food%3A+The+Case+for+Taste,,Petrini Slow Food: The Case for Taste,False,v3v4
1413,European Food,beeton,Beeton,Isabella,Mrs Beeton's Book of Household Management,1861,S.O. Beeton,BOOK,none,pre1900,Europe,none,none,none,en,academic,none,none,HIGH,NEEDED,,https://annas-archive.org/search?q=Beeton+Mrs+Beeton%27s+Book+of+Household+Management,https://archive.org/search?query=Beeton+Mrs+Beeton%27s+Book+of+Household+Management,,Beeton Mrs Beeton's Book of Household Management,False,v3v4
1414,European Food,david,David,Elizabeth,French Provincial Cooking,1960,Michael Joseph,BOOK,none,1945_1980,Europe,none,none,none,en,academic,french,none,MEDIUM,NEEDED,,https://annas-archive.org/search?q=David+French+Provincial+Cooking,https://archive.org/search?query=David+French+Provincial+Cooking,,David French Provincial Cooking,False,v3v4
1415,European Food,grigson,Grigson,Jane,Jane Grigson's Vegetable Book,1978,Atheneum,BOOK,none,1945_1980,Europe,none,none,none,en,academic,none,none,MEDIUM,NEEDED,,https://annas-archive.org/search?q=Grigson+Jane+Grigson%27s+Vegetable+Book,https://archive.org/search?query=Grigson+Jane+Grigson%27s+Vegetable+Book,,Grigson Jane Grigson's Vegetable Book,False,v3v4
1416,European Food,inao,INAO,,INAO Appellations d'Origine Methodology,2024,INAO France,DATASET_DOC,none,2020_present,Europe,none,none,none,fr,regulator,french,wine,HIGH,NEEDED,,https://annas-archive.org/search?q=INAO+INAO+Appellations+d%27Origine+Methodology,https://archive.org/search?query=INAO+INAO+Appellations+d%27Origine+Methodology,,INAO INAO Appellations d'Origine Methodology,False,v3v4
1417,European Food,dop,DOP Italy,,Italian DOP/IGP Protected Designations,2024,Italian Ministry,REPORT,none,2020_present,Europe,none,none,none,it,regulator,italian,none,MEDIUM,NEEDED,,https://annas-archive.org/search?q=DOP+Italy+Italian+DOP%2FIGP+Protected+Designations,https://archive.org/search?query=DOP+Italy+Italian+DOP%2FIGP+Protected+Designations,,DOP Italy Italian DOP/IGP Protected Designations,False,v3v4
1418,European Food,teuteberg,Teuteberg,Hans Jürgen,European Food History Comparative Approach,1992,Leicester UP,BOOK,none,spanning,Europe,none,none,none,de,academic,none,none,HIGH,NEEDED,,https://annas-archive.org/search?q=Teuteberg+European+Food+History+Comparative+Approach,https://archive.org/search?query=Teuteberg+European+Food+History+Comparative+Approach,,Teuteberg European Food History Comparative Approach,False,v3v4
1419,European Food,bnf,BNF,,Bibliothèque nationale de France Food-Trade Archives,2024,BNF,DATASET_DOC,none,spanning,Europe,none,none,none,fr,academic,none,none,MEDIUM,NEEDED,,https://annas-archive.org/search?q=BNF+Biblioth%C3%A8que+nationale+de+France+Food-Trade+Archives,https://archive.org/search?query=BNF+Biblioth%C3%A8que+nationale+de+France+Food-Trade+Archives,,BNF Bibliothèque nationale de France Food-Trade Archives,False,v3v4
1420,French Cuisine,michelin_hist,Harp,Stephen L.,Marketing Michelin: Advertising and Cultural Identity,2001,Johns Hopkins,BOOK,none,1900_1945,Europe,none,none,none,en,academic,french,none,FLAGSHIP,NEEDED,,https://annas-archive.org/search?q=Harp+Marketing+Michelin%3A+Advertising+and+Cultural+Identity,https://archive.org/search?query=Harp+Marketing+Michelin%3A+Advertising+and+Cultural+Identity,,Harp Marketing Michelin: Advertising and Cultural Identity,False,v3v4
1421,French Cuisine,point,Point,Fernand,Ma Gastronomie,1969,Flammarion,BOOK,none,1945_1980,Europe,none,none,none,fr,academic,french,none,HIGH,NEEDED,,https://annas-archive.org/search?q=Point+Ma+Gastronomie,https://archive.org/search?query=Point+Ma+Gastronomie,,Point Ma Gastronomie,False,v3v4
1422,French Cuisine,careme,Carême,Marie-Antoine,Le Pâtissier royal parisien,1815,Didot,BOOK,none,pre1900,Europe,none,none,none,fr,academic,french,none,HIGH,NEEDED,,https://annas-archive.org/search?q=Car%C3%AAme+Le+P%C3%A2tissier+royal+parisien,https://archive.org/search?query=Car%C3%AAme+Le+P%C3%A2tissier+royal+parisien,,Carême Le Pâtissier royal parisien,False,v3v4
1423,French Cuisine,la_varenne,La Varenne,François Pierre,Le Cuisinier françois,1651,Paris,BOOK,none,pre1900,Europe,none,none,none,fr,academic,french,none,MEDIUM,NEEDED,,https://annas-archive.org/search?q=La+Varenne+Le+Cuisinier+fran%C3%A7ois,https://archive.org/search?query=La+Varenne+Le+Cuisinier+fran%C3%A7ois,,La Varenne Le Cuisinier françois,False,v3v4
1424,French Cuisine,nouvelle,Mennell,Stephen,All Manners of Food: Eating and Taste in England and France from Middle Ages to Present,1985,Blackwell,BOOK,none,spanning,Europe,none,none,none,en,academic,french,none,HIGH,NEEDED,,https://annas-archive.org/search?q=Mennell+All+Manners+of+Food%3A+Eating+and+Taste+in+England+and+France+from+Middle+Ages+to+Present,https://archive.org/search?query=Mennell+All+Manners+of+Food%3A+Eating+and+Taste+in+England+and+France+from+Middle+Ages+to+Present,,Mennell All Manners of Food: Eating and Taste in England and France from Middle Ages to Present,False,v3v4
1425,French Cuisine,child,Child,Julia,Mastering the Art of French Cooking,1961,Knopf,BOOK,none,1945_1980,US,none,none,none,en,academic,french,none,HIGH,NEEDED,,https://annas-archive.org/search?q=Child+Mastering+the+Art+of+French+Cooking,https://archive.org/search?query=Child+Mastering+the+Art+of+French+Cooking,,Child Mastering the Art of French Cooking,False,v3v4
1426,French Cuisine,child_tv,Polan,Dana,Julia Child's The French Chef,2011,Duke UP,BOOK,none,1945_1980,US,none,none,none,en,academic,french,none,MEDIUM,NEEDED,,https://annas-archive.org/search?q=Polan+Julia+Child%27s+The+French+Chef,https://archive.org/search?query=Polan+Julia+Child%27s+The+French+Chef,,Polan Julia Child's The French Chef,False,v3v4
1427,French Cuisine,ducasse,Ducasse,Alain,Grand Livre de Cuisine,2005,Ducasse Edition,BOOK,none,1980_2010,Europe,none,none,none,fr,academic,french,none,MEDIUM,NEEDED,,https://annas-archive.org/search?q=Ducasse+Grand+Livre+de+Cuisine,https://archive.org/search?query=Ducasse+Grand+Livre+de+Cuisine,,Ducasse Grand Livre de Cuisine,False,v3v4
1428,French Cuisine,pic,Pic,Anne-Sophie,Anne-Sophie Pic Restaurant History,2022,Culinary archive,REPORT,none,2020_present,Europe,none,none,none,en,academic,french,none,LOW,NEEDED,,https://annas-archive.org/search?q=Pic+Anne-Sophie+Pic+Restaurant+History,https://archive.org/search?query=Pic+Anne-Sophie+Pic+Restaurant+History,,Pic Anne-Sophie Pic Restaurant History,False,v3v4
1429,French Cuisine,nouvelle_ref,Gopnik,Adam,The Table Comes First: Family France and the Meaning of Food,2011,Knopf,BOOK,none,2010_2020,Europe,none,none,none,en,academic,french,none,MEDIUM,NEEDED,,https://annas-archive.org/search?q=Gopnik+The+Table+Comes+First%3A+Family+France+and+the+Meaning+of+Food,https://archive.org/search?query=Gopnik+The+Table+Comes+First%3A+Family+France+and+the+Meaning+of+Food,,Gopnik The Table Comes First: Family France and the Meaning of Food,False,v3v4
1430,French Cuisine,boucher,Trubek,Amy,Haute Cuisine: How the French Invented the Culinary Profession,2000,U Pennsylvania Press,BOOK,none,spanning,Europe,none,none,none,en,academic,french,none,HIGH,NEEDED,,https://annas-archive.org/search?q=Trubek+Haute+Cuisine%3A+How+the+French+Invented+the+Culinary+Profession,https://archive.org/search?query=Trubek+Haute+Cuisine%3A+How+the+French+Invented+the+Culinary+Profession,,Trubek Haute Cuisine: How the French Invented the Culinary Profession,False,v3v4
1431,French Cuisine,hotels,Parkhurst,Priscilla,Paris Fine Dining: 20c Trajectory,2010,French Historical Studies,ARTICLE,none,1900_1945,Europe,none,none,none,en,academic,french,none,MEDIUM,NEEDED,,https://annas-archive.org/search?q=Parkhurst+Paris+Fine+Dining%3A+20c+Trajectory,https://archive.org/search?query=Parkhurst+Paris+Fine+Dining%3A+20c+Trajectory,,Parkhurst Paris Fine Dining: 20c Trajectory,False,v3v4
1432,French Cuisine,cookbook,Scappi,Bartolomeo,Opera (16c Italian cookbook),1570,Tramezzino,BOOK,none,pre1900,Europe,none,none,none,it,academic,italian,none,MEDIUM,NEEDED,,https://annas-archive.org/search?q=Scappi+Opera+%2816c+Italian+cookbook%29,https://archive.org/search?query=Scappi+Opera+%2816c+Italian+cookbook%29,,Scappi Opera (16c Italian cookbook),False,v3v4
1433,French Cuisine,ancient,Apicius,,De Re Coquinaria (Roman cookbook),400,Classical,BOOK,none,pre1900,Europe,none,none,none,other,academic,none,none,MEDIUM,NEEDED,,https://annas-archive.org/search?q=Apicius+De+Re+Coquinaria+%28Roman+cookbook%29,https://archive.org/search?query=Apicius+De+Re+Coquinaria+%28Roman+cookbook%29,,Apicius De Re Coquinaria (Roman cookbook),False,v3v4
1434,French Cuisine,new_nordic,Meyer,Claus,Noma: Time and Place in Nordic Cuisine,2010,Phaidon,BOOK,none,2010_2020,Europe,none,none,none,en,academic,nordic,none,MEDIUM,NEEDED,,https://annas-archive.org/search?q=Meyer+Noma%3A+Time+and+Place+in+Nordic+Cuisine,https://archive.org/search?query=Meyer+Noma%3A+Time+and+Place+in+Nordic+Cuisine,,Meyer Noma: Time and Place in Nordic Cuisine,False,v3v4
1435,Italian Food,parasecoli,Parasecoli,Fabio,Al Dente: A History of Food in Italy,2014,Reaktion,BOOK,none,spanning,Europe,none,none,none,en,academic,italian,none,FLAGSHIP,NEEDED,,https://annas-archive.org/search?q=Parasecoli+Al+Dente%3A+A+History+of+Food+in+Italy,https://archive.org/search?query=Parasecoli+Al+Dente%3A+A+History+of+Food+in+Italy,,Parasecoli Al Dente: A History of Food in Italy,False,v3v4
1436,Italian Food,petrini,Petrini,Carlo,Slow Food Nation: Why Our Food Should Be Good Clean and Fair,2007,Rizzoli,BOOK,none,1980_2010,Europe,none,none,none,en,academic,italian,none,HIGH,NEEDED,,https://annas-archive.org/search?q=Petrini+Slow+Food+Nation%3A+Why+Our+Food+Should+Be+Good+Clean+and+Fair,https://archive.org/search?query=Petrini+Slow+Food+Nation%3A+Why+Our+Food+Should+Be+Good+Clean+and+Fair,,Petrini Slow Food Nation: Why Our Food Should Be Good Clean and Fair,False,v3v4
1437,Italian Food,marchesi,Marchesi,Gualtiero,Italian Nouvelle Cuisine Legacy,1980,Various,BOOK,none,1945_1980,Europe,none,none,none,it,academic,italian,none,MEDIUM,NEEDED,,https://annas-archive.org/search?q=Marchesi+Italian+Nouvelle+Cuisine+Legacy,https://archive.org/search?query=Marchesi+Italian+Nouvelle+Cuisine+Legacy,,Marchesi Italian Nouvelle Cuisine Legacy,False,v3v4
1438,Italian Food,pasta_hist,Serventi,Silvano,Pasta: The Story of a Universal Food,2002,Columbia UP,BOOK,none,spanning,Global,none,none,none,en,academic,italian,none,HIGH,NEEDED,,https://annas-archive.org/search?q=Serventi+Pasta%3A+The+Story+of+a+Universal+Food,https://archive.org/search?query=Serventi+Pasta%3A+The+Story+of+a+Universal+Food,,Serventi Pasta: The Story of a Universal Food,False,v3v4
1439,Italian Food,pizza_global,Helstosky,Carol,Pizza: A Global History,2008,Reaktion,BOOK,none,spanning,Global,none,pizza,none,en,academic,italian,none,HIGH,NEEDED,,https://annas-archive.org/search?q=Helstosky+Pizza%3A+A+Global+History,https://archive.org/search?query=Helstosky+Pizza%3A+A+Global+History,,Helstosky Pizza: A Global History,False,v3v4
1440,Italian Food,mozzarella,Parasecoli,Fabio,Mozzarella and Italian PDO,2017,J Food Culture,ARTICLE,none,2010_2020,Europe,none,none,none,en,academic,italian,none,MEDIUM,NEEDED,,https://annas-archive.org/search?q=Parasecoli+Mozzarella+and+Italian+PDO,https://archive.org/search?query=Parasecoli+Mozzarella+and+Italian+PDO,,Parasecoli Mozzarella and Italian PDO,False,v3v4
1441,Italian Food,parmigiano,Parmigiano,,Parmigiano Reggiano Consortium Industry Report,2024,Consortium,REPORT,dairy,2020_present,Europe,none,none,none,it,producer,italian,none,HIGH,NEEDED,,https://annas-archive.org/search?q=Parmigiano+Parmigiano+Reggiano+Consortium+Industry+Report,https://archive.org/search?query=Parmigiano+Parmigiano+Reggiano+Consortium+Industry+Report,,Parmigiano Parmigiano Reggiano Consortium Industry Report,False,v3v4
1442,Italian Food,italy_ag,ISMEA,,ISMEA Italian Food Sector Data,2024,ISMEA,DATASET_DOC,none,2020_present,Europe,none,none,none,it,regulator,italian,none,HIGH,NEEDED,,https://annas-archive.org/search?q=ISMEA+ISMEA+Italian+Food+Sector+Data,https://archive.org/search?query=ISMEA+ISMEA+Italian+Food+Sector+Data,,ISMEA ISMEA Italian Food Sector Data,False,v3v4
1443,Italian Food,olive_ital,OlivaliaItaly,,Italian Olive Oil Industry Report,2024,Italia Olivicola,REPORT,oils,2020_present,Europe,none,none,none,en,producer,italian,none,HIGH,NEEDED,,https://annas-archive.org/search?q=OlivaliaItaly+Italian+Olive+Oil+Industry+Report,https://archive.org/search?query=OlivaliaItaly+Italian+Olive+Oil+Industry+Report,,OlivaliaItaly Italian Olive Oil Industry Report,False,v3v4
1444,Italian Food,slow_food_us,Slow Food,,Slow Food USA and Italian Influence,2024,Slow Food,REPORT,none,2020_present,Global,none,none,none,en,NGO,italian,none,MEDIUM,NEEDED,,https://annas-archive.org/search?q=Slow+Food+Slow+Food+USA+and+Italian+Influence,https://archive.org/search?query=Slow+Food+Slow+Food+USA+and+Italian+Influence,,Slow Food Slow Food USA and Italian Influence,False,v3v4
1445,Italian Food,wine_italy,Wine Industry,,Italian DOC/DOCG Wine Appellation Economics,2023,Vinitaly,REPORT,none,2020_present,Europe,none,none,none,en,producer,italian,wine,HIGH,NEEDED,,https://annas-archive.org/search?q=Wine+Industry+Italian+DOC%2FDOCG+Wine+Appellation+Economics,https://archive.org/search?query=Wine+Industry+Italian+DOC%2FDOCG+Wine+Appellation+Economics,,Wine Industry Italian DOC/DOCG Wine Appellation Economics,False,v3v4
1446,Italian Food,barilla,Barilla,,Barilla Group Pasta Industry,2024,Barilla,GOV_DOC,none,2020_present,Europe,none,none,none,en,processor,italian,none,HIGH,NEEDED,,https://annas-archive.org/search?q=Barilla+Barilla+Group+Pasta+Industry,https://archive.org/search?query=Barilla+Barilla+Group+Pasta+Industry,,Barilla Barilla Group Pasta Industry,False,v3v4
1447,Italian Food,prosciutto,Parma,,Prosciutto di Parma Consortium Report,2024,Consortium,REPORT,none,2020_present,Europe,none,none,none,en,producer,italian,none,MEDIUM,NEEDED,,https://annas-archive.org/search?q=Parma+Prosciutto+di+Parma+Consortium+Report,https://archive.org/search?query=Parma+Prosciutto+di+Parma+Consortium+Report,,Parma Prosciutto di Parma Consortium Report,False,v3v4
1448,Italian Food,culatello,Culatello,,Culatello PDO Specification,2023,Italian,REPORT,none,2020_present,Europe,none,none,none,it,academic,italian,none,LOW,NEEDED,,https://annas-archive.org/search?q=Culatello+Culatello+PDO+Specification,https://archive.org/search?query=Culatello+Culatello+PDO+Specification,,Culatello Culatello PDO Specification,False,v3v4
1449,Italian Food,mariani_ital,Mariani,John,How Italian Food Conquered the World,2011,Palgrave,BOOK,none,spanning,US_Global,none,none,none,en,academic,italian,none,HIGH,NEEDED,,https://annas-archive.org/search?q=Mariani+How+Italian+Food+Conquered+the+World,https://archive.org/search?query=Mariani+How+Italian+Food+Conquered+the+World,,Mariani How Italian Food Conquered the World,False,v3v4
1450,Chinese Food,anderson,Anderson,E.N.,The Food of China,1988,Yale UP,BOOK,none,spanning,Asia,none,none,none,en,academic,chinese,none,FLAGSHIP,NEEDED,,https://annas-archive.org/search?q=Anderson+The+Food+of+China,https://archive.org/search?query=Anderson+The+Food+of+China,,Anderson The Food of China,False,v3v4
1451,Chinese Food,sabban,Sabban,Françoise,Chinese Alimentary Culture in Global History,2014,Annales,ARTICLE,none,spanning,Asia,none,none,none,fr,academic,chinese,none,HIGH,NEEDED,,https://annas-archive.org/search?q=Sabban+Chinese+Alimentary+Culture+in+Global+History,https://archive.org/search?query=Sabban+Chinese+Alimentary+Culture+in+Global+History,,Sabban Chinese Alimentary Culture in Global History,False,v3v4
1452,Chinese Food,farquhar,Farquhar,Judith,Appetites: Food and Sex in Post-socialist China,2002,Duke UP,BOOK,none,1980_2010,Asia,none,none,none,en,academic,chinese,none,HIGH,NEEDED,,https://annas-archive.org/search?q=Farquhar+Appetites%3A+Food+and+Sex+in+Post-socialist+China,https://archive.org/search?query=Farquhar+Appetites%3A+Food+and+Sex+in+Post-socialist+China,,Farquhar Appetites: Food and Sex in Post-socialist China,False,v3v4
1453,Chinese Food,dunlop,Dunlop,Fuchsia,The Food of Sichuan,2019,Norton,BOOK,none,2020_present,Asia,none,none,none,en,academic,chinese,none,HIGH,NEEDED,,https://annas-archive.org/search?q=Dunlop+The+Food+of+Sichuan,https://archive.org/search?query=Dunlop+The+Food+of+Sichuan,,Dunlop The Food of Sichuan,False,v3v4
1454,Chinese Food,dunlop2,Dunlop,Fuchsia,Land of Fish and Rice: Recipes from the Culinary Heart of China,2016,Norton,BOOK,none,2010_2020,Asia,none,none,none,en,academic,chinese,none,HIGH,NEEDED,,https://annas-archive.org/search?q=Dunlop+Land+of+Fish+and+Rice%3A+Recipes+from+the+Culinary+Heart+of+China,https://archive.org/search?query=Dunlop+Land+of+Fish+and+Rice%3A+Recipes+from+the+Culinary+Heart+of+China,,Dunlop Land of Fish and Rice: Recipes from the Culinary Heart of China,False,v3v4
1455,Chinese Food,chang,Chang,K.C.,Food in Chinese Culture: Anthropological and Historical Perspectives,1977,Yale UP,BOOK,none,spanning,Asia,none,none,none,en,academic,chinese,none,HIGH,NEEDED,,https://annas-archive.org/search?q=Chang+Food+in+Chinese+Culture%3A+Anthropological+and+Historical+Perspectives,https://archive.org/search?query=Chang+Food+in+Chinese+Culture%3A+Anthropological+and+Historical+Perspectives,,Chang Food in Chinese Culture: Anthropological and Historical Perspectives,False,v3v4
1456,Chinese Food,imperial,Knechtges,David,A Literary Feast: Food in Early Chinese Literature,1986,American Oriental Society,BOOK,none,pre1900,Asia,none,none,none,en,academic,chinese,none,MEDIUM,NEEDED,,https://annas-archive.org/search?q=Knechtges+A+Literary+Feast%3A+Food+in+Early+Chinese+Literature,https://archive.org/search?query=Knechtges+A+Literary+Feast%3A+Food+in+Early+Chinese+Literature,,Knechtges A Literary Feast: Food in Early Chinese Literature,False,v3v4
1457,Chinese Food,banquet,Yu,Ying-Shih,Han Chinese Banquet Culture,1977,in Food in Chinese Culture,CHAPTER,none,pre1900,Asia,none,none,none,en,academic,chinese,none,MEDIUM,NEEDED,,https://annas-archive.org/search?q=Yu+Han+Chinese+Banquet+Culture,https://archive.org/search?query=Yu+Han+Chinese+Banquet+Culture,,Yu Han Chinese Banquet Culture,False,v3v4
1458,Chinese Food,cr,Schmalzer,Sigrid,Red Revolution Green Revolution: Scientific Farming in Socialist China,2016,U Chicago Press,BOOK,none,1945_1980,Asia,none,none,none,en,academic,chinese,none,HIGH,NEEDED,,https://annas-archive.org/search?q=Schmalzer+Red+Revolution+Green+Revolution%3A+Scientific+Farming+in+Socialist+China,https://archive.org/search?query=Schmalzer+Red+Revolution+Green+Revolution%3A+Scientific+Farming+in+Socialist+China,,Schmalzer Red Revolution Green Revolution: Scientific Farming in Socialist China,False,v3v4
1459,Chinese Food,famine,Dikotter,Frank,Mao's Great Famine,2010,Walker,BOOK,none,1945_1980,Asia,none,none,none,en,academic,chinese,none,HIGH,NEEDED,,https://annas-archive.org/search?q=Dikotter+Mao%27s+Great+Famine,https://archive.org/search?query=Dikotter+Mao%27s+Great+Famine,,Dikotter Mao's Great Famine,False,v3v4
1460,Chinese Food,tea_china,Rappaport,Erika,A Thirst for Empire: How Tea Shaped the Modern World,2017,Princeton UP,BOOK,none,spanning,Asia,none,none,none,en,academic,none,tea,HIGH,NEEDED,,https://annas-archive.org/search?q=Rappaport+A+Thirst+for+Empire%3A+How+Tea+Shaped+the+Modern+World,https://archive.org/search?query=Rappaport+A+Thirst+for+Empire%3A+How+Tea+Shaped+the+Modern+World,,Rappaport A Thirst for Empire: How Tea Shaped the Modern World,False,v3v4
1461,Chinese Food,rice_china,Bray,Francesca,The Rice Economies: Technology and Development in Asian Societies,1986,Blackwell,BOOK,cereals,spanning,Asia,none,none,none,en,academic,chinese,none,HIGH,NEEDED,,https://annas-archive.org/search?q=Bray+The+Rice+Economies%3A+Technology+and+Development+in+Asian+Societies,https://archive.org/search?query=Bray+The+Rice+Economies%3A+Technology+and+Development+in+Asian+Societies,,Bray The Rice Economies: Technology and Development in Asian Societies,False,v3v4
1462,Chinese Food,chopsuey,Chen,Yong,Chop Suey USA: The Story of Chinese Food in America,2014,Columbia UP,BOOK,none,spanning,US,none,none,none,en,academic,chinese,none,HIGH,NEEDED,,https://annas-archive.org/search?q=Chen+Chop+Suey+USA%3A+The+Story+of+Chinese+Food+in+America,https://archive.org/search?query=Chen+Chop+Suey+USA%3A+The+Story+of+Chinese+Food+in+America,,Chen Chop Suey USA: The Story of Chinese Food in America,False,v3v4
1463,Chinese Food,xiaochi,Xu,Wenying,Eating Identities: Reading Food in Asian American Literature,2008,U Hawaii Press,BOOK,none,spanning,US,none,none,none,en,academic,chinese,none,MEDIUM,NEEDED,,https://annas-archive.org/search?q=Xu+Eating+Identities%3A+Reading+Food+in+Asian+American+Literature,https://archive.org/search?query=Xu+Eating+Identities%3A+Reading+Food+in+Asian+American+Literature,,Xu Eating Identities: Reading Food in Asian American Literature,False,v3v4
1464,Chinese Food,regional,Anderson,E.N.,The Food of Southern China,1988,in Food of China,CHAPTER,none,spanning,Asia,none,none,none,en,academic,chinese,none,MEDIUM,NEEDED,,https://annas-archive.org/search?q=Anderson+The+Food+of+Southern+China,https://archive.org/search?query=Anderson+The+Food+of+Southern+China,,Anderson The Food of Southern China,False,v3v4
1465,Chinese Food,china_modern,Jakes,Aaron,Modern China Food Industry,2021,Harvard Asia,ARTICLE,none,2020_present,Asia,none,none,none,en,academic,chinese,none,MEDIUM,NEEDED,,https://annas-archive.org/search?q=Jakes+Modern+China+Food+Industry,https://archive.org/search?query=Jakes+Modern+China+Food+Industry,,Jakes Modern China Food Industry,False,v3v4
1466,Chinese Food,china_wto,Huang,Jikun,China Agricultural Policy After WTO,2016,China Economic Review,ARTICLE,none,2010_2020,Asia,none,none,none,en,academic,chinese,none,MEDIUM,NEEDED,,https://annas-archive.org/search?q=Huang+China+Agricultural+Policy+After+WTO,https://archive.org/search?query=Huang+China+Agricultural+Policy+After+WTO,,Huang China Agricultural Policy After WTO,False,v3v4
1467,Chinese Food,china_ag,Rozelle,Scott,Invisible China: How the Urban-Rural Divide Threatens China's Rise,2020,U Chicago Press,BOOK,none,2020_present,Asia,none,none,none,en,academic,chinese,none,HIGH,NEEDED,,https://annas-archive.org/search?q=Rozelle+Invisible+China%3A+How+the+Urban-Rural+Divide+Threatens+China%27s+Rise,https://archive.org/search?query=Rozelle+Invisible+China%3A+How+the+Urban-Rural+Divide+Threatens+China%27s+Rise,,Rozelle Invisible China: How the Urban-Rural Divide Threatens China's Rise,False,v3v4
1468,Chinese Food,pork_china,Schneider,Mindi,Pig Industry China 2024,2024,J Peasant Studies,ARTICLE,meat,2020_present,Asia,none,none,none,en,academic,chinese,none,MEDIUM,NEEDED,,https://annas-archive.org/search?q=Schneider+Pig+Industry+China+2024,https://archive.org/search?query=Schneider+Pig+Industry+China+2024,,Schneider Pig Industry China 2024,False,v3v4
1469,Chinese Food,tea_trade,Hohenegger,Beatrice,Liquid Jade: The Story of Tea from East to West,2007,St Martin's,BOOK,none,spanning,Asia,none,none,none,en,academic,none,tea,MEDIUM,NEEDED,,https://annas-archive.org/search?q=Hohenegger+Liquid+Jade%3A+The+Story+of+Tea+from+East+to+West,https://archive.org/search?query=Hohenegger+Liquid+Jade%3A+The+Story+of+Tea+from+East+to+West,,Hohenegger Liquid Jade: The Story of Tea from East to West,False,v3v4
1470,Japanese Food,rath,Rath,Eric C.,Food and Fantasy in Early Modern Japan,2010,UC Press,BOOK,none,pre1900,Asia,none,none,none,en,academic,japanese,none,FLAGSHIP,NEEDED,,https://annas-archive.org/search?q=Rath+Food+and+Fantasy+in+Early+Modern+Japan,https://archive.org/search?query=Rath+Food+and+Fantasy+in+Early+Modern+Japan,,Rath Food and Fantasy in Early Modern Japan,False,v3v4
1471,Japanese Food,cwiertka,Cwiertka,Katarzyna,Modern Japanese Cuisine: Food Power and National Identity,2006,Reaktion,BOOK,none,spanning,Asia,none,none,none,en,academic,japanese,none,HIGH,NEEDED,,https://annas-archive.org/search?q=Cwiertka+Modern+Japanese+Cuisine%3A+Food+Power+and+National+Identity,https://archive.org/search?query=Cwiertka+Modern+Japanese+Cuisine%3A+Food+Power+and+National+Identity,,Cwiertka Modern Japanese Cuisine: Food Power and National Identity,False,v3v4
1472,Japanese Food,bestor,Bestor,Theodore C.,Tsukiji: The Fish Market at the Center of the World,2004,UC Press,BOOK,none,1980_2010,Asia,none,fish_market,none,en,academic,japanese,none,HIGH,NEEDED,,https://annas-archive.org/search?q=Bestor+Tsukiji%3A+The+Fish+Market+at+the+Center+of+the+World,https://archive.org/search?query=Bestor+Tsukiji%3A+The+Fish+Market+at+the+Center+of+the+World,,Bestor Tsukiji: The Fish Market at the Center of the World,False,v3v4
1473,Japanese Food,sushi_glob,Issenberg,Sasha,The Sushi Economy,2007,Gotham,BOOK,none,spanning,Global,none,none,none,en,academic,japanese,none,HIGH,NEEDED,,https://annas-archive.org/search?q=Issenberg+The+Sushi+Economy,https://archive.org/search?query=Issenberg+The+Sushi+Economy,,Issenberg The Sushi Economy,False,v3v4
1474,Japanese Food,washoku,UNESCO,,Washoku UNESCO Intangible Heritage Designation 2013,2013,UNESCO,GOV_DOC,none,2010_2020,Asia,none,none,none,en,regulator,japanese,none,HIGH,NEEDED,,https://annas-archive.org/search?q=UNESCO+Washoku+UNESCO+Intangible+Heritage+Designation+2013,https://archive.org/search?query=UNESCO+Washoku+UNESCO+Intangible+Heritage+Designation+2013,,UNESCO Washoku UNESCO Intangible Heritage Designation 2013,False,v3v4
1475,Japanese Food,izakaya,Sakai,Junko,Izakaya Urban Drinking Culture Japan,2020,J Japanese Studies,ARTICLE,none,2020_present,Asia,none,bar,none,ja,academic,japanese,none,MEDIUM,NEEDED,,https://annas-archive.org/search?q=Sakai+Izakaya+Urban+Drinking+Culture+Japan,https://archive.org/search?query=Sakai+Izakaya+Urban+Drinking+Culture+Japan,,Sakai Izakaya Urban Drinking Culture Japan,False,v3v4
1476,Japanese Food,sake,Gauntner,John,The Sake Handbook,2002,Tuttle,BOOK,none,spanning,Asia,none,none,none,en,academic,japanese,spirits,MEDIUM,NEEDED,,https://annas-archive.org/search?q=Gauntner+The+Sake+Handbook,https://archive.org/search?query=Gauntner+The+Sake+Handbook,,Gauntner The Sake Handbook,False,v3v4
1477,Japanese Food,ramen,Solt,George,The Untold History of Ramen,2014,UC Press,BOOK,none,spanning,Asia,none,none,none,en,academic,japanese,none,HIGH,NEEDED,,https://annas-archive.org/search?q=Solt+The+Untold+History+of+Ramen,https://archive.org/search?query=Solt+The+Untold+History+of+Ramen,,Solt The Untold History of Ramen,False,v3v4
1478,Japanese Food,japan_ag,Japan MAFF,,Japan Ministry of Agriculture Food Self-Sufficiency,2024,MAFF,DATASET_DOC,none,2020_present,Asia,none,none,none,ja,regulator,japanese,none,MEDIUM,NEEDED,,https://annas-archive.org/search?q=Japan+MAFF+Japan+Ministry+of+Agriculture+Food+Self-Sufficiency,https://archive.org/search?query=Japan+MAFF+Japan+Ministry+of+Agriculture+Food+Self-Sufficiency,,Japan MAFF Japan Ministry of Agriculture Food Self-Sufficiency,False,v3v4
1479,Japanese Food,tea_jp,Rath,Eric,Japan's Cuisines: Food Place and Identity,2016,Reaktion,BOOK,none,spanning,Asia,none,none,none,en,academic,japanese,tea,MEDIUM,NEEDED,,https://annas-archive.org/search?q=Rath+Japan%27s+Cuisines%3A+Food+Place+and+Identity,https://archive.org/search?query=Rath+Japan%27s+Cuisines%3A+Food+Place+and+Identity,,Rath Japan's Cuisines: Food Place and Identity,False,v3v4
1480,Japanese Food,kaiseki,Tsuji,Shizuo,Japanese Cooking: A Simple Art,1980,Kodansha,BOOK,none,spanning,Asia,none,none,none,en,academic,japanese,none,HIGH,NEEDED,,https://annas-archive.org/search?q=Tsuji+Japanese+Cooking%3A+A+Simple+Art,https://archive.org/search?query=Tsuji+Japanese+Cooking%3A+A+Simple+Art,,Tsuji Japanese Cooking: A Simple Art,False,v3v4
1481,Japanese Food,shoku,Cwiertka,Katarzyna,Japanese School Meal Program,2012,Asia Pacific Food Policy,ARTICLE,none,spanning,Asia,none,none,none,en,academic,japanese,none,MEDIUM,NEEDED,,https://annas-archive.org/search?q=Cwiertka+Japanese+School+Meal+Program,https://archive.org/search?query=Cwiertka+Japanese+School+Meal+Program,,Cwiertka Japanese School Meal Program,False,v3v4
1482,Japanese Food,fishery,Makino,Mitsutaku,Fisheries Management in Japan,2011,Springer,BOOK,none,2010_2020,Asia,none,fish_market,none,en,academic,japanese,none,HIGH,NEEDED,,https://annas-archive.org/search?q=Makino+Fisheries+Management+in+Japan,https://archive.org/search?query=Makino+Fisheries+Management+in+Japan,,Makino Fisheries Management in Japan,False,v3v4
1483,Japanese Food,whiskey,Hatten,Tom,Japanese Whiskey Industry,2019,J Distilling,ARTICLE,none,2010_2020,Asia,none,none,none,en,academic,japanese,spirits,MEDIUM,NEEDED,,https://annas-archive.org/search?q=Hatten+Japanese+Whiskey+Industry,https://archive.org/search?query=Hatten+Japanese+Whiskey+Industry,,Hatten Japanese Whiskey Industry,False,v3v4
1484,Japanese Food,nisshin,Nissin,,Instant Ramen Invention and Global Industry,2024,Nissin Food Industries,GOV_DOC,none,spanning,Asia,none,none,none,en,academic,japanese,none,MEDIUM,NEEDED,,https://annas-archive.org/search?q=Nissin+Instant+Ramen+Invention+and+Global+Industry,https://archive.org/search?query=Nissin+Instant+Ramen+Invention+and+Global+Industry,,Nissin Instant Ramen Invention and Global Industry,False,v3v4
1485,Indian Food,achaya,Achaya,K.T.,Indian Food: A Historical Companion,1994,Oxford UP,BOOK,none,spanning,Asia,none,none,none,en,academic,indian,none,FLAGSHIP,NEEDED,,https://annas-archive.org/search?q=Achaya+Indian+Food%3A+A+Historical+Companion,https://archive.org/search?query=Achaya+Indian+Food%3A+A+Historical+Companion,,Achaya Indian Food: A Historical Companion,False,v3v4
1486,Indian Food,sengupta,Sengupta,Jayanta,Cooking on the Edge: India's Food Culture,2014,Bloomsbury,BOOK,none,spanning,Asia,none,none,none,en,academic,indian,none,HIGH,NEEDED,,https://annas-archive.org/search?q=Sengupta+Cooking+on+the+Edge%3A+India%27s+Food+Culture,https://archive.org/search?query=Sengupta+Cooking+on+the+Edge%3A+India%27s+Food+Culture,,Sengupta Cooking on the Edge: India's Food Culture,False,v3v4
1487,Indian Food,spice,Freedman,Paul,Out of the East: Spices and the Medieval Imagination,2008,Yale UP,BOOK,none,pre1900,Asia,none,none,none,en,academic,none,none,HIGH,NEEDED,,https://annas-archive.org/search?q=Freedman+Out+of+the+East%3A+Spices+and+the+Medieval+Imagination,https://archive.org/search?query=Freedman+Out+of+the+East%3A+Spices+and+the+Medieval+Imagination,,Freedman Out of the East: Spices and the Medieval Imagination,False,v3v4
1488,Indian Food,curry,Burton,David,The Raj at Table: A Culinary History of the British in India,1993,Faber,BOOK,none,pre1900,Asia,none,none,none,en,academic,indian,none,MEDIUM,NEEDED,,https://annas-archive.org/search?q=Burton+The+Raj+at+Table%3A+A+Culinary+History+of+the+British+in+India,https://archive.org/search?query=Burton+The+Raj+at+Table%3A+A+Culinary+History+of+the+British+in+India,,Burton The Raj at Table: A Culinary History of the British in India,False,v3v4
1489,Indian Food,colonial_tea,Moxham,Roy,Tea: Addiction Exploitation and Empire,2003,Basic,BOOK,none,pre1900,Asia,none,none,none,en,academic,none,tea,HIGH,NEEDED,,https://annas-archive.org/search?q=Moxham+Tea%3A+Addiction+Exploitation+and+Empire,https://archive.org/search?query=Moxham+Tea%3A+Addiction+Exploitation+and+Empire,,Moxham Tea: Addiction Exploitation and Empire,False,v3v4
1490,Indian Food,indian_us,Ray,Krishnendu,Migrant's Table,2004,Temple UP,BOOK,none,1980_2010,US,none,none,none,en,academic,indian,none,HIGH,NEEDED,,https://annas-archive.org/search?q=Ray+Migrant%27s+Table,https://archive.org/search?query=Ray+Migrant%27s+Table,,Ray Migrant's Table,False,v3v4
1491,Indian Food,food_security,Drèze,Jean,Hunger and Public Action,1989,Oxford UP,BOOK,none,1980_2010,Asia,none,none,none,en,academic,indian,none,HIGH,NEEDED,,https://annas-archive.org/search?q=Dr%C3%A8ze+Hunger+and+Public+Action,https://archive.org/search?query=Dr%C3%A8ze+Hunger+and+Public+Action,,Drèze Hunger and Public Action,False,v3v4
1492,Indian Food,pds,Khera,Reetika,India's Public Distribution System: Analysis,2011,Economic and Political Weekly,ARTICLE,none,2010_2020,Asia,none,none,none,en,academic,indian,none,MEDIUM,NEEDED,,https://annas-archive.org/search?q=Khera+India%27s+Public+Distribution+System%3A+Analysis,https://archive.org/search?query=Khera+India%27s+Public+Distribution+System%3A+Analysis,,Khera India's Public Distribution System: Analysis,False,v3v4
1493,Indian Food,appadurai,Appadurai,Arjun,Gastro-Politics in Hindu South Asia,1981,American Ethnologist,ARTICLE,none,1980_2010,Asia,none,none,none,en,academic,indian,none,HIGH,NEEDED,,https://annas-archive.org/search?q=Appadurai+Gastro-Politics+in+Hindu+South+Asia,https://archive.org/search?query=Appadurai+Gastro-Politics+in+Hindu+South+Asia,,Appadurai Gastro-Politics in Hindu South Asia,False,v3v4
1494,Indian Food,curry_brit,Collingham,Lizzie,Curry: A Tale of Cooks and Conquerors,2006,Oxford UP,BOOK,none,spanning,Asia,none,none,none,en,academic,indian,none,HIGH,NEEDED,,https://annas-archive.org/search?q=Collingham+Curry%3A+A+Tale+of+Cooks+and+Conquerors,https://archive.org/search?query=Collingham+Curry%3A+A+Tale+of+Cooks+and+Conquerors,,Collingham Curry: A Tale of Cooks and Conquerors,False,v3v4
1495,Indian Food,india_modern,Patel,Sujata,Modern Indian Food Industry,2018,Ashgate,BOOK,none,2010_2020,Asia,none,none,none,en,academic,indian,none,MEDIUM,NEEDED,,https://annas-archive.org/search?q=Patel+Modern+Indian+Food+Industry,https://archive.org/search?query=Patel+Modern+Indian+Food+Industry,,Patel Modern Indian Food Industry,False,v3v4
1496,Indian Food,india_export,India Export,,India Rice and Wheat Export Policy 2023,2024,Indian Ministry,REPORT,cereals,2020_present,Asia,none,none,none,hi,regulator,indian,none,HIGH,NEEDED,,https://annas-archive.org/search?q=India+Export+India+Rice+and+Wheat+Export+Policy+2023,https://archive.org/search?query=India+Export+India+Rice+and+Wheat+Export+Policy+2023,,India Export India Rice and Wheat Export Policy 2023,False,v3v4
1497,Indian Food,ghee,Sen,Colleen Taylor,Feasts and Fasts: A History of Food in India,2014,Reaktion,BOOK,none,spanning,Asia,none,none,none,en,academic,indian,none,MEDIUM,NEEDED,,https://annas-archive.org/search?q=Sen+Feasts+and+Fasts%3A+A+History+of+Food+in+India,https://archive.org/search?query=Sen+Feasts+and+Fasts%3A+A+History+of+Food+in+India,,Sen Feasts and Fasts: A History of Food in India,False,v3v4
1498,Indian Food,chutney,Janer,Zilkia,Indian-Caribbean Food History,2007,Food Culture,ARTICLE,none,pre1900,LatAm,none,none,none,en,academic,indian,none,MEDIUM,NEEDED,,https://annas-archive.org/search?q=Janer+Indian-Caribbean+Food+History,https://archive.org/search?query=Janer+Indian-Caribbean+Food+History,,Janer Indian-Caribbean Food History,False,v3v4
1499,Indian Food,amul,Amul,,Amul Cooperative Dairy Model,2024,GCMMF,GOV_DOC,dairy,spanning,Asia,none,none,none,en,producer,indian,none,HIGH,NEEDED,,https://annas-archive.org/search?q=Amul+Amul+Cooperative+Dairy+Model,https://archive.org/search?query=Amul+Amul+Cooperative+Dairy+Model,,Amul Amul Cooperative Dairy Model,False,v3v4
1500,Middle East Food,perry,Perry,Charles,A Baghdad Cookery Book (Kitab al-Tabikh),2005,Prospect,BOOK,none,pre1900,Europe,none,none,none,ar,academic,middle_eastern,none,FLAGSHIP,NEEDED,,https://annas-archive.org/search?q=Perry+A+Baghdad+Cookery+Book+%28Kitab+al-Tabikh%29,https://archive.org/search?query=Perry+A+Baghdad+Cookery+Book+%28Kitab+al-Tabikh%29,,Perry A Baghdad Cookery Book (Kitab al-Tabikh),False,v3v4
1501,Middle East Food,roden,Roden,Claudia,A Book of Middle Eastern Food,1968,Knopf,BOOK,none,1945_1980,Europe,none,none,none,en,academic,middle_eastern,none,HIGH,NEEDED,,https://annas-archive.org/search?q=Roden+A+Book+of+Middle+Eastern+Food,https://archive.org/search?query=Roden+A+Book+of+Middle+Eastern+Food,,Roden A Book of Middle Eastern Food,False,v3v4
1502,Middle East Food,roden2,Roden,Claudia,The New Book of Middle Eastern Food,2000,Knopf,BOOK,none,1980_2010,Global,none,none,none,en,academic,middle_eastern,none,HIGH,NEEDED,,https://annas-archive.org/search?q=Roden+The+New+Book+of+Middle+Eastern+Food,https://archive.org/search?query=Roden+The+New+Book+of+Middle+Eastern+Food,,Roden The New Book of Middle Eastern Food,False,v3v4
1503,Middle East Food,zaouali,Zaouali,Lilia,Medieval Cuisine of the Islamic World,2007,UC Press,BOOK,none,pre1900,Europe,none,none,none,ar,academic,middle_eastern,none,HIGH,NEEDED,,https://annas-archive.org/search?q=Zaouali+Medieval+Cuisine+of+the+Islamic+World,https://archive.org/search?query=Zaouali+Medieval+Cuisine+of+the+Islamic+World,,Zaouali Medieval Cuisine of the Islamic World,False,v3v4
1504,Middle East Food,ottoman,Isin,Mary Priscilla,Bountiful Empire: A History of Ottoman Cuisine,2018,Reaktion,BOOK,none,pre1900,Europe,none,none,none,en,academic,middle_eastern,none,HIGH,NEEDED,,https://annas-archive.org/search?q=Isin+Bountiful+Empire%3A+A+History+of+Ottoman+Cuisine,https://archive.org/search?query=Isin+Bountiful+Empire%3A+A+History+of+Ottoman+Cuisine,,Isin Bountiful Empire: A History of Ottoman Cuisine,False,v3v4
1505,Middle East Food,persian,Batmanglij,Najmieh,Food of Life: A Book of Ancient Persian and Modern Iranian Cooking,2011,Mage,BOOK,none,spanning,Europe,none,none,none,en,academic,middle_eastern,none,HIGH,NEEDED,,https://annas-archive.org/search?q=Batmanglij+Food+of+Life%3A+A+Book+of+Ancient+Persian+and+Modern+Iranian+Cooking,https://archive.org/search?query=Batmanglij+Food+of+Life%3A+A+Book+of+Ancient+Persian+and+Modern+Iranian+Cooking,,Batmanglij Food of Life: A Book of Ancient Persian and Modern Iranian Cooking,False,v3v4
1506,Middle East Food,lev,Helou,Anissa,Feast: Food of the Islamic World,2018,Ecco,BOOK,none,spanning,Global,none,none,none,en,academic,levantine,none,HIGH,NEEDED,,https://annas-archive.org/search?q=Helou+Feast%3A+Food+of+the+Islamic+World,https://archive.org/search?query=Helou+Feast%3A+Food+of+the+Islamic+World,,Helou Feast: Food of the Islamic World,False,v3v4
1507,Middle East Food,zubaida,Zubaida,Sami,A Taste of Thyme: Culinary Cultures of the Middle East,1994,Tauris,BOOK,none,spanning,Europe,none,none,none,en,academic,middle_eastern,none,HIGH,NEEDED,,https://annas-archive.org/search?q=Zubaida+A+Taste+of+Thyme%3A+Culinary+Cultures+of+the+Middle+East,https://archive.org/search?query=Zubaida+A+Taste+of+Thyme%3A+Culinary+Cultures+of+the+Middle+East,,Zubaida A Taste of Thyme: Culinary Cultures of the Middle East,False,v3v4
1508,Middle East Food,hummus,Ariel,Ari,Hummus: A Global History,2012,Reaktion,BOOK,none,spanning,Global,none,none,none,en,academic,middle_eastern,none,MEDIUM,NEEDED,,https://annas-archive.org/search?q=Ariel+Hummus%3A+A+Global+History,https://archive.org/search?query=Ariel+Hummus%3A+A+Global+History,,Ariel Hummus: A Global History,False,v3v4
1509,Middle East Food,coffee_ot,Hattox,Ralph S.,Coffee and Coffeehouses: Origins of a Social Beverage in Medieval Near East,1985,U Washington Press,BOOK,none,pre1900,Europe,none,none,none,en,academic,middle_eastern,coffee,HIGH,NEEDED,,https://annas-archive.org/search?q=Hattox+Coffee+and+Coffeehouses%3A+Origins+of+a+Social+Beverage+in+Medieval+Near+East,https://archive.org/search?query=Hattox+Coffee+and+Coffeehouses%3A+Origins+of+a+Social+Beverage+in+Medieval+Near+East,,Hattox Coffee and Coffeehouses: Origins of a Social Beverage in Medieval Near East,False,v3v4
1510,Middle East Food,levan,Nasrallah,Nawal,Annals of the Caliphs' Kitchens: Ibn Sayyar al-Warraq's Tenth-Century Baghdadi Cookbook,2007,Brill,BOOK,none,pre1900,Europe,none,none,none,ar,academic,middle_eastern,none,MEDIUM,NEEDED,,https://annas-archive.org/search?q=Nasrallah+Annals+of+the+Caliphs%27+Kitchens%3A+Ibn+Sayyar+al-Warraq%27s+Tenth-Century+Baghdadi+Cookbook,https://archive.org/search?query=Nasrallah+Annals+of+the+Caliphs%27+Kitchens%3A+Ibn+Sayyar+al-Warraq%27s+Tenth-Century+Baghdadi+Cookbook,,Nasrallah Annals of the Caliphs' Kitchens: Ibn Sayyar al-Warraq's Tenth-Century Baghdadi Cookbook,False,v3v4
1511,Middle East Food,sumaq,Shaida,Margaret,The Legendary Cuisine of Persia,2000,Interlink,BOOK,none,spanning,Europe,none,none,none,en,academic,middle_eastern,none,MEDIUM,NEEDED,,https://annas-archive.org/search?q=Shaida+The+Legendary+Cuisine+of+Persia,https://archive.org/search?query=Shaida+The+Legendary+Cuisine+of+Persia,,Shaida The Legendary Cuisine of Persia,False,v3v4
1512,Middle East Food,meze,Ottolenghi,Yotam,Jerusalem: A Cookbook,2012,Ten Speed,BOOK,none,2010_2020,Europe,none,none,none,en,academic,middle_eastern,none,MEDIUM,NEEDED,,https://annas-archive.org/search?q=Ottolenghi+Jerusalem%3A+A+Cookbook,https://archive.org/search?query=Ottolenghi+Jerusalem%3A+A+Cookbook,,Ottolenghi Jerusalem: A Cookbook,False,v3v4
1513,Middle East Food,saffron,Willan,Anne,Saffron: A Global Crop History,2020,Reaktion,CHAPTER,none,spanning,Global,none,none,none,en,academic,middle_eastern,none,MEDIUM,NEEDED,,https://annas-archive.org/search?q=Willan+Saffron%3A+A+Global+Crop+History,https://archive.org/search?query=Willan+Saffron%3A+A+Global+Crop+History,,Willan Saffron: A Global Crop History,False,v3v4
1514,Middle East Food,leban,Greene,Julie,Lebanese Diaspora Food Economy,2019,Food Culture,ARTICLE,none,2010_2020,Global,none,none,none,en,academic,levantine,none,MEDIUM,NEEDED,,https://annas-archive.org/search?q=Greene+Lebanese+Diaspora+Food+Economy,https://archive.org/search?query=Greene+Lebanese+Diaspora+Food+Economy,,Greene Lebanese Diaspora Food Economy,False,v3v4
1515,African Food,carney,Carney,Judith,Black Rice: The African Origins of Rice Cultivation in the Americas,2001,Harvard UP,BOOK,cereals,pre1900,Africa,none,none,none,en,academic,none,none,FLAGSHIP,NEEDED,,https://annas-archive.org/search?q=Carney+Black+Rice%3A+The+African+Origins+of+Rice+Cultivation+in+the+Americas,https://archive.org/search?query=Carney+Black+Rice%3A+The+African+Origins+of+Rice+Cultivation+in+the+Americas,,Carney Black Rice: The African Origins of Rice Cultivation in the Americas,False,v3v4
1516,African Food,mccann,McCann,James,Stirring the Pot: A History of African Cuisine,2009,Ohio UP,BOOK,none,spanning,Africa,none,none,none,en,academic,none,none,HIGH,NEEDED,,https://annas-archive.org/search?q=McCann+Stirring+the+Pot%3A+A+History+of+African+Cuisine,https://archive.org/search?query=McCann+Stirring+the+Pot%3A+A+History+of+African+Cuisine,,McCann Stirring the Pot: A History of African Cuisine,False,v3v4
1517,African Food,maize_africa,McCann,James,Maize and Grace: Africa's Encounter with a New World Crop 1500-2000,2005,Harvard UP,BOOK,cereals,pre1900,Africa,none,none,none,en,academic,none,none,HIGH,NEEDED,,https://annas-archive.org/search?q=McCann+Maize+and+Grace%3A+Africa%27s+Encounter+with+a+New+World+Crop+1500-2000,https://archive.org/search?query=McCann+Maize+and+Grace%3A+Africa%27s+Encounter+with+a+New+World+Crop+1500-2000,,McCann Maize and Grace: Africa's Encounter with a New World Crop 1500-2000,False,v3v4
1518,African Food,harris_jb,Harris,Jessica B.,High on the Hog: A Culinary Journey from Africa to America,2011,Bloomsbury,BOOK,none,spanning,US,none,none,none,en,academic,none,none,HIGH,NEEDED,,https://annas-archive.org/search?q=Harris+High+on+the+Hog%3A+A+Culinary+Journey+from+Africa+to+America,https://archive.org/search?query=Harris+High+on+the+Hog%3A+A+Culinary+Journey+from+Africa+to+America,,Harris High on the Hog: A Culinary Journey from Africa to America,False,v3v4
1519,African Food,slave_food,Twitty,Michael W.,The Cooking Gene: A Journey Through African American Culinary History,2017,Amistad,BOOK,none,spanning,US,none,none,none,en,academic,none,none,HIGH,NEEDED,,https://annas-archive.org/search?q=Twitty+The+Cooking+Gene%3A+A+Journey+Through+African+American+Culinary+History,https://archive.org/search?query=Twitty+The+Cooking+Gene%3A+A+Journey+Through+African+American+Culinary+History,,Twitty The Cooking Gene: A Journey Through African American Culinary History,False,v3v4
1520,African Food,ossooasare,Osseo-Asare,Fran,Food Culture in Sub-Saharan Africa,2005,Greenwood,BOOK,none,spanning,Africa,none,none,none,en,academic,none,none,HIGH,NEEDED,,https://annas-archive.org/search?q=Osseo-Asare+Food+Culture+in+Sub-Saharan+Africa,https://archive.org/search?query=Osseo-Asare+Food+Culture+in+Sub-Saharan+Africa,,Osseo-Asare Food Culture in Sub-Saharan Africa,False,v3v4
1521,African Food,ethiopia,McCann,James,People of the Plow: Ethiopian Agriculture 1800-1990,1995,U Wisconsin Press,BOOK,cereals,pre1900,Africa,none,none,none,en,academic,none,none,MEDIUM,NEEDED,,https://annas-archive.org/search?q=McCann+People+of+the+Plow%3A+Ethiopian+Agriculture+1800-1990,https://archive.org/search?query=McCann+People+of+the+Plow%3A+Ethiopian+Agriculture+1800-1990,,McCann People of the Plow: Ethiopian Agriculture 1800-1990,False,v3v4
1522,African Food,west_africa,Grivetti,Louis E.,West African Staple Foods,1993,Ecology of Food and Nutrition,ARTICLE,none,spanning,Africa,none,none,none,en,academic,none,none,MEDIUM,NEEDED,,https://annas-archive.org/search?q=Grivetti+West+African+Staple+Foods,https://archive.org/search?query=Grivetti+West+African+Staple+Foods,,Grivetti West African Staple Foods,False,v3v4
1523,African Food,famine_af,Devereux,Stephen,Theories of Famine,1993,Harvester,BOOK,none,1980_2010,Africa,none,none,none,en,academic,none,none,HIGH,NEEDED,,https://annas-archive.org/search?q=Devereux+Theories+of+Famine,https://archive.org/search?query=Devereux+Theories+of+Famine,,Devereux Theories of Famine,False,v3v4
1524,African Food,african_urban,Battersby,Jane,Urban Food Systems Governance in Africa,2021,Springer,BOOK,none,2020_present,Africa,none,none,none,en,academic,none,none,HIGH,NEEDED,,https://annas-archive.org/search?q=Battersby+Urban+Food+Systems+Governance+in+Africa,https://archive.org/search?query=Battersby+Urban+Food+Systems+Governance+in+Africa,,Battersby Urban Food Systems Governance in Africa,False,v3v4
1525,African Food,coffee_eth,Sedgewick,Augustine,Coffeeland: One Man's Dark Empire and the Making of Our Favorite Drug,2020,Penguin,BOOK,none,spanning,Global,none,none,none,en,academic,none,coffee,HIGH,NEEDED,,https://annas-archive.org/search?q=Sedgewick+Coffeeland%3A+One+Man%27s+Dark+Empire+and+the+Making+of+Our+Favorite+Drug,https://archive.org/search?query=Sedgewick+Coffeeland%3A+One+Man%27s+Dark+Empire+and+the+Making+of+Our+Favorite+Drug,,Sedgewick Coffeeland: One Man's Dark Empire and the Making of Our Favorite Drug,False,v3v4
1526,African Food,palm_africa,Lynn,Martin,Commerce and Economic Change in West Africa: The Palm Oil Trade,1997,Cambridge UP,BOOK,oils,pre1900,Africa,none,none,none,en,academic,none,none,MEDIUM,NEEDED,,https://annas-archive.org/search?q=Lynn+Commerce+and+Economic+Change+in+West+Africa%3A+The+Palm+Oil+Trade,https://archive.org/search?query=Lynn+Commerce+and+Economic+Change+in+West+Africa%3A+The+Palm+Oil+Trade,,Lynn Commerce and Economic Change in West Africa: The Palm Oil Trade,False,v3v4
1527,African Food,african_union,AU,,African Union Continental Free Trade Area Food Chapters,2024,AU,REPORT,none,2020_present,Africa,none,none,none,en,regulator,none,none,MEDIUM,NEEDED,,https://annas-archive.org/search?q=AU+African+Union+Continental+Free+Trade+Area+Food+Chapters,https://archive.org/search?query=AU+African+Union+Continental+Free+Trade+Area+Food+Chapters,,AU African Union Continental Free Trade Area Food Chapters,False,v3v4
1528,African Food,afcfta,Songwe,Vera,AfCFTA Agricultural Trade Implications,2021,UNECA,REPORT,none,2020_present,Africa,none,none,none,en,regulator,none,none,MEDIUM,NEEDED,,https://annas-archive.org/search?q=Songwe+AfCFTA+Agricultural+Trade+Implications,https://archive.org/search?query=Songwe+AfCFTA+Agricultural+Trade+Implications,,Songwe AfCFTA Agricultural Trade Implications,False,v3v4
1529,African Food,land_grab,Cotula,Lorenzo,Land Grabs in Africa Post-2008,2013,Zed,BOOK,none,2010_2020,Africa,none,none,none,en,academic,none,none,MEDIUM,NEEDED,,https://annas-archive.org/search?q=Cotula+Land+Grabs+in+Africa+Post-2008,https://archive.org/search?query=Cotula+Land+Grabs+in+Africa+Post-2008,,Cotula Land Grabs in Africa Post-2008,False,v3v4
1530,ABCD Traders,morgan,Morgan,Dan,Merchants of Grain,1979,Viking,BOOK,none,spanning,Global,none,none,none,en,trader,none,none,FLAGSHIP,NEEDED,,https://annas-archive.org/search?q=Morgan+Merchants+of+Grain,https://archive.org/search?query=Morgan+Merchants+of+Grain,,Morgan Merchants of Grain,False,v3v4
1531,ABCD Traders,cargill,Broehl,Wayne,Cargill: Trading the World's Grain,1992,Dartmouth,BOOK,none,spanning,Global,none,none,none,en,trader,none,none,HIGH,NEEDED,,https://annas-archive.org/search?q=Broehl+Cargill%3A+Trading+the+World%27s+Grain,https://archive.org/search?query=Broehl+Cargill%3A+Trading+the+World%27s+Grain,,Broehl Cargill: Trading the World's Grain,False,v3v4
1532,ABCD Traders,cargill,Broehl,Wayne,Cargill: Going Global,1998,Dartmouth,BOOK,none,1980_2010,Global,none,none,none,en,trader,none,none,HIGH,NEEDED,,https://annas-archive.org/search?q=Broehl+Cargill%3A+Going+Global,https://archive.org/search?query=Broehl+Cargill%3A+Going+Global,,Broehl Cargill: Going Global,False,v3v4
1533,ABCD Traders,kneen,Kneen,Brewster,Invisible Giant: Cargill and Its Transnational Strategies,2002,Pluto,BOOK,none,1980_2010,Global,none,none,none,en,trader,none,none,HIGH,NEEDED,,https://annas-archive.org/search?q=Kneen+Invisible+Giant%3A+Cargill+and+Its+Transnational+Strategies,https://archive.org/search?query=Kneen+Invisible+Giant%3A+Cargill+and+Its+Transnational+Strategies,,Kneen Invisible Giant: Cargill and Its Transnational Strategies,False,v3v4
1534,ABCD Traders,adm,Eichenwald,Kurt,The Informant: A True Story (ADM lysine price fixing),2000,Broadway,BOOK,none,1980_2010,US,none,none,none,en,trader,none,none,HIGH,NEEDED,,https://annas-archive.org/search?q=Eichenwald+The+Informant%3A+A+True+Story+%28ADM+lysine+price+fixing%29,https://archive.org/search?query=Eichenwald+The+Informant%3A+A+True+Story+%28ADM+lysine+price+fixing%29,,Eichenwald The Informant: A True Story (ADM lysine price fixing),False,v3v4
1535,ABCD Traders,bunge,Fornari,Hugo,Bunge Corporate History,2008,Self-published,BOOK,none,spanning,Global,none,none,none,en,trader,none,none,MEDIUM,NEEDED,,https://annas-archive.org/search?q=Fornari+Bunge+Corporate+History,https://archive.org/search?query=Fornari+Bunge+Corporate+History,,Fornari Bunge Corporate History,False,v3v4
1536,ABCD Traders,ldc,LDC,,Louis Dreyfus Company Corporate Overview,2024,LDC,GOV_DOC,none,2020_present,Global,none,none,none,en,trader,none,none,HIGH,NEEDED,,https://annas-archive.org/search?q=LDC+Louis+Dreyfus+Company+Corporate+Overview,https://archive.org/search?query=LDC+Louis+Dreyfus+Company+Corporate+Overview,,LDC Louis Dreyfus Company Corporate Overview,False,v3v4
1537,ABCD Traders,abcd,Murphy,Sophia,Cereal Secrets: The World's Largest Grain Traders and Global Agriculture,2012,Oxfam,REPORT,none,2010_2020,Global,none,none,none,en,NGO,none,none,HIGH,NEEDED,,https://annas-archive.org/search?q=Murphy+Cereal+Secrets%3A+The+World%27s+Largest+Grain+Traders+and+Global+Agriculture,https://archive.org/search?query=Murphy+Cereal+Secrets%3A+The+World%27s+Largest+Grain+Traders+and+Global+Agriculture,,Murphy Cereal Secrets: The World's Largest Grain Traders and Global Agriculture,False,v3v4
1538,ABCD Traders,cargill_meat,Cargill,,Cargill Meat Solutions Corporate,2024,Cargill,GOV_DOC,meat,2020_present,US,none,none,none,en,processor,none,none,HIGH,NEEDED,,https://annas-archive.org/search?q=Cargill+Cargill+Meat+Solutions+Corporate,https://archive.org/search?query=Cargill+Cargill+Meat+Solutions+Corporate,,Cargill Cargill Meat Solutions Corporate,False,v3v4
1539,ABCD Traders,ukraine,Glauber,Joseph,Grain Trader Response to Ukraine War,2023,IFPRI,REPORT,none,2020_present,Global,none,none,none,en,academic,none,none,HIGH,NEEDED,,https://annas-archive.org/search?q=Glauber+Grain+Trader+Response+to+Ukraine+War,https://archive.org/search?query=Glauber+Grain+Trader+Response+to+Ukraine+War,,Glauber Grain Trader Response to Ukraine War,False,v3v4
1540,ABCD Traders,wilmar,Wilmar,,Wilmar International: Asian ABCD-Rival,2024,Wilmar,GOV_DOC,none,2020_present,Asia,none,none,none,en,trader,none,none,MEDIUM,NEEDED,,https://annas-archive.org/search?q=Wilmar+Wilmar+International%3A+Asian+ABCD-Rival,https://archive.org/search?query=Wilmar+Wilmar+International%3A+Asian+ABCD-Rival,,Wilmar Wilmar International: Asian ABCD-Rival,False,v3v4
1541,ABCD Traders,cofco,COFCO,,COFCO International Corporate,2024,COFCO,GOV_DOC,none,2020_present,Asia,none,none,none,zh,trader,none,none,MEDIUM,NEEDED,,https://annas-archive.org/search?q=COFCO+COFCO+International+Corporate,https://archive.org/search?query=COFCO+COFCO+International+Corporate,,COFCO COFCO International Corporate,False,v3v4
1542,ABCD Traders,adm_10k,ADM,,ADM 10-K 2023,2023,Archer Daniels Midland,GOV_DOC,none,2020_present,US,none,none,none,en,investor,none,none,HIGH,NEEDED,,https://annas-archive.org/search?q=ADM+ADM+10-K+2023,https://archive.org/search?query=ADM+ADM+10-K+2023,,ADM ADM 10-K 2023,False,v3v4
1543,ABCD Traders,bunge_10k,Bunge,,Bunge 10-K 2023,2023,Bunge,GOV_DOC,none,2020_present,Global,none,none,none,en,investor,none,none,MEDIUM,NEEDED,,https://annas-archive.org/search?q=Bunge+Bunge+10-K+2023,https://archive.org/search?query=Bunge+Bunge+10-K+2023,,Bunge Bunge 10-K 2023,False,v3v4
1544,ABCD Traders,grain_consol,Schutter,Olivier De,The Financial Monopolization of Agriculture,2019,UN Rapporteur,REPORT,none,2010_2020,Global,none,none,none,en,regulator,none,none,MEDIUM,NEEDED,,https://annas-archive.org/search?q=Schutter+The+Financial+Monopolization+of+Agriculture,https://archive.org/search?query=Schutter+The+Financial+Monopolization+of+Agriculture,,Schutter The Financial Monopolization of Agriculture,False,v3v4
1545,Global Manufacturers,nestle,Nestle,,Nestlé Annual Report 2023,2023,Nestlé,GOV_DOC,none,2020_present,Global,none,none,none,en,processor,none,none,FLAGSHIP,NEEDED,,https://annas-archive.org/search?q=Nestle+Nestl%C3%A9+Annual+Report+2023,https://archive.org/search?query=Nestle+Nestl%C3%A9+Annual+Report+2023,,Nestle Nestlé Annual Report 2023,False,v3v4
1546,Global Manufacturers,unilever,Unilever,,Unilever Annual Report 2023,2023,Unilever,GOV_DOC,none,2020_present,Global,none,none,none,en,processor,none,none,HIGH,NEEDED,,https://annas-archive.org/search?q=Unilever+Unilever+Annual+Report+2023,https://archive.org/search?query=Unilever+Unilever+Annual+Report+2023,,Unilever Unilever Annual Report 2023,False,v3v4
1547,Global Manufacturers,pepsico,PepsiCo,,PepsiCo 10-K 2023,2023,PepsiCo,GOV_DOC,none,2020_present,US,none,none,none,en,processor,none,none,HIGH,NEEDED,,https://annas-archive.org/search?q=PepsiCo+PepsiCo+10-K+2023,https://archive.org/search?query=PepsiCo+PepsiCo+10-K+2023,,PepsiCo PepsiCo 10-K 2023,False,v3v4
1548,Global Manufacturers,kraft,Kraft Heinz,,Kraft Heinz 10-K 2023,2023,Kraft Heinz,GOV_DOC,none,2020_present,US,none,none,none,en,processor,none,none,HIGH,NEEDED,,https://annas-archive.org/search?q=Kraft+Heinz+Kraft+Heinz+10-K+2023,https://archive.org/search?query=Kraft+Heinz+Kraft+Heinz+10-K+2023,,Kraft Heinz Kraft Heinz 10-K 2023,False,v3v4
1549,Global Manufacturers,mondelez,Mondelez,,Mondelez International 10-K 2023,2023,Mondelez,GOV_DOC,none,2020_present,Global,none,none,none,en,processor,none,none,HIGH,NEEDED,,https://annas-archive.org/search?q=Mondelez+Mondelez+International+10-K+2023,https://archive.org/search?query=Mondelez+Mondelez+International+10-K+2023,,Mondelez Mondelez International 10-K 2023,False,v3v4
1550,Global Manufacturers,mars,Brenner,Joel,The Emperors of Chocolate: Inside the Secret World of Hershey and Mars,1999,Broadway,BOOK,none,spanning,US_Global,none,none,none,en,processor,none,cocoa_chocolate,HIGH,NEEDED,,https://annas-archive.org/search?q=Brenner+The+Emperors+of+Chocolate%3A+Inside+the+Secret+World+of+Hershey+and+Mars,https://archive.org/search?query=Brenner+The+Emperors+of+Chocolate%3A+Inside+the+Secret+World+of+Hershey+and+Mars,,Brenner The Emperors of Chocolate: Inside the Secret World of Hershey and Mars,False,v3v4
1551,Global Manufacturers,nestle_history,Heer,Jean,World Events 1866-1966: The First Hundred Years of Nestlé,1966,Nestlé,BOOK,none,spanning,Global,none,none,none,en,processor,none,none,MEDIUM,NEEDED,,https://annas-archive.org/search?q=Heer+World+Events+1866-1966%3A+The+First+Hundred+Years+of+Nestl%C3%A9,https://archive.org/search?query=Heer+World+Events+1866-1966%3A+The+First+Hundred+Years+of+Nestl%C3%A9,,Heer World Events 1866-1966: The First Hundred Years of Nestlé,False,v3v4
1552,Global Manufacturers,kellogg,Bruce,Scott,Cerealizing America: Kellogg and Post,2001,Faber,BOOK,cereals,spanning,US,none,none,none,en,processor,none,none,HIGH,NEEDED,,https://annas-archive.org/search?q=Bruce+Cerealizing+America%3A+Kellogg+and+Post,https://archive.org/search?query=Bruce+Cerealizing+America%3A+Kellogg+and+Post,,Bruce Cerealizing America: Kellogg and Post,False,v3v4
1553,Global Manufacturers,general_mills,General Mills,,General Mills 10-K 2023,2023,General Mills,GOV_DOC,none,2020_present,US,none,none,none,en,processor,none,none,HIGH,NEEDED,,https://annas-archive.org/search?q=General+Mills+General+Mills+10-K+2023,https://archive.org/search?query=General+Mills+General+Mills+10-K+2023,,General Mills General Mills 10-K 2023,False,v3v4
1554,Global Manufacturers,nestle_formula,Muller,Mike,The Baby Killer: Nestlé Infant Formula Scandal,1974,War on Want,REPORT,none,1945_1980,Africa,none,none,none,en,NGO,none,none,HIGH,NEEDED,,https://annas-archive.org/search?q=Muller+The+Baby+Killer%3A+Nestl%C3%A9+Infant+Formula+Scandal,https://archive.org/search?query=Muller+The+Baby+Killer%3A+Nestl%C3%A9+Infant+Formula+Scandal,,Muller The Baby Killer: Nestlé Infant Formula Scandal,False,v3v4
1555,Global Manufacturers,danone,Danone,,Danone Annual Report 2023,2023,Danone,GOV_DOC,dairy,2020_present,Europe,none,none,none,fr,processor,none,none,HIGH,NEEDED,,https://annas-archive.org/search?q=Danone+Danone+Annual+Report+2023,https://archive.org/search?query=Danone+Danone+Annual+Report+2023,,Danone Danone Annual Report 2023,False,v3v4
1556,Global Manufacturers,tyson,Tyson,,Tyson Foods 10-K 2023,2023,Tyson,GOV_DOC,meat,2020_present,US,none,none,none,en,processor,none,none,HIGH,NEEDED,,https://annas-archive.org/search?q=Tyson+Tyson+Foods+10-K+2023,https://archive.org/search?query=Tyson+Tyson+Foods+10-K+2023,,Tyson Tyson Foods 10-K 2023,False,v3v4
1557,Global Manufacturers,jbs,JBS,,JBS USA 10-K 2023 (NYSE listing),2023,JBS,GOV_DOC,meat,2020_present,LatAm,none,none,none,en,processor,none,none,HIGH,NEEDED,,https://annas-archive.org/search?q=JBS+JBS+USA+10-K+2023+%28NYSE+listing%29,https://archive.org/search?query=JBS+JBS+USA+10-K+2023+%28NYSE+listing%29,,JBS JBS USA 10-K 2023 (NYSE listing),False,v3v4
1558,Global Manufacturers,smithfield,Smithfield,,Smithfield Foods Under WH Group China,2024,WH Group,GOV_DOC,meat,2020_present,Global,none,none,none,en,processor,none,none,HIGH,NEEDED,,https://annas-archive.org/search?q=Smithfield+Smithfield+Foods+Under+WH+Group+China,https://archive.org/search?query=Smithfield+Smithfield+Foods+Under+WH+Group+China,,Smithfield Smithfield Foods Under WH Group China,False,v3v4
1559,Global Manufacturers,perdue,Perdue,,Perdue Farms Corporate,2024,Perdue,GOV_DOC,meat,2020_present,US,none,none,none,en,processor,none,none,MEDIUM,NEEDED,,https://annas-archive.org/search?q=Perdue+Perdue+Farms+Corporate,https://archive.org/search?query=Perdue+Perdue+Farms+Corporate,,Perdue Perdue Farms Corporate,False,v3v4
1560,Beverage Giants,pendergrast,Pendergrast,Mark,For God Country and Coca-Cola,2000,Basic,BOOK,none,spanning,US_Global,none,none,none,en,processor,none,soda,FLAGSHIP,NEEDED,,https://annas-archive.org/search?q=Pendergrast+For+God+Country+and+Coca-Cola,https://archive.org/search?query=Pendergrast+For+God+Country+and+Coca-Cola,,Pendergrast For God Country and Coca-Cola,False,v3v4
1561,Beverage Giants,coke_10k,Coca-Cola,,Coca-Cola Company 10-K 2023,2023,Coca-Cola,GOV_DOC,none,2020_present,Global,none,none,none,en,investor,none,soda,HIGH,NEEDED,,https://annas-archive.org/search?q=Coca-Cola+Coca-Cola+Company+10-K+2023,https://archive.org/search?query=Coca-Cola+Coca-Cola+Company+10-K+2023,,Coca-Cola Coca-Cola Company 10-K 2023,False,v3v4
1562,Beverage Giants,pepsi_hist,Louis,J.C.,Pepsi-Cola Story,1980,PepsiCo,BOOK,none,spanning,US,none,none,none,en,processor,none,soda,HIGH,NEEDED,,https://annas-archive.org/search?q=Louis+Pepsi-Cola+Story,https://archive.org/search?query=Louis+Pepsi-Cola+Story,,Louis Pepsi-Cola Story,False,v3v4
1563,Beverage Giants,cola_wars,Enrico,Roger,The Other Guy Blinked: How Pepsi Won the Cola Wars,1986,Bantam,BOOK,none,1980_2010,US,none,none,none,en,processor,none,soda,HIGH,NEEDED,,https://annas-archive.org/search?q=Enrico+The+Other+Guy+Blinked%3A+How+Pepsi+Won+the+Cola+Wars,https://archive.org/search?query=Enrico+The+Other+Guy+Blinked%3A+How+Pepsi+Won+the+Cola+Wars,,Enrico The Other Guy Blinked: How Pepsi Won the Cola Wars,False,v3v4
1564,Beverage Giants,soda_tax,Silver,Lynn,Berkeley Soda Tax Evaluation,2017,PLoS Medicine,ARTICLE,none,2010_2020,US,none,none,none,en,academic,none,soda,HIGH,NEEDED,,https://annas-archive.org/search?q=Silver+Berkeley+Soda+Tax+Evaluation,https://archive.org/search?query=Silver+Berkeley+Soda+Tax+Evaluation,,Silver Berkeley Soda Tax Evaluation,False,v3v4
1565,Beverage Giants,cola_global,Foster,Robert,Coca-Globalization: Following Soft Drinks from NY to NG,2008,Palgrave,BOOK,none,1980_2010,Global,none,none,none,en,academic,none,soda,HIGH,NEEDED,,https://annas-archive.org/search?q=Foster+Coca-Globalization%3A+Following+Soft+Drinks+from+NY+to+NG,https://archive.org/search?query=Foster+Coca-Globalization%3A+Following+Soft+Drinks+from+NY+to+NG,,Foster Coca-Globalization: Following Soft Drinks from NY to NG,False,v3v4
1566,Beverage Giants,pepsi_10k,PepsiCo,,PepsiCo 10-K 2023,2023,PepsiCo,GOV_DOC,none,2020_present,US,none,none,none,en,investor,none,soda,HIGH,NEEDED,,https://annas-archive.org/search?q=PepsiCo+PepsiCo+10-K+2023,https://archive.org/search?query=PepsiCo+PepsiCo+10-K+2023,,PepsiCo PepsiCo 10-K 2023,False,v3v4
1567,Beverage Giants,dr_pepper,Rodengen,Jeffrey,Legend of Dr Pepper/Seven-Up,1995,Write Stuff,BOOK,none,spanning,US,none,none,none,en,processor,none,soda,LOW,NEEDED,,https://annas-archive.org/search?q=Rodengen+Legend+of+Dr+Pepper%2FSeven-Up,https://archive.org/search?query=Rodengen+Legend+of+Dr+Pepper%2FSeven-Up,,Rodengen Legend of Dr Pepper/Seven-Up,False,v3v4
1568,Beverage Giants,red_bull,Grainger,Jeff,Red Bull Energy Drink Industry,2018,J Consumer Culture,ARTICLE,none,2010_2020,Global,none,none,none,en,academic,none,soda,MEDIUM,NEEDED,,https://annas-archive.org/search?q=Grainger+Red+Bull+Energy+Drink+Industry,https://archive.org/search?query=Grainger+Red+Bull+Energy+Drink+Industry,,Grainger Red Bull Energy Drink Industry,False,v3v4
1569,Beverage Giants,obesity_bev,Popkin,Barry,Sweetening Global Diet,2016,Lancet,ARTICLE,none,2010_2020,Global,none,none,none,en,academic,none,soda,HIGH,NEEDED,,https://annas-archive.org/search?q=Popkin+Sweetening+Global+Diet,https://archive.org/search?query=Popkin+Sweetening+Global+Diet,,Popkin Sweetening Global Diet,False,v3v4
1570,QSR Industry,mcd_love,Love,John,McDonald's: Behind the Arches,1986,Bantam,BOOK,none,spanning,US,none,chain,none,en,processor,none,none,FLAGSHIP,NEEDED,,https://annas-archive.org/search?q=Love+McDonald%27s%3A+Behind+the+Arches,https://archive.org/search?query=Love+McDonald%27s%3A+Behind+the+Arches,,Love McDonald's: Behind the Arches,False,v3v4
1571,QSR Industry,mcd_kroc,Kroc,Ray,Grinding It Out: The Making of McDonald's,1977,Regnery,BOOK,none,1945_1980,US,none,chain,none,en,processor,none,none,HIGH,NEEDED,,https://annas-archive.org/search?q=Kroc+Grinding+It+Out%3A+The+Making+of+McDonald%27s,https://archive.org/search?query=Kroc+Grinding+It+Out%3A+The+Making+of+McDonald%27s,,Kroc Grinding It Out: The Making of McDonald's,False,v3v4
1572,QSR Industry,schlosser,Schlosser,Eric,Fast Food Nation,2001,Houghton,BOOK,none,1980_2010,US,none,chain,none,en,media,none,none,HIGH,NEEDED,,https://annas-archive.org/search?q=Schlosser+Fast+Food+Nation,https://archive.org/search?query=Schlosser+Fast+Food+Nation,,Schlosser Fast Food Nation,False,v3v4
1573,QSR Industry,mcd_10k,McDonald's,,McDonald's 10-K 2023,2023,McDonald's,GOV_DOC,none,2020_present,Global,none,chain,none,en,investor,none,none,HIGH,NEEDED,,https://annas-archive.org/search?q=McDonald%27s+McDonald%27s+10-K+2023,https://archive.org/search?query=McDonald%27s+McDonald%27s+10-K+2023,,McDonald's McDonald's 10-K 2023,False,v3v4
1574,QSR Industry,starbucks,Schultz,Howard,Pour Your Heart Into It: How Starbucks Built a Company,1997,Hyperion,BOOK,none,1980_2010,US,none,chain,none,en,processor,none,coffee,HIGH,NEEDED,,https://annas-archive.org/search?q=Schultz+Pour+Your+Heart+Into+It%3A+How+Starbucks+Built+a+Company,https://archive.org/search?query=Schultz+Pour+Your+Heart+Into+It%3A+How+Starbucks+Built+a+Company,,Schultz Pour Your Heart Into It: How Starbucks Built a Company,False,v3v4
1575,QSR Industry,starbucks_10k,Starbucks,,Starbucks 10-K 2023,2023,Starbucks,GOV_DOC,none,2020_present,Global,none,chain,none,en,investor,none,coffee,HIGH,NEEDED,,https://annas-archive.org/search?q=Starbucks+Starbucks+10-K+2023,https://archive.org/search?query=Starbucks+Starbucks+10-K+2023,,Starbucks Starbucks 10-K 2023,False,v3v4
1576,QSR Industry,yum,Yum Brands,,Yum! Brands 10-K 2023,2023,Yum,GOV_DOC,none,2020_present,Global,none,chain,none,en,investor,none,none,HIGH,NEEDED,,https://annas-archive.org/search?q=Yum+Brands+Yum%21+Brands+10-K+2023,https://archive.org/search?query=Yum+Brands+Yum%21+Brands+10-K+2023,,Yum Brands Yum! Brands 10-K 2023,False,v3v4
1577,QSR Industry,chipotle,Chipotle,,Chipotle 10-K 2023,2023,Chipotle,GOV_DOC,none,2020_present,US,none,chain,none,en,investor,none,none,HIGH,NEEDED,,https://annas-archive.org/search?q=Chipotle+Chipotle+10-K+2023,https://archive.org/search?query=Chipotle+Chipotle+10-K+2023,,Chipotle Chipotle 10-K 2023,False,v3v4
1578,QSR Industry,subway,Subway,,Subway Corporate Turnaround 2023,2023,Subway,GOV_DOC,none,2020_present,US,none,chain,none,en,investor,none,none,MEDIUM,NEEDED,,https://annas-archive.org/search?q=Subway+Subway+Corporate+Turnaround+2023,https://archive.org/search?query=Subway+Subway+Corporate+Turnaround+2023,,Subway Subway Corporate Turnaround 2023,False,v3v4
1579,QSR Industry,dominos,Domino's,,Domino's Pizza 10-K 2023,2023,Domino's,GOV_DOC,none,2020_present,US,none,chain,none,en,investor,italian,none,MEDIUM,NEEDED,,https://annas-archive.org/search?q=Domino%27s+Domino%27s+Pizza+10-K+2023,https://archive.org/search?query=Domino%27s+Domino%27s+Pizza+10-K+2023,,Domino's Domino's Pizza 10-K 2023,False,v3v4
1580,QSR Industry,chik,Chick-fil-A,,Chick-fil-A Corporate Overview,2024,Chick-fil-A,GOV_DOC,meat,2020_present,US,none,chain,none,en,processor,none,none,MEDIUM,NEEDED,,https://annas-archive.org/search?q=Chick-fil-A+Chick-fil-A+Corporate+Overview,https://archive.org/search?query=Chick-fil-A+Chick-fil-A+Corporate+Overview,,Chick-fil-A Chick-fil-A Corporate Overview,False,v3v4
1581,QSR Industry,labor_qsr,Jayaraman,Saru,Fast Food Labor Conditions,2019,ROC,REPORT,none,2010_2020,US,none,chain,none,en,NGO,none,none,HIGH,NEEDED,,https://annas-archive.org/search?q=Jayaraman+Fast+Food+Labor+Conditions,https://archive.org/search?query=Jayaraman+Fast+Food+Labor+Conditions,,Jayaraman Fast Food Labor Conditions,False,v3v4
1582,QSR Industry,white_castle,Hogan,David,Selling 'em by the Sack: White Castle and the Creation of American Food,1997,NYU Press,BOOK,none,spanning,US,none,chain,none,en,processor,none,none,MEDIUM,NEEDED,,https://annas-archive.org/search?q=Hogan+Selling+%27em+by+the+Sack%3A+White+Castle+and+the+Creation+of+American+Food,https://archive.org/search?query=Hogan+Selling+%27em+by+the+Sack%3A+White+Castle+and+the+Creation+of+American+Food,,Hogan Selling 'em by the Sack: White Castle and the Creation of American Food,False,v3v4
1583,QSR Industry,panera,Panera,,Panera Bread Corporate History,2024,Panera,GOV_DOC,none,2020_present,US,none,chain,none,en,investor,none,none,MEDIUM,NEEDED,,https://annas-archive.org/search?q=Panera+Panera+Bread+Corporate+History,https://archive.org/search?query=Panera+Panera+Bread+Corporate+History,,Panera Panera Bread Corporate History,False,v3v4
1584,QSR Industry,taco_bell,Creasey,Steve,Taco Bell: History of a Chain,2015,Self,BOOK,none,spanning,US,none,chain,none,en,processor,mexican,none,MEDIUM,NEEDED,,https://annas-archive.org/search?q=Creasey+Taco+Bell%3A+History+of+a+Chain,https://archive.org/search?query=Creasey+Taco+Bell%3A+History+of+a+Chain,,Creasey Taco Bell: History of a Chain,False,v3v4
1585,Supermarket Multis,walmart,Lichtenstein,Nelson,The Retail Revolution: How Wal-Mart Created a Brave New World,2009,Metropolitan,BOOK,none,1980_2010,Global,none,supermarket,none,en,academic,none,none,FLAGSHIP,NEEDED,,https://annas-archive.org/search?q=Lichtenstein+The+Retail+Revolution%3A+How+Wal-Mart+Created+a+Brave+New+World,https://archive.org/search?query=Lichtenstein+The+Retail+Revolution%3A+How+Wal-Mart+Created+a+Brave+New+World,,Lichtenstein The Retail Revolution: How Wal-Mart Created a Brave New World,False,v3v4
1586,Supermarket Multis,walmart_10k,Walmart,,Walmart 10-K 2024,2024,Walmart,GOV_DOC,none,2020_present,Global,none,supermarket,none,en,investor,none,none,HIGH,NEEDED,,https://annas-archive.org/search?q=Walmart+Walmart+10-K+2024,https://archive.org/search?query=Walmart+Walmart+10-K+2024,,Walmart Walmart 10-K 2024,False,v3v4
1587,Supermarket Multis,costco,Costco,,Costco 10-K 2023,2023,Costco,GOV_DOC,none,2020_present,US_Global,none,supermarket,none,en,investor,none,none,HIGH,NEEDED,,https://annas-archive.org/search?q=Costco+Costco+10-K+2023,https://archive.org/search?query=Costco+Costco+10-K+2023,,Costco Costco 10-K 2023,False,v3v4
1588,Supermarket Multis,tesco,Tesco,,Tesco PLC Annual Report 2023,2023,Tesco,GOV_DOC,none,2020_present,Europe,none,supermarket,none,en,investor,none,none,HIGH,NEEDED,,https://annas-archive.org/search?q=Tesco+Tesco+PLC+Annual+Report+2023,https://archive.org/search?query=Tesco+Tesco+PLC+Annual+Report+2023,,Tesco Tesco PLC Annual Report 2023,False,v3v4
1589,Supermarket Multis,carrefour,Carrefour,,Carrefour Group Annual Report 2023,2023,Carrefour,GOV_DOC,none,2020_present,Europe,none,supermarket,none,fr,investor,none,none,HIGH,NEEDED,,https://annas-archive.org/search?q=Carrefour+Carrefour+Group+Annual+Report+2023,https://archive.org/search?query=Carrefour+Carrefour+Group+Annual+Report+2023,,Carrefour Carrefour Group Annual Report 2023,False,v3v4
1590,Supermarket Multis,aldi,Aldi,,Aldi Nord/Süd Corporate Structure,2024,Aldi,GOV_DOC,none,2020_present,Europe,none,supermarket,none,de,investor,none,none,MEDIUM,NEEDED,,https://annas-archive.org/search?q=Aldi+Aldi+Nord%2FS%C3%BCd+Corporate+Structure,https://archive.org/search?query=Aldi+Aldi+Nord%2FS%C3%BCd+Corporate+Structure,,Aldi Aldi Nord/Süd Corporate Structure,False,v3v4
1591,Supermarket Multis,lidl,Schwarz,,Lidl (Schwarz Gruppe) Corporate,2024,Schwarz,GOV_DOC,none,2020_present,Europe,none,supermarket,none,de,investor,none,none,MEDIUM,NEEDED,,https://annas-archive.org/search?q=Schwarz+Lidl+%28Schwarz+Gruppe%29+Corporate,https://archive.org/search?query=Schwarz+Lidl+%28Schwarz+Gruppe%29+Corporate,,Schwarz Lidl (Schwarz Gruppe) Corporate,False,v3v4
1592,Supermarket Multis,kroger,Kroger,,Kroger 10-K 2023,2023,Kroger,GOV_DOC,none,2020_present,US,none,supermarket,none,en,investor,none,none,HIGH,NEEDED,,https://annas-archive.org/search?q=Kroger+Kroger+10-K+2023,https://archive.org/search?query=Kroger+Kroger+10-K+2023,,Kroger Kroger 10-K 2023,False,v3v4
1593,Supermarket Multis,retail_rev,Deutsch,Tracey,Building a Housewife's Paradise: Gender Politics American Grocery Stores,2010,UNC Press,BOOK,none,1900_1945,US,none,supermarket,none,en,academic,none,none,HIGH,NEEDED,,https://annas-archive.org/search?q=Deutsch+Building+a+Housewife%27s+Paradise%3A+Gender+Politics+American+Grocery+Stores,https://archive.org/search?query=Deutsch+Building+a+Housewife%27s+Paradise%3A+Gender+Politics+American+Grocery+Stores,,Deutsch Building a Housewife's Paradise: Gender Politics American Grocery Stores,False,v3v4
1594,Supermarket Multis,reardon_super,Reardon,Thomas,Rise of Supermarkets in Developing Regions,2003,AJAE,ARTICLE,none,1980_2010,Global,none,supermarket,none,en,academic,none,none,HIGH,NEEDED,,https://annas-archive.org/search?q=Reardon+Rise+of+Supermarkets+in+Developing+Regions,https://archive.org/search?query=Reardon+Rise+of+Supermarkets+in+Developing+Regions,,Reardon Rise of Supermarkets in Developing Regions,False,v3v4
1595,Supermarket Multis,amazon_wf,Amazon,,Amazon Whole Foods Acquisition 2017,2017,Amazon,GOV_DOC,none,2010_2020,US,none,supermarket,none,en,investor,none,none,HIGH,NEEDED,,https://annas-archive.org/search?q=Amazon+Amazon+Whole+Foods+Acquisition+2017,https://archive.org/search?query=Amazon+Amazon+Whole+Foods+Acquisition+2017,,Amazon Amazon Whole Foods Acquisition 2017,False,v3v4
1596,Supermarket Multis,china_retail,Reardon,Thomas,Food Retail in China,2018,China Ag Econ Review,ARTICLE,none,2010_2020,Asia,none,supermarket,none,zh,academic,none,none,MEDIUM,NEEDED,,https://annas-archive.org/search?q=Reardon+Food+Retail+in+China,https://archive.org/search?query=Reardon+Food+Retail+in+China,,Reardon Food Retail in China,False,v3v4
1597,FS Distributors,sysco,Sysco,,Sysco 10-K 2024,2024,Sysco,GOV_DOC,none,2020_present,US,none,wholesale,none,en,distributor,none,none,FLAGSHIP,NEEDED,,https://annas-archive.org/search?q=Sysco+Sysco+10-K+2024,https://archive.org/search?query=Sysco+Sysco+10-K+2024,,Sysco Sysco 10-K 2024,False,v3v4
1598,FS Distributors,us_foods,US Foods,,US Foods 10-K 2023,2023,US Foods,GOV_DOC,none,2020_present,US,none,wholesale,none,en,distributor,none,none,HIGH,NEEDED,,https://annas-archive.org/search?q=US+Foods+US+Foods+10-K+2023,https://archive.org/search?query=US+Foods+US+Foods+10-K+2023,,US Foods US Foods 10-K 2023,False,v3v4
1599,FS Distributors,pfg,PFG,,Performance Food Group 10-K 2023,2023,PFG,GOV_DOC,none,2020_present,US,none,wholesale,none,en,distributor,none,none,HIGH,NEEDED,,https://annas-archive.org/search?q=PFG+Performance+Food+Group+10-K+2023,https://archive.org/search?query=PFG+Performance+Food+Group+10-K+2023,,PFG Performance Food Group 10-K 2023,False,v3v4
1600,FS Distributors,gfs,Gordon,,Gordon Food Service Corporate,2024,GFS,GOV_DOC,none,2020_present,US,none,wholesale,none,en,distributor,none,none,MEDIUM,NEEDED,,https://annas-archive.org/search?q=Gordon+Gordon+Food+Service+Corporate,https://archive.org/search?query=Gordon+Gordon+Food+Service+Corporate,,Gordon Gordon Food Service Corporate,False,v3v4
1601,FS Distributors,sysco_hist,Love,John F.,Sysco: A History,2003,Corporate,BOOK,none,spanning,US,none,wholesale,none,en,distributor,none,none,MEDIUM,NEEDED,,https://annas-archive.org/search?q=Love+Sysco%3A+A+History,https://archive.org/search?query=Love+Sysco%3A+A+History,,Love Sysco: A History,False,v3v4
1602,FS Distributors,broadline,Industry Research,,Broadline Foodservice Distribution Market Share,2023,Technomic,REPORT,none,2020_present,US,none,wholesale,none,en,media,none,none,MEDIUM,NEEDED,,https://annas-archive.org/search?q=Industry+Research+Broadline+Foodservice+Distribution+Market+Share,https://archive.org/search?query=Industry+Research+Broadline+Foodservice+Distribution+Market+Share,,Industry Research Broadline Foodservice Distribution Market Share,False,v3v4
1603,FS Distributors,cash_carry,Restaurant Depot,,Restaurant Depot/Jetro Cash & Carry Model,2023,Corporate,REPORT,none,2020_present,US,none,wholesale,none,en,distributor,none,none,MEDIUM,NEEDED,,https://annas-archive.org/search?q=Restaurant+Depot+Restaurant+Depot%2FJetro+Cash+%26+Carry+Model,https://archive.org/search?query=Restaurant+Depot+Restaurant+Depot%2FJetro+Cash+%26+Carry+Model,,Restaurant Depot Restaurant Depot/Jetro Cash & Carry Model,False,v3v4
1604,FS Distributors,dairy_dist,Dean Foods,,Dean Foods Bankruptcy 2019 and Dairy Distribution,2019,GOV,GOV_DOC,dairy,2010_2020,US,none,wholesale,none,en,distributor,none,none,MEDIUM,NEEDED,,https://annas-archive.org/search?q=Dean+Foods+Dean+Foods+Bankruptcy+2019+and+Dairy+Distribution,https://archive.org/search?query=Dean+Foods+Dean+Foods+Bankruptcy+2019+and+Dairy+Distribution,,Dean Foods Dean Foods Bankruptcy 2019 and Dairy Distribution,False,v3v4
1605,FS Distributors,meat_dist,Cargill Meat,,Meat Distribution Chain Cargill,2024,Cargill,GOV_DOC,meat,2020_present,US,none,wholesale,none,en,distributor,none,none,MEDIUM,NEEDED,,https://annas-archive.org/search?q=Cargill+Meat+Meat+Distribution+Chain+Cargill,https://archive.org/search?query=Cargill+Meat+Meat+Distribution+Chain+Cargill,,Cargill Meat Meat Distribution Chain Cargill,False,v3v4
1606,FS Distributors,specialty_dist,Cheney Brothers,,Regional FS Distributors Landscape,2023,Industry,REPORT,none,2020_present,US,none,wholesale,none,en,distributor,none,none,LOW,NEEDED,,https://annas-archive.org/search?q=Cheney+Brothers+Regional+FS+Distributors+Landscape,https://archive.org/search?query=Cheney+Brothers+Regional+FS+Distributors+Landscape,,Cheney Brothers Regional FS Distributors Landscape,False,v3v4
1607,Seed Biotech,monsanto,Charles,Daniel,Lords of the Harvest: Biotech Big Money and the Future of Food,2001,Perseus,BOOK,none,1980_2010,Global,none,none,none,en,processor,none,none,FLAGSHIP,NEEDED,,https://annas-archive.org/search?q=Charles+Lords+of+the+Harvest%3A+Biotech+Big+Money+and+the+Future+of+Food,https://archive.org/search?query=Charles+Lords+of+the+Harvest%3A+Biotech+Big+Money+and+the+Future+of+Food,,Charles Lords of the Harvest: Biotech Big Money and the Future of Food,False,v3v4
1608,Seed Biotech,bayer,Bayer,,Bayer AG Post-Monsanto Merger Annual Report,2024,Bayer,GOV_DOC,none,2020_present,Europe,none,none,none,de,investor,none,none,HIGH,NEEDED,,https://annas-archive.org/search?q=Bayer+Bayer+AG+Post-Monsanto+Merger+Annual+Report,https://archive.org/search?query=Bayer+Bayer+AG+Post-Monsanto+Merger+Annual+Report,,Bayer Bayer AG Post-Monsanto Merger Annual Report,False,v3v4
1609,Seed Biotech,corteva,Corteva,,Corteva Agriscience 10-K 2023,2023,Corteva,GOV_DOC,none,2020_present,US,none,none,none,en,investor,none,none,HIGH,NEEDED,,https://annas-archive.org/search?q=Corteva+Corteva+Agriscience+10-K+2023,https://archive.org/search?query=Corteva+Corteva+Agriscience+10-K+2023,,Corteva Corteva Agriscience 10-K 2023,False,v3v4
1610,Seed Biotech,syngenta,Syngenta,,Syngenta (ChemChina) Corporate,2024,Syngenta,GOV_DOC,none,2020_present,Asia,none,none,none,zh,investor,none,none,HIGH,NEEDED,,https://annas-archive.org/search?q=Syngenta+Syngenta+%28ChemChina%29+Corporate,https://archive.org/search?query=Syngenta+Syngenta+%28ChemChina%29+Corporate,,Syngenta Syngenta (ChemChina) Corporate,False,v3v4
1611,Seed Biotech,limagrain,Limagrain,,Groupe Limagrain Annual Report,2024,Limagrain,GOV_DOC,none,2020_present,Europe,none,none,none,fr,processor,none,none,MEDIUM,NEEDED,,https://annas-archive.org/search?q=Limagrain+Groupe+Limagrain+Annual+Report,https://archive.org/search?query=Limagrain+Groupe+Limagrain+Annual+Report,,Limagrain Groupe Limagrain Annual Report,False,v3v4
1612,Seed Biotech,shiva,Shiva,Vandana,Stolen Harvest: The Hijacking of the Global Food Supply,2000,South End,BOOK,none,1980_2010,Asia,none,none,none,en,NGO,none,none,HIGH,NEEDED,,https://annas-archive.org/search?q=Shiva+Stolen+Harvest%3A+The+Hijacking+of+the+Global+Food+Supply,https://archive.org/search?query=Shiva+Stolen+Harvest%3A+The+Hijacking+of+the+Global+Food+Supply,,Shiva Stolen Harvest: The Hijacking of the Global Food Supply,False,v3v4
1613,Seed Biotech,gmo_labor,Schurman,Rachel,Fighting for the Future of Food: Activists versus Agribusiness in the Struggle over Biotechnology,2010,U Minnesota Press,BOOK,none,1980_2010,Global,none,none,none,en,academic,none,none,HIGH,NEEDED,,https://annas-archive.org/search?q=Schurman+Fighting+for+the+Future+of+Food%3A+Activists+versus+Agribusiness+in+the+Struggle+over+Biotechnology,https://archive.org/search?query=Schurman+Fighting+for+the+Future+of+Food%3A+Activists+versus+Agribusiness+in+the+Struggle+over+Biotechnology,,Schurman Fighting for the Future of Food: Activists versus Agribusiness in the Struggle over Biotechnology,False,v3v4
1614,Seed Biotech,crispr,Wolt,Jeffrey,Regulatory Status of Genome-Edited Crops,2016,Plant Biotech Journal,ARTICLE,none,2010_2020,US_Global,none,none,none,en,academic,none,none,HIGH,NEEDED,,https://annas-archive.org/search?q=Wolt+Regulatory+Status+of+Genome-Edited+Crops,https://archive.org/search?query=Wolt+Regulatory+Status+of+Genome-Edited+Crops,,Wolt Regulatory Status of Genome-Edited Crops,False,v3v4
1615,Seed Biotech,bayer_lawsuit,Bloomberg,,Bayer Roundup Liability Settlement 2020-2024,2024,Bloomberg,ARTICLE,none,2020_present,US,none,none,none,en,media,none,none,MEDIUM,NEEDED,,https://annas-archive.org/search?q=Bloomberg+Bayer+Roundup+Liability+Settlement+2020-2024,https://archive.org/search?query=Bloomberg+Bayer+Roundup+Liability+Settlement+2020-2024,,Bloomberg Bayer Roundup Liability Settlement 2020-2024,False,v3v4
1616,Seed Biotech,pioneer,Fitzgerald,Deborah,Pioneer Hi-Bred and Hybrid Corn,1990,Cornell UP,BOOK,cereals,spanning,US,none,none,none,en,academic,none,none,MEDIUM,NEEDED,,https://annas-archive.org/search?q=Fitzgerald+Pioneer+Hi-Bred+and+Hybrid+Corn,https://archive.org/search?query=Fitzgerald+Pioneer+Hi-Bred+and+Hybrid+Corn,,Fitzgerald Pioneer Hi-Bred and Hybrid Corn,False,v3v4
1617,Seed Biotech,seeds_conc,ETC Group,,Seed Industry Concentration: ETC 2020,2020,ETC Group,REPORT,none,2020_present,Global,none,none,none,en,NGO,none,none,MEDIUM,NEEDED,,https://annas-archive.org/search?q=ETC+Group+Seed+Industry+Concentration%3A+ETC+2020,https://archive.org/search?query=ETC+Group+Seed+Industry+Concentration%3A+ETC+2020,,ETC Group Seed Industry Concentration: ETC 2020,False,v3v4
1618,Seed Biotech,gmo_econ,Qaim,Matin,Economic Impact of GMOs Global Review,2020,AJAE,ARTICLE,none,2020_present,Global,none,none,none,en,academic,none,none,HIGH,NEEDED,,https://annas-archive.org/search?q=Qaim+Economic+Impact+of+GMOs+Global+Review,https://archive.org/search?query=Qaim+Economic+Impact+of+GMOs+Global+Review,,Qaim Economic Impact of GMOs Global Review,False,v3v4
1619,Fertilizer Industry,nutrien,Nutrien,,Nutrien 10-K 2023 (world's largest fertilizer),2023,Nutrien,GOV_DOC,none,2020_present,US_Global,none,none,none,en,investor,none,none,FLAGSHIP,NEEDED,,https://annas-archive.org/search?q=Nutrien+Nutrien+10-K+2023+%28world%27s+largest+fertilizer%29,https://archive.org/search?query=Nutrien+Nutrien+10-K+2023+%28world%27s+largest+fertilizer%29,,Nutrien Nutrien 10-K 2023 (world's largest fertilizer),False,v3v4
1620,Fertilizer Industry,mosaic,Mosaic,,Mosaic Company 10-K 2023,2023,Mosaic,GOV_DOC,none,2020_present,US,none,none,none,en,investor,none,none,HIGH,NEEDED,,https://annas-archive.org/search?q=Mosaic+Mosaic+Company+10-K+2023,https://archive.org/search?query=Mosaic+Mosaic+Company+10-K+2023,,Mosaic Mosaic Company 10-K 2023,False,v3v4
1621,Fertilizer Industry,yara,Yara,,Yara International Annual Report 2023,2023,Yara,GOV_DOC,none,2020_present,Europe,none,none,none,other,investor,none,none,HIGH,NEEDED,,https://annas-archive.org/search?q=Yara+Yara+International+Annual+Report+2023,https://archive.org/search?query=Yara+Yara+International+Annual+Report+2023,,Yara Yara International Annual Report 2023,False,v3v4
1622,Fertilizer Industry,cf,CF Industries,,CF Industries 10-K 2023,2023,CF,GOV_DOC,none,2020_present,US,none,none,none,en,investor,none,none,HIGH,NEEDED,,https://annas-archive.org/search?q=CF+Industries+CF+Industries+10-K+2023,https://archive.org/search?query=CF+Industries+CF+Industries+10-K+2023,,CF Industries CF Industries 10-K 2023,False,v3v4
1623,Fertilizer Industry,basf,BASF,,BASF Agricultural Solutions,2024,BASF,GOV_DOC,none,2020_present,Europe,none,none,none,de,processor,none,none,HIGH,NEEDED,,https://annas-archive.org/search?q=BASF+BASF+Agricultural+Solutions,https://archive.org/search?query=BASF+BASF+Agricultural+Solutions,,BASF BASF Agricultural Solutions,False,v3v4
1624,Fertilizer Industry,fertilizer_crisis,Baffes,John,2022 Fertilizer Shock,2022,World Bank,REPORT,none,2020_present,Global,none,none,none,en,regulator,none,none,HIGH,NEEDED,,https://annas-archive.org/search?q=Baffes+2022+Fertilizer+Shock,https://archive.org/search?query=Baffes+2022+Fertilizer+Shock,,Baffes 2022 Fertilizer Shock,False,v3v4
1625,Fertilizer Industry,potash,Potash,,Potash Industry Belarus Sanctions 2022,2022,World Bank,REPORT,none,2020_present,Europe,none,none,none,en,regulator,none,none,MEDIUM,NEEDED,,https://annas-archive.org/search?q=Potash+Potash+Industry+Belarus+Sanctions+2022,https://archive.org/search?query=Potash+Potash+Industry+Belarus+Sanctions+2022,,Potash Potash Industry Belarus Sanctions 2022,False,v3v4
1626,Fertilizer Industry,phosphate,Cordell,Dana,Peak Phosphorus: Clarifying the Key Issues,2009,Global Environmental Change,ARTICLE,none,1980_2010,Global,none,none,none,en,academic,none,none,MEDIUM,NEEDED,,https://annas-archive.org/search?q=Cordell+Peak+Phosphorus%3A+Clarifying+the+Key+Issues,https://archive.org/search?query=Cordell+Peak+Phosphorus%3A+Clarifying+the+Key+Issues,,Cordell Peak Phosphorus: Clarifying the Key Issues,False,v3v4
1627,Fertilizer Industry,organic_fert,Rodale,J.I.,Organic Farming Natural Fertilization,1961,Rodale,BOOK,none,1945_1980,US,none,none,none,en,producer,none,none,MEDIUM,NEEDED,,https://annas-archive.org/search?q=Rodale+Organic+Farming+Natural+Fertilization,https://archive.org/search?query=Rodale+Organic+Farming+Natural+Fertilization,,Rodale Organic Farming Natural Fertilization,False,v3v4
1628,Fertilizer Industry,nitrogen,Smil,Vaclav,Enriching the Earth: Fritz Haber Carl Bosch and the Transformation of World Food Production,2001,MIT Press,BOOK,none,spanning,Global,none,none,none,en,academic,none,none,HIGH,NEEDED,,https://annas-archive.org/search?q=Smil+Enriching+the+Earth%3A+Fritz+Haber+Carl+Bosch+and+the+Transformation+of+World+Food+Production,https://archive.org/search?query=Smil+Enriching+the+Earth%3A+Fritz+Haber+Carl+Bosch+and+the+Transformation+of+World+Food+Production,,Smil Enriching the Earth: Fritz Haber Carl Bosch and the Transformation of World Food Production,False,v3v4
1629,Farm Machinery,deere,Broehl,Wayne,John Deere's Company: A History of Deere & Company,1984,Doubleday,BOOK,none,spanning,US,none,none,none,en,processor,none,none,FLAGSHIP,NEEDED,,https://annas-archive.org/search?q=Broehl+John+Deere%27s+Company%3A+A+History+of+Deere+%26+Company,https://archive.org/search?query=Broehl+John+Deere%27s+Company%3A+A+History+of+Deere+%26+Company,,Broehl John Deere's Company: A History of Deere & Company,False,v3v4
1630,Farm Machinery,deere_10k,Deere,,Deere & Company 10-K 2023,2023,Deere,GOV_DOC,none,2020_present,US_Global,none,none,none,en,investor,none,none,HIGH,NEEDED,,https://annas-archive.org/search?q=Deere+Deere+%26+Company+10-K+2023,https://archive.org/search?query=Deere+Deere+%26+Company+10-K+2023,,Deere Deere & Company 10-K 2023,False,v3v4
1631,Farm Machinery,cnh,CNH,,CNH Industrial Annual Report 2023,2023,CNH,GOV_DOC,none,2020_present,Global,none,none,none,en,investor,none,none,MEDIUM,NEEDED,,https://annas-archive.org/search?q=CNH+CNH+Industrial+Annual+Report+2023,https://archive.org/search?query=CNH+CNH+Industrial+Annual+Report+2023,,CNH CNH Industrial Annual Report 2023,False,v3v4
1632,Farm Machinery,kubota,Kubota,,Kubota Corporation Annual Report 2023,2023,Kubota,GOV_DOC,none,2020_present,Asia,none,none,none,ja,investor,none,none,HIGH,NEEDED,,https://annas-archive.org/search?q=Kubota+Kubota+Corporation+Annual+Report+2023,https://archive.org/search?query=Kubota+Kubota+Corporation+Annual+Report+2023,,Kubota Kubota Corporation Annual Report 2023,False,v3v4
1633,Farm Machinery,agco,AGCO,,AGCO Corporation 10-K 2023,2023,AGCO,GOV_DOC,none,2020_present,US,none,none,none,en,investor,none,none,MEDIUM,NEEDED,,https://annas-archive.org/search?q=AGCO+AGCO+Corporation+10-K+2023,https://archive.org/search?query=AGCO+AGCO+Corporation+10-K+2023,,AGCO AGCO Corporation 10-K 2023,False,v3v4
1634,Farm Machinery,mccormick,McCormick,Cyrus,Cyrus McCormick and the Reaper (biography),1931,Harper,BOOK,none,pre1900,US,none,none,none,en,producer,none,none,MEDIUM,NEEDED,,https://annas-archive.org/search?q=McCormick+Cyrus+McCormick+and+the+Reaper+%28biography%29,https://archive.org/search?query=McCormick+Cyrus+McCormick+and+the+Reaper+%28biography%29,,McCormick Cyrus McCormick and the Reaper (biography),False,v3v4
1635,Farm Machinery,combines,Macmillan,Don,The Big Book of John Deere Tractors,2007,Voyageur,BOOK,none,spanning,US,none,none,none,en,media,none,none,LOW,NEEDED,,https://annas-archive.org/search?q=Macmillan+The+Big+Book+of+John+Deere+Tractors,https://archive.org/search?query=Macmillan+The+Big+Book+of+John+Deere+Tractors,,Macmillan The Big Book of John Deere Tractors,False,v3v4
1636,Farm Machinery,precision,Deere,,Deere Precision Ag Technology Roadmap,2024,Deere,REPORT,none,2020_present,US,none,none,none,en,processor,none,none,HIGH,NEEDED,,https://annas-archive.org/search?q=Deere+Deere+Precision+Ag+Technology+Roadmap,https://archive.org/search?query=Deere+Deere+Precision+Ag+Technology+Roadmap,,Deere Deere Precision Ag Technology Roadmap,False,v3v4
1637,Farm Machinery,right_to_repair,NY Times,,Farmers' Right-to-Repair Deere Equipment,2023,NYT,ARTICLE,none,2020_present,US,none,none,none,en,media,none,none,MEDIUM,NEEDED,,https://annas-archive.org/search?q=NY+Times+Farmers%27+Right-to-Repair+Deere+Equipment,https://archive.org/search?query=NY+Times+Farmers%27+Right-to-Repair+Deere+Equipment,,NY Times Farmers' Right-to-Repair Deere Equipment,False,v3v4
1638,Farm Machinery,tractor_asia,Asian Farm Equipment,,Farm Machinery Industry in Asia,2022,Industry,REPORT,none,2020_present,Asia,none,none,none,zh,media,none,none,LOW,NEEDED,,https://annas-archive.org/search?q=Asian+Farm+Equipment+Farm+Machinery+Industry+in+Asia,https://archive.org/search?query=Asian+Farm+Equipment+Farm+Machinery+Industry+in+Asia,,Asian Farm Equipment Farm Machinery Industry in Asia,False,v3v4
1639,Flavor Fragrance,burr,Burr,Chandler,The Emperor of Scent,2002,Random House,BOOK,none,1980_2010,Global,none,none,none,en,processor,none,none,FLAGSHIP,NEEDED,,https://annas-archive.org/search?q=Burr+The+Emperor+of+Scent,https://archive.org/search?query=Burr+The+Emperor+of+Scent,,Burr The Emperor of Scent,False,v3v4
1640,Flavor Fragrance,givaudan,Givaudan,,Givaudan Annual Report 2023,2023,Givaudan,GOV_DOC,none,2020_present,Europe,none,none,none,fr,investor,none,none,HIGH,NEEDED,,https://annas-archive.org/search?q=Givaudan+Givaudan+Annual+Report+2023,https://archive.org/search?query=Givaudan+Givaudan+Annual+Report+2023,,Givaudan Givaudan Annual Report 2023,False,v3v4
1641,Flavor Fragrance,iff,IFF,,International Flavors & Fragrances 10-K 2023,2023,IFF,GOV_DOC,none,2020_present,US_Global,none,none,none,en,investor,none,none,HIGH,NEEDED,,https://annas-archive.org/search?q=IFF+International+Flavors+%26+Fragrances+10-K+2023,https://archive.org/search?query=IFF+International+Flavors+%26+Fragrances+10-K+2023,,IFF International Flavors & Fragrances 10-K 2023,False,v3v4
1642,Flavor Fragrance,symrise,Symrise,,Symrise Annual Report 2023,2023,Symrise,GOV_DOC,none,2020_present,Europe,none,none,none,de,investor,none,none,MEDIUM,NEEDED,,https://annas-archive.org/search?q=Symrise+Symrise+Annual+Report+2023,https://archive.org/search?query=Symrise+Symrise+Annual+Report+2023,,Symrise Symrise Annual Report 2023,False,v3v4
1643,Flavor Fragrance,firmenich,Firmenich,,Firmenich Annual Report 2023,2023,Firmenich,GOV_DOC,none,2020_present,Europe,none,none,none,fr,investor,none,none,MEDIUM,NEEDED,,https://annas-archive.org/search?q=Firmenich+Firmenich+Annual+Report+2023,https://archive.org/search?query=Firmenich+Firmenich+Annual+Report+2023,,Firmenich Firmenich Annual Report 2023,False,v3v4
1644,Flavor Fragrance,turin,Turin,Luca,The Secret of Scent: Adventures in Perfume and the Science of Smell,2006,Ecco,BOOK,none,1980_2010,Global,none,none,none,en,academic,none,none,HIGH,NEEDED,,https://annas-archive.org/search?q=Turin+The+Secret+of+Scent%3A+Adventures+in+Perfume+and+the+Science+of+Smell,https://archive.org/search?query=Turin+The+Secret+of+Scent%3A+Adventures+in+Perfume+and+the+Science+of+Smell,,Turin The Secret of Scent: Adventures in Perfume and the Science of Smell,False,v3v4
1645,Flavor Fragrance,natural_flavors,Khan,Gulab,Natural Flavors Industry Regulation,2020,Food Science,ARTICLE,none,2020_present,US,none,none,none,en,academic,none,none,MEDIUM,NEEDED,,https://annas-archive.org/search?q=Khan+Natural+Flavors+Industry+Regulation,https://archive.org/search?query=Khan+Natural+Flavors+Industry+Regulation,,Khan Natural Flavors Industry Regulation,False,v3v4
1646,Flavor Fragrance,flavor_price,Sensient,,Sensient Technologies Flavor Pricing Trends,2023,Sensient,GOV_DOC,none,2020_present,US,none,none,none,en,processor,none,none,MEDIUM,NEEDED,,https://annas-archive.org/search?q=Sensient+Sensient+Technologies+Flavor+Pricing+Trends,https://archive.org/search?query=Sensient+Sensient+Technologies+Flavor+Pricing+Trends,,Sensient Sensient Technologies Flavor Pricing Trends,False,v3v4
1647,Flavor Fragrance,vanilla,Karen,Tricia,Vanilla Economics Madagascar,2020,J Ag Econ,ARTICLE,none,2020_present,Africa,none,none,none,en,academic,none,none,MEDIUM,NEEDED,,https://annas-archive.org/search?q=Karen+Vanilla+Economics+Madagascar,https://archive.org/search?query=Karen+Vanilla+Economics+Madagascar,,Karen Vanilla Economics Madagascar,False,v3v4
1648,Flavor Fragrance,msg,Sand,Jordan,MSG: Chinese Restaurant Syndrome and Food Racism,2005,Gastronomica,ARTICLE,none,1945_1980,US,none,none,none,en,academic,chinese,none,MEDIUM,NEEDED,,https://annas-archive.org/search?q=Sand+MSG%3A+Chinese+Restaurant+Syndrome+and+Food+Racism,https://archive.org/search?query=Sand+MSG%3A+Chinese+Restaurant+Syndrome+and+Food+Racism,,Sand MSG: Chinese Restaurant Syndrome and Food Racism,False,v3v4
1649,Wine Industry,ashenfelter,Ashenfelter,Orley,Predicting the Quality and Prices of Bordeaux Wine,2008,Economic Journal,ARTICLE,none,1980_2010,Global,none,none,none,en,academic,none,wine,FLAGSHIP,NEEDED,,https://annas-archive.org/search?q=Ashenfelter+Predicting+the+Quality+and+Prices+of+Bordeaux+Wine,https://archive.org/search?query=Ashenfelter+Predicting+the+Quality+and+Prices+of+Bordeaux+Wine,,Ashenfelter Predicting the Quality and Prices of Bordeaux Wine,False,v3v4
1650,Wine Industry,storchmann,Storchmann,Karl,Wine Economics: Emergence and Future,2012,J Wine Economics,ARTICLE,none,2010_2020,Global,none,none,none,en,academic,none,wine,HIGH,NEEDED,,https://annas-archive.org/search?q=Storchmann+Wine+Economics%3A+Emergence+and+Future,https://archive.org/search?query=Storchmann+Wine+Economics%3A+Emergence+and+Future,,Storchmann Wine Economics: Emergence and Future,False,v3v4
1651,Wine Industry,thornton,Thornton,James,American Wine Economics,2013,UC Press,BOOK,none,2010_2020,US,none,none,none,en,academic,none,wine,HIGH,NEEDED,,https://annas-archive.org/search?q=Thornton+American+Wine+Economics,https://archive.org/search?query=Thornton+American+Wine+Economics,,Thornton American Wine Economics,False,v3v4
1652,Wine Industry,parker,McCoy,Elin,The Emperor of Wine: Robert Parker Jr.,2005,Ecco,BOOK,none,1980_2010,US,none,none,none,en,media,none,wine,HIGH,NEEDED,,https://annas-archive.org/search?q=McCoy+The+Emperor+of+Wine%3A+Robert+Parker+Jr.,https://archive.org/search?query=McCoy+The+Emperor+of+Wine%3A+Robert+Parker+Jr.,,McCoy The Emperor of Wine: Robert Parker Jr.,False,v3v4
1653,Wine Industry,robinson,Robinson,Jancis,The Oxford Companion to Wine,2015,Oxford UP,BOOK,none,spanning,Global,none,none,none,en,academic,none,wine,HIGH,NEEDED,,https://annas-archive.org/search?q=Robinson+The+Oxford+Companion+to+Wine,https://archive.org/search?query=Robinson+The+Oxford+Companion+to+Wine,,Robinson The Oxford Companion to Wine,False,v3v4
1654,Wine Industry,appellations,INAO,,French INAO Wine Appellation System,2024,INAO,DATASET_DOC,none,2020_present,Europe,none,none,none,fr,regulator,none,wine,HIGH,NEEDED,,https://annas-archive.org/search?q=INAO+French+INAO+Wine+Appellation+System,https://archive.org/search?query=INAO+French+INAO+Wine+Appellation+System,,INAO French INAO Wine Appellation System,False,v3v4
1655,Wine Industry,climate_wine,Ashenfelter,Orley,Climate Change and Wine Quality,2016,J Wine Economics,ARTICLE,none,2010_2020,Global,none,none,none,en,academic,none,wine,HIGH,NEEDED,,https://annas-archive.org/search?q=Ashenfelter+Climate+Change+and+Wine+Quality,https://archive.org/search?query=Ashenfelter+Climate+Change+and+Wine+Quality,,Ashenfelter Climate Change and Wine Quality,False,v3v4
1656,Wine Industry,napa,Napa,,Napa Valley AVA Economic Report 2024,2024,Napa Vintners,REPORT,none,2020_present,US,none,none,none,en,producer,none,wine,MEDIUM,NEEDED,,https://annas-archive.org/search?q=Napa+Napa+Valley+AVA+Economic+Report+2024,https://archive.org/search?query=Napa+Napa+Valley+AVA+Economic+Report+2024,,Napa Napa Valley AVA Economic Report 2024,False,v3v4
1657,Wine Industry,nat_wine,Feiring,Alice,Naked Wine: Letting Grapes Do What Comes Naturally,2011,Da Capo,BOOK,none,2010_2020,US_Global,none,none,none,en,academic,none,wine,MEDIUM,NEEDED,,https://annas-archive.org/search?q=Feiring+Naked+Wine%3A+Letting+Grapes+Do+What+Comes+Naturally,https://archive.org/search?query=Feiring+Naked+Wine%3A+Letting+Grapes+Do+What+Comes+Naturally,,Feiring Naked Wine: Letting Grapes Do What Comes Naturally,False,v3v4
1658,Wine Industry,sommelier,Court of Master Sommeliers,,Sommelier Industry Education and Economics,2024,CMS,REPORT,none,2020_present,US,none,none,none,en,academic,none,wine,MEDIUM,NEEDED,,https://annas-archive.org/search?q=Court+of+Master+Sommeliers+Sommelier+Industry+Education+and+Economics,https://archive.org/search?query=Court+of+Master+Sommeliers+Sommelier+Industry+Education+and+Economics,,Court of Master Sommeliers Sommelier Industry Education and Economics,False,v3v4
1659,Wine Industry,wine_trade,OIV,,International Organisation of Vine and Wine Statistical Report,2024,OIV,DATASET_DOC,none,2020_present,Global,none,none,none,fr,regulator,none,wine,HIGH,NEEDED,,https://annas-archive.org/search?q=OIV+International+Organisation+of+Vine+and+Wine+Statistical+Report,https://archive.org/search?query=OIV+International+Organisation+of+Vine+and+Wine+Statistical+Report,,OIV International Organisation of Vine and Wine Statistical Report,False,v3v4
1660,Wine Industry,wine_china,Beijing,,Chinese Wine Industry Explosion,2022,Wine Economics,ARTICLE,none,2020_present,Asia,none,none,none,zh,academic,none,wine,MEDIUM,NEEDED,,https://annas-archive.org/search?q=Beijing+Chinese+Wine+Industry+Explosion,https://archive.org/search?query=Beijing+Chinese+Wine+Industry+Explosion,,Beijing Chinese Wine Industry Explosion,False,v3v4
1661,Wine Industry,chinese_inv,Decanter,,Chinese Investment in Bordeaux,2019,Decanter,ARTICLE,none,2010_2020,Global,none,none,none,en,media,none,wine,MEDIUM,NEEDED,,https://annas-archive.org/search?q=Decanter+Chinese+Investment+in+Bordeaux,https://archive.org/search?query=Decanter+Chinese+Investment+in+Bordeaux,,Decanter Chinese Investment in Bordeaux,False,v3v4
1662,Wine Industry,us_wine,Alston,Julian,The Economics of Wine Prices,2011,Annual Review of Resource Econ,ARTICLE,none,2010_2020,US,none,none,none,en,academic,none,wine,MEDIUM,NEEDED,,https://annas-archive.org/search?q=Alston+The+Economics+of+Wine+Prices,https://archive.org/search?query=Alston+The+Economics+of+Wine+Prices,,Alston The Economics of Wine Prices,False,v3v4
1663,Wine Industry,biodynamic,Waldin,Monty,Biodynamic Wine,2016,Infinite Ideas,BOOK,none,2010_2020,Global,none,none,none,en,academic,none,wine,LOW,NEEDED,,https://annas-archive.org/search?q=Waldin+Biodynamic+Wine,https://archive.org/search?query=Waldin+Biodynamic+Wine,,Waldin Biodynamic Wine,False,v3v4
1664,Beer Industry,tremblay,Tremblay,Victor,The US Brewing Industry: Data and Economic Analysis,2005,MIT Press,BOOK,none,1980_2010,US,none,none,none,en,academic,none,beer,FLAGSHIP,NEEDED,,https://annas-archive.org/search?q=Tremblay+The+US+Brewing+Industry%3A+Data+and+Economic+Analysis,https://archive.org/search?query=Tremblay+The+US+Brewing+Industry%3A+Data+and+Economic+Analysis,,Tremblay The US Brewing Industry: Data and Economic Analysis,False,v3v4
1665,Beer Industry,ogle,Ogle,Maureen,Ambitious Brew: The Story of American Beer,2006,Houghton,BOOK,none,spanning,US,none,none,none,en,academic,none,beer,HIGH,NEEDED,,https://annas-archive.org/search?q=Ogle+Ambitious+Brew%3A+The+Story+of+American+Beer,https://archive.org/search?query=Ogle+Ambitious+Brew%3A+The+Story+of+American+Beer,,Ogle Ambitious Brew: The Story of American Beer,False,v3v4
1666,Beer Industry,halberstadt,Halberstadt,Robert,Beer Industry Antitrust and Consolidation,2018,Antitrust Law Journal,ARTICLE,none,2010_2020,US,none,none,none,en,academic,none,beer,MEDIUM,NEEDED,,https://annas-archive.org/search?q=Halberstadt+Beer+Industry+Antitrust+and+Consolidation,https://archive.org/search?query=Halberstadt+Beer+Industry+Antitrust+and+Consolidation,,Halberstadt Beer Industry Antitrust and Consolidation,False,v3v4
1667,Beer Industry,ab_inbev,AB InBev,,Anheuser-Busch InBev 2023 Annual Report,2023,AB InBev,GOV_DOC,none,2020_present,Global,none,none,none,en,investor,none,beer,HIGH,NEEDED,,https://annas-archive.org/search?q=AB+InBev+Anheuser-Busch+InBev+2023+Annual+Report,https://archive.org/search?query=AB+InBev+Anheuser-Busch+InBev+2023+Annual+Report,,AB InBev Anheuser-Busch InBev 2023 Annual Report,False,v3v4
1668,Beer Industry,heineken,Heineken,,Heineken 2023 Annual Report,2023,Heineken,GOV_DOC,none,2020_present,Europe,none,none,none,other,investor,none,beer,HIGH,NEEDED,,https://annas-archive.org/search?q=Heineken+Heineken+2023+Annual+Report,https://archive.org/search?query=Heineken+Heineken+2023+Annual+Report,,Heineken Heineken 2023 Annual Report,False,v3v4
1669,Beer Industry,craft_beer,Brewers Association,,US Craft Beer Industry Statistics,2024,BA,DATASET_DOC,none,2020_present,US,none,none,none,en,NGO,none,beer,HIGH,NEEDED,,https://annas-archive.org/search?q=Brewers+Association+US+Craft+Beer+Industry+Statistics,https://archive.org/search?query=Brewers+Association+US+Craft+Beer+Industry+Statistics,,Brewers Association US Craft Beer Industry Statistics,False,v3v4
1670,Beer Industry,budweiser,Ogle,Maureen,Bud Light 2023 Backlash and Industry,2023,Business History,ARTICLE,none,2020_present,US,none,none,none,en,academic,none,beer,MEDIUM,NEEDED,,https://annas-archive.org/search?q=Ogle+Bud+Light+2023+Backlash+and+Industry,https://archive.org/search?query=Ogle+Bud+Light+2023+Backlash+and+Industry,,Ogle Bud Light 2023 Backlash and Industry,False,v3v4
1671,Beer Industry,beer_consol,Industry Research,,Beer Consolidation MillerCoors to Molson Coors,2018,Bloomberg,ARTICLE,none,2010_2020,US,none,none,none,en,media,none,beer,MEDIUM,NEEDED,,https://annas-archive.org/search?q=Industry+Research+Beer+Consolidation+MillerCoors+to+Molson+Coors,https://archive.org/search?query=Industry+Research+Beer+Consolidation+MillerCoors+to+Molson+Coors,,Industry Research Beer Consolidation MillerCoors to Molson Coors,False,v3v4
1672,Beer Industry,german_beer,German Brewers,,Reinheitsgebot German Beer Purity Law Economics,2022,Deutsche Brauer Bund,REPORT,none,2020_present,Europe,none,none,none,de,regulator,none,beer,MEDIUM,NEEDED,,https://annas-archive.org/search?q=German+Brewers+Reinheitsgebot+German+Beer+Purity+Law+Economics,https://archive.org/search?query=German+Brewers+Reinheitsgebot+German+Beer+Purity+Law+Economics,,German Brewers Reinheitsgebot German Beer Purity Law Economics,False,v3v4
1673,Beer Industry,beer_china,China Brewers,,China Beer Industry Post-2015,2022,Industry,REPORT,none,2020_present,Asia,none,none,none,zh,academic,none,beer,MEDIUM,NEEDED,,https://annas-archive.org/search?q=China+Brewers+China+Beer+Industry+Post-2015,https://archive.org/search?query=China+Brewers+China+Beer+Industry+Post-2015,,China Brewers China Beer Industry Post-2015,False,v3v4
1674,Beer Industry,craft_boom,Tremblay,Carol,Craft Brewery Entry Patterns,2016,AEPP,ARTICLE,none,2010_2020,US,none,none,none,en,academic,none,beer,MEDIUM,NEEDED,,https://annas-archive.org/search?q=Tremblay+Craft+Brewery+Entry+Patterns,https://archive.org/search?query=Tremblay+Craft+Brewery+Entry+Patterns,,Tremblay Craft Brewery Entry Patterns,False,v3v4
1675,Beer Industry,beer_tax,Fogarty,James,Alcohol Taxation Effects on Beer,2010,Health Economics,ARTICLE,none,1980_2010,US_Global,none,none,none,en,academic,none,beer,MEDIUM,NEEDED,,https://annas-archive.org/search?q=Fogarty+Alcohol+Taxation+Effects+on+Beer,https://archive.org/search?query=Fogarty+Alcohol+Taxation+Effects+on+Beer,,Fogarty Alcohol Taxation Effects on Beer,False,v3v4
1676,Spirits Cocktails,diageo,Diageo,,Diageo Annual Report 2023,2023,Diageo,GOV_DOC,none,2020_present,Global,none,none,none,en,investor,none,spirits,FLAGSHIP,NEEDED,,https://annas-archive.org/search?q=Diageo+Diageo+Annual+Report+2023,https://archive.org/search?query=Diageo+Diageo+Annual+Report+2023,,Diageo Diageo Annual Report 2023,False,v3v4
1677,Spirits Cocktails,pernod,Pernod Ricard,,Pernod Ricard Annual Report 2023,2023,Pernod Ricard,GOV_DOC,none,2020_present,Global,none,none,none,fr,investor,none,spirits,HIGH,NEEDED,,https://annas-archive.org/search?q=Pernod+Ricard+Pernod+Ricard+Annual+Report+2023,https://archive.org/search?query=Pernod+Ricard+Pernod+Ricard+Annual+Report+2023,,Pernod Ricard Pernod Ricard Annual Report 2023,False,v3v4
1678,Spirits Cocktails,wondrich,Wondrich,David,Imbibe!,2007,Perigee,BOOK,none,spanning,US,none,none,none,en,academic,none,spirits,HIGH,NEEDED,,https://annas-archive.org/search?q=Wondrich+Imbibe%21,https://archive.org/search?query=Wondrich+Imbibe%21,,Wondrich Imbibe!,False,v3v4
1679,Spirits Cocktails,punch,Wondrich,David,Punch: The Delights and Dangers of the Flowing Bowl,2010,Perigee,BOOK,none,pre1900,US_Global,none,none,none,en,academic,none,spirits,MEDIUM,NEEDED,,https://annas-archive.org/search?q=Wondrich+Punch%3A+The+Delights+and+Dangers+of+the+Flowing+Bowl,https://archive.org/search?query=Wondrich+Punch%3A+The+Delights+and+Dangers+of+the+Flowing+Bowl,,Wondrich Punch: The Delights and Dangers of the Flowing Bowl,False,v3v4
1680,Spirits Cocktails,meehan,Meehan,Jim,Meehan's Bartender Manual,2017,Ten Speed,BOOK,none,2010_2020,US,none,none,none,en,academic,none,spirits,MEDIUM,NEEDED,,https://annas-archive.org/search?q=Meehan+Meehan%27s+Bartender+Manual,https://archive.org/search?query=Meehan+Meehan%27s+Bartender+Manual,,Meehan Meehan's Bartender Manual,False,v3v4
1681,Spirits Cocktails,whiskey,Broom,Dave,The World Atlas of Whisky,2014,Mitchell Beazley,BOOK,none,2010_2020,Global,none,none,none,en,academic,none,spirits,MEDIUM,NEEDED,,https://annas-archive.org/search?q=Broom+The+World+Atlas+of+Whisky,https://archive.org/search?query=Broom+The+World+Atlas+of+Whisky,,Broom The World Atlas of Whisky,False,v3v4
1682,Spirits Cocktails,tequila,Gaytán,Marie Sarita,Tequila! Distilling the Spirit of Mexico,2014,Stanford UP,BOOK,none,spanning,LatAm,none,none,none,en,academic,mexican,spirits,HIGH,NEEDED,,https://annas-archive.org/search?q=Gayt%C3%A1n+Tequila%21+Distilling+the+Spirit+of+Mexico,https://archive.org/search?query=Gayt%C3%A1n+Tequila%21+Distilling+the+Spirit+of+Mexico,,Gaytán Tequila! Distilling the Spirit of Mexico,False,v3v4
1683,Spirits Cocktails,mezcal,Suro-Piñera,David,Mezcal: The History Craft & Cocktails of the World's Ultimate Artisanal Spirit,2019,Shambhala,BOOK,none,2010_2020,LatAm,none,none,none,en,academic,mexican,spirits,MEDIUM,NEEDED,,https://annas-archive.org/search?q=Suro-Pi%C3%B1era+Mezcal%3A+The+History+Craft+%26+Cocktails+of+the+World%27s+Ultimate+Artisanal+Spirit,https://archive.org/search?query=Suro-Pi%C3%B1era+Mezcal%3A+The+History+Craft+%26+Cocktails+of+the+World%27s+Ultimate+Artisanal+Spirit,,Suro-Piñera Mezcal: The History Craft & Cocktails of the World's Ultimate Artisanal Spirit,False,v3v4
1684,Spirits Cocktails,rum,Pack,Susan,Rum: A Global History,2015,Reaktion,BOOK,none,spanning,Global,none,none,none,en,academic,none,spirits,MEDIUM,NEEDED,,https://annas-archive.org/search?q=Pack+Rum%3A+A+Global+History,https://archive.org/search?query=Pack+Rum%3A+A+Global+History,,Pack Rum: A Global History,False,v3v4
1685,Spirits Cocktails,japanese_whiskey,Hatten,Tom,Japanese Whiskey Industry,2019,J Distilling,ARTICLE,none,2010_2020,Asia,none,none,none,en,academic,japanese,spirits,MEDIUM,NEEDED,,https://annas-archive.org/search?q=Hatten+Japanese+Whiskey+Industry,https://archive.org/search?query=Hatten+Japanese+Whiskey+Industry,,Hatten Japanese Whiskey Industry,False,v3v4
1686,Coffee Deep,pendergrast_coffee,Pendergrast,Mark,Uncommon Grounds: The History of Coffee and How It Transformed Our World,2010,Basic,BOOK,none,spanning,Global,none,none,none,en,academic,none,coffee,FLAGSHIP,NEEDED,,https://annas-archive.org/search?q=Pendergrast+Uncommon+Grounds%3A+The+History+of+Coffee+and+How+It+Transformed+Our+World,https://archive.org/search?query=Pendergrast+Uncommon+Grounds%3A+The+History+of+Coffee+and+How+It+Transformed+Our+World,,Pendergrast Uncommon Grounds: The History of Coffee and How It Transformed Our World,False,v3v4
1687,Coffee Deep,daviron,Daviron,Benoit,The Coffee Paradox: Global Markets Commodity Trade,2005,Zed,BOOK,none,1980_2010,Global,none,none,none,en,academic,none,coffee,HIGH,NEEDED,,https://annas-archive.org/search?q=Daviron+The+Coffee+Paradox%3A+Global+Markets+Commodity+Trade,https://archive.org/search?query=Daviron+The+Coffee+Paradox%3A+Global+Markets+Commodity+Trade,,Daviron The Coffee Paradox: Global Markets Commodity Trade,False,v3v4
1688,Coffee Deep,sedgewick,Sedgewick,Augustine,Coffeeland: One Man's Dark Empire and the Making of Our Favorite Drug,2020,Penguin,BOOK,none,spanning,Global,none,none,none,en,academic,none,coffee,HIGH,NEEDED,,https://annas-archive.org/search?q=Sedgewick+Coffeeland%3A+One+Man%27s+Dark+Empire+and+the+Making+of+Our+Favorite+Drug,https://archive.org/search?query=Sedgewick+Coffeeland%3A+One+Man%27s+Dark+Empire+and+the+Making+of+Our+Favorite+Drug,,Sedgewick Coffeeland: One Man's Dark Empire and the Making of Our Favorite Drug,False,v3v4
1689,Coffee Deep,roseberry,Roseberry,William,The Rise of Yuppie Coffees and the Reimagination of Class in the United States,1996,American Anthropologist,ARTICLE,none,1980_2010,US,none,none,none,en,academic,none,coffee,HIGH,NEEDED,,https://annas-archive.org/search?q=Roseberry+The+Rise+of+Yuppie+Coffees+and+the+Reimagination+of+Class+in+the+United+States,https://archive.org/search?query=Roseberry+The+Rise+of+Yuppie+Coffees+and+the+Reimagination+of+Class+in+the+United+States,,Roseberry The Rise of Yuppie Coffees and the Reimagination of Class in the United States,False,v3v4
1690,Coffee Deep,third_wave,Manzo,Jack,The Third Wave of Coffee,2014,J Consumer Culture,ARTICLE,none,2010_2020,Global,none,none,none,en,academic,none,coffee,HIGH,NEEDED,,https://annas-archive.org/search?q=Manzo+The+Third+Wave+of+Coffee,https://archive.org/search?query=Manzo+The+Third+Wave+of+Coffee,,Manzo The Third Wave of Coffee,False,v3v4
1691,Coffee Deep,ico,ICO,,International Coffee Organization Annual Review 2024,2024,ICO,REPORT,none,2020_present,Global,none,none,none,en,regulator,none,coffee,HIGH,NEEDED,,https://annas-archive.org/search?q=ICO+International+Coffee+Organization+Annual+Review+2024,https://archive.org/search?query=ICO+International+Coffee+Organization+Annual+Review+2024,,ICO International Coffee Organization Annual Review 2024,False,v3v4
1692,Coffee Deep,fair_trade,Jaffee,Daniel,Brewing Justice: Fair Trade Coffee Sustainability and Survival,2014,UC Press,BOOK,none,2010_2020,Global,none,none,none,en,academic,none,coffee,HIGH,NEEDED,,https://annas-archive.org/search?q=Jaffee+Brewing+Justice%3A+Fair+Trade+Coffee+Sustainability+and+Survival,https://archive.org/search?query=Jaffee+Brewing+Justice%3A+Fair+Trade+Coffee+Sustainability+and+Survival,,Jaffee Brewing Justice: Fair Trade Coffee Sustainability and Survival,False,v3v4
1693,Coffee Deep,climate_coffee,Bunn,Christian,Climate Change Impact on Coffee Arabica Suitable Area,2015,Climatic Change,ARTICLE,none,2010_2020,Global,none,none,none,en,academic,none,coffee,HIGH,NEEDED,,https://annas-archive.org/search?q=Bunn+Climate+Change+Impact+on+Coffee+Arabica+Suitable+Area,https://archive.org/search?query=Bunn+Climate+Change+Impact+on+Coffee+Arabica+Suitable+Area,,Bunn Climate Change Impact on Coffee Arabica Suitable Area,False,v3v4
1694,Coffee Deep,ethiopia_coffee,Petit,Nicolas,Ethiopia's Coffee Sector: A Bitter or Better Future,2007,J Agrarian Change,ARTICLE,none,1980_2010,Africa,none,none,none,en,academic,none,coffee,MEDIUM,NEEDED,,https://annas-archive.org/search?q=Petit+Ethiopia%27s+Coffee+Sector%3A+A+Bitter+or+Better+Future,https://archive.org/search?query=Petit+Ethiopia%27s+Coffee+Sector%3A+A+Bitter+or+Better+Future,,Petit Ethiopia's Coffee Sector: A Bitter or Better Future,False,v3v4
1695,Coffee Deep,starbucks_coffee,Schultz,Howard,Onward: How Starbucks Fought for Its Life,2011,Rodale,BOOK,none,2010_2020,US,none,chain,none,en,academic,none,coffee,HIGH,NEEDED,,https://annas-archive.org/search?q=Schultz+Onward%3A+How+Starbucks+Fought+for+Its+Life,https://archive.org/search?query=Schultz+Onward%3A+How+Starbucks+Fought+for+Its+Life,,Schultz Onward: How Starbucks Fought for Its Life,False,v3v4
1696,Coffee Deep,espresso,Morris,Jonathan,Coffee: A Global History,2019,Reaktion,BOOK,none,spanning,Global,none,none,none,en,academic,none,coffee,MEDIUM,NEEDED,,https://annas-archive.org/search?q=Morris+Coffee%3A+A+Global+History,https://archive.org/search?query=Morris+Coffee%3A+A+Global+History,,Morris Coffee: A Global History,False,v3v4
1697,Coffee Deep,colombia,Mejía,Clara,Colombian Coffee Federation Economics,2018,Applied Econ Perspectives,ARTICLE,none,2010_2020,LatAm,none,none,none,es,academic,none,coffee,MEDIUM,NEEDED,,https://annas-archive.org/search?q=Mej%C3%ADa+Colombian+Coffee+Federation+Economics,https://archive.org/search?query=Mej%C3%ADa+Colombian+Coffee+Federation+Economics,,Mejía Colombian Coffee Federation Economics,False,v3v4
1698,Coffee Deep,spp,Talbot,John,Grounds for Agreement: Political Economy of the Coffee Commodity Chain,2004,Rowman,BOOK,none,spanning,Global,none,none,none,en,academic,none,coffee,HIGH,NEEDED,,https://annas-archive.org/search?q=Talbot+Grounds+for+Agreement%3A+Political+Economy+of+the+Coffee+Commodity+Chain,https://archive.org/search?query=Talbot+Grounds+for+Agreement%3A+Political+Economy+of+the+Coffee+Commodity+Chain,,Talbot Grounds for Agreement: Political Economy of the Coffee Commodity Chain,False,v3v4
1699,Coffee Deep,coffee_price,ICE,,ICE Coffee 'C' Contract Price History,2024,ICE,DATASET_DOC,none,spanning,Global,none,none,none,en,trader,none,coffee,HIGH,NEEDED,,https://annas-archive.org/search?q=ICE+ICE+Coffee+%27C%27+Contract+Price+History,https://archive.org/search?query=ICE+ICE+Coffee+%27C%27+Contract+Price+History,,ICE ICE Coffee 'C' Contract Price History,False,v3v4
1700,Coffee Deep,climate_col,Bacon,Christopher,Climate Change and Coffee Farmer Adaptation,2012,Climate and Development,ARTICLE,none,2010_2020,LatAm,none,none,none,en,academic,none,coffee,MEDIUM,NEEDED,,https://annas-archive.org/search?q=Bacon+Climate+Change+and+Coffee+Farmer+Adaptation,https://archive.org/search?query=Bacon+Climate+Change+and+Coffee+Farmer+Adaptation,,Bacon Climate Change and Coffee Farmer Adaptation,False,v3v4
1701,Coffee Deep,specialty,SCA,,Specialty Coffee Association Report 2024,2024,SCA,REPORT,none,2020_present,Global,none,none,none,en,NGO,none,coffee,MEDIUM,NEEDED,,https://annas-archive.org/search?q=SCA+Specialty+Coffee+Association+Report+2024,https://archive.org/search?query=SCA+Specialty+Coffee+Association+Report+2024,,SCA Specialty Coffee Association Report 2024,False,v3v4
1702,Coffee Deep,coffee_trade,Ponte,Stefano,The Latte Revolution: Regulation Markets and Consumption in the Global Coffee Chain,2002,World Development,ARTICLE,none,1980_2010,Global,none,none,none,en,academic,none,coffee,HIGH,NEEDED,,https://annas-archive.org/search?q=Ponte+The+Latte+Revolution%3A+Regulation+Markets+and+Consumption+in+the+Global+Coffee+Chain,https://archive.org/search?query=Ponte+The+Latte+Revolution%3A+Regulation+Markets+and+Consumption+in+the+Global+Coffee+Chain,,Ponte The Latte Revolution: Regulation Markets and Consumption in the Global Coffee Chain,False,v3v4
1703,Coffee Deep,vietnam,Nguyen,Thu,Vietnam's Rise as Global Coffee Producer,2020,World Coffee Research,REPORT,none,2010_2020,Asia,none,none,none,en,academic,none,coffee,MEDIUM,NEEDED,,https://annas-archive.org/search?q=Nguyen+Vietnam%27s+Rise+as+Global+Coffee+Producer,https://archive.org/search?query=Nguyen+Vietnam%27s+Rise+as+Global+Coffee+Producer,,Nguyen Vietnam's Rise as Global Coffee Producer,False,v3v4
1704,Coffee Deep,climate_coffee2,World Coffee Research,,WCR Coffee Breeding for Climate Adaptation,2024,WCR,REPORT,none,2020_present,Global,none,none,none,en,NGO,none,coffee,MEDIUM,NEEDED,,https://annas-archive.org/search?q=World+Coffee+Research+WCR+Coffee+Breeding+for+Climate+Adaptation,https://archive.org/search?query=World+Coffee+Research+WCR+Coffee+Breeding+for+Climate+Adaptation,,World Coffee Research WCR Coffee Breeding for Climate Adaptation,False,v3v4
1705,Coffee Deep,cafe_econ,Manzo,John,Coffeehouses Economic Geography US Cities,2015,Urban Geography,ARTICLE,none,2010_2020,US,none,cafe,none,en,academic,none,coffee,MEDIUM,NEEDED,,https://annas-archive.org/search?q=Manzo+Coffeehouses+Economic+Geography+US+Cities,https://archive.org/search?query=Manzo+Coffeehouses+Economic+Geography+US+Cities,,Manzo Coffeehouses Economic Geography US Cities,False,v3v4
1706,Cocoa Chocolate,coe,Coe,Sophie,The True History of Chocolate,1996,Thames & Hudson,BOOK,none,spanning,Global,none,none,none,en,academic,none,cocoa_chocolate,FLAGSHIP,NEEDED,,https://annas-archive.org/search?q=Coe+The+True+History+of+Chocolate,https://archive.org/search?query=Coe+The+True+History+of+Chocolate,,Coe The True History of Chocolate,False,v3v4
1707,Cocoa Chocolate,clarence_smith,Clarence-Smith,William G.,Cocoa and Chocolate 1765-1914,2000,Routledge,BOOK,none,pre1900,Global,none,none,none,en,academic,none,cocoa_chocolate,HIGH,NEEDED,,https://annas-archive.org/search?q=Clarence-Smith+Cocoa+and+Chocolate+1765-1914,https://archive.org/search?query=Clarence-Smith+Cocoa+and+Chocolate+1765-1914,,Clarence-Smith Cocoa and Chocolate 1765-1914,False,v3v4
1708,Cocoa Chocolate,terrio,Terrio,Susan,Crafting the Culture and History of French Chocolate,2000,UC Press,BOOK,none,spanning,Europe,none,none,none,fr,academic,french,cocoa_chocolate,MEDIUM,NEEDED,,https://annas-archive.org/search?q=Terrio+Crafting+the+Culture+and+History+of+French+Chocolate,https://archive.org/search?query=Terrio+Crafting+the+Culture+and+History+of+French+Chocolate,,Terrio Crafting the Culture and History of French Chocolate,False,v3v4
1709,Cocoa Chocolate,child_labor,Off,Carol,Bitter Chocolate: Investigating the Dark Side of the World's Most Seductive Sweet,2008,New Press,BOOK,none,2010_2020,Africa,none,none,none,en,academic,none,cocoa_chocolate,HIGH,NEEDED,,https://annas-archive.org/search?q=Off+Bitter+Chocolate%3A+Investigating+the+Dark+Side+of+the+World%27s+Most+Seductive+Sweet,https://archive.org/search?query=Off+Bitter+Chocolate%3A+Investigating+the+Dark+Side+of+the+World%27s+Most+Seductive+Sweet,,Off Bitter Chocolate: Investigating the Dark Side of the World's Most Seductive Sweet,False,v3v4
1710,Cocoa Chocolate,icc_o,ICCO,,International Cocoa Organization Annual Report 2024,2024,ICCO,REPORT,none,2020_present,Global,none,none,none,en,regulator,none,cocoa_chocolate,HIGH,NEEDED,,https://annas-archive.org/search?q=ICCO+International+Cocoa+Organization+Annual+Report+2024,https://archive.org/search?query=ICCO+International+Cocoa+Organization+Annual+Report+2024,,ICCO International Cocoa Organization Annual Report 2024,False,v3v4
1711,Cocoa Chocolate,ivory,FAO,,Côte d'Ivoire and Ghana Cocoa Crisis 2024,2024,FAO,REPORT,none,2020_present,Africa,none,none,none,en,regulator,none,cocoa_chocolate,HIGH,NEEDED,,https://annas-archive.org/search?q=FAO+C%C3%B4te+d%27Ivoire+and+Ghana+Cocoa+Crisis+2024,https://archive.org/search?query=FAO+C%C3%B4te+d%27Ivoire+and+Ghana+Cocoa+Crisis+2024,,FAO Côte d'Ivoire and Ghana Cocoa Crisis 2024,False,v3v4
1712,Cocoa Chocolate,hershey,D'Antonio,Michael,Hershey: Milton Hershey's Extraordinary Life of Wealth Empire and Utopian Dreams,2006,Simon & Schuster,BOOK,none,spanning,US,none,none,none,en,processor,none,cocoa_chocolate,HIGH,NEEDED,,https://annas-archive.org/search?q=D%27Antonio+Hershey%3A+Milton+Hershey%27s+Extraordinary+Life+of+Wealth+Empire+and+Utopian+Dreams,https://archive.org/search?query=D%27Antonio+Hershey%3A+Milton+Hershey%27s+Extraordinary+Life+of+Wealth+Empire+and+Utopian+Dreams,,D'Antonio Hershey: Milton Hershey's Extraordinary Life of Wealth Empire and Utopian Dreams,False,v3v4
1713,Cocoa Chocolate,mars_choc,Brenner,Joel,Emperors of Chocolate: Hershey Mars,1999,Broadway,BOOK,none,spanning,US_Global,none,none,none,en,processor,none,cocoa_chocolate,HIGH,NEEDED,,https://annas-archive.org/search?q=Brenner+Emperors+of+Chocolate%3A+Hershey+Mars,https://archive.org/search?query=Brenner+Emperors+of+Chocolate%3A+Hershey+Mars,,Brenner Emperors of Chocolate: Hershey Mars,False,v3v4
1714,Cocoa Chocolate,bean_to_bar,Morris,Ed,The Bean-to-Bar Chocolate Movement,2018,Industry,REPORT,none,2010_2020,US_Global,none,none,none,en,academic,none,cocoa_chocolate,MEDIUM,NEEDED,,https://annas-archive.org/search?q=Morris+The+Bean-to-Bar+Chocolate+Movement,https://archive.org/search?query=Morris+The+Bean-to-Bar+Chocolate+Movement,,Morris The Bean-to-Bar Chocolate Movement,False,v3v4
1715,Cocoa Chocolate,cocoa_price,ICE,,ICE Cocoa 2024 Record Price Spike,2024,ICE,REPORT,none,2020_present,Global,none,none,none,en,trader,none,cocoa_chocolate,HIGH,NEEDED,,https://annas-archive.org/search?q=ICE+ICE+Cocoa+2024+Record+Price+Spike,https://archive.org/search?query=ICE+ICE+Cocoa+2024+Record+Price+Spike,,ICE ICE Cocoa 2024 Record Price Spike,False,v3v4
1716,Tea Industry,rappaport_tea,Rappaport,Erika,A Thirst for Empire: How Tea Shaped the Modern World,2017,Princeton UP,BOOK,none,spanning,Global,none,none,none,en,academic,none,tea,FLAGSHIP,NEEDED,,https://annas-archive.org/search?q=Rappaport+A+Thirst+for+Empire%3A+How+Tea+Shaped+the+Modern+World,https://archive.org/search?query=Rappaport+A+Thirst+for+Empire%3A+How+Tea+Shaped+the+Modern+World,,Rappaport A Thirst for Empire: How Tea Shaped the Modern World,False,v3v4
1717,Tea Industry,moxham,Moxham,Roy,Tea: Addiction Exploitation and Empire,2003,Basic,BOOK,none,pre1900,Asia,none,none,none,en,academic,none,tea,HIGH,NEEDED,,https://annas-archive.org/search?q=Moxham+Tea%3A+Addiction+Exploitation+and+Empire,https://archive.org/search?query=Moxham+Tea%3A+Addiction+Exploitation+and+Empire,,Moxham Tea: Addiction Exploitation and Empire,False,v3v4
1718,Tea Industry,hohenegger,Hohenegger,Beatrice,Liquid Jade: The Story of Tea from East to West,2007,St Martin's,BOOK,none,spanning,Asia,none,none,none,en,academic,none,tea,HIGH,NEEDED,,https://annas-archive.org/search?q=Hohenegger+Liquid+Jade%3A+The+Story+of+Tea+from+East+to+West,https://archive.org/search?query=Hohenegger+Liquid+Jade%3A+The+Story+of+Tea+from+East+to+West,,Hohenegger Liquid Jade: The Story of Tea from East to West,False,v3v4
1719,Tea Industry,chai,Lutgendorf,Philip,Making Tea Making Japan: Cultural Nationalism in Practice,2004,Oxford UP,BOOK,none,spanning,Asia,none,none,none,en,academic,japanese,tea,MEDIUM,NEEDED,,https://annas-archive.org/search?q=Lutgendorf+Making+Tea+Making+Japan%3A+Cultural+Nationalism+in+Practice,https://archive.org/search?query=Lutgendorf+Making+Tea+Making+Japan%3A+Cultural+Nationalism+in+Practice,,Lutgendorf Making Tea Making Japan: Cultural Nationalism in Practice,False,v3v4
1720,Tea Industry,tea_india,Besky,Sarah,The Darjeeling Distinction: Labor and Justice on Fair-Trade Tea Plantations in India,2014,UC Press,BOOK,none,2010_2020,Asia,none,none,none,en,academic,none,tea,HIGH,NEEDED,,https://annas-archive.org/search?q=Besky+The+Darjeeling+Distinction%3A+Labor+and+Justice+on+Fair-Trade+Tea+Plantations+in+India,https://archive.org/search?query=Besky+The+Darjeeling+Distinction%3A+Labor+and+Justice+on+Fair-Trade+Tea+Plantations+in+India,,Besky The Darjeeling Distinction: Labor and Justice on Fair-Trade Tea Plantations in India,False,v3v4
1721,Tea Industry,tea_china,Zhao,Yueping,Chinese Tea Industry Report,2022,China Ag Review,ARTICLE,none,2020_present,Asia,none,none,none,zh,academic,none,tea,MEDIUM,NEEDED,,https://annas-archive.org/search?q=Zhao+Chinese+Tea+Industry+Report,https://archive.org/search?query=Zhao+Chinese+Tea+Industry+Report,,Zhao Chinese Tea Industry Report,False,v3v4
1722,Tea Industry,tea_africa,FAO,,FAO Tea Market Review 2024,2024,FAO,REPORT,none,2020_present,Global,none,none,none,en,regulator,none,tea,HIGH,NEEDED,,https://annas-archive.org/search?q=FAO+FAO+Tea+Market+Review+2024,https://archive.org/search?query=FAO+FAO+Tea+Market+Review+2024,,FAO FAO Tea Market Review 2024,False,v3v4
1723,Tea Industry,boba,Fan,Helen,Boba Tea Global Phenomenon,2020,Food Culture & Society,ARTICLE,none,2020_present,Global,none,none,none,en,academic,chinese,tea,MEDIUM,NEEDED,,https://annas-archive.org/search?q=Fan+Boba+Tea+Global+Phenomenon,https://archive.org/search?query=Fan+Boba+Tea+Global+Phenomenon,,Fan Boba Tea Global Phenomenon,False,v3v4
1724,Tea Industry,tea_bag,Twinings,,Twinings Brand History,2024,Twinings,GOV_DOC,none,spanning,Europe,none,none,none,en,processor,none,tea,LOW,NEEDED,,https://annas-archive.org/search?q=Twinings+Twinings+Brand+History,https://archive.org/search?query=Twinings+Twinings+Brand+History,,Twinings Twinings Brand History,False,v3v4
1725,Tea Industry,kombucha,Kombucha Brewers,,Kombucha Industry Economics,2023,Kombucha Brewers Intl,REPORT,none,2020_present,US,none,none,none,en,academic,none,tea,LOW,NEEDED,,https://annas-archive.org/search?q=Kombucha+Brewers+Kombucha+Industry+Economics,https://archive.org/search?query=Kombucha+Brewers+Kombucha+Industry+Economics,,Kombucha Brewers Kombucha Industry Economics,False,v3v4
1726,Spice Industry,krondl,Krondl,Michael,The Taste of Conquest: Rise and Fall of Three Great Cities of Spice,2008,Ballantine,BOOK,none,pre1900,Global,none,none,none,en,academic,none,none,FLAGSHIP,NEEDED,,https://annas-archive.org/search?q=Krondl+The+Taste+of+Conquest%3A+Rise+and+Fall+of+Three+Great+Cities+of+Spice,https://archive.org/search?query=Krondl+The+Taste+of+Conquest%3A+Rise+and+Fall+of+Three+Great+Cities+of+Spice,,Krondl The Taste of Conquest: Rise and Fall of Three Great Cities of Spice,False,v3v4
1727,Spice Industry,turner,Turner,Jack,Spice: The History of a Temptation,2004,Knopf,BOOK,none,pre1900,Global,none,none,none,en,academic,none,none,HIGH,NEEDED,,https://annas-archive.org/search?q=Turner+Spice%3A+The+History+of+a+Temptation,https://archive.org/search?query=Turner+Spice%3A+The+History+of+a+Temptation,,Turner Spice: The History of a Temptation,False,v3v4
1728,Spice Industry,freedman_sp,Freedman,Paul,Out of the East: Spices and the Medieval Imagination,2008,Yale UP,BOOK,none,pre1900,Global,none,none,none,en,academic,none,none,HIGH,NEEDED,,https://annas-archive.org/search?q=Freedman+Out+of+the+East%3A+Spices+and+the+Medieval+Imagination,https://archive.org/search?query=Freedman+Out+of+the+East%3A+Spices+and+the+Medieval+Imagination,,Freedman Out of the East: Spices and the Medieval Imagination,False,v3v4
1729,Spice Industry,pepper,Lam,Francis,The History and Geopolitics of Pepper,2018,New Yorker,ARTICLE,none,spanning,Asia,none,none,none,en,media,none,none,MEDIUM,NEEDED,,https://annas-archive.org/search?q=Lam+The+History+and+Geopolitics+of+Pepper,https://archive.org/search?query=Lam+The+History+and+Geopolitics+of+Pepper,,Lam The History and Geopolitics of Pepper,False,v3v4
1730,Spice Industry,vanilla,Ecott,Tim,Vanilla: Travels in Search of the Ice Cream Orchid,2004,Grove,BOOK,none,spanning,Africa,none,none,none,en,academic,none,none,HIGH,NEEDED,,https://annas-archive.org/search?q=Ecott+Vanilla%3A+Travels+in+Search+of+the+Ice+Cream+Orchid,https://archive.org/search?query=Ecott+Vanilla%3A+Travels+in+Search+of+the+Ice+Cream+Orchid,,Ecott Vanilla: Travels in Search of the Ice Cream Orchid,False,v3v4
1731,Spice Industry,saffron,Willan,Anne,Saffron: A Global Crop History,2020,Reaktion,BOOK,none,spanning,Europe,none,none,none,en,academic,none,none,HIGH,NEEDED,,https://annas-archive.org/search?q=Willan+Saffron%3A+A+Global+Crop+History,https://archive.org/search?query=Willan+Saffron%3A+A+Global+Crop+History,,Willan Saffron: A Global Crop History,False,v3v4
1732,Spice Industry,cardamom,McCormick,,McCormick & Co Corporate Profile,2024,McCormick,GOV_DOC,none,2020_present,US,none,none,none,en,processor,none,none,HIGH,NEEDED,,https://annas-archive.org/search?q=McCormick+McCormick+%26+Co+Corporate+Profile,https://archive.org/search?query=McCormick+McCormick+%26+Co+Corporate+Profile,,McCormick McCormick & Co Corporate Profile,False,v3v4
1733,Spice Industry,cinnamon,Moxham,Roy,Cinnamon Spice Wars,2005,Hambledon,BOOK,none,pre1900,Asia,none,none,none,en,academic,none,none,MEDIUM,NEEDED,,https://annas-archive.org/search?q=Moxham+Cinnamon+Spice+Wars,https://archive.org/search?query=Moxham+Cinnamon+Spice+Wars,,Moxham Cinnamon Spice Wars,False,v3v4
1734,Spice Industry,madagascar,Bellemare,Marc,Contract Farming Madagascar Vanilla,2012,J Development Studies,ARTICLE,none,2010_2020,Africa,none,none,none,en,academic,none,none,MEDIUM,NEEDED,,https://annas-archive.org/search?q=Bellemare+Contract+Farming+Madagascar+Vanilla,https://archive.org/search?query=Bellemare+Contract+Farming+Madagascar+Vanilla,,Bellemare Contract Farming Madagascar Vanilla,False,v3v4
1735,Spice Industry,indian_spice,Achaya,K.T.,Indian Spice History,1998,Oxford UP,CHAPTER,none,spanning,Asia,none,none,none,en,academic,indian,none,MEDIUM,NEEDED,,https://annas-archive.org/search?q=Achaya+Indian+Spice+History,https://archive.org/search?query=Achaya+Indian+Spice+History,,Achaya Indian Spice History,False,v3v4
1736,Soda,pendergrast_cola,Pendergrast,Mark,For God Country and Coca-Cola (extended),2000,Basic,BOOK,none,spanning,Global,none,none,none,en,academic,none,soda,FLAGSHIP,NEEDED,,https://annas-archive.org/search?q=Pendergrast+For+God+Country+and+Coca-Cola+%28extended%29,https://archive.org/search?query=Pendergrast+For+God+Country+and+Coca-Cola+%28extended%29,,Pendergrast For God Country and Coca-Cola (extended),False,v3v4
1737,Soda,hfcs_bray,Bray,George,Consumption of HFCS in Beverages May Play Role in Obesity,2004,Am J Clinical Nutrition,ARTICLE,none,1980_2010,US,none,none,none,en,academic,none,soda,HIGH,NEEDED,,https://annas-archive.org/search?q=Bray+Consumption+of+HFCS+in+Beverages+May+Play+Role+in+Obesity,https://archive.org/search?query=Bray+Consumption+of+HFCS+in+Beverages+May+Play+Role+in+Obesity,,Bray Consumption of HFCS in Beverages May Play Role in Obesity,False,v3v4
1738,Soda,soda_tax_berkeley,Silver,Lynn D.,Berkeley Soda Tax One-Year Evaluation,2017,PLoS Medicine,ARTICLE,none,2010_2020,US,none,none,none,en,academic,none,soda,HIGH,NEEDED,,https://annas-archive.org/search?q=Silver+Berkeley+Soda+Tax+One-Year+Evaluation,https://archive.org/search?query=Silver+Berkeley+Soda+Tax+One-Year+Evaluation,,Silver Berkeley Soda Tax One-Year Evaluation,False,v3v4
1739,Soda,big_gulp,Pomeranz,Jennifer,Portion Cap Rule NYC Big Gulp,2012,Yale J Health Policy,ARTICLE,none,2010_2020,US,Citywide,none,none,en,academic,none,soda,HIGH,NEEDED,,https://annas-archive.org/search?q=Pomeranz+Portion+Cap+Rule+NYC+Big+Gulp,https://archive.org/search?query=Pomeranz+Portion+Cap+Rule+NYC+Big+Gulp,,Pomeranz Portion Cap Rule NYC Big Gulp,False,v3v4
1740,Soda,coke_global,Foster,Robert,Coca-Globalization,2008,Palgrave,BOOK,none,1980_2010,Global,none,none,none,en,academic,none,soda,HIGH,NEEDED,,https://annas-archive.org/search?q=Foster+Coca-Globalization,https://archive.org/search?query=Foster+Coca-Globalization,,Foster Coca-Globalization,False,v3v4
1741,Soda,mexico_tax,Mexico,,Mexican Soda Tax 2014 Evaluation,2019,Health Affairs,ARTICLE,none,2010_2020,LatAm,none,none,none,es,academic,none,soda,HIGH,NEEDED,,https://annas-archive.org/search?q=Mexico+Mexican+Soda+Tax+2014+Evaluation,https://archive.org/search?query=Mexico+Mexican+Soda+Tax+2014+Evaluation,,Mexico Mexican Soda Tax 2014 Evaluation,False,v3v4
1742,Soda,diet,Royte,Elizabeth,Bottlemania: How Water Went on Sale,2008,Bloomsbury,BOOK,none,1980_2010,US,none,none,none,en,academic,none,bottled_water,MEDIUM,NEEDED,,https://annas-archive.org/search?q=Royte+Bottlemania%3A+How+Water+Went+on+Sale,https://archive.org/search?query=Royte+Bottlemania%3A+How+Water+Went+on+Sale,,Royte Bottlemania: How Water Went on Sale,False,v3v4
1743,Soda,snapple,Hays,Constance,The Real Thing: Truth and Power at the Coca-Cola Company,2004,Random House,BOOK,none,1980_2010,US,none,none,none,en,academic,none,soda,HIGH,NEEDED,,https://annas-archive.org/search?q=Hays+The+Real+Thing%3A+Truth+and+Power+at+the+Coca-Cola+Company,https://archive.org/search?query=Hays+The+Real+Thing%3A+Truth+and+Power+at+the+Coca-Cola+Company,,Hays The Real Thing: Truth and Power at the Coca-Cola Company,False,v3v4
1744,Soda,sports_drink,Gatorade,,Gatorade Brand History (Pepsi),2024,PepsiCo,GOV_DOC,none,spanning,US,none,none,none,en,processor,none,soda,LOW,NEEDED,,https://annas-archive.org/search?q=Gatorade+Gatorade+Brand+History+%28Pepsi%29,https://archive.org/search?query=Gatorade+Gatorade+Brand+History+%28Pepsi%29,,Gatorade Gatorade Brand History (Pepsi),False,v3v4
1745,Soda,kombucha_soda,Industry,,Non-Alcoholic Beverage Market Shift 2020-2024,2024,Industry,REPORT,none,2020_present,Global,none,none,none,en,media,none,soda,MEDIUM,NEEDED,,https://annas-archive.org/search?q=Industry+Non-Alcoholic+Beverage+Market+Shift+2020-2024,https://archive.org/search?query=Industry+Non-Alcoholic+Beverage+Market+Shift+2020-2024,,Industry Non-Alcoholic Beverage Market Shift 2020-2024,False,v3v4
1746,Bottled Water,royte_water,Royte,Elizabeth,Bottlemania: How Water Went on Sale,2008,Bloomsbury,BOOK,none,1980_2010,US,none,none,none,en,academic,none,bottled_water,FLAGSHIP,NEEDED,,https://annas-archive.org/search?q=Royte+Bottlemania%3A+How+Water+Went+on+Sale,https://archive.org/search?query=Royte+Bottlemania%3A+How+Water+Went+on+Sale,,Royte Bottlemania: How Water Went on Sale,False,v3v4
1747,Bottled Water,gleick,Gleick,Peter,Bottled and Sold: The Story Behind Our Obsession with Bottled Water,2010,Island,BOOK,none,1980_2010,US_Global,none,none,none,en,academic,none,bottled_water,HIGH,NEEDED,,https://annas-archive.org/search?q=Gleick+Bottled+and+Sold%3A+The+Story+Behind+Our+Obsession+with+Bottled+Water,https://archive.org/search?query=Gleick+Bottled+and+Sold%3A+The+Story+Behind+Our+Obsession+with+Bottled+Water,,Gleick Bottled and Sold: The Story Behind Our Obsession with Bottled Water,False,v3v4
1748,Bottled Water,fishman,Fishman,Charles,The Big Thirst: The Secret Life and Turbulent Future of Water,2011,Free Press,BOOK,none,2010_2020,Global,none,none,none,en,academic,none,bottled_water,HIGH,NEEDED,,https://annas-archive.org/search?q=Fishman+The+Big+Thirst%3A+The+Secret+Life+and+Turbulent+Future+of+Water,https://archive.org/search?query=Fishman+The+Big+Thirst%3A+The+Secret+Life+and+Turbulent+Future+of+Water,,Fishman The Big Thirst: The Secret Life and Turbulent Future of Water,False,v3v4
1749,Bottled Water,nestle_water,NestleWaters,,Nestlé Waters North America Corporate,2020,Nestlé,GOV_DOC,none,2010_2020,Global,none,none,none,en,processor,none,bottled_water,HIGH,NEEDED,,https://annas-archive.org/search?q=NestleWaters+Nestl%C3%A9+Waters+North+America+Corporate,https://archive.org/search?query=NestleWaters+Nestl%C3%A9+Waters+North+America+Corporate,,NestleWaters Nestlé Waters North America Corporate,False,v3v4
1750,Bottled Water,pepsi_water,Aquafina,,Aquafina Brand History (PepsiCo),2024,PepsiCo,GOV_DOC,none,spanning,US,none,none,none,en,processor,none,bottled_water,MEDIUM,NEEDED,,https://annas-archive.org/search?q=Aquafina+Aquafina+Brand+History+%28PepsiCo%29,https://archive.org/search?query=Aquafina+Aquafina+Brand+History+%28PepsiCo%29,,Aquafina Aquafina Brand History (PepsiCo),False,v3v4
1751,Bottled Water,dasani,Coca-Cola,,Dasani Brand History,2024,Coca-Cola,GOV_DOC,none,spanning,US,none,none,none,en,processor,none,bottled_water,LOW,NEEDED,,https://annas-archive.org/search?q=Coca-Cola+Dasani+Brand+History,https://archive.org/search?query=Coca-Cola+Dasani+Brand+History,,Coca-Cola Dasani Brand History,False,v3v4
1752,Bottled Water,iceland,Icelandic Glacial,,Icelandic Glacial Brand Case Study,2019,Industry,REPORT,none,2010_2020,Europe,none,none,none,en,academic,none,bottled_water,LOW,NEEDED,,https://annas-archive.org/search?q=Icelandic+Glacial+Icelandic+Glacial+Brand+Case+Study,https://archive.org/search?query=Icelandic+Glacial+Icelandic+Glacial+Brand+Case+Study,,Icelandic Glacial Icelandic Glacial Brand Case Study,False,v3v4
1753,Bottled Water,plastic_water,Hawkins,Gay,Plastic Water: The Social and Material Life of Bottled Water,2015,MIT Press,BOOK,none,2010_2020,Global,none,none,waste,en,academic,none,bottled_water,HIGH,NEEDED,,https://annas-archive.org/search?q=Hawkins+Plastic+Water%3A+The+Social+and+Material+Life+of+Bottled+Water,https://archive.org/search?query=Hawkins+Plastic+Water%3A+The+Social+and+Material+Life+of+Bottled+Water,,Hawkins Plastic Water: The Social and Material Life of Bottled Water,False,v3v4
1754,Confectionery,mintz_conf,Mintz,Sidney,Sweetness and Power (extended),1985,Viking,BOOK,sugar,spanning,Global,none,none,none,en,academic,none,none,FLAGSHIP,NEEDED,,https://annas-archive.org/search?q=Mintz+Sweetness+and+Power+%28extended%29,https://archive.org/search?query=Mintz+Sweetness+and+Power+%28extended%29,,Mintz Sweetness and Power (extended),False,v3v4
1755,Confectionery,richardson,Richardson,Tim,Sweets: A History of Candy,2002,Bloomsbury,BOOK,none,spanning,Global,none,none,none,en,academic,none,none,HIGH,NEEDED,,https://annas-archive.org/search?q=Richardson+Sweets%3A+A+History+of+Candy,https://archive.org/search?query=Richardson+Sweets%3A+A+History+of+Candy,,Richardson Sweets: A History of Candy,False,v3v4
1756,Confectionery,mars_snickers,Brenner,Joel,Mars Corporate History,1999,Broadway,BOOK,none,spanning,US,none,none,none,en,processor,none,none,HIGH,NEEDED,,https://annas-archive.org/search?q=Brenner+Mars+Corporate+History,https://archive.org/search?query=Brenner+Mars+Corporate+History,,Brenner Mars Corporate History,False,v3v4
1757,Confectionery,hershey_2,D'Antonio,Michael,Hershey Biography,2006,Simon & Schuster,BOOK,none,spanning,US,none,none,none,en,processor,none,none,HIGH,NEEDED,,https://annas-archive.org/search?q=D%27Antonio+Hershey+Biography,https://archive.org/search?query=D%27Antonio+Hershey+Biography,,D'Antonio Hershey Biography,False,v3v4
1758,Confectionery,gum,Redclift,Michael,Chewing Gum: The Fortunes of Taste,2004,Routledge,BOOK,none,spanning,Global,none,none,none,en,academic,none,none,MEDIUM,NEEDED,,https://annas-archive.org/search?q=Redclift+Chewing+Gum%3A+The+Fortunes+of+Taste,https://archive.org/search?query=Redclift+Chewing+Gum%3A+The+Fortunes+of+Taste,,Redclift Chewing Gum: The Fortunes of Taste,False,v3v4
1759,Confectionery,chocolate_craft,Martin,Carla,Craft Chocolate Industry US 2010-2020,2020,MIT,ARTICLE,none,2010_2020,US,none,none,none,en,academic,none,cocoa_chocolate,MEDIUM,NEEDED,,https://annas-archive.org/search?q=Martin+Craft+Chocolate+Industry+US+2010-2020,https://archive.org/search?query=Martin+Craft+Chocolate+Industry+US+2010-2020,,Martin Craft Chocolate Industry US 2010-2020,False,v3v4
1760,Confectionery,mondelez_conf,Mondelez,,Mondelez Confectionery Segment,2024,Mondelez,GOV_DOC,none,2020_present,Global,none,none,none,en,processor,none,none,MEDIUM,NEEDED,,https://annas-archive.org/search?q=Mondelez+Mondelez+Confectionery+Segment,https://archive.org/search?query=Mondelez+Mondelez+Confectionery+Segment,,Mondelez Mondelez Confectionery Segment,False,v3v4
1761,Confectionery,valentines,Woloson,Wendy,Refined Tastes: Sugar Confectionery and Consumers in 19c America,2002,Johns Hopkins,BOOK,sugar,pre1900,US,none,none,none,en,academic,none,none,MEDIUM,NEEDED,,https://annas-archive.org/search?q=Woloson+Refined+Tastes%3A+Sugar+Confectionery+and+Consumers+in+19c+America,https://archive.org/search?query=Woloson+Refined+Tastes%3A+Sugar+Confectionery+and+Consumers+in+19c+America,,Woloson Refined Tastes: Sugar Confectionery and Consumers in 19c America,False,v3v4
1762,Breakfast Cereal,bruce,Bruce,Scott,Cerealizing America: The Unsweetened Story of American Breakfast Cereal,2001,Faber,BOOK,cereals,spanning,US,none,none,none,en,academic,none,none,FLAGSHIP,NEEDED,,https://annas-archive.org/search?q=Bruce+Cerealizing+America%3A+The+Unsweetened+Story+of+American+Breakfast+Cereal,https://archive.org/search?query=Bruce+Cerealizing+America%3A+The+Unsweetened+Story+of+American+Breakfast+Cereal,,Bruce Cerealizing America: The Unsweetened Story of American Breakfast Cereal,False,v3v4
1763,Breakfast Cereal,kellogg_hist,Wilson,Brian,Dr. John Harvey Kellogg and the Religion of Biologic Living,2014,Indiana UP,BOOK,none,pre1900,US,none,none,none,en,processor,none,none,HIGH,NEEDED,,https://annas-archive.org/search?q=Wilson+Dr.+John+Harvey+Kellogg+and+the+Religion+of+Biologic+Living,https://archive.org/search?query=Wilson+Dr.+John+Harvey+Kellogg+and+the+Religion+of+Biologic+Living,,Wilson Dr. John Harvey Kellogg and the Religion of Biologic Living,False,v3v4
1764,Breakfast Cereal,post,Crawford,Constance,C.W. Post & the Creation of Breakfast Cereal Industry,1996,Business History,ARTICLE,none,pre1900,US,none,none,none,en,processor,none,none,MEDIUM,NEEDED,,https://annas-archive.org/search?q=Crawford+C.W.+Post+%26+the+Creation+of+Breakfast+Cereal+Industry,https://archive.org/search?query=Crawford+C.W.+Post+%26+the+Creation+of+Breakfast+Cereal+Industry,,Crawford C.W. Post & the Creation of Breakfast Cereal Industry,False,v3v4
1765,Breakfast Cereal,gen_mills,General Mills,,General Mills Cereal Division Analysis,2024,General Mills,GOV_DOC,none,2020_present,US,none,none,none,en,processor,none,none,HIGH,NEEDED,,https://annas-archive.org/search?q=General+Mills+General+Mills+Cereal+Division+Analysis,https://archive.org/search?query=General+Mills+General+Mills+Cereal+Division+Analysis,,General Mills General Mills Cereal Division Analysis,False,v3v4
1766,Breakfast Cereal,kellogg_10k,Kellogg,,Kellogg Company 10-K 2023,2023,Kellogg,GOV_DOC,none,2020_present,US_Global,none,none,none,en,investor,none,none,HIGH,NEEDED,,https://annas-archive.org/search?q=Kellogg+Kellogg+Company+10-K+2023,https://archive.org/search?query=Kellogg+Kellogg+Company+10-K+2023,,Kellogg Kellogg Company 10-K 2023,False,v3v4
1767,Breakfast Cereal,cereal_decline,McKinsey,,Breakfast Cereal Category Decline 2015-2024,2024,McKinsey,REPORT,none,2020_present,US,none,none,none,en,media,none,none,MEDIUM,NEEDED,,https://annas-archive.org/search?q=McKinsey+Breakfast+Cereal+Category+Decline+2015-2024,https://archive.org/search?query=McKinsey+Breakfast+Cereal+Category+Decline+2015-2024,,McKinsey Breakfast Cereal Category Decline 2015-2024,False,v3v4
1768,Breakfast Cereal,sugar_cereal,Nestle,Marion,Sugar in Children's Cereals,2018,American J Public Health,ARTICLE,sugar,2010_2020,US,none,none,none,en,academic,none,none,MEDIUM,NEEDED,,https://annas-archive.org/search?q=Nestle+Sugar+in+Children%27s+Cereals,https://archive.org/search?query=Nestle+Sugar+in+Children%27s+Cereals,,Nestle Sugar in Children's Cereals,False,v3v4
1769,Breakfast Cereal,granola,Caldwell,,Granola and Health Food Market Emergence,2015,Food Studies,ARTICLE,none,1980_2010,US,none,none,none,en,academic,none,none,LOW,NEEDED,,https://annas-archive.org/search?q=Caldwell+Granola+and+Health+Food+Market+Emergence,https://archive.org/search?query=Caldwell+Granola+and+Health+Food+Market+Emergence,,Caldwell Granola and Health Food Market Emergence,False,v3v4
1770,Baby Food,nestle_formula2,Muller,Mike,The Baby Killer,1974,War on Want,REPORT,none,1945_1980,Africa,none,none,none,en,NGO,none,none,FLAGSHIP,NEEDED,,https://annas-archive.org/search?q=Muller+The+Baby+Killer,https://archive.org/search?query=Muller+The+Baby+Killer,,Muller The Baby Killer,False,v3v4
1771,Baby Food,mead,Mead Johnson,,Mead Johnson Nutrition Corporate,2017,Mead Johnson,GOV_DOC,none,2010_2020,US_Global,none,none,none,en,processor,none,none,HIGH,NEEDED,,https://annas-archive.org/search?q=Mead+Johnson+Mead+Johnson+Nutrition+Corporate,https://archive.org/search?query=Mead+Johnson+Mead+Johnson+Nutrition+Corporate,,Mead Johnson Mead Johnson Nutrition Corporate,False,v3v4
1772,Baby Food,abbott,Abbott,,Abbott Infant Formula Recall 2022,2022,Abbott Nutrition,GOV_DOC,none,2020_present,US,none,none,none,en,processor,none,none,HIGH,NEEDED,,https://annas-archive.org/search?q=Abbott+Abbott+Infant+Formula+Recall+2022,https://archive.org/search?query=Abbott+Abbott+Infant+Formula+Recall+2022,,Abbott Abbott Infant Formula Recall 2022,False,v3v4
1773,Baby Food,danone_formula,Danone,,Danone Early Life Nutrition,2024,Danone,GOV_DOC,none,2020_present,Global,none,none,none,fr,processor,none,none,MEDIUM,NEEDED,,https://annas-archive.org/search?q=Danone+Danone+Early+Life+Nutrition,https://archive.org/search?query=Danone+Danone+Early+Life+Nutrition,,Danone Danone Early Life Nutrition,False,v3v4
1774,Baby Food,china_formula,Jia,Xiangping,Chinese Infant Formula Market 2008 Melamine,2015,Food Policy,ARTICLE,none,1980_2010,Asia,none,none,none,zh,academic,none,none,HIGH,NEEDED,,https://annas-archive.org/search?q=Jia+Chinese+Infant+Formula+Market+2008+Melamine,https://archive.org/search?query=Jia+Chinese+Infant+Formula+Market+2008+Melamine,,Jia Chinese Infant Formula Market 2008 Melamine,False,v3v4
1775,Baby Food,bm_code,WHO,,International Code of Marketing Breast-Milk Substitutes 1981,1981,WHO,GOV_DOC,none,1945_1980,Global,none,none,none,en,regulator,none,none,HIGH,NEEDED,,https://annas-archive.org/search?q=WHO+International+Code+of+Marketing+Breast-Milk+Substitutes+1981,https://archive.org/search?query=WHO+International+Code+of+Marketing+Breast-Milk+Substitutes+1981,,WHO International Code of Marketing Breast-Milk Substitutes 1981,False,v3v4
1776,Baby Food,fuss_baby,Gerber,,Gerber Products Corporate History,2024,Nestlé,GOV_DOC,none,spanning,US,none,none,none,en,processor,none,none,LOW,NEEDED,,https://annas-archive.org/search?q=Gerber+Gerber+Products+Corporate+History,https://archive.org/search?query=Gerber+Gerber+Products+Corporate+History,,Gerber Gerber Products Corporate History,False,v3v4
1777,Baby Food,wic_form,Oliveira,Victor,WIC Infant Formula Purchasing,2013,USDA ERS,REPORT,none,2010_2020,US,none,none,none,en,regulator,none,none,MEDIUM,NEEDED,,https://annas-archive.org/search?q=Oliveira+WIC+Infant+Formula+Purchasing,https://archive.org/search?query=Oliveira+WIC+Infant+Formula+Purchasing,,Oliveira WIC Infant Formula Purchasing,False,v3v4
1778,Pet Food,okin,Okin,Gregory,Environmental Impacts of Pet Food,2017,PLoS ONE,ARTICLE,none,2010_2020,US,none,none,none,en,academic,none,none,FLAGSHIP,NEEDED,,https://annas-archive.org/search?q=Okin+Environmental+Impacts+of+Pet+Food,https://archive.org/search?query=Okin+Environmental+Impacts+of+Pet+Food,,Okin Environmental Impacts of Pet Food,False,v3v4
1779,Pet Food,pet_food_politics,Nestle,Marion,Pet Food Politics: The Chihuahua in the Coal Mine,2008,UC Press,BOOK,none,1980_2010,US,none,none,none,en,academic,none,none,HIGH,NEEDED,,https://annas-archive.org/search?q=Nestle+Pet+Food+Politics%3A+The+Chihuahua+in+the+Coal+Mine,https://archive.org/search?query=Nestle+Pet+Food+Politics%3A+The+Chihuahua+in+the+Coal+Mine,,Nestle Pet Food Politics: The Chihuahua in the Coal Mine,False,v3v4
1780,Pet Food,mars_pet,Mars,,Mars Petcare Corporate Segment,2024,Mars,GOV_DOC,none,2020_present,Global,none,none,none,en,processor,none,none,HIGH,NEEDED,,https://annas-archive.org/search?q=Mars+Mars+Petcare+Corporate+Segment,https://archive.org/search?query=Mars+Mars+Petcare+Corporate+Segment,,Mars Mars Petcare Corporate Segment,False,v3v4
1781,Pet Food,nestle_pet,Nestle Purina,,Nestlé Purina PetCare,2024,Nestlé,GOV_DOC,none,2020_present,Global,none,none,none,en,processor,none,none,HIGH,NEEDED,,https://annas-archive.org/search?q=Nestle+Purina+Nestl%C3%A9+Purina+PetCare,https://archive.org/search?query=Nestle+Purina+Nestl%C3%A9+Purina+PetCare,,Nestle Purina Nestlé Purina PetCare,False,v3v4
1782,Pet Food,melamine,FDA,,2007 Pet Food Melamine Recall,2007,FDA,GOV_DOC,none,1980_2010,US,none,none,none,en,regulator,none,none,HIGH,NEEDED,,https://annas-archive.org/search?q=FDA+2007+Pet+Food+Melamine+Recall,https://archive.org/search?query=FDA+2007+Pet+Food+Melamine+Recall,,FDA 2007 Pet Food Melamine Recall,False,v3v4
1783,Pet Food,premium_pet,Industry,,Premium Pet Food Market Trends,2023,Industry,REPORT,none,2020_present,US,none,none,none,en,media,none,none,MEDIUM,NEEDED,,https://annas-archive.org/search?q=Industry+Premium+Pet+Food+Market+Trends,https://archive.org/search?query=Industry+Premium+Pet+Food+Market+Trends,,Industry Premium Pet Food Market Trends,False,v3v4
1784,Pet Food,raw_pet,Raw Feeders,,Raw Pet Food Movement Economics,2022,J Companion Animal,ARTICLE,none,2020_present,US,none,none,none,en,academic,none,none,LOW,NEEDED,,https://annas-archive.org/search?q=Raw+Feeders+Raw+Pet+Food+Movement+Economics,https://archive.org/search?query=Raw+Feeders+Raw+Pet+Food+Movement+Economics,,Raw Feeders Raw Pet Food Movement Economics,False,v3v4
1785,Pet Food,pet_meat,Industry,,Pet Food as Byproduct of Meat Industry,2019,Food Science,ARTICLE,meat,2010_2020,US,none,none,none,en,academic,none,none,MEDIUM,NEEDED,,https://annas-archive.org/search?q=Industry+Pet+Food+as+Byproduct+of+Meat+Industry,https://archive.org/search?query=Industry+Pet+Food+as+Byproduct+of+Meat+Industry,,Industry Pet Food as Byproduct of Meat Industry,False,v3v4
1786,Fisheries Deep,pauly,Pauly,Daniel,Fishing Down Marine Food Webs,1998,Science,ARTICLE,none,1980_2010,Global,none,fish_market,none,en,academic,none,none,FLAGSHIP,NEEDED,,https://annas-archive.org/search?q=Pauly+Fishing+Down+Marine+Food+Webs,https://archive.org/search?query=Pauly+Fishing+Down+Marine+Food+Webs,,Pauly Fishing Down Marine Food Webs,False,v3v4
1787,Fisheries Deep,naylor,Naylor,Rosamond,Effect of Aquaculture on World Fish Supplies,2000,Nature,ARTICLE,none,1980_2010,Global,none,fish_market,none,en,academic,none,none,HIGH,NEEDED,,https://annas-archive.org/search?q=Naylor+Effect+of+Aquaculture+on+World+Fish+Supplies,https://archive.org/search?query=Naylor+Effect+of+Aquaculture+on+World+Fish+Supplies,,Naylor Effect of Aquaculture on World Fish Supplies,False,v3v4
1788,Fisheries Deep,sofia,FAO,,State of World Fisheries and Aquaculture 2024,2024,FAO,REPORT,none,2020_present,Global,none,fish_market,none,en,regulator,none,none,HIGH,NEEDED,,https://annas-archive.org/search?q=FAO+State+of+World+Fisheries+and+Aquaculture+2024,https://archive.org/search?query=FAO+State+of+World+Fisheries+and+Aquaculture+2024,,FAO State of World Fisheries and Aquaculture 2024,False,v3v4
1789,Fisheries Deep,clark,Clark,Colin W.,The Optimal Management of Renewable Resources,2005,Wiley,BOOK,none,spanning,Global,none,fish_market,none,en,academic,none,none,HIGH,NEEDED,,https://annas-archive.org/search?q=Clark+The+Optimal+Management+of+Renewable+Resources,https://archive.org/search?query=Clark+The+Optimal+Management+of+Renewable+Resources,,Clark The Optimal Management of Renewable Resources,False,v3v4
1790,Fisheries Deep,crutchfield,Crutchfield,James,The Economics of Alaska Salmon Fisheries,2012,J Ocean Policy,ARTICLE,none,2010_2020,US,none,fish_market,none,en,academic,none,none,MEDIUM,NEEDED,,https://annas-archive.org/search?q=Crutchfield+The+Economics+of+Alaska+Salmon+Fisheries,https://archive.org/search?query=Crutchfield+The+Economics+of+Alaska+Salmon+Fisheries,,Crutchfield The Economics of Alaska Salmon Fisheries,False,v3v4
1791,Fisheries Deep,salmon,Taylor,Joseph E.,Making Salmon: Environmental History,1999,U Washington Press,BOOK,none,spanning,US,none,fish_market,none,en,academic,none,none,HIGH,NEEDED,,https://annas-archive.org/search?q=Taylor+Making+Salmon%3A+Environmental+History,https://archive.org/search?query=Taylor+Making+Salmon%3A+Environmental+History,,Taylor Making Salmon: Environmental History,False,v3v4
1792,Fisheries Deep,shrimp,Stonich,Susan,The Environmental Quality and Social Justice Implications of Shrimp Mariculture,1995,Human Ecology,ARTICLE,none,1980_2010,Asia,none,fish_market,none,en,academic,none,none,MEDIUM,NEEDED,,https://annas-archive.org/search?q=Stonich+The+Environmental+Quality+and+Social+Justice+Implications+of+Shrimp+Mariculture,https://archive.org/search?query=Stonich+The+Environmental+Quality+and+Social+Justice+Implications+of+Shrimp+Mariculture,,Stonich The Environmental Quality and Social Justice Implications of Shrimp Mariculture,False,v3v4
1793,Fisheries Deep,tuna,Korten,Alice,Tuna Industry Consolidation,2011,Global Tuna Alliance,REPORT,none,2010_2020,Global,none,fish_market,none,en,NGO,none,none,MEDIUM,NEEDED,,https://annas-archive.org/search?q=Korten+Tuna+Industry+Consolidation,https://archive.org/search?query=Korten+Tuna+Industry+Consolidation,,Korten Tuna Industry Consolidation,False,v3v4
1794,Fisheries Deep,aquaculture,Boyd,Claude,Aquaculture 3.0: Global Industry Economics,2020,World Aquaculture,ARTICLE,none,2020_present,Global,none,fish_market,none,en,academic,none,none,HIGH,NEEDED,,https://annas-archive.org/search?q=Boyd+Aquaculture+3.0%3A+Global+Industry+Economics,https://archive.org/search?query=Boyd+Aquaculture+3.0%3A+Global+Industry+Economics,,Boyd Aquaculture 3.0: Global Industry Economics,False,v3v4
1795,Fisheries Deep,mowi,Mowi,,Mowi ASA Annual Report 2023 (world's largest salmon),2023,Mowi,GOV_DOC,none,2020_present,Europe,none,fish_market,none,en,processor,none,none,HIGH,NEEDED,,https://annas-archive.org/search?q=Mowi+Mowi+ASA+Annual+Report+2023+%28world%27s+largest+salmon%29,https://archive.org/search?query=Mowi+Mowi+ASA+Annual+Report+2023+%28world%27s+largest+salmon%29,,Mowi Mowi ASA Annual Report 2023 (world's largest salmon),False,v3v4
1796,Fisheries Deep,thaiunion,Thai Union,,Thai Union Group Annual Report 2023,2023,Thai Union,GOV_DOC,none,2020_present,Asia,none,fish_market,none,en,processor,none,none,MEDIUM,NEEDED,,https://annas-archive.org/search?q=Thai+Union+Thai+Union+Group+Annual+Report+2023,https://archive.org/search?query=Thai+Union+Thai+Union+Group+Annual+Report+2023,,Thai Union Thai Union Group Annual Report 2023,False,v3v4
1797,Fisheries Deep,japan_fish,Maruha,,Maruha Nichiro Corporate,2024,Maruha Nichiro,GOV_DOC,none,2020_present,Asia,none,fish_market,none,ja,processor,japanese,none,MEDIUM,NEEDED,,https://annas-archive.org/search?q=Maruha+Maruha+Nichiro+Corporate,https://archive.org/search?query=Maruha+Maruha+Nichiro+Corporate,,Maruha Maruha Nichiro Corporate,False,v3v4
1798,Fisheries Deep,itq,Costello,Christopher,Can Catch Shares Prevent Fisheries Collapse?,2008,Science,ARTICLE,none,1980_2010,Global,none,fish_market,none,en,academic,none,none,HIGH,NEEDED,,https://annas-archive.org/search?q=Costello+Can+Catch+Shares+Prevent+Fisheries+Collapse%3F,https://archive.org/search?query=Costello+Can+Catch+Shares+Prevent+Fisheries+Collapse%3F,,Costello Can Catch Shares Prevent Fisheries Collapse?,False,v3v4
1799,Fisheries Deep,slavery_fish,AP Investigation,,Slavery in the Seafood Supply Chain,2015,Associated Press,ARTICLE,none,2010_2020,Asia,none,fish_market,none,en,media,none,none,HIGH,NEEDED,,https://annas-archive.org/search?q=AP+Investigation+Slavery+in+the+Seafood+Supply+Chain,https://archive.org/search?query=AP+Investigation+Slavery+in+the+Seafood+Supply+Chain,,AP Investigation Slavery in the Seafood Supply Chain,False,v3v4
1800,Fisheries Deep,climate_fish,Cheung,William,Climate Change Effects on Fisheries,2010,Fish and Fisheries,ARTICLE,none,2010_2020,Global,none,fish_market,none,en,academic,none,none,HIGH,NEEDED,,https://annas-archive.org/search?q=Cheung+Climate+Change+Effects+on+Fisheries,https://archive.org/search?query=Cheung+Climate+Change+Effects+on+Fisheries,,Cheung Climate Change Effects on Fisheries,False,v3v4
1801,Meat Corporates,tyson_hist,Striffler,Steve,Chicken: The Dangerous Transformation of America's Favorite Food,2005,Yale UP,BOOK,meat,spanning,US,none,wholesale,none,en,processor,none,none,FLAGSHIP,NEEDED,,https://annas-archive.org/search?q=Striffler+Chicken%3A+The+Dangerous+Transformation+of+America%27s+Favorite+Food,https://archive.org/search?query=Striffler+Chicken%3A+The+Dangerous+Transformation+of+America%27s+Favorite+Food,,Striffler Chicken: The Dangerous Transformation of America's Favorite Food,False,v3v4
1802,Meat Corporates,jbs_hist,Wesz,Valdemar,JBS: Rise of a Brazilian Beef Giant,2016,J Agrarian Change,ARTICLE,meat,1980_2010,LatAm,none,none,none,pt,processor,none,none,HIGH,NEEDED,,https://annas-archive.org/search?q=Wesz+JBS%3A+Rise+of+a+Brazilian+Beef+Giant,https://archive.org/search?query=Wesz+JBS%3A+Rise+of+a+Brazilian+Beef+Giant,,Wesz JBS: Rise of a Brazilian Beef Giant,False,v3v4
1803,Meat Corporates,smithfield_wh,Hartzler,Olivia,Smithfield under WH Group Chinese Ownership,2014,Foreign Policy,ARTICLE,meat,2010_2020,US_Global,none,none,none,en,media,none,none,HIGH,NEEDED,,https://annas-archive.org/search?q=Hartzler+Smithfield+under+WH+Group+Chinese+Ownership,https://archive.org/search?query=Hartzler+Smithfield+under+WH+Group+Chinese+Ownership,,Hartzler Smithfield under WH Group Chinese Ownership,False,v3v4
1804,Meat Corporates,cargill_meat_hist,Cargill,,Cargill Meat Solutions History,2023,Cargill,GOV_DOC,meat,spanning,US,none,none,none,en,processor,none,none,HIGH,NEEDED,,https://annas-archive.org/search?q=Cargill+Cargill+Meat+Solutions+History,https://archive.org/search?query=Cargill+Cargill+Meat+Solutions+History,,Cargill Cargill Meat Solutions History,False,v3v4
1805,Meat Corporates,marfrig,Marfrig,,Marfrig Global Foods Annual Report 2023,2023,Marfrig,GOV_DOC,meat,2020_present,LatAm,none,none,none,pt,investor,none,none,MEDIUM,NEEDED,,https://annas-archive.org/search?q=Marfrig+Marfrig+Global+Foods+Annual+Report+2023,https://archive.org/search?query=Marfrig+Marfrig+Global+Foods+Annual+Report+2023,,Marfrig Marfrig Global Foods Annual Report 2023,False,v3v4
1806,Meat Corporates,brf,BRF,,BRF (Brasil Foods) Annual Report 2023,2023,BRF,GOV_DOC,meat,2020_present,LatAm,none,none,none,pt,investor,none,none,MEDIUM,NEEDED,,https://annas-archive.org/search?q=BRF+BRF+%28Brasil+Foods%29+Annual+Report+2023,https://archive.org/search?query=BRF+BRF+%28Brasil+Foods%29+Annual+Report+2023,,BRF BRF (Brasil Foods) Annual Report 2023,False,v3v4
1807,Meat Corporates,pilgrim,Pilgrim's,,Pilgrim's Pride 10-K 2023,2023,Pilgrim's,GOV_DOC,meat,2020_present,US,none,none,none,en,investor,none,none,MEDIUM,NEEDED,,https://annas-archive.org/search?q=Pilgrim%27s+Pilgrim%27s+Pride+10-K+2023,https://archive.org/search?query=Pilgrim%27s+Pilgrim%27s+Pride+10-K+2023,,Pilgrim's Pilgrim's Pride 10-K 2023,False,v3v4
1808,Meat Corporates,hormel,Hormel,,Hormel Foods 10-K 2023,2023,Hormel,GOV_DOC,meat,2020_present,US,none,none,none,en,investor,none,none,MEDIUM,NEEDED,,https://annas-archive.org/search?q=Hormel+Hormel+Foods+10-K+2023,https://archive.org/search?query=Hormel+Hormel+Foods+10-K+2023,,Hormel Hormel Foods 10-K 2023,False,v3v4
1809,Meat Corporates,packer_hist,Yeager,Mary,Competition and Regulation: Development of Oligopoly in Meat Packing,1981,JAI,BOOK,meat,pre1900,US,none,none,none,en,processor,none,none,HIGH,NEEDED,,https://annas-archive.org/search?q=Yeager+Competition+and+Regulation%3A+Development+of+Oligopoly+in+Meat+Packing,https://archive.org/search?query=Yeager+Competition+and+Regulation%3A+Development+of+Oligopoly+in+Meat+Packing,,Yeager Competition and Regulation: Development of Oligopoly in Meat Packing,False,v3v4
1810,Meat Corporates,antitrust,Specht,Joshua,Red Meat Republic,2019,Princeton UP,BOOK,meat,pre1900,US,none,none,none,en,processor,none,none,HIGH,NEEDED,,https://annas-archive.org/search?q=Specht+Red+Meat+Republic,https://archive.org/search?query=Specht+Red+Meat+Republic,,Specht Red Meat Republic,False,v3v4
1811,Meat Corporates,chicken,Leonard,Christopher,The Meat Racket: The Secret Takeover of America's Food Business,2014,Simon & Schuster,BOOK,meat,1980_2010,US,none,none,none,en,media,none,none,HIGH,NEEDED,,https://annas-archive.org/search?q=Leonard+The+Meat+Racket%3A+The+Secret+Takeover+of+America%27s+Food+Business,https://archive.org/search?query=Leonard+The+Meat+Racket%3A+The+Secret+Takeover+of+America%27s+Food+Business,,Leonard The Meat Racket: The Secret Takeover of America's Food Business,False,v3v4
1812,Meat Corporates,jbs_nyse,JBS,,JBS USA NYSE Listing 2023-2024,2024,JBS,GOV_DOC,meat,2020_present,LatAm,none,none,none,en,investor,none,none,HIGH,NEEDED,,https://annas-archive.org/search?q=JBS+JBS+USA+NYSE+Listing+2023-2024,https://archive.org/search?query=JBS+JBS+USA+NYSE+Listing+2023-2024,,JBS JBS USA NYSE Listing 2023-2024,False,v3v4
1813,Cookbooks Historical,apicius,Apicius,,De Re Coquinaria (c. 400 CE),400,Classical,BOOK,none,pre1900,Europe,none,none,none,en,academic,none,none,FLAGSHIP,NEEDED,,https://annas-archive.org/search?q=Apicius+De+Re+Coquinaria+%28c.+400+CE%29,https://archive.org/search?query=Apicius+De+Re+Coquinaria+%28c.+400+CE%29,,Apicius De Re Coquinaria (c. 400 CE),False,v3v4
1814,Cookbooks Historical,forme,Forme of Cury,,The Forme of Cury (c. 1390),1390,Medieval Royal Cookbook,BOOK,none,pre1900,Europe,none,none,none,en,academic,none,none,MEDIUM,NEEDED,,https://annas-archive.org/search?q=Forme+of+Cury+The+Forme+of+Cury+%28c.+1390%29,https://archive.org/search?query=Forme+of+Cury+The+Forme+of+Cury+%28c.+1390%29,,Forme of Cury The Forme of Cury (c. 1390),False,v3v4
1815,Cookbooks Historical,scappi,Scappi,Bartolomeo,Opera dell'arte del cucinare,1570,Tramezzino,BOOK,none,pre1900,Europe,none,none,none,it,academic,italian,none,MEDIUM,NEEDED,,https://annas-archive.org/search?q=Scappi+Opera+dell%27arte+del+cucinare,https://archive.org/search?query=Scappi+Opera+dell%27arte+del+cucinare,,Scappi Opera dell'arte del cucinare,False,v3v4
1816,Cookbooks Historical,la_varenne_cb,La Varenne,François,Le Cuisinier françois,1651,Paris,BOOK,none,pre1900,Europe,none,none,none,fr,academic,french,none,MEDIUM,NEEDED,,https://annas-archive.org/search?q=La+Varenne+Le+Cuisinier+fran%C3%A7ois,https://archive.org/search?query=La+Varenne+Le+Cuisinier+fran%C3%A7ois,,La Varenne Le Cuisinier françois,False,v3v4
1817,Cookbooks Historical,careme_cb,Carême,Marie-Antoine,Le Pâtissier royal parisien,1815,Didot,BOOK,none,pre1900,Europe,none,none,none,fr,academic,french,none,HIGH,NEEDED,,https://annas-archive.org/search?q=Car%C3%AAme+Le+P%C3%A2tissier+royal+parisien,https://archive.org/search?query=Car%C3%AAme+Le+P%C3%A2tissier+royal+parisien,,Carême Le Pâtissier royal parisien,False,v3v4
1818,Cookbooks Historical,escoffier_cb,Escoffier,Auguste,Le Guide Culinaire,1903,Flammarion,BOOK,none,pre1900,Europe,none,none,none,fr,academic,french,none,HIGH,NEEDED,,https://annas-archive.org/search?q=Escoffier+Le+Guide+Culinaire,https://archive.org/search?query=Escoffier+Le+Guide+Culinaire,,Escoffier Le Guide Culinaire,False,v3v4
1819,Cookbooks Historical,beeton_cb,Beeton,Isabella,Mrs Beeton's Book of Household Management,1861,S.O. Beeton,BOOK,none,pre1900,Europe,none,none,none,en,academic,none,none,HIGH,NEEDED,,https://annas-archive.org/search?q=Beeton+Mrs+Beeton%27s+Book+of+Household+Management,https://archive.org/search?query=Beeton+Mrs+Beeton%27s+Book+of+Household+Management,,Beeton Mrs Beeton's Book of Household Management,False,v3v4
1820,Cookbooks Historical,fannie,Farmer,Fannie,Boston Cooking-School Cook Book,1896,Little Brown,BOOK,none,pre1900,US,none,none,none,en,academic,none,none,HIGH,NEEDED,,https://annas-archive.org/search?q=Farmer+Boston+Cooking-School+Cook+Book,https://archive.org/search?query=Farmer+Boston+Cooking-School+Cook+Book,,Farmer Boston Cooking-School Cook Book,False,v3v4
1821,Cookbooks Historical,joy,Rombauer,Irma S.,Joy of Cooking,1931,A.C. Clayton,BOOK,none,1900_1945,US,none,none,none,en,academic,none,none,HIGH,NEEDED,,https://annas-archive.org/search?q=Rombauer+Joy+of+Cooking,https://archive.org/search?query=Rombauer+Joy+of+Cooking,,Rombauer Joy of Cooking,False,v3v4
1822,Cookbooks Historical,child_mastering,Child,Julia,Mastering the Art of French Cooking,1961,Knopf,BOOK,none,1945_1980,US,none,none,none,en,academic,french,none,FLAGSHIP,NEEDED,,https://annas-archive.org/search?q=Child+Mastering+the+Art+of+French+Cooking,https://archive.org/search?query=Child+Mastering+the+Art+of+French+Cooking,,Child Mastering the Art of French Cooking,False,v3v4
1823,Cookbooks Historical,beard,Beard,James,James Beard's American Cookery,1972,Little Brown,BOOK,none,1945_1980,US,none,none,none,en,academic,none,none,HIGH,NEEDED,,https://annas-archive.org/search?q=Beard+James+Beard%27s+American+Cookery,https://archive.org/search?query=Beard+James+Beard%27s+American+Cookery,,Beard James Beard's American Cookery,False,v3v4
1824,Cookbooks Historical,mcgee,McGee,Harold,On Food and Cooking: The Science and Lore of the Kitchen,1984,Scribner,BOOK,none,spanning,US,none,none,none,en,academic,none,none,HIGH,NEEDED,,https://annas-archive.org/search?q=McGee+On+Food+and+Cooking%3A+The+Science+and+Lore+of+the+Kitchen,https://archive.org/search?query=McGee+On+Food+and+Cooking%3A+The+Science+and+Lore+of+the+Kitchen,,McGee On Food and Cooking: The Science and Lore of the Kitchen,False,v3v4
1825,Cookbooks Historical,mcgee2,McGee,Harold,Nose Dive: A Field Guide to the World's Smells,2020,Penguin,BOOK,none,2020_present,Global,none,none,none,en,academic,none,none,MEDIUM,NEEDED,,https://annas-archive.org/search?q=McGee+Nose+Dive%3A+A+Field+Guide+to+the+World%27s+Smells,https://archive.org/search?query=McGee+Nose+Dive%3A+A+Field+Guide+to+the+World%27s+Smells,,McGee Nose Dive: A Field Guide to the World's Smells,False,v3v4
1826,Cookbooks Historical,myhrvold,Myhrvold,Nathan,Modernist Cuisine: The Art and Science of Cooking,2011,Cooking Lab,BOOK,none,2010_2020,US,none,none,none,en,academic,none,none,HIGH,NEEDED,,https://annas-archive.org/search?q=Myhrvold+Modernist+Cuisine%3A+The+Art+and+Science+of+Cooking,https://archive.org/search?query=Myhrvold+Modernist+Cuisine%3A+The+Art+and+Science+of+Cooking,,Myhrvold Modernist Cuisine: The Art and Science of Cooking,False,v3v4
1827,Cookbooks Historical,keller_fl,Keller,Thomas,The French Laundry Cookbook,1999,Artisan,BOOK,none,1980_2010,US,Manhattan,fine_dining,none,en,academic,french,none,HIGH,NEEDED,,https://annas-archive.org/search?q=Keller+The+French+Laundry+Cookbook,https://archive.org/search?query=Keller+The+French+Laundry+Cookbook,,Keller The French Laundry Cookbook,False,v3v4
1828,Cookbooks Historical,grigson_cb,Grigson,Jane,Jane Grigson's Fruit Book,1982,Atheneum,BOOK,none,1980_2010,Europe,none,none,none,en,academic,none,none,MEDIUM,NEEDED,,https://annas-archive.org/search?q=Grigson+Jane+Grigson%27s+Fruit+Book,https://archive.org/search?query=Grigson+Jane+Grigson%27s+Fruit+Book,,Grigson Jane Grigson's Fruit Book,False,v3v4
1829,Cookbooks Historical,david_cb,David,Elizabeth,English Bread and Yeast Cookery,1977,Viking,BOOK,none,1945_1980,Europe,none,none,none,en,academic,none,none,MEDIUM,NEEDED,,https://annas-archive.org/search?q=David+English+Bread+and+Yeast+Cookery,https://archive.org/search?query=David+English+Bread+and+Yeast+Cookery,,David English Bread and Yeast Cookery,False,v3v4
1830,Cookbooks Historical,achaya_cb,Achaya,K.T.,A Historical Dictionary of Indian Food,1998,Oxford UP,BOOK,none,spanning,Asia,none,none,none,en,academic,indian,none,MEDIUM,NEEDED,,https://annas-archive.org/search?q=Achaya+A+Historical+Dictionary+of+Indian+Food,https://archive.org/search?query=Achaya+A+Historical+Dictionary+of+Indian+Food,,Achaya A Historical Dictionary of Indian Food,False,v3v4
1831,Cookbooks Historical,artusi_cb,Artusi,Pellegrino,La scienza in cucina,1891,Self,BOOK,none,pre1900,Europe,none,none,none,it,academic,italian,none,HIGH,NEEDED,,https://annas-archive.org/search?q=Artusi+La+scienza+in+cucina,https://archive.org/search?query=Artusi+La+scienza+in+cucina,,Artusi La scienza in cucina,False,v3v4
1832,Cookbooks Historical,hazan,Hazan,Marcella,The Classic Italian Cook Book,1973,Knopf,BOOK,none,1945_1980,US_Global,none,none,none,en,academic,italian,none,MEDIUM,NEEDED,,https://annas-archive.org/search?q=Hazan+The+Classic+Italian+Cook+Book,https://archive.org/search?query=Hazan+The+Classic+Italian+Cook+Book,,Hazan The Classic Italian Cook Book,False,v3v4
1833,Food Magazines,gourmet,Condé Nast,,Gourmet Magazine Archive 1941-2009,2009,Condé Nast,DATASET_DOC,none,spanning,US,none,none,none,en,media,none,none,FLAGSHIP,NEEDED,,https://annas-archive.org/search?q=Cond%C3%A9+Nast+Gourmet+Magazine+Archive+1941-2009,https://archive.org/search?query=Cond%C3%A9+Nast+Gourmet+Magazine+Archive+1941-2009,,Condé Nast Gourmet Magazine Archive 1941-2009,False,v3v4
1834,Food Magazines,bon_app,Condé Nast,,Bon Appétit Archive 1956-Present,2024,Condé Nast,DATASET_DOC,none,spanning,US,none,none,none,en,media,none,none,HIGH,NEEDED,,https://annas-archive.org/search?q=Cond%C3%A9+Nast+Bon+App%C3%A9tit+Archive+1956-Present,https://archive.org/search?query=Cond%C3%A9+Nast+Bon+App%C3%A9tit+Archive+1956-Present,,Condé Nast Bon Appétit Archive 1956-Present,False,v3v4
1835,Food Magazines,saveur,Saveur,,Saveur Magazine Archive 1994-Present,2024,Saveur,DATASET_DOC,none,spanning,US_Global,none,none,none,en,media,none,none,HIGH,NEEDED,,https://annas-archive.org/search?q=Saveur+Saveur+Magazine+Archive+1994-Present,https://archive.org/search?query=Saveur+Saveur+Magazine+Archive+1994-Present,,Saveur Saveur Magazine Archive 1994-Present,False,v3v4
1836,Food Magazines,cooks,Cook's Illustrated,,Cook's Illustrated Archive,2024,America's Test Kitchen,DATASET_DOC,none,spanning,US,none,none,none,en,media,none,none,HIGH,NEEDED,,https://annas-archive.org/search?q=Cook%27s+Illustrated+Cook%27s+Illustrated+Archive,https://archive.org/search?query=Cook%27s+Illustrated+Cook%27s+Illustrated+Archive,,Cook's Illustrated Cook's Illustrated Archive,False,v3v4
1837,Food Magazines,lucky_peach,Chang,David,Lucky Peach Magazine (defunct),2017,McSweeney's,REPORT,none,2010_2020,US,Manhattan,none,none,en,media,none,none,HIGH,NEEDED,,https://annas-archive.org/search?q=Chang+Lucky+Peach+Magazine+%28defunct%29,https://archive.org/search?query=Chang+Lucky+Peach+Magazine+%28defunct%29,,Chang Lucky Peach Magazine (defunct),False,v3v4
1838,Food Magazines,nrn,Nation's Restaurant News,,NRN Archive,2024,Informa,DATASET_DOC,none,spanning,US,none,none,none,en,media,none,none,HIGH,NEEDED,,https://annas-archive.org/search?q=Nation%27s+Restaurant+News+NRN+Archive,https://archive.org/search?query=Nation%27s+Restaurant+News+NRN+Archive,,Nation's Restaurant News NRN Archive,False,v3v4
1839,Food Magazines,progressive_grocer,Progressive Grocer,,Progressive Grocer Magazine Archive,2024,EnsembleIQ,DATASET_DOC,none,spanning,US,none,supermarket,none,en,media,none,none,HIGH,NEEDED,,https://annas-archive.org/search?q=Progressive+Grocer+Progressive+Grocer+Magazine+Archive,https://archive.org/search?query=Progressive+Grocer+Progressive+Grocer+Magazine+Archive,,Progressive Grocer Progressive Grocer Magazine Archive,False,v3v4
1840,Food Magazines,meatingplace,Meatingplace,,Meatingplace Industry Magazine Archive,2024,Marketing & Technology Group,DATASET_DOC,meat,spanning,US,none,none,none,en,media,none,none,MEDIUM,NEEDED,,https://annas-archive.org/search?q=Meatingplace+Meatingplace+Industry+Magazine+Archive,https://archive.org/search?query=Meatingplace+Meatingplace+Industry+Magazine+Archive,,Meatingplace Meatingplace Industry Magazine Archive,False,v3v4
1841,Food Magazines,supermarket_news,Supermarket News,,Supermarket News Archive,2024,Informa,DATASET_DOC,none,spanning,US,none,supermarket,none,en,media,none,none,HIGH,NEEDED,,https://annas-archive.org/search?q=Supermarket+News+Supermarket+News+Archive,https://archive.org/search?query=Supermarket+News+Supermarket+News+Archive,,Supermarket News Supermarket News Archive,False,v3v4
1842,Food Magazines,world_grain,World Grain,,World Grain Magazine Archive,2024,Sosland,DATASET_DOC,cereals,spanning,Global,none,none,none,en,media,none,none,MEDIUM,NEEDED,,https://annas-archive.org/search?q=World+Grain+World+Grain+Magazine+Archive,https://archive.org/search?query=World+Grain+World+Grain+Magazine+Archive,,World Grain World Grain Magazine Archive,False,v3v4
1843,Food Magazines,sugar_j,Sugar Journal,,Sugar Journal Archive,2024,Sugar Journal,DATASET_DOC,sugar,spanning,Global,none,none,none,en,media,none,none,LOW,NEEDED,,https://annas-archive.org/search?q=Sugar+Journal+Sugar+Journal+Archive,https://archive.org/search?query=Sugar+Journal+Sugar+Journal+Archive,,Sugar Journal Sugar Journal Archive,False,v3v4
1844,Food Magazines,restaurant_biz,Restaurant Business,,Restaurant Business Magazine Archive,2024,Winsight,DATASET_DOC,none,spanning,US,none,none,none,en,media,none,none,MEDIUM,NEEDED,,https://annas-archive.org/search?q=Restaurant+Business+Restaurant+Business+Magazine+Archive,https://archive.org/search?query=Restaurant+Business+Restaurant+Business+Magazine+Archive,,Restaurant Business Restaurant Business Magazine Archive,False,v3v4
1845,Food Magazines,elle_table,Elle à Table,,Elle à Table (French Food Magazine),2024,Elle,DATASET_DOC,none,spanning,Europe,none,none,none,fr,media,none,none,MEDIUM,NEEDED,,https://annas-archive.org/search?q=Elle+%C3%A0+Table+Elle+%C3%A0+Table+%28French+Food+Magazine%29,https://archive.org/search?query=Elle+%C3%A0+Table+Elle+%C3%A0+Table+%28French+Food+Magazine%29,,Elle à Table Elle à Table (French Food Magazine),False,v3v4
1846,Food Magazines,cucina,La Cucina Italiana,,La Cucina Italiana Archive,2024,Condé Nast Italia,DATASET_DOC,none,spanning,Europe,none,none,none,it,media,italian,none,MEDIUM,NEEDED,,https://annas-archive.org/search?q=La+Cucina+Italiana+La+Cucina+Italiana+Archive,https://archive.org/search?query=La+Cucina+Italiana+La+Cucina+Italiana+Archive,,La Cucina Italiana La Cucina Italiana Archive,False,v3v4
1847,Food Magazines,food_wine,Food & Wine,,Food & Wine Magazine Archive,2024,Dotdash Meredith,DATASET_DOC,none,spanning,US,none,none,none,en,media,none,none,MEDIUM,NEEDED,,https://annas-archive.org/search?q=Food+%26+Wine+Food+%26+Wine+Magazine+Archive,https://archive.org/search?query=Food+%26+Wine+Food+%26+Wine+Magazine+Archive,,Food & Wine Food & Wine Magazine Archive,False,v3v4
1848,Restaurant Guides,michelin_hist,Harp,Stephen,Marketing Michelin,2001,Johns Hopkins,BOOK,none,spanning,Europe,none,none,none,en,media,french,none,FLAGSHIP,NEEDED,,https://annas-archive.org/search?q=Harp+Marketing+Michelin,https://archive.org/search?query=Harp+Marketing+Michelin,,Harp Marketing Michelin,False,v3v4
1849,Restaurant Guides,gault,Gault,Henri,Gault Millau Guide Archive,2024,Gault Millau,DATASET_DOC,none,spanning,Europe,none,none,none,fr,media,french,none,HIGH,NEEDED,,https://annas-archive.org/search?q=Gault+Gault+Millau+Guide+Archive,https://archive.org/search?query=Gault+Gault+Millau+Guide+Archive,,Gault Gault Millau Guide Archive,False,v3v4
1850,Restaurant Guides,mobil,AAA,,AAA Five Diamond Awards Archive,2024,AAA,DATASET_DOC,none,spanning,US,none,none,none,en,media,none,none,HIGH,NEEDED,,https://annas-archive.org/search?q=AAA+AAA+Five+Diamond+Awards+Archive,https://archive.org/search?query=AAA+AAA+Five+Diamond+Awards+Archive,,AAA AAA Five Diamond Awards Archive,False,v3v4
1851,Restaurant Guides,zagat_nyc,Zagat,Tim Zagat,Zagat NYC 1979-2020 Archive,2020,Zagat,DATASET_DOC,none,spanning,US,Citywide,none,none,en,media,none,none,HIGH,NEEDED,,https://annas-archive.org/search?q=Zagat+Zagat+NYC+1979-2020+Archive,https://archive.org/search?query=Zagat+Zagat+NYC+1979-2020+Archive,,Zagat Zagat NYC 1979-2020 Archive,False,v3v4
1852,Restaurant Guides,kleber,Guide Kleber,,Guide Kléber (France),2024,Kleber,DATASET_DOC,none,spanning,Europe,none,none,none,fr,media,french,none,LOW,NEEDED,,https://annas-archive.org/search?q=Guide+Kleber+Guide+Kl%C3%A9ber+%28France%29,https://archive.org/search?query=Guide+Kleber+Guide+Kl%C3%A9ber+%28France%29,,Guide Kleber Guide Kléber (France),False,v3v4
1853,Restaurant Guides,worlds_50,World's 50 Best,,World's 50 Best Restaurants Archive,2024,50 Best,REPORT,none,2010_2020,Global,none,none,none,en,media,none,none,HIGH,NEEDED,,https://annas-archive.org/search?q=World%27s+50+Best+World%27s+50+Best+Restaurants+Archive,https://archive.org/search?query=World%27s+50+Best+World%27s+50+Best+Restaurants+Archive,,World's 50 Best World's 50 Best Restaurants Archive,False,v3v4
1854,Restaurant Guides,best_of,Eater,,Eater 38 / National Guides,2024,Eater,DATASET_DOC,none,2020_present,US,none,none,none,en,media,none,none,MEDIUM,NEEDED,,https://annas-archive.org/search?q=Eater+Eater+38+%2F+National+Guides,https://archive.org/search?query=Eater+Eater+38+%2F+National+Guides,,Eater Eater 38 / National Guides,False,v3v4
1855,Restaurant Guides,infatuation_guide,Infatuation,,Infatuation Guide Methodology,2024,Infatuation,DATASET_DOC,none,2020_present,US,none,none,none,en,media,none,none,MEDIUM,NEEDED,,https://annas-archive.org/search?q=Infatuation+Infatuation+Guide+Methodology,https://archive.org/search?query=Infatuation+Infatuation+Guide+Methodology,,Infatuation Infatuation Guide Methodology,False,v3v4
1856,Food Anthro Sociology,mintz_ant,Mintz,Sidney,Sweetness and Power (anthropology frame),1985,Viking,BOOK,none,spanning,Global,none,none,none,en,academic,none,none,FLAGSHIP,NEEDED,,https://annas-archive.org/search?q=Mintz+Sweetness+and+Power+%28anthropology+frame%29,https://archive.org/search?query=Mintz+Sweetness+and+Power+%28anthropology+frame%29,,Mintz Sweetness and Power (anthropology frame),False,v3v4
1857,Food Anthro Sociology,goody,Goody,Jack,Cooking Cuisine and Class: A Study in Comparative Sociology,1982,Cambridge UP,BOOK,none,spanning,Global,none,none,none,en,academic,none,none,HIGH,NEEDED,,https://annas-archive.org/search?q=Goody+Cooking+Cuisine+and+Class%3A+A+Study+in+Comparative+Sociology,https://archive.org/search?query=Goody+Cooking+Cuisine+and+Class%3A+A+Study+in+Comparative+Sociology,,Goody Cooking Cuisine and Class: A Study in Comparative Sociology,False,v3v4
1858,Food Anthro Sociology,douglas,Douglas,Mary,Deciphering a Meal,1972,Daedalus,ARTICLE,none,1945_1980,Global,none,none,none,en,academic,none,none,HIGH,NEEDED,,https://annas-archive.org/search?q=Douglas+Deciphering+a+Meal,https://archive.org/search?query=Douglas+Deciphering+a+Meal,,Douglas Deciphering a Meal,False,v3v4
1859,Food Anthro Sociology,harris,Harris,Marvin,Good to Eat: Riddles of Food and Culture,1985,Simon & Schuster,BOOK,none,spanning,Global,none,none,none,en,academic,none,none,HIGH,NEEDED,,https://annas-archive.org/search?q=Harris+Good+to+Eat%3A+Riddles+of+Food+and+Culture,https://archive.org/search?query=Harris+Good+to+Eat%3A+Riddles+of+Food+and+Culture,,Harris Good to Eat: Riddles of Food and Culture,False,v3v4
1860,Food Anthro Sociology,bourdieu,Bourdieu,Pierre,Distinction: A Social Critique of the Judgement of Taste,1984,Harvard UP,BOOK,none,1945_1980,Europe,none,none,none,fr,academic,none,none,HIGH,NEEDED,,https://annas-archive.org/search?q=Bourdieu+Distinction%3A+A+Social+Critique+of+the+Judgement+of+Taste,https://archive.org/search?query=Bourdieu+Distinction%3A+A+Social+Critique+of+the+Judgement+of+Taste,,Bourdieu Distinction: A Social Critique of the Judgement of Taste,False,v3v4
1861,Food Anthro Sociology,fischler,Fischler,Claude,L'Homnivore: Le goût la cuisine et le corps,1990,Odile Jacob,BOOK,none,1980_2010,Europe,none,none,none,fr,academic,none,none,HIGH,NEEDED,,https://annas-archive.org/search?q=Fischler+L%27Homnivore%3A+Le+go%C3%BBt+la+cuisine+et+le+corps,https://archive.org/search?query=Fischler+L%27Homnivore%3A+Le+go%C3%BBt+la+cuisine+et+le+corps,,Fischler L'Homnivore: Le goût la cuisine et le corps,False,v3v4
1862,Food Anthro Sociology,warde,Warde,Alan,Consumption Food and Taste,1997,Sage,BOOK,none,1980_2010,Global,none,none,none,en,academic,none,none,HIGH,NEEDED,,https://annas-archive.org/search?q=Warde+Consumption+Food+and+Taste,https://archive.org/search?query=Warde+Consumption+Food+and+Taste,,Warde Consumption Food and Taste,False,v3v4
1863,Food Anthro Sociology,counihan,Counihan,Carole,Food and Culture: A Reader,2013,Routledge,BOOK,none,spanning,Global,none,none,none,en,academic,none,none,HIGH,NEEDED,,https://annas-archive.org/search?q=Counihan+Food+and+Culture%3A+A+Reader,https://archive.org/search?query=Counihan+Food+and+Culture%3A+A+Reader,,Counihan Food and Culture: A Reader,False,v3v4
1864,Food Anthro Sociology,ohnuki,Ohnuki-Tierney,Emiko,Rice as Self: Japanese Identities Through Time,1993,Princeton UP,BOOK,none,spanning,Asia,none,none,none,en,academic,japanese,none,HIGH,NEEDED,,https://annas-archive.org/search?q=Ohnuki-Tierney+Rice+as+Self%3A+Japanese+Identities+Through+Time,https://archive.org/search?query=Ohnuki-Tierney+Rice+as+Self%3A+Japanese+Identities+Through+Time,,Ohnuki-Tierney Rice as Self: Japanese Identities Through Time,False,v3v4
1865,Food Anthro Sociology,bestor_anth,Bestor,Theodore,How Sushi Went Global,2000,Foreign Policy,ARTICLE,none,1980_2010,Global,none,none,none,en,academic,japanese,none,HIGH,NEEDED,,https://annas-archive.org/search?q=Bestor+How+Sushi+Went+Global,https://archive.org/search?query=Bestor+How+Sushi+Went+Global,,Bestor How Sushi Went Global,False,v3v4
1866,Food Anthro Sociology,appadurai_ant,Appadurai,Arjun,Gastro-Politics,1981,American Ethnologist,ARTICLE,none,1980_2010,Asia,none,none,none,en,academic,indian,none,HIGH,NEEDED,,https://annas-archive.org/search?q=Appadurai+Gastro-Politics,https://archive.org/search?query=Appadurai+Gastro-Politics,,Appadurai Gastro-Politics,False,v3v4
1867,Food Anthro Sociology,mauss,Mauss,Marcel,The Gift (food gift chapters),1925,PUF,BOOK,none,pre1900,Europe,none,none,none,fr,academic,none,none,MEDIUM,NEEDED,,https://annas-archive.org/search?q=Mauss+The+Gift+%28food+gift+chapters%29,https://archive.org/search?query=Mauss+The+Gift+%28food+gift+chapters%29,,Mauss The Gift (food gift chapters),False,v3v4
1868,Food Anthro Sociology,friedmann,Friedmann,Harriet,The Political Economy of Food: A Global Crisis,1993,New Left Review,ARTICLE,none,1980_2010,Global,none,none,none,en,academic,none,none,HIGH,NEEDED,,https://annas-archive.org/search?q=Friedmann+The+Political+Economy+of+Food%3A+A+Global+Crisis,https://archive.org/search?query=Friedmann+The+Political+Economy+of+Food%3A+A+Global+Crisis,,Friedmann The Political Economy of Food: A Global Crisis,False,v3v4
1869,Food Anthro Sociology,mcmichael,McMichael,Philip,Food Regimes and Agrarian Questions,2013,Fernwood,BOOK,none,2010_2020,Global,none,none,none,en,academic,none,none,HIGH,NEEDED,,https://annas-archive.org/search?q=McMichael+Food+Regimes+and+Agrarian+Questions,https://archive.org/search?query=McMichael+Food+Regimes+and+Agrarian+Questions,,McMichael Food Regimes and Agrarian Questions,False,v3v4
1870,Food Anthro Sociology,kalcik,Kalcik,Susan,Ethnic Foodways in America,1984,in Ethnic and Regional Foodways,CHAPTER,none,1980_2010,US,none,none,none,en,academic,none,none,MEDIUM,NEEDED,,https://annas-archive.org/search?q=Kalcik+Ethnic+Foodways+in+America,https://archive.org/search?query=Kalcik+Ethnic+Foodways+in+America,,Kalcik Ethnic Foodways in America,False,v3v4
1871,Food Geography,morgan,Morgan,Kevin,Worlds of Food: Place Power and Provenance,2006,Oxford UP,BOOK,none,1980_2010,Global,none,none,none,en,academic,none,none,FLAGSHIP,NEEDED,,https://annas-archive.org/search?q=Morgan+Worlds+of+Food%3A+Place+Power+and+Provenance,https://archive.org/search?query=Morgan+Worlds+of+Food%3A+Place+Power+and+Provenance,,Morgan Worlds of Food: Place Power and Provenance,False,v3v4
1872,Food Geography,bell_valentine,Bell,David,Consuming Geographies: We Are Where We Eat,1997,Routledge,BOOK,none,1980_2010,Global,none,none,none,en,academic,none,none,HIGH,NEEDED,,https://annas-archive.org/search?q=Bell+Consuming+Geographies%3A+We+Are+Where+We+Eat,https://archive.org/search?query=Bell+Consuming+Geographies%3A+We+Are+Where+We+Eat,,Bell Consuming Geographies: We Are Where We Eat,False,v3v4
1873,Food Geography,pudup,Pudup,Mary Beth,Food Justice and Geography,2008,Geoforum,ARTICLE,none,1980_2010,Global,none,none,none,en,academic,none,none,HIGH,NEEDED,,https://annas-archive.org/search?q=Pudup+Food+Justice+and+Geography,https://archive.org/search?query=Pudup+Food+Justice+and+Geography,,Pudup Food Justice and Geography,False,v3v4
1874,Food Geography,dixon,Dixon,Jane,The Changing Chicken: Chooks Cooks Rights,2002,UNSW Press,BOOK,meat,spanning,Global,none,none,none,en,academic,none,none,MEDIUM,NEEDED,,https://annas-archive.org/search?q=Dixon+The+Changing+Chicken%3A+Chooks+Cooks+Rights,https://archive.org/search?query=Dixon+The+Changing+Chicken%3A+Chooks+Cooks+Rights,,Dixon The Changing Chicken: Chooks Cooks Rights,False,v3v4
1875,Food Geography,cuisine_place,Murdoch,Jonathan,Quality Chains and Alternative Food Networks,2000,Economic Geography,ARTICLE,none,1980_2010,Europe,none,none,none,en,academic,none,none,HIGH,NEEDED,,https://annas-archive.org/search?q=Murdoch+Quality+Chains+and+Alternative+Food+Networks,https://archive.org/search?query=Murdoch+Quality+Chains+and+Alternative+Food+Networks,,Murdoch Quality Chains and Alternative Food Networks,False,v3v4
1876,Food Geography,foodshed,Kloppenburg,Jack,Coming in to the Foodshed,1996,Ag and Human Values,ARTICLE,none,1980_2010,US,none,none,none,en,academic,none,none,HIGH,NEEDED,,https://annas-archive.org/search?q=Kloppenburg+Coming+in+to+the+Foodshed,https://archive.org/search?query=Kloppenburg+Coming+in+to+the+Foodshed,,Kloppenburg Coming in to the Foodshed,False,v3v4
1877,Food Geography,mapping,USDA,,National Agricultural Atlas Mapping,2024,USDA,DATASET_DOC,none,2020_present,US,none,none,none,en,regulator,none,none,HIGH,NEEDED,,https://annas-archive.org/search?q=USDA+National+Agricultural+Atlas+Mapping,https://archive.org/search?query=USDA+National+Agricultural+Atlas+Mapping,,USDA National Agricultural Atlas Mapping,False,v3v4
1878,Food Geography,urban,Cohen,Nevin,Urban Food Geography,2020,Annual Review of Resource Econ,ARTICLE,none,2020_present,Global,none,none,none,en,academic,none,none,HIGH,NEEDED,,https://annas-archive.org/search?q=Cohen+Urban+Food+Geography,https://archive.org/search?query=Cohen+Urban+Food+Geography,,Cohen Urban Food Geography,False,v3v4
1879,Food Geography,terroir,Trubek,Amy,The Taste of Place: A Cultural Journey into Terroir,2008,UC Press,BOOK,none,1980_2010,Global,none,none,none,en,academic,none,none,HIGH,NEEDED,,https://annas-archive.org/search?q=Trubek+The+Taste+of+Place%3A+A+Cultural+Journey+into+Terroir,https://archive.org/search?query=Trubek+The+Taste+of+Place%3A+A+Cultural+Journey+into+Terroir,,Trubek The Taste of Place: A Cultural Journey into Terroir,False,v3v4
1880,Food Geography,rural_urban,Atkins,Peter,Food in Society: Economy Culture Geography,2001,Arnold,BOOK,none,spanning,Global,none,none,none,en,academic,none,none,HIGH,NEEDED,,https://annas-archive.org/search?q=Atkins+Food+in+Society%3A+Economy+Culture+Geography,https://archive.org/search?query=Atkins+Food+in+Society%3A+Economy+Culture+Geography,,Atkins Food in Society: Economy Culture Geography,False,v3v4
1881,Food Justice,reese,Reese,Ashanté,Black Food Geographies: Race Self-Reliance and Food Access,2019,UNC Press,BOOK,none,2010_2020,US,none,none,none,en,academic,none,none,FLAGSHIP,NEEDED,,https://annas-archive.org/search?q=Reese+Black+Food+Geographies%3A+Race+Self-Reliance+and+Food+Access,https://archive.org/search?query=Reese+Black+Food+Geographies%3A+Race+Self-Reliance+and+Food+Access,,Reese Black Food Geographies: Race Self-Reliance and Food Access,False,v3v4
1882,Food Justice,white_freedom,White,Monica,Freedom Farmers: Agricultural Resistance and the Black Freedom Movement,2018,UNC Press,BOOK,none,spanning,US,none,none,none,en,academic,none,none,HIGH,NEEDED,,https://annas-archive.org/search?q=White+Freedom+Farmers%3A+Agricultural+Resistance+and+the+Black+Freedom+Movement,https://archive.org/search?query=White+Freedom+Farmers%3A+Agricultural+Resistance+and+the+Black+Freedom+Movement,,White Freedom Farmers: Agricultural Resistance and the Black Freedom Movement,False,v3v4
1883,Food Justice,williams,Williams-Forson,Psyche,Building Houses Out of Chicken Legs: Black Women Food and Power,2006,UNC Press,BOOK,none,spanning,US,none,none,none,en,academic,none,none,HIGH,NEEDED,,https://annas-archive.org/search?q=Williams-Forson+Building+Houses+Out+of+Chicken+Legs%3A+Black+Women+Food+and+Power,https://archive.org/search?query=Williams-Forson+Building+Houses+Out+of+Chicken+Legs%3A+Black+Women+Food+and+Power,,Williams-Forson Building Houses Out of Chicken Legs: Black Women Food and Power,False,v3v4
1884,Food Justice,alkon,Alkon,Alison,Cultivating Food Justice: Race Class and Sustainability,2011,MIT Press,BOOK,none,2010_2020,US,none,none,none,en,academic,none,none,HIGH,NEEDED,,https://annas-archive.org/search?q=Alkon+Cultivating+Food+Justice%3A+Race+Class+and+Sustainability,https://archive.org/search?query=Alkon+Cultivating+Food+Justice%3A+Race+Class+and+Sustainability,,Alkon Cultivating Food Justice: Race Class and Sustainability,False,v3v4
1885,Food Justice,bobby,Smith,Bobby J.,Agricultural Resistance in Black Farming Communities,2023,UNC Press,BOOK,none,2020_present,US,none,none,none,en,academic,none,none,HIGH,NEEDED,,https://annas-archive.org/search?q=Smith+Agricultural+Resistance+in+Black+Farming+Communities,https://archive.org/search?query=Smith+Agricultural+Resistance+in+Black+Farming+Communities,,Smith Agricultural Resistance in Black Farming Communities,False,v3v4
1886,Food Justice,twitty,Twitty,Michael W.,The Cooking Gene,2017,Amistad,BOOK,none,spanning,US,none,none,none,en,academic,none,none,HIGH,NEEDED,,https://annas-archive.org/search?q=Twitty+The+Cooking+Gene,https://archive.org/search?query=Twitty+The+Cooking+Gene,,Twitty The Cooking Gene,False,v3v4
1887,Food Justice,opie,Opie,Frederick Douglass,Hog and Hominy: Soul Food from Africa to America,2008,Columbia UP,BOOK,none,spanning,US,none,none,none,en,academic,none,none,HIGH,NEEDED,,https://annas-archive.org/search?q=Opie+Hog+and+Hominy%3A+Soul+Food+from+Africa+to+America,https://archive.org/search?query=Opie+Hog+and+Hominy%3A+Soul+Food+from+Africa+to+America,,Opie Hog and Hominy: Soul Food from Africa to America,False,v3v4
1888,Food Justice,miller,Miller,Adrian,Soul Food: The Surprising Story of an American Cuisine,2013,UNC Press,BOOK,none,spanning,US,none,none,none,en,academic,none,none,HIGH,NEEDED,,https://annas-archive.org/search?q=Miller+Soul+Food%3A+The+Surprising+Story+of+an+American+Cuisine,https://archive.org/search?query=Miller+Soul+Food%3A+The+Surprising+Story+of+an+American+Cuisine,,Miller Soul Food: The Surprising Story of an American Cuisine,False,v3v4
1889,Food Justice,ras,Chang,Rachel,Asian American Food Studies,2017,Rutgers UP,CHAPTER,none,2010_2020,US,none,none,none,en,academic,fusion,none,MEDIUM,NEEDED,,https://annas-archive.org/search?q=Chang+Asian+American+Food+Studies,https://archive.org/search?query=Chang+Asian+American+Food+Studies,,Chang Asian American Food Studies,False,v3v4
1890,Food Justice,indigenous,Mihesuah,Devon,Indigenous Food Sovereignty Movement,2020,U Oklahoma Press,BOOK,none,2020_present,US,none,none,none,en,academic,none,none,HIGH,NEEDED,,https://annas-archive.org/search?q=Mihesuah+Indigenous+Food+Sovereignty+Movement,https://archive.org/search?query=Mihesuah+Indigenous+Food+Sovereignty+Movement,,Mihesuah Indigenous Food Sovereignty Movement,False,v3v4
1891,Food Justice,race_food,Guthman,Julie,Weighing In: Obesity Food Justice and the Limits of Capitalism,2011,UC Press,BOOK,none,2010_2020,US,none,none,none,en,academic,none,none,HIGH,NEEDED,,https://annas-archive.org/search?q=Guthman+Weighing+In%3A+Obesity+Food+Justice+and+the+Limits+of+Capitalism,https://archive.org/search?query=Guthman+Weighing+In%3A+Obesity+Food+Justice+and+the+Limits+of+Capitalism,,Guthman Weighing In: Obesity Food Justice and the Limits of Capitalism,False,v3v4
1892,Food Justice,farm_race,Holt-Gimenez,Eric,Can We Feed the World Without Destroying It?,2019,Polity,BOOK,none,2010_2020,Global,none,none,none,en,academic,none,none,MEDIUM,NEEDED,,https://annas-archive.org/search?q=Holt-Gimenez+Can+We+Feed+the+World+Without+Destroying+It%3F,https://archive.org/search?query=Holt-Gimenez+Can+We+Feed+the+World+Without+Destroying+It%3F,,Holt-Gimenez Can We Feed the World Without Destroying It?,False,v3v4
1893,Food Gender,shapiro_g,Shapiro,Laura,Perfection Salad: Women and Cooking at the Turn of the Century,1986,FSG,BOOK,none,pre1900,US,none,none,none,en,academic,none,none,FLAGSHIP,NEEDED,,https://annas-archive.org/search?q=Shapiro+Perfection+Salad%3A+Women+and+Cooking+at+the+Turn+of+the+Century,https://archive.org/search?query=Shapiro+Perfection+Salad%3A+Women+and+Cooking+at+the+Turn+of+the+Century,,Shapiro Perfection Salad: Women and Cooking at the Turn of the Century,False,v3v4
1894,Food Gender,carroll,Carroll,Abigail,Three Squares: The Invention of the American Meal,2013,Basic,BOOK,none,spanning,US,none,none,none,en,academic,none,none,HIGH,NEEDED,,https://annas-archive.org/search?q=Carroll+Three+Squares%3A+The+Invention+of+the+American+Meal,https://archive.org/search?query=Carroll+Three+Squares%3A+The+Invention+of+the+American+Meal,,Carroll Three Squares: The Invention of the American Meal,False,v3v4
1895,Food Gender,neuhaus,Neuhaus,Jessamyn,Manly Meals and Mom's Home Cooking: Cookbooks and Gender in Modern America,2003,Johns Hopkins,BOOK,none,spanning,US,none,none,none,en,academic,none,none,HIGH,NEEDED,,https://annas-archive.org/search?q=Neuhaus+Manly+Meals+and+Mom%27s+Home+Cooking%3A+Cookbooks+and+Gender+in+Modern+America,https://archive.org/search?query=Neuhaus+Manly+Meals+and+Mom%27s+Home+Cooking%3A+Cookbooks+and+Gender+in+Modern+America,,Neuhaus Manly Meals and Mom's Home Cooking: Cookbooks and Gender in Modern America,False,v3v4
1896,Food Gender,deutsch_g,Deutsch,Tracey,Building a Housewife's Paradise,2010,UNC Press,BOOK,none,1900_1945,US,none,none,none,en,academic,none,none,HIGH,NEEDED,,https://annas-archive.org/search?q=Deutsch+Building+a+Housewife%27s+Paradise,https://archive.org/search?query=Deutsch+Building+a+Housewife%27s+Paradise,,Deutsch Building a Housewife's Paradise,False,v3v4
1897,Food Gender,avakian,Avakian,Arlene Voski,Through the Kitchen Window: Women Writers Explore the Intimate Meanings of Food and Cooking,1997,Beacon,BOOK,none,1980_2010,US,none,none,none,en,academic,none,none,HIGH,NEEDED,,https://annas-archive.org/search?q=Avakian+Through+the+Kitchen+Window%3A+Women+Writers+Explore+the+Intimate+Meanings+of+Food+and+Cooking,https://archive.org/search?query=Avakian+Through+the+Kitchen+Window%3A+Women+Writers+Explore+the+Intimate+Meanings+of+Food+and+Cooking,,Avakian Through the Kitchen Window: Women Writers Explore the Intimate Meanings of Food and Cooking,False,v3v4
1898,Food Gender,williams_g,Williams-Forson,Psyche,Building Houses Out of Chicken Legs (gender frame),2006,UNC Press,BOOK,none,spanning,US,none,none,none,en,academic,none,none,HIGH,NEEDED,,https://annas-archive.org/search?q=Williams-Forson+Building+Houses+Out+of+Chicken+Legs+%28gender+frame%29,https://archive.org/search?query=Williams-Forson+Building+Houses+Out+of+Chicken+Legs+%28gender+frame%29,,Williams-Forson Building Houses Out of Chicken Legs (gender frame),False,v3v4
1899,Food Gender,inness,Inness,Sherrie,Dinner Roles: American Women and Culinary Culture,2001,U Iowa Press,BOOK,none,spanning,US,none,none,none,en,academic,none,none,MEDIUM,NEEDED,,https://annas-archive.org/search?q=Inness+Dinner+Roles%3A+American+Women+and+Culinary+Culture,https://archive.org/search?query=Inness+Dinner+Roles%3A+American+Women+and+Culinary+Culture,,Inness Dinner Roles: American Women and Culinary Culture,False,v3v4
1900,Food Gender,counihan_g,Counihan,Carole,The Anthropology of Food and Body: Gender Meaning and Power,1999,Routledge,BOOK,none,1980_2010,Global,none,none,none,en,academic,none,none,HIGH,NEEDED,,https://annas-archive.org/search?q=Counihan+The+Anthropology+of+Food+and+Body%3A+Gender+Meaning+and+Power,https://archive.org/search?query=Counihan+The+Anthropology+of+Food+and+Body%3A+Gender+Meaning+and+Power,,Counihan The Anthropology of Food and Body: Gender Meaning and Power,False,v3v4
1901,Food Gender,ch_bombe,Cherry Bombe,,Cherry Bombe: Women and Food Media,2024,Cherry Bombe,REPORT,none,2020_present,US,Manhattan,food_media,none,en,media,none,none,HIGH,NEEDED,,https://annas-archive.org/search?q=Cherry+Bombe+Cherry+Bombe%3A+Women+and+Food+Media,https://archive.org/search?query=Cherry+Bombe+Cherry+Bombe%3A+Women+and+Food+Media,,Cherry Bombe Cherry Bombe: Women and Food Media,False,v3v4
1902,Food Gender,me_too_kitchen,Jayaraman,Saru,Kitchen Workplace Harassment Post-MeToo,2018,One Fair Wage,REPORT,none,2010_2020,US,none,none,none,en,NGO,none,none,MEDIUM,NEEDED,,https://annas-archive.org/search?q=Jayaraman+Kitchen+Workplace+Harassment+Post-MeToo,https://archive.org/search?query=Jayaraman+Kitchen+Workplace+Harassment+Post-MeToo,,Jayaraman Kitchen Workplace Harassment Post-MeToo,False,v3v4
1903,Food Movements,petrini_slow,Petrini,Carlo,Slow Food: The Case for Taste,2001,Columbia UP,BOOK,none,1980_2010,Europe,none,none,none,en,academic,italian,none,FLAGSHIP,NEEDED,,https://annas-archive.org/search?q=Petrini+Slow+Food%3A+The+Case+for+Taste,https://archive.org/search?query=Petrini+Slow+Food%3A+The+Case+for+Taste,,Petrini Slow Food: The Case for Taste,False,v3v4
1904,Food Movements,rodale,Rodale,J.I.,Pay Dirt: Farming and Gardening with Composts,1945,Devin-Adair,BOOK,none,1900_1945,US,none,none,none,en,academic,none,none,HIGH,NEEDED,,https://annas-archive.org/search?q=Rodale+Pay+Dirt%3A+Farming+and+Gardening+with+Composts,https://archive.org/search?query=Rodale+Pay+Dirt%3A+Farming+and+Gardening+with+Composts,,Rodale Pay Dirt: Farming and Gardening with Composts,False,v3v4
1905,Food Movements,balfour,Balfour,Eve,The Living Soil,1943,Faber,BOOK,none,1900_1945,Europe,none,none,none,en,academic,none,none,MEDIUM,NEEDED,,https://annas-archive.org/search?q=Balfour+The+Living+Soil,https://archive.org/search?query=Balfour+The+Living+Soil,,Balfour The Living Soil,False,v3v4
1906,Food Movements,howard,Howard,Sir Albert,An Agricultural Testament,1940,Oxford UP,BOOK,none,1900_1945,Global,none,none,none,en,academic,none,none,HIGH,NEEDED,,https://annas-archive.org/search?q=Howard+An+Agricultural+Testament,https://archive.org/search?query=Howard+An+Agricultural+Testament,,Howard An Agricultural Testament,False,v3v4
1907,Food Movements,mollison,Mollison,Bill,Permaculture: A Designers' Manual,1988,Tagari,BOOK,none,1980_2010,Global,none,none,none,en,academic,none,none,HIGH,NEEDED,,https://annas-archive.org/search?q=Mollison+Permaculture%3A+A+Designers%27+Manual,https://archive.org/search?query=Mollison+Permaculture%3A+A+Designers%27+Manual,,Mollison Permaculture: A Designers' Manual,False,v3v4
1908,Food Movements,jackson,Jackson,Wes,Consulting the Genius of the Place: An Ecological Approach to a New Agriculture,2010,Counterpoint,BOOK,none,2010_2020,US,none,none,none,en,academic,none,none,HIGH,NEEDED,,https://annas-archive.org/search?q=Jackson+Consulting+the+Genius+of+the+Place%3A+An+Ecological+Approach+to+a+New+Agriculture,https://archive.org/search?query=Jackson+Consulting+the+Genius+of+the+Place%3A+An+Ecological+Approach+to+a+New+Agriculture,,Jackson Consulting the Genius of the Place: An Ecological Approach to a New Agriculture,False,v3v4
1909,Food Movements,lasalle,LaSalle,Tim,Regenerative Agriculture Economics,2020,Rodale Institute,REPORT,none,2020_present,US,none,none,none,en,NGO,none,none,HIGH,NEEDED,,https://annas-archive.org/search?q=LaSalle+Regenerative+Agriculture+Economics,https://archive.org/search?query=LaSalle+Regenerative+Agriculture+Economics,,LaSalle Regenerative Agriculture Economics,False,v3v4
1910,Food Movements,fair_tr,Raynolds,Laura,Fair Trade: The Challenges of Transforming Globalization,2007,Routledge,BOOK,none,1980_2010,Global,none,none,none,en,academic,none,none,HIGH,NEEDED,,https://annas-archive.org/search?q=Raynolds+Fair+Trade%3A+The+Challenges+of+Transforming+Globalization,https://archive.org/search?query=Raynolds+Fair+Trade%3A+The+Challenges+of+Transforming+Globalization,,Raynolds Fair Trade: The Challenges of Transforming Globalization,False,v3v4
1911,Food Movements,via,La Via Campesina,,La Via Campesina Food Sovereignty Declaration,1996,La Via Campesina,REPORT,none,1980_2010,Global,none,none,none,en,NGO,none,none,HIGH,NEEDED,,https://annas-archive.org/search?q=La+Via+Campesina+La+Via+Campesina+Food+Sovereignty+Declaration,https://archive.org/search?query=La+Via+Campesina+La+Via+Campesina+Food+Sovereignty+Declaration,,La Via Campesina La Via Campesina Food Sovereignty Declaration,False,v3v4
1912,Food Movements,organic_us,USDA,,USDA National Organic Program,2024,USDA,GOV_DOC,none,2020_present,US,none,none,none,en,regulator,none,none,HIGH,NEEDED,,https://annas-archive.org/search?q=USDA+USDA+National+Organic+Program,https://archive.org/search?query=USDA+USDA+National+Organic+Program,,USDA USDA National Organic Program,False,v3v4
1913,Food Movements,org_economics,Greene,Catherine,Growth Patterns in the US Organic Industry,2013,USDA ERS,REPORT,none,2010_2020,US,none,none,none,en,regulator,none,none,MEDIUM,NEEDED,,https://annas-archive.org/search?q=Greene+Growth+Patterns+in+the+US+Organic+Industry,https://archive.org/search?query=Greene+Growth+Patterns+in+the+US+Organic+Industry,,Greene Growth Patterns in the US Organic Industry,False,v3v4
1914,Food Movements,farm_to,Feenstra,Gail,Local Food Systems and Sustainable Communities,2002,American J Alternative Agriculture,ARTICLE,none,1980_2010,US,none,none,none,en,academic,none,none,MEDIUM,NEEDED,,https://annas-archive.org/search?q=Feenstra+Local+Food+Systems+and+Sustainable+Communities,https://archive.org/search?query=Feenstra+Local+Food+Systems+and+Sustainable+Communities,,Feenstra Local Food Systems and Sustainable Communities,False,v3v4
1915,Food Movements,regen_ag,Savory,Allan,Holistic Management: A New Framework for Decision Making,1999,Island Press,BOOK,none,1980_2010,Global,none,none,none,en,academic,none,none,MEDIUM,NEEDED,,https://annas-archive.org/search?q=Savory+Holistic+Management%3A+A+New+Framework+for+Decision+Making,https://archive.org/search?query=Savory+Holistic+Management%3A+A+New+Framework+for+Decision+Making,,Savory Holistic Management: A New Framework for Decision Making,False,v3v4
1916,Food Movements,biodyn,Steiner,Rudolf,Agriculture Course: The Birth of the Biodynamic Method,1924,Rudolf Steiner Press,BOOK,none,1900_1945,Europe,none,none,none,de,academic,none,none,LOW,NEEDED,,https://annas-archive.org/search?q=Steiner+Agriculture+Course%3A+The+Birth+of+the+Biodynamic+Method,https://archive.org/search?query=Steiner+Agriculture+Course%3A+The+Birth+of+the+Biodynamic+Method,,Steiner Agriculture Course: The Birth of the Biodynamic Method,False,v3v4
1917,Food Movements,500_miles,Smith,Alisa,100-Mile Diet: A Year of Local Eating,2007,Random House,BOOK,none,1980_2010,US,none,none,none,en,academic,none,none,MEDIUM,NEEDED,,https://annas-archive.org/search?q=Smith+100-Mile+Diet%3A+A+Year+of+Local+Eating,https://archive.org/search?query=Smith+100-Mile+Diet%3A+A+Year+of+Local+Eating,,Smith 100-Mile Diet: A Year of Local Eating,False,v3v4
1918,Food Film TV,child_tv,Polan,Dana,Julia Child's The French Chef,2011,Duke UP,BOOK,none,1945_1980,US,none,none,none,en,media,french,none,FLAGSHIP,NEEDED,,https://annas-archive.org/search?q=Polan+Julia+Child%27s+The+French+Chef,https://archive.org/search?query=Polan+Julia+Child%27s+The+French+Chef,,Polan Julia Child's The French Chef,False,v3v4
1919,Food Film TV,bourdain_tv,Bourdain,Anthony,Parts Unknown (CNN 2013-2018),2018,CNN,DATASET_DOC,none,2010_2020,Global,none,none,none,en,media,none,none,HIGH,NEEDED,,https://annas-archive.org/search?q=Bourdain+Parts+Unknown+%28CNN+2013-2018%29,https://archive.org/search?query=Bourdain+Parts+Unknown+%28CNN+2013-2018%29,,Bourdain Parts Unknown (CNN 2013-2018),False,v3v4
1920,Food Film TV,masterchef,Masterchef,,MasterChef Franchise Global Industry,2024,Endemol,REPORT,none,spanning,Global,none,none,none,en,media,none,none,MEDIUM,NEEDED,,https://annas-archive.org/search?q=Masterchef+MasterChef+Franchise+Global+Industry,https://archive.org/search?query=Masterchef+MasterChef+Franchise+Global+Industry,,Masterchef MasterChef Franchise Global Industry,False,v3v4
1921,Food Film TV,food_network,Wall,Kim,Food Network: Lifestyle Television and the Making of an Industry,2018,NYU Press,BOOK,none,1980_2010,US,none,none,none,en,media,none,none,HIGH,NEEDED,,https://annas-archive.org/search?q=Wall+Food+Network%3A+Lifestyle+Television+and+the+Making+of+an+Industry,https://archive.org/search?query=Wall+Food+Network%3A+Lifestyle+Television+and+the+Making+of+an+Industry,,Wall Food Network: Lifestyle Television and the Making of an Industry,False,v3v4
1922,Food Film TV,chef_table,Netflix,,Chef's Table Netflix Documentary Series,2024,Netflix,DATASET_DOC,none,2010_2020,Global,none,none,none,en,media,none,none,MEDIUM,NEEDED,,https://annas-archive.org/search?q=Netflix+Chef%27s+Table+Netflix+Documentary+Series,https://archive.org/search?query=Netflix+Chef%27s+Table+Netflix+Documentary+Series,,Netflix Chef's Table Netflix Documentary Series,False,v3v4
1923,Food Film TV,gordon,Ramsay,Gordon,Ramsay TV Industry Impact,2018,BBC,REPORT,none,2010_2020,Europe,none,none,none,en,media,none,none,MEDIUM,NEEDED,,https://annas-archive.org/search?q=Ramsay+Ramsay+TV+Industry+Impact,https://archive.org/search?query=Ramsay+Ramsay+TV+Industry+Impact,,Ramsay Ramsay TV Industry Impact,False,v3v4
1924,Food Film TV,ugly_delicious,Netflix,,Ugly Delicious (David Chang),2018,Netflix,DATASET_DOC,none,2010_2020,Global,Manhattan,none,none,en,media,fusion,none,MEDIUM,NEEDED,,https://annas-archive.org/search?q=Netflix+Ugly+Delicious+%28David+Chang%29,https://archive.org/search?query=Netflix+Ugly+Delicious+%28David+Chang%29,,Netflix Ugly Delicious (David Chang),False,v3v4
1925,Food Film TV,hells,Fox,,Hell's Kitchen Economics of Reality TV,2020,J Popular Culture,ARTICLE,none,2010_2020,US,none,none,none,en,media,none,none,LOW,NEEDED,,https://annas-archive.org/search?q=Fox+Hell%27s+Kitchen+Economics+of+Reality+TV,https://archive.org/search?query=Fox+Hell%27s+Kitchen+Economics+of+Reality+TV,,Fox Hell's Kitchen Economics of Reality TV,False,v3v4
1926,Food Film TV,doc_series,Netflix,,Netflix Food Documentary Economics,2022,Industry,REPORT,none,2020_present,Global,none,none,none,en,media,none,none,LOW,NEEDED,,https://annas-archive.org/search?q=Netflix+Netflix+Food+Documentary+Economics,https://archive.org/search?query=Netflix+Netflix+Food+Documentary+Economics,,Netflix Netflix Food Documentary Economics,False,v3v4
1927,Food Film TV,youtube,YouTube,,Food YouTube Creator Economy,2023,Industry,REPORT,none,2020_present,Global,none,none,none,en,media,none,none,MEDIUM,NEEDED,,https://annas-archive.org/search?q=YouTube+Food+YouTube+Creator+Economy,https://archive.org/search?query=YouTube+Food+YouTube+Creator+Economy,,YouTube Food YouTube Creator Economy,False,v3v4
1928,Food Podcasts,gastropod,Gastropod,,Gastropod Podcast Archive,2024,Gastropod,DATASET_DOC,none,spanning,US_Global,none,none,none,en,media,none,none,FLAGSHIP,NEEDED,,https://annas-archive.org/search?q=Gastropod+Gastropod+Podcast+Archive,https://archive.org/search?query=Gastropod+Gastropod+Podcast+Archive,,Gastropod Gastropod Podcast Archive,False,v3v4
1929,Food Podcasts,sporkful,Sporkful,,The Sporkful Podcast Archive,2024,Stitcher,DATASET_DOC,none,spanning,US,none,none,none,en,media,none,none,HIGH,NEEDED,,https://annas-archive.org/search?q=Sporkful+The+Sporkful+Podcast+Archive,https://archive.org/search?query=Sporkful+The+Sporkful+Podcast+Archive,,Sporkful The Sporkful Podcast Archive,False,v3v4
1930,Food Podcasts,salt_spine,Salt + Spine,,Salt + Spine Cookbook Podcast,2024,Salt + Spine,DATASET_DOC,none,2020_present,US,none,none,none,en,media,none,none,MEDIUM,NEEDED,,https://annas-archive.org/search?q=Salt+%2B+Spine+Salt+%2B+Spine+Cookbook+Podcast,https://archive.org/search?query=Salt+%2B+Spine+Salt+%2B+Spine+Cookbook+Podcast,,Salt + Spine Salt + Spine Cookbook Podcast,False,v3v4
1931,Food Podcasts,meatballs,Meat+Three,,Meat + Three Radio/Podcast,2024,Heritage Radio,DATASET_DOC,none,2020_present,US,none,none,none,en,media,none,none,LOW,NEEDED,,https://annas-archive.org/search?q=Meat%2BThree+Meat+%2B+Three+Radio%2FPodcast,https://archive.org/search?query=Meat%2BThree+Meat+%2B+Three+Radio%2FPodcast,,Meat+Three Meat + Three Radio/Podcast,False,v3v4
1932,Food Podcasts,podcast_econ,Edison,,Podcast Industry Economics: Food Subcategory,2023,Edison Research,REPORT,none,2020_present,US,none,none,none,en,media,none,none,LOW,NEEDED,,https://annas-archive.org/search?q=Edison+Podcast+Industry+Economics%3A+Food+Subcategory,https://archive.org/search?query=Edison+Podcast+Industry+Economics%3A+Food+Subcategory,,Edison Podcast Industry Economics: Food Subcategory,False,v3v4
1933,Food Podcasts,savor,Savor,,Savor Podcast (iHeart) Food History,2024,iHeart,DATASET_DOC,none,2020_present,US,none,none,none,en,media,none,none,MEDIUM,NEEDED,,https://annas-archive.org/search?q=Savor+Savor+Podcast+%28iHeart%29+Food+History,https://archive.org/search?query=Savor+Savor+Podcast+%28iHeart%29+Food+History,,Savor Savor Podcast (iHeart) Food History,False,v3v4
1934,Food Podcasts,home_cook,Home Cooking,,Home Cooking Podcast (Samin Nosrat),2021,Spotify,DATASET_DOC,none,2020_present,US,none,none,none,en,media,none,none,LOW,NEEDED,,https://annas-archive.org/search?q=Home+Cooking+Home+Cooking+Podcast+%28Samin+Nosrat%29,https://archive.org/search?query=Home+Cooking+Home+Cooking+Podcast+%28Samin+Nosrat%29,,Home Cooking Home Cooking Podcast (Samin Nosrat),False,v3v4
1935,Food Podcasts,table_for,Table for Two,,Table for Two Bruce Bozzi,2024,Industry,DATASET_DOC,none,2020_present,US,none,none,none,en,media,none,none,LOW,NEEDED,,https://annas-archive.org/search?q=Table+for+Two+Table+for+Two+Bruce+Bozzi,https://archive.org/search?query=Table+for+Two+Table+for+Two+Bruce+Bozzi,,Table for Two Table for Two Bruce Bozzi,False,v3v4
1936,Institutional Food,school_lunch,Poppendieck,Janet,Free for All: Fixing School Food in America,2010,UC Press,BOOK,none,2010_2020,US,none,none,none,en,academic,none,none,FLAGSHIP,NEEDED,,https://annas-archive.org/search?q=Poppendieck+Free+for+All%3A+Fixing+School+Food+in+America,https://archive.org/search?query=Poppendieck+Free+for+All%3A+Fixing+School+Food+in+America,,Poppendieck Free for All: Fixing School Food in America,False,v3v4
1937,Institutional Food,mre,Koehler,Franz,Special Rations for the Armed Forces: MRE History,1958,US Army,REPORT,none,1900_1945,US,none,none,none,en,regulator,none,none,HIGH,NEEDED,,https://annas-archive.org/search?q=Koehler+Special+Rations+for+the+Armed+Forces%3A+MRE+History,https://archive.org/search?query=Koehler+Special+Rations+for+the+Armed+Forces%3A+MRE+History,,Koehler Special Rations for the Armed Forces: MRE History,False,v3v4
1938,Institutional Food,prison,Cohen,Jonathan,Prison Food: A History,2018,J American History,ARTICLE,none,spanning,US,none,none,none,en,academic,none,none,MEDIUM,NEEDED,,https://annas-archive.org/search?q=Cohen+Prison+Food%3A+A+History,https://archive.org/search?query=Cohen+Prison+Food%3A+A+History,,Cohen Prison Food: A History,False,v3v4
1939,Institutional Food,hospital,Buchanan,Sharon,Clinical Nutrition Economics,2016,J Academy of Nutrition,ARTICLE,none,2010_2020,US,none,none,none,en,academic,none,none,MEDIUM,NEEDED,,https://annas-archive.org/search?q=Buchanan+Clinical+Nutrition+Economics,https://archive.org/search?query=Buchanan+Clinical+Nutrition+Economics,,Buchanan Clinical Nutrition Economics,False,v3v4
1940,Institutional Food,airline,Foss,Richard,The Coolest Business Class Food in the Sky,2020,Aviation Week,ARTICLE,none,2020_present,Global,none,none,none,en,media,none,none,LOW,NEEDED,,https://annas-archive.org/search?q=Foss+The+Coolest+Business+Class+Food+in+the+Sky,https://archive.org/search?query=Foss+The+Coolest+Business+Class+Food+in+the+Sky,,Foss The Coolest Business Class Food in the Sky,False,v3v4
1941,Institutional Food,cruise,Cruise Industry,,Cruise Ship Food Provisioning Economics,2023,CLIA,REPORT,none,2020_present,Global,none,none,none,en,NGO,none,none,LOW,NEEDED,,https://annas-archive.org/search?q=Cruise+Industry+Cruise+Ship+Food+Provisioning+Economics,https://archive.org/search?query=Cruise+Industry+Cruise+Ship+Food+Provisioning+Economics,,Cruise Industry Cruise Ship Food Provisioning Economics,False,v3v4
1942,Institutional Food,space,NASA,,Space Food System Development Archive,2024,NASA,REPORT,none,spanning,US,none,none,none,en,regulator,none,none,LOW,NEEDED,,https://annas-archive.org/search?q=NASA+Space+Food+System+Development+Archive,https://archive.org/search?query=NASA+Space+Food+System+Development+Archive,,NASA Space Food System Development Archive,False,v3v4
1943,Institutional Food,military,DoD,,Defense Commissary Agency (DeCA) Operations,2024,US DoD,REPORT,none,2020_present,US,none,none,none,en,regulator,none,none,MEDIUM,NEEDED,,https://annas-archive.org/search?q=DoD+Defense+Commissary+Agency+%28DeCA%29+Operations,https://archive.org/search?query=DoD+Defense+Commissary+Agency+%28DeCA%29+Operations,,DoD Defense Commissary Agency (DeCA) Operations,False,v3v4
1944,Institutional Food,nursing,CMS,,Nursing Home Food Service Regulation,2023,CMS,REPORT,none,2020_present,US,none,none,none,en,regulator,none,none,MEDIUM,NEEDED,,https://annas-archive.org/search?q=CMS+Nursing+Home+Food+Service+Regulation,https://archive.org/search?query=CMS+Nursing+Home+Food+Service+Regulation,,CMS Nursing Home Food Service Regulation,False,v3v4
1945,Institutional Food,sc_lunch,USDA FNS,,National School Lunch Program Data,2024,USDA FNS,DATASET_DOC,none,2020_present,US,none,none,none,en,regulator,none,none,HIGH,NEEDED,,https://annas-archive.org/search?q=USDA+FNS+National+School+Lunch+Program+Data,https://archive.org/search?query=USDA+FNS+National+School+Lunch+Program+Data,,USDA FNS National School Lunch Program Data,False,v3v4
1946,Institutional Food,school_hist,Levine,Susan,School Lunch Politics: The Surprising History of America's Favorite Welfare Program,2008,Princeton UP,BOOK,none,spanning,US,none,none,none,en,academic,none,none,HIGH,NEEDED,,https://annas-archive.org/search?q=Levine+School+Lunch+Politics%3A+The+Surprising+History+of+America%27s+Favorite+Welfare+Program,https://archive.org/search?query=Levine+School+Lunch+Politics%3A+The+Surprising+History+of+America%27s+Favorite+Welfare+Program,,Levine School Lunch Politics: The Surprising History of America's Favorite Welfare Program,False,v3v4
1947,Institutional Food,mre_modern,US Army,,MRE Modern Format and Cost Analysis,2022,US Army,REPORT,none,2020_present,US,none,none,none,en,regulator,none,none,MEDIUM,NEEDED,,https://annas-archive.org/search?q=US+Army+MRE+Modern+Format+and+Cost+Analysis,https://archive.org/search?query=US+Army+MRE+Modern+Format+and+Cost+Analysis,,US Army MRE Modern Format and Cost Analysis,False,v3v4
1948,Disaster Food,wfp,WFP,,World Food Programme Operations Annual,2024,WFP,REPORT,none,2020_present,Global,none,none,none,en,NGO,none,none,FLAGSHIP,NEEDED,,https://annas-archive.org/search?q=WFP+World+Food+Programme+Operations+Annual,https://archive.org/search?query=WFP+World+Food+Programme+Operations+Annual,,WFP World Food Programme Operations Annual,False,v3v4
1949,Disaster Food,icrc,ICRC,,ICRC Food Assistance Operations,2024,ICRC,REPORT,none,2020_present,Global,none,none,none,en,NGO,none,none,HIGH,NEEDED,,https://annas-archive.org/search?q=ICRC+ICRC+Food+Assistance+Operations,https://archive.org/search?query=ICRC+ICRC+Food+Assistance+Operations,,ICRC ICRC Food Assistance Operations,False,v3v4
1950,Disaster Food,ww2_ration,Ziegelman,Jane,A Square Meal: A Culinary History of the Great Depression,2016,Harper,BOOK,none,1900_1945,US,none,none,none,en,academic,none,none,HIGH,NEEDED,,https://annas-archive.org/search?q=Ziegelman+A+Square+Meal%3A+A+Culinary+History+of+the+Great+Depression,https://archive.org/search?query=Ziegelman+A+Square+Meal%3A+A+Culinary+History+of+the+Great+Depression,,Ziegelman A Square Meal: A Culinary History of the Great Depression,False,v3v4
1951,Disaster Food,biafra,Smith,Karen,Biafran Famine and International Response,1970,Humanitarian History,ARTICLE,none,1945_1980,Africa,none,none,none,en,academic,none,none,MEDIUM,NEEDED,,https://annas-archive.org/search?q=Smith+Biafran+Famine+and+International+Response,https://archive.org/search?query=Smith+Biafran+Famine+and+International+Response,,Smith Biafran Famine and International Response,False,v3v4
1952,Disaster Food,syria,FAO,,Syria Food Security Crisis 2011-2024,2024,FAO,REPORT,none,2010_2020,Europe,none,none,none,en,regulator,none,none,HIGH,NEEDED,,https://annas-archive.org/search?q=FAO+Syria+Food+Security+Crisis+2011-2024,https://archive.org/search?query=FAO+Syria+Food+Security+Crisis+2011-2024,,FAO Syria Food Security Crisis 2011-2024,False,v3v4
1953,Disaster Food,sudan,FAO,,Sudan Hunger Crisis 2024,2024,FAO,REPORT,none,2020_present,Africa,none,none,none,en,regulator,none,none,HIGH,NEEDED,,https://annas-archive.org/search?q=FAO+Sudan+Hunger+Crisis+2024,https://archive.org/search?query=FAO+Sudan+Hunger+Crisis+2024,,FAO Sudan Hunger Crisis 2024,False,v3v4
1954,Disaster Food,ukraine_ref,WFP,,Ukraine Refugee Food Assistance,2024,WFP,REPORT,none,2020_present,Europe,none,none,none,en,NGO,none,none,MEDIUM,NEEDED,,https://annas-archive.org/search?q=WFP+Ukraine+Refugee+Food+Assistance,https://archive.org/search?query=WFP+Ukraine+Refugee+Food+Assistance,,WFP Ukraine Refugee Food Assistance,False,v3v4
1955,Disaster Food,disaster,Collins,Andrew,Disaster Food Relief Logistics,2018,Disaster Prevention,ARTICLE,none,2010_2020,Global,none,none,none,en,academic,none,none,MEDIUM,NEEDED,,https://annas-archive.org/search?q=Collins+Disaster+Food+Relief+Logistics,https://archive.org/search?query=Collins+Disaster+Food+Relief+Logistics,,Collins Disaster Food Relief Logistics,False,v3v4
1956,Disaster Food,gaza,OCHA,,Gaza Food Crisis 2023-2024,2024,UN OCHA,REPORT,none,2020_present,Europe,none,none,none,en,regulator,none,none,HIGH,NEEDED,,https://annas-archive.org/search?q=OCHA+Gaza+Food+Crisis+2023-2024,https://archive.org/search?query=OCHA+Gaza+Food+Crisis+2023-2024,,OCHA Gaza Food Crisis 2023-2024,False,v3v4
1957,Disaster Food,refugee_nutrition,UNHCR,,Refugee Nutrition Program Standards,2023,UNHCR,REPORT,none,2020_present,Global,none,none,none,en,regulator,none,none,HIGH,NEEDED,,https://annas-archive.org/search?q=UNHCR+Refugee+Nutrition+Program+Standards,https://archive.org/search?query=UNHCR+Refugee+Nutrition+Program+Standards,,UNHCR Refugee Nutrition Program Standards,False,v3v4
1958,Food Finance,rabobank_fin,Rabobank,,Rabobank Food & Agribusiness Advisory,2024,Rabobank,REPORT,none,2020_present,Global,none,none,finance,en,investor,none,none,FLAGSHIP,NEEDED,,https://annas-archive.org/search?q=Rabobank+Rabobank+Food+%26+Agribusiness+Advisory,https://archive.org/search?query=Rabobank+Rabobank+Food+%26+Agribusiness+Advisory,,Rabobank Rabobank Food & Agribusiness Advisory,False,v3v4
1959,Food Finance,farmcredit,Farm Credit System,,Farm Credit System Annual Information,2024,FCS,REPORT,none,spanning,US,none,none,finance,en,regulator,none,none,HIGH,NEEDED,,https://annas-archive.org/search?q=Farm+Credit+System+Farm+Credit+System+Annual+Information,https://archive.org/search?query=Farm+Credit+System+Farm+Credit+System+Annual+Information,,Farm Credit System Farm Credit System Annual Information,False,v3v4
1960,Food Finance,cobank,CoBank,,CoBank Agricultural Lending Reports,2024,CoBank,REPORT,none,2020_present,US,none,none,finance,en,investor,none,none,HIGH,NEEDED,,https://annas-archive.org/search?q=CoBank+CoBank+Agricultural+Lending+Reports,https://archive.org/search?query=CoBank+CoBank+Agricultural+Lending+Reports,,CoBank CoBank Agricultural Lending Reports,False,v3v4
1961,Food Finance,reit,Gladstone,,"Agricultural Land REITs (Gladstone Land, Farmland Partners)",2024,GOV,GOV_DOC,none,2020_present,US,none,none,finance,en,investor,none,none,MEDIUM,NEEDED,,https://annas-archive.org/search?q=Gladstone+Agricultural+Land+REITs+%28Gladstone+Land%2C+Farmland+Partners%29,https://archive.org/search?query=Gladstone+Agricultural+Land+REITs+%28Gladstone+Land%2C+Farmland+Partners%29,,"Gladstone Agricultural Land REITs (Gladstone Land, Farmland Partners)",False,v3v4
1962,Food Finance,insurance_crop,USDA RMA,,Federal Crop Insurance Corporation,2024,USDA RMA,DATASET_DOC,none,spanning,US,none,none,insurance,en,regulator,none,none,HIGH,NEEDED,,https://annas-archive.org/search?q=USDA+RMA+Federal+Crop+Insurance+Corporation,https://archive.org/search?query=USDA+RMA+Federal+Crop+Insurance+Corporation,,USDA RMA Federal Crop Insurance Corporation,False,v3v4
1963,Food Finance,weather_deriv,Geiger,Charles,Weather Derivatives and Agriculture,2011,J Futures Markets,ARTICLE,none,2010_2020,US,none,none,finance,en,academic,none,none,MEDIUM,NEEDED,,https://annas-archive.org/search?q=Geiger+Weather+Derivatives+and+Agriculture,https://archive.org/search?query=Geiger+Weather+Derivatives+and+Agriculture,,Geiger Weather Derivatives and Agriculture,False,v3v4
1964,Food Finance,food_vc,Rockefeller Foundation,,Food Tech Venture Capital Investment 2020-2024,2024,Rockefeller,REPORT,none,2020_present,US_Global,none,none,finance,en,investor,none,none,HIGH,NEEDED,,https://annas-archive.org/search?q=Rockefeller+Foundation+Food+Tech+Venture+Capital+Investment+2020-2024,https://archive.org/search?query=Rockefeller+Foundation+Food+Tech+Venture+Capital+Investment+2020-2024,,Rockefeller Foundation Food Tech Venture Capital Investment 2020-2024,False,v3v4
1965,Food Finance,farmland_inv,Fairbairn,Madeleine,Fields of Gold: Financing the Global Land Rush,2020,Cornell UP,BOOK,none,2020_present,Global,none,none,finance,en,academic,none,none,HIGH,NEEDED,,https://annas-archive.org/search?q=Fairbairn+Fields+of+Gold%3A+Financing+the+Global+Land+Rush,https://archive.org/search?query=Fairbairn+Fields+of+Gold%3A+Financing+the+Global+Land+Rush,,Fairbairn Fields of Gold: Financing the Global Land Rush,False,v3v4
1966,Food Finance,ag_banking,BOK,,Regional Ag Banking Reports (BOK Financial),2024,BOK,REPORT,none,2020_present,US,none,none,finance,en,investor,none,none,MEDIUM,NEEDED,,https://annas-archive.org/search?q=BOK+Regional+Ag+Banking+Reports+%28BOK+Financial%29,https://archive.org/search?query=BOK+Regional+Ag+Banking+Reports+%28BOK+Financial%29,,BOK Regional Ag Banking Reports (BOK Financial),False,v3v4
1967,Food Finance,csa_fin,Morgan Stanley,,Restaurant Equity Research Coverage,2024,Morgan Stanley,REPORT,none,2020_present,US,none,none,none,en,investor,none,none,MEDIUM,NEEDED,,https://annas-archive.org/search?q=Morgan+Stanley+Restaurant+Equity+Research+Coverage,https://archive.org/search?query=Morgan+Stanley+Restaurant+Equity+Research+Coverage,,Morgan Stanley Restaurant Equity Research Coverage,False,v3v4
1968,Food Packaging,amcor,Amcor,,Amcor Annual Report 2023,2023,Amcor,GOV_DOC,none,2020_present,Global,none,none,commercial_equip,en,processor,none,none,FLAGSHIP,NEEDED,,https://annas-archive.org/search?q=Amcor+Amcor+Annual+Report+2023,https://archive.org/search?query=Amcor+Amcor+Annual+Report+2023,,Amcor Amcor Annual Report 2023,False,v3v4
1969,Food Packaging,tetrapak,Tetra Pak,,Tetra Pak Aseptic Packaging Corporate,2024,Tetra Pak,GOV_DOC,none,spanning,Global,none,none,commercial_equip,other,processor,none,none,HIGH,NEEDED,,https://annas-archive.org/search?q=Tetra+Pak+Tetra+Pak+Aseptic+Packaging+Corporate,https://archive.org/search?query=Tetra+Pak+Tetra+Pak+Aseptic+Packaging+Corporate,,Tetra Pak Tetra Pak Aseptic Packaging Corporate,False,v3v4
1970,Food Packaging,sealed,Sealed Air,,Sealed Air 10-K 2023,2023,Sealed Air,GOV_DOC,none,2020_present,US,none,none,commercial_equip,en,investor,none,none,HIGH,NEEDED,,https://annas-archive.org/search?q=Sealed+Air+Sealed+Air+10-K+2023,https://archive.org/search?query=Sealed+Air+Sealed+Air+10-K+2023,,Sealed Air Sealed Air 10-K 2023,False,v3v4
1971,Food Packaging,hawkins,Hawkins,Gay,Plastic Water: Social Life of Bottled Water,2015,MIT Press,BOOK,none,2010_2020,Global,none,none,waste,en,academic,none,bottled_water,HIGH,NEEDED,,https://annas-archive.org/search?q=Hawkins+Plastic+Water%3A+Social+Life+of+Bottled+Water,https://archive.org/search?query=Hawkins+Plastic+Water%3A+Social+Life+of+Bottled+Water,,Hawkins Plastic Water: Social Life of Bottled Water,False,v3v4
1972,Food Packaging,epr,EPR,,Extended Producer Responsibility for Food Packaging,2023,OECD,REPORT,none,2020_present,Global,none,none,waste,en,regulator,none,none,MEDIUM,NEEDED,,https://annas-archive.org/search?q=EPR+Extended+Producer+Responsibility+for+Food+Packaging,https://archive.org/search?query=EPR+Extended+Producer+Responsibility+for+Food+Packaging,,EPR Extended Producer Responsibility for Food Packaging,False,v3v4
1973,Food Packaging,compostable,Eco,,Compostable Packaging Industry Economics,2023,BPI,REPORT,none,2020_present,US,none,none,waste,en,NGO,none,none,MEDIUM,NEEDED,,https://annas-archive.org/search?q=Eco+Compostable+Packaging+Industry+Economics,https://archive.org/search?query=Eco+Compostable+Packaging+Industry+Economics,,Eco Compostable Packaging Industry Economics,False,v3v4
1974,Food Packaging,glass,Owens-Illinois,,Glass Food Container Industry,2023,O-I,GOV_DOC,none,2020_present,US,none,none,commercial_equip,en,processor,none,none,LOW,NEEDED,,https://annas-archive.org/search?q=Owens-Illinois+Glass+Food+Container+Industry,https://archive.org/search?query=Owens-Illinois+Glass+Food+Container+Industry,,Owens-Illinois Glass Food Container Industry,False,v3v4
1975,Food Packaging,label,Food Labeling,,Food Labeling Regulation 2023,2023,FDA,GOV_DOC,none,2020_present,US,none,none,none,en,regulator,none,none,MEDIUM,NEEDED,,https://annas-archive.org/search?q=Food+Labeling+Food+Labeling+Regulation+2023,https://archive.org/search?query=Food+Labeling+Food+Labeling+Regulation+2023,,Food Labeling Food Labeling Regulation 2023,False,v3v4
1976,Food Waste Global,stuart,Stuart,Tristram,Waste: Uncovering the Global Food Scandal,2009,Norton,BOOK,none,1980_2010,Global,none,none,waste,en,academic,none,none,FLAGSHIP,NEEDED,,https://annas-archive.org/search?q=Stuart+Waste%3A+Uncovering+the+Global+Food+Scandal,https://archive.org/search?query=Stuart+Waste%3A+Uncovering+the+Global+Food+Scandal,,Stuart Waste: Uncovering the Global Food Scandal,False,v3v4
1977,Food Waste Global,fao_loss,FAO,,Global Food Loss and Waste,2011,FAO,REPORT,none,2010_2020,Global,none,none,waste,en,regulator,none,none,HIGH,NEEDED,,https://annas-archive.org/search?q=FAO+Global+Food+Loss+and+Waste,https://archive.org/search?query=FAO+Global+Food+Loss+and+Waste,,FAO Global Food Loss and Waste,False,v3v4
1978,Food Waste Global,bloom,Bloom,Jonathan,American Wasteland: How America Throws Away Nearly Half Its Food,2010,Da Capo,BOOK,none,1980_2010,US,none,none,waste,en,academic,none,none,HIGH,NEEDED,,https://annas-archive.org/search?q=Bloom+American+Wasteland%3A+How+America+Throws+Away+Nearly+Half+Its+Food,https://archive.org/search?query=Bloom+American+Wasteland%3A+How+America+Throws+Away+Nearly+Half+Its+Food,,Bloom American Wasteland: How America Throws Away Nearly Half Its Food,False,v3v4
1979,Food Waste Global,refed,ReFED,,ReFED US Food Waste Report,2024,ReFED,REPORT,none,2020_present,US,none,none,waste,en,NGO,none,none,HIGH,NEEDED,,https://annas-archive.org/search?q=ReFED+ReFED+US+Food+Waste+Report,https://archive.org/search?query=ReFED+ReFED+US+Food+Waste+Report,,ReFED ReFED US Food Waste Report,False,v3v4
1980,Food Waste Global,wrap,WRAP,,WRAP UK Food Waste Courtauld Commitment,2024,WRAP,REPORT,none,2020_present,Europe,none,none,waste,en,NGO,none,none,HIGH,NEEDED,,https://annas-archive.org/search?q=WRAP+WRAP+UK+Food+Waste+Courtauld+Commitment,https://archive.org/search?query=WRAP+WRAP+UK+Food+Waste+Courtauld+Commitment,,WRAP WRAP UK Food Waste Courtauld Commitment,False,v3v4
1981,Food Waste Global,france_law,France,,French Food Waste Law (2016),2016,France,GOV_DOC,none,2010_2020,Europe,none,none,waste,fr,regulator,none,none,MEDIUM,NEEDED,,https://annas-archive.org/search?q=France+French+Food+Waste+Law+%282016%29,https://archive.org/search?query=France+French+Food+Waste+Law+%282016%29,,France French Food Waste Law (2016),False,v3v4
1982,Food Waste Global,date_label,NRDC,,Date Label Reform Food Waste,2019,NRDC,REPORT,none,2010_2020,US,none,none,waste,en,NGO,none,none,MEDIUM,NEEDED,,https://annas-archive.org/search?q=NRDC+Date+Label+Reform+Food+Waste,https://archive.org/search?query=NRDC+Date+Label+Reform+Food+Waste,,NRDC Date Label Reform Food Waste,False,v3v4
1983,Food Waste Global,recovery,Feeding America,,Feeding America Food Bank Network,2024,Feeding America,REPORT,none,2020_present,US,none,none,waste,en,NGO,none,none,HIGH,NEEDED,,https://annas-archive.org/search?q=Feeding+America+Feeding+America+Food+Bank+Network,https://archive.org/search?query=Feeding+America+Feeding+America+Food+Bank+Network,,Feeding America Feeding America Food Bank Network,False,v3v4
1984,Food Waste Global,grocery_waste,Kroger,,Kroger Zero Hunger Zero Waste Initiative,2024,Kroger,REPORT,none,2020_present,US,none,supermarket,waste,en,processor,none,none,MEDIUM,NEEDED,,https://annas-archive.org/search?q=Kroger+Kroger+Zero+Hunger+Zero+Waste+Initiative,https://archive.org/search?query=Kroger+Kroger+Zero+Hunger+Zero+Waste+Initiative,,Kroger Kroger Zero Hunger Zero Waste Initiative,False,v3v4
1985,Food Waste Global,epa_food,EPA,,US EPA Food Recovery Hierarchy,2024,EPA,REPORT,none,2020_present,US,none,none,waste,en,regulator,none,none,MEDIUM,NEEDED,,https://annas-archive.org/search?q=EPA+US+EPA+Food+Recovery+Hierarchy,https://archive.org/search?query=EPA+US+EPA+Food+Recovery+Hierarchy,,EPA US EPA Food Recovery Hierarchy,False,v3v4
