commodity,country,market_year,attribute,unit,value,is_aggregate,n_countries,vintage_month,source,source_url
"Oil, Palm",United States,1965,Area Harvested,(1000 HA),0.0,0,1,06,"USDA FAS PS&D (Production, Supply & Distribution)",https://apps.fas.usda.gov/psdonline/downloads/
"Oil, Palm",United States,1966,Area Harvested,(1000 HA),0.0,0,1,06,"USDA FAS PS&D (Production, Supply & Distribution)",https://apps.fas.usda.gov/psdonline/downloads/
"Oil, Palm",United States,1967,Area Harvested,(1000 HA),0.0,0,1,06,"USDA FAS PS&D (Production, Supply & Distribution)",https://apps.fas.usda.gov/psdonline/downloads/
"Oil, Palm",United States,1968,Area Harvested,(1000 HA),0.0,0,1,06,"USDA FAS PS&D (Production, Supply & Distribution)",https://apps.fas.usda.gov/psdonline/downloads/
"Oil, Palm",United States,1969,Area Harvested,(1000 HA),0.0,0,1,06,"USDA FAS PS&D (Production, Supply & Distribution)",https://apps.fas.usda.gov/psdonline/downloads/
"Oil, Palm",United States,1970,Area Harvested,(1000 HA),0.0,0,1,06,"USDA FAS PS&D (Production, Supply & Distribution)",https://apps.fas.usda.gov/psdonline/downloads/
"Oil, Palm",United States,1971,Area Harvested,(1000 HA),0.0,0,1,06,"USDA FAS PS&D (Production, Supply & Distribution)",https://apps.fas.usda.gov/psdonline/downloads/
"Oil, Palm",United States,1972,Area Harvested,(1000 HA),0.0,0,1,06,"USDA FAS PS&D (Production, Supply & Distribution)",https://apps.fas.usda.gov/psdonline/downloads/
"Oil, Palm",United States,1973,Area Harvested,(1000 HA),0.0,0,1,06,"USDA FAS PS&D (Production, Supply & Distribution)",https://apps.fas.usda.gov/psdonline/downloads/
"Oil, Palm",United States,1974,Area Harvested,(1000 HA),0.0,0,1,06,"USDA FAS PS&D (Production, Supply & Distribution)",https://apps.fas.usda.gov/psdonline/downloads/
"Oil, Palm",United States,1975,Area Harvested,(1000 HA),0.0,0,1,06,"USDA FAS PS&D (Production, Supply & Distribution)",https://apps.fas.usda.gov/psdonline/downloads/
"Oil, Palm",United States,1976,Area Harvested,(1000 HA),0.0,0,1,06,"USDA FAS PS&D (Production, Supply & Distribution)",https://apps.fas.usda.gov/psdonline/downloads/
"Oil, Palm",United States,1977,Area Harvested,(1000 HA),0.0,0,1,06,"USDA FAS PS&D (Production, Supply & Distribution)",https://apps.fas.usda.gov/psdonline/downloads/
"Oil, Palm",United States,1978,Area Harvested,(1000 HA),0.0,0,1,06,"USDA FAS PS&D (Production, Supply & Distribution)",https://apps.fas.usda.gov/psdonline/downloads/
"Oil, Palm",United States,1979,Area Harvested,(1000 HA),0.0,0,1,06,"USDA FAS PS&D (Production, Supply & Distribution)",https://apps.fas.usda.gov/psdonline/downloads/
"Oil, Palm",United States,1980,Area Harvested,(1000 HA),0.0,0,1,06,"USDA FAS PS&D (Production, Supply & Distribution)",https://apps.fas.usda.gov/psdonline/downloads/
"Oil, Palm",United States,1981,Area Harvested,(1000 HA),0.0,0,1,06,"USDA FAS PS&D (Production, Supply & Distribution)",https://apps.fas.usda.gov/psdonline/downloads/
"Oil, Palm",United States,1982,Area Harvested,(1000 HA),0.0,0,1,06,"USDA FAS PS&D (Production, Supply & Distribution)",https://apps.fas.usda.gov/psdonline/downloads/
"Oil, Palm",United States,1983,Area Harvested,(1000 HA),0.0,0,1,06,"USDA FAS PS&D (Production, Supply & Distribution)",https://apps.fas.usda.gov/psdonline/downloads/
"Oil, Palm",United States,1984,Area Harvested,(1000 HA),0.0,0,1,06,"USDA FAS PS&D (Production, Supply & Distribution)",https://apps.fas.usda.gov/psdonline/downloads/
"Oil, Palm",United States,1985,Area Harvested,(1000 HA),0.0,0,1,06,"USDA FAS PS&D (Production, Supply & Distribution)",https://apps.fas.usda.gov/psdonline/downloads/
"Oil, Palm",United States,1986,Area Harvested,(1000 HA),0.0,0,1,06,"USDA FAS PS&D (Production, Supply & Distribution)",https://apps.fas.usda.gov/psdonline/downloads/
"Oil, Palm",United States,1987,Area Harvested,(1000 HA),0.0,0,1,06,"USDA FAS PS&D (Production, Supply & Distribution)",https://apps.fas.usda.gov/psdonline/downloads/
"Oil, Palm",United States,1988,Area Harvested,(1000 HA),0.0,0,1,06,"USDA FAS PS&D (Production, Supply & Distribution)",https://apps.fas.usda.gov/psdonline/downloads/
"Oil, Palm",United States,1989,Area Harvested,(1000 HA),0.0,0,1,06,"USDA FAS PS&D (Production, Supply & Distribution)",https://apps.fas.usda.gov/psdonline/downloads/
"Oil, Palm",United States,1990,Area Harvested,(1000 HA),0.0,0,1,06,"USDA FAS PS&D (Production, Supply & Distribution)",https://apps.fas.usda.gov/psdonline/downloads/
"Oil, Palm",United States,1991,Area Harvested,(1000 HA),0.0,0,1,06,"USDA FAS PS&D (Production, Supply & Distribution)",https://apps.fas.usda.gov/psdonline/downloads/
"Oil, Palm",United States,1992,Area Harvested,(1000 HA),0.0,0,1,06,"USDA FAS PS&D (Production, Supply & Distribution)",https://apps.fas.usda.gov/psdonline/downloads/
"Oil, Palm",United States,1993,Area Harvested,(1000 HA),0.0,0,1,06,"USDA FAS PS&D (Production, Supply & Distribution)",https://apps.fas.usda.gov/psdonline/downloads/
"Oil, Palm",United States,1994,Area Harvested,(1000 HA),0.0,0,1,06,"USDA FAS PS&D (Production, Supply & Distribution)",https://apps.fas.usda.gov/psdonline/downloads/
"Oil, Palm",United States,1995,Area Harvested,(1000 HA),0.0,0,1,06,"USDA FAS PS&D (Production, Supply & Distribution)",https://apps.fas.usda.gov/psdonline/downloads/
"Oil, Palm",United States,1996,Area Harvested,(1000 HA),0.0,0,1,06,"USDA FAS PS&D (Production, Supply & Distribution)",https://apps.fas.usda.gov/psdonline/downloads/
"Oil, Palm",United States,1997,Area Harvested,(1000 HA),0.0,0,1,06,"USDA FAS PS&D (Production, Supply & Distribution)",https://apps.fas.usda.gov/psdonline/downloads/
"Oil, Palm",United States,1998,Area Harvested,(1000 HA),0.0,0,1,08,"USDA FAS PS&D (Production, Supply & Distribution)",https://apps.fas.usda.gov/psdonline/downloads/
"Oil, Palm",United States,1999,Area Harvested,(1000 HA),0.0,0,1,06,"USDA FAS PS&D (Production, Supply & Distribution)",https://apps.fas.usda.gov/psdonline/downloads/
"Oil, Palm",United States,2000,Area Harvested,(1000 HA),0.0,0,1,06,"USDA FAS PS&D (Production, Supply & Distribution)",https://apps.fas.usda.gov/psdonline/downloads/
"Oil, Palm",United States,2001,Area Harvested,(1000 HA),0.0,0,1,06,"USDA FAS PS&D (Production, Supply & Distribution)",https://apps.fas.usda.gov/psdonline/downloads/
"Oil, Palm",United States,2002,Area Harvested,(1000 HA),0.0,0,1,06,"USDA FAS PS&D (Production, Supply & Distribution)",https://apps.fas.usda.gov/psdonline/downloads/
"Oil, Palm",United States,2003,Area Harvested,(1000 HA),0.0,0,1,12,"USDA FAS PS&D (Production, Supply & Distribution)",https://apps.fas.usda.gov/psdonline/downloads/
"Oil, Palm",United States,2004,Area Harvested,(1000 HA),0.0,0,1,08,"USDA FAS PS&D (Production, Supply & Distribution)",https://apps.fas.usda.gov/psdonline/downloads/
"Oil, Palm",United States,2005,Area Harvested,(1000 HA),0.0,0,1,08,"USDA FAS PS&D (Production, Supply & Distribution)",https://apps.fas.usda.gov/psdonline/downloads/
"Oil, Palm",United States,2006,Area Harvested,(1000 HA),0.0,0,1,05,"USDA FAS PS&D (Production, Supply & Distribution)",https://apps.fas.usda.gov/psdonline/downloads/
"Oil, Palm",United States,2007,Area Harvested,(1000 HA),0.0,0,1,08,"USDA FAS PS&D (Production, Supply & Distribution)",https://apps.fas.usda.gov/psdonline/downloads/
"Oil, Palm",United States,2008,Area Harvested,(1000 HA),0.0,0,1,08,"USDA FAS PS&D (Production, Supply & Distribution)",https://apps.fas.usda.gov/psdonline/downloads/
"Oil, Palm",United States,2009,Area Harvested,(1000 HA),0.0,0,1,08,"USDA FAS PS&D (Production, Supply & Distribution)",https://apps.fas.usda.gov/psdonline/downloads/
"Oil, Palm",United States,2010,Area Harvested,(1000 HA),0.0,0,1,04,"USDA FAS PS&D (Production, Supply & Distribution)",https://apps.fas.usda.gov/psdonline/downloads/
"Oil, Palm",United States,2011,Area Harvested,(1000 HA),0.0,0,1,08,"USDA FAS PS&D (Production, Supply & Distribution)",https://apps.fas.usda.gov/psdonline/downloads/
"Oil, Palm",United States,2012,Area Harvested,(1000 HA),0.0,0,1,07,"USDA FAS PS&D (Production, Supply & Distribution)",https://apps.fas.usda.gov/psdonline/downloads/
"Oil, Palm",United States,2013,Area Harvested,(1000 HA),0.0,0,1,07,"USDA FAS PS&D (Production, Supply & Distribution)",https://apps.fas.usda.gov/psdonline/downloads/
"Oil, Palm",United States,2014,Area Harvested,(1000 HA),0.0,0,1,10,"USDA FAS PS&D (Production, Supply & Distribution)",https://apps.fas.usda.gov/psdonline/downloads/
"Oil, Palm",United States,2015,Area Harvested,(1000 HA),0.0,0,1,07,"USDA FAS PS&D (Production, Supply & Distribution)",https://apps.fas.usda.gov/psdonline/downloads/
"Oil, Palm",United States,2016,Area Harvested,(1000 HA),0.0,0,1,10,"USDA FAS PS&D (Production, Supply & Distribution)",https://apps.fas.usda.gov/psdonline/downloads/
"Oil, Palm",United States,2017,Area Harvested,(1000 HA),0.0,0,1,07,"USDA FAS PS&D (Production, Supply & Distribution)",https://apps.fas.usda.gov/psdonline/downloads/
"Oil, Palm",United States,2018,Area Harvested,(1000 HA),0.0,0,1,07,"USDA FAS PS&D (Production, Supply & Distribution)",https://apps.fas.usda.gov/psdonline/downloads/
"Oil, Palm",United States,2019,Area Harvested,(1000 HA),0.0,0,1,04,"USDA FAS PS&D (Production, Supply & Distribution)",https://apps.fas.usda.gov/psdonline/downloads/
"Oil, Palm",United States,2020,Area Harvested,(1000 HA),0.0,0,1,04,"USDA FAS PS&D (Production, Supply & Distribution)",https://apps.fas.usda.gov/psdonline/downloads/
"Oil, Palm",United States,2021,Area Harvested,(1000 HA),0.0,0,1,04,"USDA FAS PS&D (Production, Supply & Distribution)",https://apps.fas.usda.gov/psdonline/downloads/
"Oil, Palm",United States,2022,Area Harvested,(1000 HA),0.0,0,1,04,"USDA FAS PS&D (Production, Supply & Distribution)",https://apps.fas.usda.gov/psdonline/downloads/
"Oil, Palm",United States,2023,Area Harvested,(1000 HA),0.0,0,1,04,"USDA FAS PS&D (Production, Supply & Distribution)",https://apps.fas.usda.gov/psdonline/downloads/
"Oil, Palm",United States,2024,Area Harvested,(1000 HA),0.0,0,1,04,"USDA FAS PS&D (Production, Supply & Distribution)",https://apps.fas.usda.gov/psdonline/downloads/
"Oil, Palm",United States,2025,Area Harvested,(1000 HA),0.0,0,1,05,"USDA FAS PS&D (Production, Supply & Distribution)",https://apps.fas.usda.gov/psdonline/downloads/
"Oil, Palm",United States,2026,Area Harvested,(1000 HA),0.0,0,1,06,"USDA FAS PS&D (Production, Supply & Distribution)",https://apps.fas.usda.gov/psdonline/downloads/
"Oil, Palm",United States,1965,Beginning Stocks,(1000 MT),4.0,0,1,06,"USDA FAS PS&D (Production, Supply & Distribution)",https://apps.fas.usda.gov/psdonline/downloads/
"Oil, Palm",United States,1966,Beginning Stocks,(1000 MT),15.0,0,1,06,"USDA FAS PS&D (Production, Supply & Distribution)",https://apps.fas.usda.gov/psdonline/downloads/
"Oil, Palm",United States,1967,Beginning Stocks,(1000 MT),7.0,0,1,06,"USDA FAS PS&D (Production, Supply & Distribution)",https://apps.fas.usda.gov/psdonline/downloads/
"Oil, Palm",United States,1968,Beginning Stocks,(1000 MT),13.0,0,1,06,"USDA FAS PS&D (Production, Supply & Distribution)",https://apps.fas.usda.gov/psdonline/downloads/
"Oil, Palm",United States,1969,Beginning Stocks,(1000 MT),16.0,0,1,06,"USDA FAS PS&D (Production, Supply & Distribution)",https://apps.fas.usda.gov/psdonline/downloads/
"Oil, Palm",United States,1970,Beginning Stocks,(1000 MT),19.0,0,1,06,"USDA FAS PS&D (Production, Supply & Distribution)",https://apps.fas.usda.gov/psdonline/downloads/
"Oil, Palm",United States,1971,Beginning Stocks,(1000 MT),18.0,0,1,06,"USDA FAS PS&D (Production, Supply & Distribution)",https://apps.fas.usda.gov/psdonline/downloads/
"Oil, Palm",United States,1972,Beginning Stocks,(1000 MT),42.0,0,1,06,"USDA FAS PS&D (Production, Supply & Distribution)",https://apps.fas.usda.gov/psdonline/downloads/
"Oil, Palm",United States,1973,Beginning Stocks,(1000 MT),26.0,0,1,06,"USDA FAS PS&D (Production, Supply & Distribution)",https://apps.fas.usda.gov/psdonline/downloads/
"Oil, Palm",United States,1974,Beginning Stocks,(1000 MT),47.0,0,1,06,"USDA FAS PS&D (Production, Supply & Distribution)",https://apps.fas.usda.gov/psdonline/downloads/
"Oil, Palm",United States,1975,Beginning Stocks,(1000 MT),74.0,0,1,06,"USDA FAS PS&D (Production, Supply & Distribution)",https://apps.fas.usda.gov/psdonline/downloads/
"Oil, Palm",United States,1976,Beginning Stocks,(1000 MT),85.0,0,1,06,"USDA FAS PS&D (Production, Supply & Distribution)",https://apps.fas.usda.gov/psdonline/downloads/
"Oil, Palm",United States,1977,Beginning Stocks,(1000 MT),40.0,0,1,06,"USDA FAS PS&D (Production, Supply & Distribution)",https://apps.fas.usda.gov/psdonline/downloads/
"Oil, Palm",United States,1978,Beginning Stocks,(1000 MT),28.0,0,1,06,"USDA FAS PS&D (Production, Supply & Distribution)",https://apps.fas.usda.gov/psdonline/downloads/
"Oil, Palm",United States,1979,Beginning Stocks,(1000 MT),33.0,0,1,06,"USDA FAS PS&D (Production, Supply & Distribution)",https://apps.fas.usda.gov/psdonline/downloads/
"Oil, Palm",United States,1980,Beginning Stocks,(1000 MT),19.0,0,1,06,"USDA FAS PS&D (Production, Supply & Distribution)",https://apps.fas.usda.gov/psdonline/downloads/
"Oil, Palm",United States,1981,Beginning Stocks,(1000 MT),26.0,0,1,06,"USDA FAS PS&D (Production, Supply & Distribution)",https://apps.fas.usda.gov/psdonline/downloads/
"Oil, Palm",United States,1982,Beginning Stocks,(1000 MT),21.0,0,1,06,"USDA FAS PS&D (Production, Supply & Distribution)",https://apps.fas.usda.gov/psdonline/downloads/
"Oil, Palm",United States,1983,Beginning Stocks,(1000 MT),31.0,0,1,06,"USDA FAS PS&D (Production, Supply & Distribution)",https://apps.fas.usda.gov/psdonline/downloads/
"Oil, Palm",United States,1984,Beginning Stocks,(1000 MT),23.0,0,1,06,"USDA FAS PS&D (Production, Supply & Distribution)",https://apps.fas.usda.gov/psdonline/downloads/
"Oil, Palm",United States,1985,Beginning Stocks,(1000 MT),24.0,0,1,06,"USDA FAS PS&D (Production, Supply & Distribution)",https://apps.fas.usda.gov/psdonline/downloads/
"Oil, Palm",United States,1986,Beginning Stocks,(1000 MT),33.0,0,1,06,"USDA FAS PS&D (Production, Supply & Distribution)",https://apps.fas.usda.gov/psdonline/downloads/
"Oil, Palm",United States,1987,Beginning Stocks,(1000 MT),18.0,0,1,06,"USDA FAS PS&D (Production, Supply & Distribution)",https://apps.fas.usda.gov/psdonline/downloads/
"Oil, Palm",United States,1988,Beginning Stocks,(1000 MT),27.0,0,1,06,"USDA FAS PS&D (Production, Supply & Distribution)",https://apps.fas.usda.gov/psdonline/downloads/
"Oil, Palm",United States,1989,Beginning Stocks,(1000 MT),17.0,0,1,06,"USDA FAS PS&D (Production, Supply & Distribution)",https://apps.fas.usda.gov/psdonline/downloads/
"Oil, Palm",United States,1990,Beginning Stocks,(1000 MT),13.0,0,1,06,"USDA FAS PS&D (Production, Supply & Distribution)",https://apps.fas.usda.gov/psdonline/downloads/
"Oil, Palm",United States,1991,Beginning Stocks,(1000 MT),24.0,0,1,06,"USDA FAS PS&D (Production, Supply & Distribution)",https://apps.fas.usda.gov/psdonline/downloads/
"Oil, Palm",United States,1992,Beginning Stocks,(1000 MT),20.0,0,1,06,"USDA FAS PS&D (Production, Supply & Distribution)",https://apps.fas.usda.gov/psdonline/downloads/
"Oil, Palm",United States,1993,Beginning Stocks,(1000 MT),15.0,0,1,06,"USDA FAS PS&D (Production, Supply & Distribution)",https://apps.fas.usda.gov/psdonline/downloads/
"Oil, Palm",United States,1994,Beginning Stocks,(1000 MT),16.0,0,1,06,"USDA FAS PS&D (Production, Supply & Distribution)",https://apps.fas.usda.gov/psdonline/downloads/
"Oil, Palm",United States,1995,Beginning Stocks,(1000 MT),7.0,0,1,06,"USDA FAS PS&D (Production, Supply & Distribution)",https://apps.fas.usda.gov/psdonline/downloads/
"Oil, Palm",United States,1996,Beginning Stocks,(1000 MT),14.0,0,1,06,"USDA FAS PS&D (Production, Supply & Distribution)",https://apps.fas.usda.gov/psdonline/downloads/
"Oil, Palm",United States,1997,Beginning Stocks,(1000 MT),21.0,0,1,06,"USDA FAS PS&D (Production, Supply & Distribution)",https://apps.fas.usda.gov/psdonline/downloads/
"Oil, Palm",United States,1998,Beginning Stocks,(1000 MT),16.0,0,1,08,"USDA FAS PS&D (Production, Supply & Distribution)",https://apps.fas.usda.gov/psdonline/downloads/
"Oil, Palm",United States,1999,Beginning Stocks,(1000 MT),21.0,0,1,06,"USDA FAS PS&D (Production, Supply & Distribution)",https://apps.fas.usda.gov/psdonline/downloads/
"Oil, Palm",United States,2000,Beginning Stocks,(1000 MT),26.0,0,1,06,"USDA FAS PS&D (Production, Supply & Distribution)",https://apps.fas.usda.gov/psdonline/downloads/
"Oil, Palm",United States,2001,Beginning Stocks,(1000 MT),28.0,0,1,06,"USDA FAS PS&D (Production, Supply & Distribution)",https://apps.fas.usda.gov/psdonline/downloads/
"Oil, Palm",United States,2002,Beginning Stocks,(1000 MT),24.0,0,1,06,"USDA FAS PS&D (Production, Supply & Distribution)",https://apps.fas.usda.gov/psdonline/downloads/
"Oil, Palm",United States,2003,Beginning Stocks,(1000 MT),22.0,0,1,12,"USDA FAS PS&D (Production, Supply & Distribution)",https://apps.fas.usda.gov/psdonline/downloads/
"Oil, Palm",United States,2004,Beginning Stocks,(1000 MT),64.0,0,1,08,"USDA FAS PS&D (Production, Supply & Distribution)",https://apps.fas.usda.gov/psdonline/downloads/
"Oil, Palm",United States,2005,Beginning Stocks,(1000 MT),76.0,0,1,08,"USDA FAS PS&D (Production, Supply & Distribution)",https://apps.fas.usda.gov/psdonline/downloads/
"Oil, Palm",United States,2006,Beginning Stocks,(1000 MT),94.0,0,1,05,"USDA FAS PS&D (Production, Supply & Distribution)",https://apps.fas.usda.gov/psdonline/downloads/
"Oil, Palm",United States,2007,Beginning Stocks,(1000 MT),91.0,0,1,08,"USDA FAS PS&D (Production, Supply & Distribution)",https://apps.fas.usda.gov/psdonline/downloads/
"Oil, Palm",United States,2008,Beginning Stocks,(1000 MT),73.0,0,1,08,"USDA FAS PS&D (Production, Supply & Distribution)",https://apps.fas.usda.gov/psdonline/downloads/
"Oil, Palm",United States,2009,Beginning Stocks,(1000 MT),130.0,0,1,08,"USDA FAS PS&D (Production, Supply & Distribution)",https://apps.fas.usda.gov/psdonline/downloads/
"Oil, Palm",United States,2010,Beginning Stocks,(1000 MT),151.0,0,1,04,"USDA FAS PS&D (Production, Supply & Distribution)",https://apps.fas.usda.gov/psdonline/downloads/
"Oil, Palm",United States,2011,Beginning Stocks,(1000 MT),147.0,0,1,08,"USDA FAS PS&D (Production, Supply & Distribution)",https://apps.fas.usda.gov/psdonline/downloads/
"Oil, Palm",United States,2012,Beginning Stocks,(1000 MT),118.0,0,1,07,"USDA FAS PS&D (Production, Supply & Distribution)",https://apps.fas.usda.gov/psdonline/downloads/
"Oil, Palm",United States,2013,Beginning Stocks,(1000 MT),136.0,0,1,07,"USDA FAS PS&D (Production, Supply & Distribution)",https://apps.fas.usda.gov/psdonline/downloads/
"Oil, Palm",United States,2014,Beginning Stocks,(1000 MT),136.0,0,1,10,"USDA FAS PS&D (Production, Supply & Distribution)",https://apps.fas.usda.gov/psdonline/downloads/
"Oil, Palm",United States,2015,Beginning Stocks,(1000 MT),165.0,0,1,07,"USDA FAS PS&D (Production, Supply & Distribution)",https://apps.fas.usda.gov/psdonline/downloads/
"Oil, Palm",United States,2016,Beginning Stocks,(1000 MT),189.0,0,1,10,"USDA FAS PS&D (Production, Supply & Distribution)",https://apps.fas.usda.gov/psdonline/downloads/
"Oil, Palm",United States,2017,Beginning Stocks,(1000 MT),184.0,0,1,07,"USDA FAS PS&D (Production, Supply & Distribution)",https://apps.fas.usda.gov/psdonline/downloads/
"Oil, Palm",United States,2018,Beginning Stocks,(1000 MT),132.0,0,1,07,"USDA FAS PS&D (Production, Supply & Distribution)",https://apps.fas.usda.gov/psdonline/downloads/
"Oil, Palm",United States,2019,Beginning Stocks,(1000 MT),156.0,0,1,04,"USDA FAS PS&D (Production, Supply & Distribution)",https://apps.fas.usda.gov/psdonline/downloads/
"Oil, Palm",United States,2020,Beginning Stocks,(1000 MT),171.0,0,1,04,"USDA FAS PS&D (Production, Supply & Distribution)",https://apps.fas.usda.gov/psdonline/downloads/
"Oil, Palm",United States,2021,Beginning Stocks,(1000 MT),142.0,0,1,04,"USDA FAS PS&D (Production, Supply & Distribution)",https://apps.fas.usda.gov/psdonline/downloads/
"Oil, Palm",United States,2022,Beginning Stocks,(1000 MT),160.0,0,1,04,"USDA FAS PS&D (Production, Supply & Distribution)",https://apps.fas.usda.gov/psdonline/downloads/
"Oil, Palm",United States,2023,Beginning Stocks,(1000 MT),161.0,0,1,04,"USDA FAS PS&D (Production, Supply & Distribution)",https://apps.fas.usda.gov/psdonline/downloads/
"Oil, Palm",United States,2024,Beginning Stocks,(1000 MT),116.0,0,1,04,"USDA FAS PS&D (Production, Supply & Distribution)",https://apps.fas.usda.gov/psdonline/downloads/
"Oil, Palm",United States,2025,Beginning Stocks,(1000 MT),120.0,0,1,05,"USDA FAS PS&D (Production, Supply & Distribution)",https://apps.fas.usda.gov/psdonline/downloads/
"Oil, Palm",United States,2026,Beginning Stocks,(1000 MT),136.0,0,1,06,"USDA FAS PS&D (Production, Supply & Distribution)",https://apps.fas.usda.gov/psdonline/downloads/
"Oil, Palm",United States,1965,Domestic Consumption,(1000 MT),23.0,0,1,06,"USDA FAS PS&D (Production, Supply & Distribution)",https://apps.fas.usda.gov/psdonline/downloads/
"Oil, Palm",United States,1966,Domestic Consumption,(1000 MT),37.0,0,1,06,"USDA FAS PS&D (Production, Supply & Distribution)",https://apps.fas.usda.gov/psdonline/downloads/
"Oil, Palm",United States,1967,Domestic Consumption,(1000 MT),41.0,0,1,06,"USDA FAS PS&D (Production, Supply & Distribution)",https://apps.fas.usda.gov/psdonline/downloads/
"Oil, Palm",United States,1968,Domestic Consumption,(1000 MT),69.0,0,1,06,"USDA FAS PS&D (Production, Supply & Distribution)",https://apps.fas.usda.gov/psdonline/downloads/
"Oil, Palm",United States,1969,Domestic Consumption,(1000 MT),61.0,0,1,06,"USDA FAS PS&D (Production, Supply & Distribution)",https://apps.fas.usda.gov/psdonline/downloads/
"Oil, Palm",United States,1970,Domestic Consumption,(1000 MT),99.0,0,1,06,"USDA FAS PS&D (Production, Supply & Distribution)",https://apps.fas.usda.gov/psdonline/downloads/
"Oil, Palm",United States,1971,Domestic Consumption,(1000 MT),172.0,0,1,06,"USDA FAS PS&D (Production, Supply & Distribution)",https://apps.fas.usda.gov/psdonline/downloads/
"Oil, Palm",United States,1972,Domestic Consumption,(1000 MT),193.0,0,1,06,"USDA FAS PS&D (Production, Supply & Distribution)",https://apps.fas.usda.gov/psdonline/downloads/
"Oil, Palm",United States,1973,Domestic Consumption,(1000 MT),166.0,0,1,06,"USDA FAS PS&D (Production, Supply & Distribution)",https://apps.fas.usda.gov/psdonline/downloads/
"Oil, Palm",United States,1974,Domestic Consumption,(1000 MT),409.0,0,1,06,"USDA FAS PS&D (Production, Supply & Distribution)",https://apps.fas.usda.gov/psdonline/downloads/
"Oil, Palm",United States,1975,Domestic Consumption,(1000 MT),341.0,0,1,06,"USDA FAS PS&D (Production, Supply & Distribution)",https://apps.fas.usda.gov/psdonline/downloads/
"Oil, Palm",United States,1976,Domestic Consumption,(1000 MT),295.0,0,1,06,"USDA FAS PS&D (Production, Supply & Distribution)",https://apps.fas.usda.gov/psdonline/downloads/
"Oil, Palm",United States,1977,Domestic Consumption,(1000 MT),158.0,0,1,06,"USDA FAS PS&D (Production, Supply & Distribution)",https://apps.fas.usda.gov/psdonline/downloads/
"Oil, Palm",United States,1978,Domestic Consumption,(1000 MT),133.0,0,1,06,"USDA FAS PS&D (Production, Supply & Distribution)",https://apps.fas.usda.gov/psdonline/downloads/
"Oil, Palm",United States,1979,Domestic Consumption,(1000 MT),110.0,0,1,06,"USDA FAS PS&D (Production, Supply & Distribution)",https://apps.fas.usda.gov/psdonline/downloads/
"Oil, Palm",United States,1980,Domestic Consumption,(1000 MT),140.0,0,1,06,"USDA FAS PS&D (Production, Supply & Distribution)",https://apps.fas.usda.gov/psdonline/downloads/
"Oil, Palm",United States,1981,Domestic Consumption,(1000 MT),104.0,0,1,06,"USDA FAS PS&D (Production, Supply & Distribution)",https://apps.fas.usda.gov/psdonline/downloads/
"Oil, Palm",United States,1982,Domestic Consumption,(1000 MT),130.0,0,1,06,"USDA FAS PS&D (Production, Supply & Distribution)",https://apps.fas.usda.gov/psdonline/downloads/
"Oil, Palm",United States,1983,Domestic Consumption,(1000 MT),176.0,0,1,06,"USDA FAS PS&D (Production, Supply & Distribution)",https://apps.fas.usda.gov/psdonline/downloads/
"Oil, Palm",United States,1984,Domestic Consumption,(1000 MT),168.0,0,1,06,"USDA FAS PS&D (Production, Supply & Distribution)",https://apps.fas.usda.gov/psdonline/downloads/
"Oil, Palm",United States,1985,Domestic Consumption,(1000 MT),268.0,0,1,06,"USDA FAS PS&D (Production, Supply & Distribution)",https://apps.fas.usda.gov/psdonline/downloads/
"Oil, Palm",United States,1986,Domestic Consumption,(1000 MT),230.0,0,1,06,"USDA FAS PS&D (Production, Supply & Distribution)",https://apps.fas.usda.gov/psdonline/downloads/
"Oil, Palm",United States,1987,Domestic Consumption,(1000 MT),155.0,0,1,06,"USDA FAS PS&D (Production, Supply & Distribution)",https://apps.fas.usda.gov/psdonline/downloads/
"Oil, Palm",United States,1988,Domestic Consumption,(1000 MT),143.0,0,1,06,"USDA FAS PS&D (Production, Supply & Distribution)",https://apps.fas.usda.gov/psdonline/downloads/
"Oil, Palm",United States,1989,Domestic Consumption,(1000 MT),116.0,0,1,06,"USDA FAS PS&D (Production, Supply & Distribution)",https://apps.fas.usda.gov/psdonline/downloads/
"Oil, Palm",United States,1990,Domestic Consumption,(1000 MT),116.0,0,1,06,"USDA FAS PS&D (Production, Supply & Distribution)",https://apps.fas.usda.gov/psdonline/downloads/
"Oil, Palm",United States,1991,Domestic Consumption,(1000 MT),101.0,0,1,06,"USDA FAS PS&D (Production, Supply & Distribution)",https://apps.fas.usda.gov/psdonline/downloads/
"Oil, Palm",United States,1992,Domestic Consumption,(1000 MT),123.0,0,1,06,"USDA FAS PS&D (Production, Supply & Distribution)",https://apps.fas.usda.gov/psdonline/downloads/
"Oil, Palm",United States,1993,Domestic Consumption,(1000 MT),163.0,0,1,06,"USDA FAS PS&D (Production, Supply & Distribution)",https://apps.fas.usda.gov/psdonline/downloads/
"Oil, Palm",United States,1994,Domestic Consumption,(1000 MT),102.0,0,1,06,"USDA FAS PS&D (Production, Supply & Distribution)",https://apps.fas.usda.gov/psdonline/downloads/
"Oil, Palm",United States,1995,Domestic Consumption,(1000 MT),91.0,0,1,06,"USDA FAS PS&D (Production, Supply & Distribution)",https://apps.fas.usda.gov/psdonline/downloads/
"Oil, Palm",United States,1996,Domestic Consumption,(1000 MT),135.0,0,1,06,"USDA FAS PS&D (Production, Supply & Distribution)",https://apps.fas.usda.gov/psdonline/downloads/
"Oil, Palm",United States,1997,Domestic Consumption,(1000 MT),128.0,0,1,06,"USDA FAS PS&D (Production, Supply & Distribution)",https://apps.fas.usda.gov/psdonline/downloads/
"Oil, Palm",United States,1998,Domestic Consumption,(1000 MT),115.0,0,1,08,"USDA FAS PS&D (Production, Supply & Distribution)",https://apps.fas.usda.gov/psdonline/downloads/
"Oil, Palm",United States,1999,Domestic Consumption,(1000 MT),150.0,0,1,06,"USDA FAS PS&D (Production, Supply & Distribution)",https://apps.fas.usda.gov/psdonline/downloads/
"Oil, Palm",United States,2000,Domestic Consumption,(1000 MT),175.0,0,1,06,"USDA FAS PS&D (Production, Supply & Distribution)",https://apps.fas.usda.gov/psdonline/downloads/
"Oil, Palm",United States,2001,Domestic Consumption,(1000 MT),215.0,0,1,06,"USDA FAS PS&D (Production, Supply & Distribution)",https://apps.fas.usda.gov/psdonline/downloads/
"Oil, Palm",United States,2002,Domestic Consumption,(1000 MT),171.0,0,1,06,"USDA FAS PS&D (Production, Supply & Distribution)",https://apps.fas.usda.gov/psdonline/downloads/
"Oil, Palm",United States,2003,Domestic Consumption,(1000 MT),233.0,0,1,12,"USDA FAS PS&D (Production, Supply & Distribution)",https://apps.fas.usda.gov/psdonline/downloads/
"Oil, Palm",United States,2004,Domestic Consumption,(1000 MT),328.0,0,1,08,"USDA FAS PS&D (Production, Supply & Distribution)",https://apps.fas.usda.gov/psdonline/downloads/
"Oil, Palm",United States,2005,Domestic Consumption,(1000 MT),564.0,0,1,08,"USDA FAS PS&D (Production, Supply & Distribution)",https://apps.fas.usda.gov/psdonline/downloads/
"Oil, Palm",United States,2006,Domestic Consumption,(1000 MT),663.0,0,1,05,"USDA FAS PS&D (Production, Supply & Distribution)",https://apps.fas.usda.gov/psdonline/downloads/
"Oil, Palm",United States,2007,Domestic Consumption,(1000 MT),948.0,0,1,08,"USDA FAS PS&D (Production, Supply & Distribution)",https://apps.fas.usda.gov/psdonline/downloads/
"Oil, Palm",United States,2008,Domestic Consumption,(1000 MT),959.0,0,1,08,"USDA FAS PS&D (Production, Supply & Distribution)",https://apps.fas.usda.gov/psdonline/downloads/
"Oil, Palm",United States,2009,Domestic Consumption,(1000 MT),957.0,0,1,08,"USDA FAS PS&D (Production, Supply & Distribution)",https://apps.fas.usda.gov/psdonline/downloads/
"Oil, Palm",United States,2010,Domestic Consumption,(1000 MT),957.0,0,1,04,"USDA FAS PS&D (Production, Supply & Distribution)",https://apps.fas.usda.gov/psdonline/downloads/
"Oil, Palm",United States,2011,Domestic Consumption,(1000 MT),1043.0,0,1,08,"USDA FAS PS&D (Production, Supply & Distribution)",https://apps.fas.usda.gov/psdonline/downloads/
"Oil, Palm",United States,2012,Domestic Consumption,(1000 MT),1238.0,0,1,07,"USDA FAS PS&D (Production, Supply & Distribution)",https://apps.fas.usda.gov/psdonline/downloads/
"Oil, Palm",United States,2013,Domestic Consumption,(1000 MT),1207.0,0,1,07,"USDA FAS PS&D (Production, Supply & Distribution)",https://apps.fas.usda.gov/psdonline/downloads/
"Oil, Palm",United States,2014,Domestic Consumption,(1000 MT),1092.0,0,1,10,"USDA FAS PS&D (Production, Supply & Distribution)",https://apps.fas.usda.gov/psdonline/downloads/
"Oil, Palm",United States,2015,Domestic Consumption,(1000 MT),1269.0,0,1,07,"USDA FAS PS&D (Production, Supply & Distribution)",https://apps.fas.usda.gov/psdonline/downloads/
"Oil, Palm",United States,2016,Domestic Consumption,(1000 MT),1355.0,0,1,10,"USDA FAS PS&D (Production, Supply & Distribution)",https://apps.fas.usda.gov/psdonline/downloads/
"Oil, Palm",United States,2017,Domestic Consumption,(1000 MT),1563.0,0,1,07,"USDA FAS PS&D (Production, Supply & Distribution)",https://apps.fas.usda.gov/psdonline/downloads/
"Oil, Palm",United States,2018,Domestic Consumption,(1000 MT),1496.0,0,1,07,"USDA FAS PS&D (Production, Supply & Distribution)",https://apps.fas.usda.gov/psdonline/downloads/
"Oil, Palm",United States,2019,Domestic Consumption,(1000 MT),1483.0,0,1,04,"USDA FAS PS&D (Production, Supply & Distribution)",https://apps.fas.usda.gov/psdonline/downloads/
"Oil, Palm",United States,2020,Domestic Consumption,(1000 MT),1598.0,0,1,04,"USDA FAS PS&D (Production, Supply & Distribution)",https://apps.fas.usda.gov/psdonline/downloads/
"Oil, Palm",United States,2021,Domestic Consumption,(1000 MT),1561.0,0,1,04,"USDA FAS PS&D (Production, Supply & Distribution)",https://apps.fas.usda.gov/psdonline/downloads/
"Oil, Palm",United States,2022,Domestic Consumption,(1000 MT),1875.0,0,1,04,"USDA FAS PS&D (Production, Supply & Distribution)",https://apps.fas.usda.gov/psdonline/downloads/
"Oil, Palm",United States,2023,Domestic Consumption,(1000 MT),1894.0,0,1,04,"USDA FAS PS&D (Production, Supply & Distribution)",https://apps.fas.usda.gov/psdonline/downloads/
"Oil, Palm",United States,2024,Domestic Consumption,(1000 MT),1524.0,0,1,04,"USDA FAS PS&D (Production, Supply & Distribution)",https://apps.fas.usda.gov/psdonline/downloads/
"Oil, Palm",United States,2025,Domestic Consumption,(1000 MT),1472.0,0,1,05,"USDA FAS PS&D (Production, Supply & Distribution)",https://apps.fas.usda.gov/psdonline/downloads/
"Oil, Palm",United States,2026,Domestic Consumption,(1000 MT),1788.0,0,1,06,"USDA FAS PS&D (Production, Supply & Distribution)",https://apps.fas.usda.gov/psdonline/downloads/
"Oil, Palm",United States,1965,Ending Stocks,(1000 MT),15.0,0,1,06,"USDA FAS PS&D (Production, Supply & Distribution)",https://apps.fas.usda.gov/psdonline/downloads/
"Oil, Palm",United States,1966,Ending Stocks,(1000 MT),7.0,0,1,06,"USDA FAS PS&D (Production, Supply & Distribution)",https://apps.fas.usda.gov/psdonline/downloads/
"Oil, Palm",United States,1967,Ending Stocks,(1000 MT),13.0,0,1,06,"USDA FAS PS&D (Production, Supply & Distribution)",https://apps.fas.usda.gov/psdonline/downloads/
"Oil, Palm",United States,1968,Ending Stocks,(1000 MT),16.0,0,1,06,"USDA FAS PS&D (Production, Supply & Distribution)",https://apps.fas.usda.gov/psdonline/downloads/
"Oil, Palm",United States,1969,Ending Stocks,(1000 MT),19.0,0,1,06,"USDA FAS PS&D (Production, Supply & Distribution)",https://apps.fas.usda.gov/psdonline/downloads/
"Oil, Palm",United States,1970,Ending Stocks,(1000 MT),18.0,0,1,06,"USDA FAS PS&D (Production, Supply & Distribution)",https://apps.fas.usda.gov/psdonline/downloads/
"Oil, Palm",United States,1971,Ending Stocks,(1000 MT),42.0,0,1,06,"USDA FAS PS&D (Production, Supply & Distribution)",https://apps.fas.usda.gov/psdonline/downloads/
"Oil, Palm",United States,1972,Ending Stocks,(1000 MT),26.0,0,1,06,"USDA FAS PS&D (Production, Supply & Distribution)",https://apps.fas.usda.gov/psdonline/downloads/
"Oil, Palm",United States,1973,Ending Stocks,(1000 MT),47.0,0,1,06,"USDA FAS PS&D (Production, Supply & Distribution)",https://apps.fas.usda.gov/psdonline/downloads/
"Oil, Palm",United States,1974,Ending Stocks,(1000 MT),74.0,0,1,06,"USDA FAS PS&D (Production, Supply & Distribution)",https://apps.fas.usda.gov/psdonline/downloads/
"Oil, Palm",United States,1975,Ending Stocks,(1000 MT),85.0,0,1,06,"USDA FAS PS&D (Production, Supply & Distribution)",https://apps.fas.usda.gov/psdonline/downloads/
"Oil, Palm",United States,1976,Ending Stocks,(1000 MT),40.0,0,1,06,"USDA FAS PS&D (Production, Supply & Distribution)",https://apps.fas.usda.gov/psdonline/downloads/
"Oil, Palm",United States,1977,Ending Stocks,(1000 MT),28.0,0,1,06,"USDA FAS PS&D (Production, Supply & Distribution)",https://apps.fas.usda.gov/psdonline/downloads/
"Oil, Palm",United States,1978,Ending Stocks,(1000 MT),37.0,0,1,06,"USDA FAS PS&D (Production, Supply & Distribution)",https://apps.fas.usda.gov/psdonline/downloads/
"Oil, Palm",United States,1979,Ending Stocks,(1000 MT),19.0,0,1,06,"USDA FAS PS&D (Production, Supply & Distribution)",https://apps.fas.usda.gov/psdonline/downloads/
"Oil, Palm",United States,1980,Ending Stocks,(1000 MT),26.0,0,1,06,"USDA FAS PS&D (Production, Supply & Distribution)",https://apps.fas.usda.gov/psdonline/downloads/
"Oil, Palm",United States,1981,Ending Stocks,(1000 MT),21.0,0,1,06,"USDA FAS PS&D (Production, Supply & Distribution)",https://apps.fas.usda.gov/psdonline/downloads/
"Oil, Palm",United States,1982,Ending Stocks,(1000 MT),31.0,0,1,06,"USDA FAS PS&D (Production, Supply & Distribution)",https://apps.fas.usda.gov/psdonline/downloads/
"Oil, Palm",United States,1983,Ending Stocks,(1000 MT),23.0,0,1,06,"USDA FAS PS&D (Production, Supply & Distribution)",https://apps.fas.usda.gov/psdonline/downloads/
"Oil, Palm",United States,1984,Ending Stocks,(1000 MT),24.0,0,1,06,"USDA FAS PS&D (Production, Supply & Distribution)",https://apps.fas.usda.gov/psdonline/downloads/
"Oil, Palm",United States,1985,Ending Stocks,(1000 MT),33.0,0,1,06,"USDA FAS PS&D (Production, Supply & Distribution)",https://apps.fas.usda.gov/psdonline/downloads/
"Oil, Palm",United States,1986,Ending Stocks,(1000 MT),18.0,0,1,06,"USDA FAS PS&D (Production, Supply & Distribution)",https://apps.fas.usda.gov/psdonline/downloads/
"Oil, Palm",United States,1987,Ending Stocks,(1000 MT),27.0,0,1,06,"USDA FAS PS&D (Production, Supply & Distribution)",https://apps.fas.usda.gov/psdonline/downloads/
"Oil, Palm",United States,1988,Ending Stocks,(1000 MT),17.0,0,1,06,"USDA FAS PS&D (Production, Supply & Distribution)",https://apps.fas.usda.gov/psdonline/downloads/
"Oil, Palm",United States,1989,Ending Stocks,(1000 MT),13.0,0,1,06,"USDA FAS PS&D (Production, Supply & Distribution)",https://apps.fas.usda.gov/psdonline/downloads/
"Oil, Palm",United States,1990,Ending Stocks,(1000 MT),24.0,0,1,06,"USDA FAS PS&D (Production, Supply & Distribution)",https://apps.fas.usda.gov/psdonline/downloads/
"Oil, Palm",United States,1991,Ending Stocks,(1000 MT),20.0,0,1,06,"USDA FAS PS&D (Production, Supply & Distribution)",https://apps.fas.usda.gov/psdonline/downloads/
"Oil, Palm",United States,1992,Ending Stocks,(1000 MT),15.0,0,1,06,"USDA FAS PS&D (Production, Supply & Distribution)",https://apps.fas.usda.gov/psdonline/downloads/
"Oil, Palm",United States,1993,Ending Stocks,(1000 MT),16.0,0,1,06,"USDA FAS PS&D (Production, Supply & Distribution)",https://apps.fas.usda.gov/psdonline/downloads/
"Oil, Palm",United States,1994,Ending Stocks,(1000 MT),7.0,0,1,06,"USDA FAS PS&D (Production, Supply & Distribution)",https://apps.fas.usda.gov/psdonline/downloads/
"Oil, Palm",United States,1995,Ending Stocks,(1000 MT),14.0,0,1,06,"USDA FAS PS&D (Production, Supply & Distribution)",https://apps.fas.usda.gov/psdonline/downloads/
"Oil, Palm",United States,1996,Ending Stocks,(1000 MT),21.0,0,1,06,"USDA FAS PS&D (Production, Supply & Distribution)",https://apps.fas.usda.gov/psdonline/downloads/
"Oil, Palm",United States,1997,Ending Stocks,(1000 MT),16.0,0,1,06,"USDA FAS PS&D (Production, Supply & Distribution)",https://apps.fas.usda.gov/psdonline/downloads/
"Oil, Palm",United States,1998,Ending Stocks,(1000 MT),21.0,0,1,08,"USDA FAS PS&D (Production, Supply & Distribution)",https://apps.fas.usda.gov/psdonline/downloads/
"Oil, Palm",United States,1999,Ending Stocks,(1000 MT),26.0,0,1,06,"USDA FAS PS&D (Production, Supply & Distribution)",https://apps.fas.usda.gov/psdonline/downloads/
"Oil, Palm",United States,2000,Ending Stocks,(1000 MT),28.0,0,1,06,"USDA FAS PS&D (Production, Supply & Distribution)",https://apps.fas.usda.gov/psdonline/downloads/
"Oil, Palm",United States,2001,Ending Stocks,(1000 MT),24.0,0,1,06,"USDA FAS PS&D (Production, Supply & Distribution)",https://apps.fas.usda.gov/psdonline/downloads/
"Oil, Palm",United States,2002,Ending Stocks,(1000 MT),22.0,0,1,06,"USDA FAS PS&D (Production, Supply & Distribution)",https://apps.fas.usda.gov/psdonline/downloads/
"Oil, Palm",United States,2003,Ending Stocks,(1000 MT),64.0,0,1,12,"USDA FAS PS&D (Production, Supply & Distribution)",https://apps.fas.usda.gov/psdonline/downloads/
"Oil, Palm",United States,2004,Ending Stocks,(1000 MT),76.0,0,1,08,"USDA FAS PS&D (Production, Supply & Distribution)",https://apps.fas.usda.gov/psdonline/downloads/
"Oil, Palm",United States,2005,Ending Stocks,(1000 MT),94.0,0,1,08,"USDA FAS PS&D (Production, Supply & Distribution)",https://apps.fas.usda.gov/psdonline/downloads/
"Oil, Palm",United States,2006,Ending Stocks,(1000 MT),91.0,0,1,05,"USDA FAS PS&D (Production, Supply & Distribution)",https://apps.fas.usda.gov/psdonline/downloads/
"Oil, Palm",United States,2007,Ending Stocks,(1000 MT),73.0,0,1,08,"USDA FAS PS&D (Production, Supply & Distribution)",https://apps.fas.usda.gov/psdonline/downloads/
"Oil, Palm",United States,2008,Ending Stocks,(1000 MT),130.0,0,1,08,"USDA FAS PS&D (Production, Supply & Distribution)",https://apps.fas.usda.gov/psdonline/downloads/
"Oil, Palm",United States,2009,Ending Stocks,(1000 MT),151.0,0,1,08,"USDA FAS PS&D (Production, Supply & Distribution)",https://apps.fas.usda.gov/psdonline/downloads/
"Oil, Palm",United States,2010,Ending Stocks,(1000 MT),147.0,0,1,04,"USDA FAS PS&D (Production, Supply & Distribution)",https://apps.fas.usda.gov/psdonline/downloads/
"Oil, Palm",United States,2011,Ending Stocks,(1000 MT),118.0,0,1,08,"USDA FAS PS&D (Production, Supply & Distribution)",https://apps.fas.usda.gov/psdonline/downloads/
"Oil, Palm",United States,2012,Ending Stocks,(1000 MT),136.0,0,1,07,"USDA FAS PS&D (Production, Supply & Distribution)",https://apps.fas.usda.gov/psdonline/downloads/
"Oil, Palm",United States,2013,Ending Stocks,(1000 MT),136.0,0,1,07,"USDA FAS PS&D (Production, Supply & Distribution)",https://apps.fas.usda.gov/psdonline/downloads/
"Oil, Palm",United States,2014,Ending Stocks,(1000 MT),165.0,0,1,10,"USDA FAS PS&D (Production, Supply & Distribution)",https://apps.fas.usda.gov/psdonline/downloads/
"Oil, Palm",United States,2015,Ending Stocks,(1000 MT),189.0,0,1,07,"USDA FAS PS&D (Production, Supply & Distribution)",https://apps.fas.usda.gov/psdonline/downloads/
"Oil, Palm",United States,2016,Ending Stocks,(1000 MT),184.0,0,1,10,"USDA FAS PS&D (Production, Supply & Distribution)",https://apps.fas.usda.gov/psdonline/downloads/
"Oil, Palm",United States,2017,Ending Stocks,(1000 MT),132.0,0,1,07,"USDA FAS PS&D (Production, Supply & Distribution)",https://apps.fas.usda.gov/psdonline/downloads/
"Oil, Palm",United States,2018,Ending Stocks,(1000 MT),156.0,0,1,07,"USDA FAS PS&D (Production, Supply & Distribution)",https://apps.fas.usda.gov/psdonline/downloads/
"Oil, Palm",United States,2019,Ending Stocks,(1000 MT),171.0,0,1,04,"USDA FAS PS&D (Production, Supply & Distribution)",https://apps.fas.usda.gov/psdonline/downloads/
"Oil, Palm",United States,2020,Ending Stocks,(1000 MT),142.0,0,1,04,"USDA FAS PS&D (Production, Supply & Distribution)",https://apps.fas.usda.gov/psdonline/downloads/
"Oil, Palm",United States,2021,Ending Stocks,(1000 MT),160.0,0,1,04,"USDA FAS PS&D (Production, Supply & Distribution)",https://apps.fas.usda.gov/psdonline/downloads/
"Oil, Palm",United States,2022,Ending Stocks,(1000 MT),161.0,0,1,04,"USDA FAS PS&D (Production, Supply & Distribution)",https://apps.fas.usda.gov/psdonline/downloads/
"Oil, Palm",United States,2023,Ending Stocks,(1000 MT),116.0,0,1,04,"USDA FAS PS&D (Production, Supply & Distribution)",https://apps.fas.usda.gov/psdonline/downloads/
"Oil, Palm",United States,2024,Ending Stocks,(1000 MT),120.0,0,1,04,"USDA FAS PS&D (Production, Supply & Distribution)",https://apps.fas.usda.gov/psdonline/downloads/
"Oil, Palm",United States,2025,Ending Stocks,(1000 MT),136.0,0,1,05,"USDA FAS PS&D (Production, Supply & Distribution)",https://apps.fas.usda.gov/psdonline/downloads/
"Oil, Palm",United States,2026,Ending Stocks,(1000 MT),136.0,0,1,06,"USDA FAS PS&D (Production, Supply & Distribution)",https://apps.fas.usda.gov/psdonline/downloads/
"Oil, Palm",United States,1965,Exports,(1000 MT),0.0,0,1,06,"USDA FAS PS&D (Production, Supply & Distribution)",https://apps.fas.usda.gov/psdonline/downloads/
"Oil, Palm",United States,1966,Exports,(1000 MT),0.0,0,1,06,"USDA FAS PS&D (Production, Supply & Distribution)",https://apps.fas.usda.gov/psdonline/downloads/
"Oil, Palm",United States,1967,Exports,(1000 MT),0.0,0,1,06,"USDA FAS PS&D (Production, Supply & Distribution)",https://apps.fas.usda.gov/psdonline/downloads/
"Oil, Palm",United States,1968,Exports,(1000 MT),0.0,0,1,06,"USDA FAS PS&D (Production, Supply & Distribution)",https://apps.fas.usda.gov/psdonline/downloads/
"Oil, Palm",United States,1969,Exports,(1000 MT),0.0,0,1,06,"USDA FAS PS&D (Production, Supply & Distribution)",https://apps.fas.usda.gov/psdonline/downloads/
"Oil, Palm",United States,1970,Exports,(1000 MT),0.0,0,1,06,"USDA FAS PS&D (Production, Supply & Distribution)",https://apps.fas.usda.gov/psdonline/downloads/
"Oil, Palm",United States,1971,Exports,(1000 MT),0.0,0,1,06,"USDA FAS PS&D (Production, Supply & Distribution)",https://apps.fas.usda.gov/psdonline/downloads/
"Oil, Palm",United States,1972,Exports,(1000 MT),0.0,0,1,06,"USDA FAS PS&D (Production, Supply & Distribution)",https://apps.fas.usda.gov/psdonline/downloads/
"Oil, Palm",United States,1973,Exports,(1000 MT),0.0,0,1,06,"USDA FAS PS&D (Production, Supply & Distribution)",https://apps.fas.usda.gov/psdonline/downloads/
"Oil, Palm",United States,1974,Exports,(1000 MT),0.0,0,1,06,"USDA FAS PS&D (Production, Supply & Distribution)",https://apps.fas.usda.gov/psdonline/downloads/
"Oil, Palm",United States,1975,Exports,(1000 MT),0.0,0,1,06,"USDA FAS PS&D (Production, Supply & Distribution)",https://apps.fas.usda.gov/psdonline/downloads/
"Oil, Palm",United States,1976,Exports,(1000 MT),0.0,0,1,06,"USDA FAS PS&D (Production, Supply & Distribution)",https://apps.fas.usda.gov/psdonline/downloads/
"Oil, Palm",United States,1977,Exports,(1000 MT),0.0,0,1,06,"USDA FAS PS&D (Production, Supply & Distribution)",https://apps.fas.usda.gov/psdonline/downloads/
"Oil, Palm",United States,1978,Exports,(1000 MT),0.0,0,1,06,"USDA FAS PS&D (Production, Supply & Distribution)",https://apps.fas.usda.gov/psdonline/downloads/
"Oil, Palm",United States,1979,Exports,(1000 MT),0.0,0,1,06,"USDA FAS PS&D (Production, Supply & Distribution)",https://apps.fas.usda.gov/psdonline/downloads/
"Oil, Palm",United States,1980,Exports,(1000 MT),0.0,0,1,06,"USDA FAS PS&D (Production, Supply & Distribution)",https://apps.fas.usda.gov/psdonline/downloads/
"Oil, Palm",United States,1981,Exports,(1000 MT),0.0,0,1,06,"USDA FAS PS&D (Production, Supply & Distribution)",https://apps.fas.usda.gov/psdonline/downloads/
"Oil, Palm",United States,1982,Exports,(1000 MT),0.0,0,1,06,"USDA FAS PS&D (Production, Supply & Distribution)",https://apps.fas.usda.gov/psdonline/downloads/
"Oil, Palm",United States,1983,Exports,(1000 MT),0.0,0,1,06,"USDA FAS PS&D (Production, Supply & Distribution)",https://apps.fas.usda.gov/psdonline/downloads/
"Oil, Palm",United States,1984,Exports,(1000 MT),0.0,0,1,06,"USDA FAS PS&D (Production, Supply & Distribution)",https://apps.fas.usda.gov/psdonline/downloads/
"Oil, Palm",United States,1985,Exports,(1000 MT),0.0,0,1,06,"USDA FAS PS&D (Production, Supply & Distribution)",https://apps.fas.usda.gov/psdonline/downloads/
"Oil, Palm",United States,1986,Exports,(1000 MT),0.0,0,1,06,"USDA FAS PS&D (Production, Supply & Distribution)",https://apps.fas.usda.gov/psdonline/downloads/
"Oil, Palm",United States,1987,Exports,(1000 MT),0.0,0,1,06,"USDA FAS PS&D (Production, Supply & Distribution)",https://apps.fas.usda.gov/psdonline/downloads/
"Oil, Palm",United States,1988,Exports,(1000 MT),2.0,0,1,06,"USDA FAS PS&D (Production, Supply & Distribution)",https://apps.fas.usda.gov/psdonline/downloads/
"Oil, Palm",United States,1989,Exports,(1000 MT),1.0,0,1,06,"USDA FAS PS&D (Production, Supply & Distribution)",https://apps.fas.usda.gov/psdonline/downloads/
"Oil, Palm",United States,1990,Exports,(1000 MT),2.0,0,1,06,"USDA FAS PS&D (Production, Supply & Distribution)",https://apps.fas.usda.gov/psdonline/downloads/
"Oil, Palm",United States,1991,Exports,(1000 MT),3.0,0,1,06,"USDA FAS PS&D (Production, Supply & Distribution)",https://apps.fas.usda.gov/psdonline/downloads/
"Oil, Palm",United States,1992,Exports,(1000 MT),3.0,0,1,06,"USDA FAS PS&D (Production, Supply & Distribution)",https://apps.fas.usda.gov/psdonline/downloads/
"Oil, Palm",United States,1993,Exports,(1000 MT),3.0,0,1,06,"USDA FAS PS&D (Production, Supply & Distribution)",https://apps.fas.usda.gov/psdonline/downloads/
"Oil, Palm",United States,1994,Exports,(1000 MT),6.0,0,1,06,"USDA FAS PS&D (Production, Supply & Distribution)",https://apps.fas.usda.gov/psdonline/downloads/
"Oil, Palm",United States,1995,Exports,(1000 MT),9.0,0,1,06,"USDA FAS PS&D (Production, Supply & Distribution)",https://apps.fas.usda.gov/psdonline/downloads/
"Oil, Palm",United States,1996,Exports,(1000 MT),4.0,0,1,06,"USDA FAS PS&D (Production, Supply & Distribution)",https://apps.fas.usda.gov/psdonline/downloads/
"Oil, Palm",United States,1997,Exports,(1000 MT),5.0,0,1,06,"USDA FAS PS&D (Production, Supply & Distribution)",https://apps.fas.usda.gov/psdonline/downloads/
"Oil, Palm",United States,1998,Exports,(1000 MT),5.0,0,1,08,"USDA FAS PS&D (Production, Supply & Distribution)",https://apps.fas.usda.gov/psdonline/downloads/
"Oil, Palm",United States,1999,Exports,(1000 MT),2.0,0,1,06,"USDA FAS PS&D (Production, Supply & Distribution)",https://apps.fas.usda.gov/psdonline/downloads/
"Oil, Palm",United States,2000,Exports,(1000 MT),5.0,0,1,06,"USDA FAS PS&D (Production, Supply & Distribution)",https://apps.fas.usda.gov/psdonline/downloads/
"Oil, Palm",United States,2001,Exports,(1000 MT),4.0,0,1,06,"USDA FAS PS&D (Production, Supply & Distribution)",https://apps.fas.usda.gov/psdonline/downloads/
"Oil, Palm",United States,2002,Exports,(1000 MT),5.0,0,1,06,"USDA FAS PS&D (Production, Supply & Distribution)",https://apps.fas.usda.gov/psdonline/downloads/
"Oil, Palm",United States,2003,Exports,(1000 MT),6.0,0,1,12,"USDA FAS PS&D (Production, Supply & Distribution)",https://apps.fas.usda.gov/psdonline/downloads/
"Oil, Palm",United States,2004,Exports,(1000 MT),9.0,0,1,08,"USDA FAS PS&D (Production, Supply & Distribution)",https://apps.fas.usda.gov/psdonline/downloads/
"Oil, Palm",United States,2005,Exports,(1000 MT),14.0,0,1,08,"USDA FAS PS&D (Production, Supply & Distribution)",https://apps.fas.usda.gov/psdonline/downloads/
"Oil, Palm",United States,2006,Exports,(1000 MT),42.0,0,1,05,"USDA FAS PS&D (Production, Supply & Distribution)",https://apps.fas.usda.gov/psdonline/downloads/
"Oil, Palm",United States,2007,Exports,(1000 MT),22.0,0,1,08,"USDA FAS PS&D (Production, Supply & Distribution)",https://apps.fas.usda.gov/psdonline/downloads/
"Oil, Palm",United States,2008,Exports,(1000 MT),20.0,0,1,08,"USDA FAS PS&D (Production, Supply & Distribution)",https://apps.fas.usda.gov/psdonline/downloads/
"Oil, Palm",United States,2009,Exports,(1000 MT),16.0,0,1,08,"USDA FAS PS&D (Production, Supply & Distribution)",https://apps.fas.usda.gov/psdonline/downloads/
"Oil, Palm",United States,2010,Exports,(1000 MT),27.0,0,1,04,"USDA FAS PS&D (Production, Supply & Distribution)",https://apps.fas.usda.gov/psdonline/downloads/
"Oil, Palm",United States,2011,Exports,(1000 MT),18.0,0,1,08,"USDA FAS PS&D (Production, Supply & Distribution)",https://apps.fas.usda.gov/psdonline/downloads/
"Oil, Palm",United States,2012,Exports,(1000 MT),37.0,0,1,07,"USDA FAS PS&D (Production, Supply & Distribution)",https://apps.fas.usda.gov/psdonline/downloads/
"Oil, Palm",United States,2013,Exports,(1000 MT),13.0,0,1,07,"USDA FAS PS&D (Production, Supply & Distribution)",https://apps.fas.usda.gov/psdonline/downloads/
"Oil, Palm",United States,2014,Exports,(1000 MT),22.0,0,1,10,"USDA FAS PS&D (Production, Supply & Distribution)",https://apps.fas.usda.gov/psdonline/downloads/
"Oil, Palm",United States,2015,Exports,(1000 MT),14.0,0,1,07,"USDA FAS PS&D (Production, Supply & Distribution)",https://apps.fas.usda.gov/psdonline/downloads/
"Oil, Palm",United States,2016,Exports,(1000 MT),17.0,0,1,10,"USDA FAS PS&D (Production, Supply & Distribution)",https://apps.fas.usda.gov/psdonline/downloads/
"Oil, Palm",United States,2017,Exports,(1000 MT),16.0,0,1,07,"USDA FAS PS&D (Production, Supply & Distribution)",https://apps.fas.usda.gov/psdonline/downloads/
"Oil, Palm",United States,2018,Exports,(1000 MT),6.0,0,1,07,"USDA FAS PS&D (Production, Supply & Distribution)",https://apps.fas.usda.gov/psdonline/downloads/
"Oil, Palm",United States,2019,Exports,(1000 MT),5.0,0,1,04,"USDA FAS PS&D (Production, Supply & Distribution)",https://apps.fas.usda.gov/psdonline/downloads/
"Oil, Palm",United States,2020,Exports,(1000 MT),7.0,0,1,04,"USDA FAS PS&D (Production, Supply & Distribution)",https://apps.fas.usda.gov/psdonline/downloads/
"Oil, Palm",United States,2021,Exports,(1000 MT),9.0,0,1,04,"USDA FAS PS&D (Production, Supply & Distribution)",https://apps.fas.usda.gov/psdonline/downloads/
"Oil, Palm",United States,2022,Exports,(1000 MT),11.0,0,1,04,"USDA FAS PS&D (Production, Supply & Distribution)",https://apps.fas.usda.gov/psdonline/downloads/
"Oil, Palm",United States,2023,Exports,(1000 MT),15.0,0,1,04,"USDA FAS PS&D (Production, Supply & Distribution)",https://apps.fas.usda.gov/psdonline/downloads/
"Oil, Palm",United States,2024,Exports,(1000 MT),13.0,0,1,04,"USDA FAS PS&D (Production, Supply & Distribution)",https://apps.fas.usda.gov/psdonline/downloads/
"Oil, Palm",United States,2025,Exports,(1000 MT),12.0,0,1,05,"USDA FAS PS&D (Production, Supply & Distribution)",https://apps.fas.usda.gov/psdonline/downloads/
"Oil, Palm",United States,2026,Exports,(1000 MT),12.0,0,1,06,"USDA FAS PS&D (Production, Supply & Distribution)",https://apps.fas.usda.gov/psdonline/downloads/
"Oil, Palm",United States,1965,Feed Waste Dom. Cons.,(1000 MT),0.0,0,1,06,"USDA FAS PS&D (Production, Supply & Distribution)",https://apps.fas.usda.gov/psdonline/downloads/
"Oil, Palm",United States,1966,Feed Waste Dom. Cons.,(1000 MT),0.0,0,1,06,"USDA FAS PS&D (Production, Supply & Distribution)",https://apps.fas.usda.gov/psdonline/downloads/
"Oil, Palm",United States,1967,Feed Waste Dom. Cons.,(1000 MT),0.0,0,1,06,"USDA FAS PS&D (Production, Supply & Distribution)",https://apps.fas.usda.gov/psdonline/downloads/
"Oil, Palm",United States,1968,Feed Waste Dom. Cons.,(1000 MT),0.0,0,1,06,"USDA FAS PS&D (Production, Supply & Distribution)",https://apps.fas.usda.gov/psdonline/downloads/
"Oil, Palm",United States,1969,Feed Waste Dom. Cons.,(1000 MT),0.0,0,1,06,"USDA FAS PS&D (Production, Supply & Distribution)",https://apps.fas.usda.gov/psdonline/downloads/
"Oil, Palm",United States,1970,Feed Waste Dom. Cons.,(1000 MT),0.0,0,1,06,"USDA FAS PS&D (Production, Supply & Distribution)",https://apps.fas.usda.gov/psdonline/downloads/
"Oil, Palm",United States,1971,Feed Waste Dom. Cons.,(1000 MT),0.0,0,1,06,"USDA FAS PS&D (Production, Supply & Distribution)",https://apps.fas.usda.gov/psdonline/downloads/
"Oil, Palm",United States,1972,Feed Waste Dom. Cons.,(1000 MT),0.0,0,1,06,"USDA FAS PS&D (Production, Supply & Distribution)",https://apps.fas.usda.gov/psdonline/downloads/
"Oil, Palm",United States,1973,Feed Waste Dom. Cons.,(1000 MT),0.0,0,1,06,"USDA FAS PS&D (Production, Supply & Distribution)",https://apps.fas.usda.gov/psdonline/downloads/
"Oil, Palm",United States,1974,Feed Waste Dom. Cons.,(1000 MT),0.0,0,1,06,"USDA FAS PS&D (Production, Supply & Distribution)",https://apps.fas.usda.gov/psdonline/downloads/
"Oil, Palm",United States,1975,Feed Waste Dom. Cons.,(1000 MT),0.0,0,1,06,"USDA FAS PS&D (Production, Supply & Distribution)",https://apps.fas.usda.gov/psdonline/downloads/
"Oil, Palm",United States,1976,Feed Waste Dom. Cons.,(1000 MT),0.0,0,1,06,"USDA FAS PS&D (Production, Supply & Distribution)",https://apps.fas.usda.gov/psdonline/downloads/
"Oil, Palm",United States,1977,Feed Waste Dom. Cons.,(1000 MT),0.0,0,1,06,"USDA FAS PS&D (Production, Supply & Distribution)",https://apps.fas.usda.gov/psdonline/downloads/
"Oil, Palm",United States,1978,Feed Waste Dom. Cons.,(1000 MT),0.0,0,1,06,"USDA FAS PS&D (Production, Supply & Distribution)",https://apps.fas.usda.gov/psdonline/downloads/
"Oil, Palm",United States,1979,Feed Waste Dom. Cons.,(1000 MT),10.0,0,1,06,"USDA FAS PS&D (Production, Supply & Distribution)",https://apps.fas.usda.gov/psdonline/downloads/
"Oil, Palm",United States,1980,Feed Waste Dom. Cons.,(1000 MT),4.0,0,1,06,"USDA FAS PS&D (Production, Supply & Distribution)",https://apps.fas.usda.gov/psdonline/downloads/
"Oil, Palm",United States,1981,Feed Waste Dom. Cons.,(1000 MT),5.0,0,1,06,"USDA FAS PS&D (Production, Supply & Distribution)",https://apps.fas.usda.gov/psdonline/downloads/
"Oil, Palm",United States,1982,Feed Waste Dom. Cons.,(1000 MT),2.0,0,1,06,"USDA FAS PS&D (Production, Supply & Distribution)",https://apps.fas.usda.gov/psdonline/downloads/
"Oil, Palm",United States,1983,Feed Waste Dom. Cons.,(1000 MT),13.0,0,1,06,"USDA FAS PS&D (Production, Supply & Distribution)",https://apps.fas.usda.gov/psdonline/downloads/
"Oil, Palm",United States,1984,Feed Waste Dom. Cons.,(1000 MT),11.0,0,1,06,"USDA FAS PS&D (Production, Supply & Distribution)",https://apps.fas.usda.gov/psdonline/downloads/
"Oil, Palm",United States,1985,Feed Waste Dom. Cons.,(1000 MT),15.0,0,1,06,"USDA FAS PS&D (Production, Supply & Distribution)",https://apps.fas.usda.gov/psdonline/downloads/
"Oil, Palm",United States,1986,Feed Waste Dom. Cons.,(1000 MT),86.0,0,1,06,"USDA FAS PS&D (Production, Supply & Distribution)",https://apps.fas.usda.gov/psdonline/downloads/
"Oil, Palm",United States,1987,Feed Waste Dom. Cons.,(1000 MT),45.0,0,1,06,"USDA FAS PS&D (Production, Supply & Distribution)",https://apps.fas.usda.gov/psdonline/downloads/
"Oil, Palm",United States,1988,Feed Waste Dom. Cons.,(1000 MT),32.0,0,1,06,"USDA FAS PS&D (Production, Supply & Distribution)",https://apps.fas.usda.gov/psdonline/downloads/
"Oil, Palm",United States,1989,Feed Waste Dom. Cons.,(1000 MT),20.0,0,1,06,"USDA FAS PS&D (Production, Supply & Distribution)",https://apps.fas.usda.gov/psdonline/downloads/
"Oil, Palm",United States,1990,Feed Waste Dom. Cons.,(1000 MT),20.0,0,1,06,"USDA FAS PS&D (Production, Supply & Distribution)",https://apps.fas.usda.gov/psdonline/downloads/
"Oil, Palm",United States,1991,Feed Waste Dom. Cons.,(1000 MT),16.0,0,1,06,"USDA FAS PS&D (Production, Supply & Distribution)",https://apps.fas.usda.gov/psdonline/downloads/
"Oil, Palm",United States,1992,Feed Waste Dom. Cons.,(1000 MT),21.0,0,1,06,"USDA FAS PS&D (Production, Supply & Distribution)",https://apps.fas.usda.gov/psdonline/downloads/
"Oil, Palm",United States,1993,Feed Waste Dom. Cons.,(1000 MT),3.0,0,1,06,"USDA FAS PS&D (Production, Supply & Distribution)",https://apps.fas.usda.gov/psdonline/downloads/
"Oil, Palm",United States,1994,Feed Waste Dom. Cons.,(1000 MT),3.0,0,1,06,"USDA FAS PS&D (Production, Supply & Distribution)",https://apps.fas.usda.gov/psdonline/downloads/
"Oil, Palm",United States,1995,Feed Waste Dom. Cons.,(1000 MT),3.0,0,1,06,"USDA FAS PS&D (Production, Supply & Distribution)",https://apps.fas.usda.gov/psdonline/downloads/
"Oil, Palm",United States,1996,Feed Waste Dom. Cons.,(1000 MT),5.0,0,1,06,"USDA FAS PS&D (Production, Supply & Distribution)",https://apps.fas.usda.gov/psdonline/downloads/
"Oil, Palm",United States,1997,Feed Waste Dom. Cons.,(1000 MT),5.0,0,1,06,"USDA FAS PS&D (Production, Supply & Distribution)",https://apps.fas.usda.gov/psdonline/downloads/
"Oil, Palm",United States,1998,Feed Waste Dom. Cons.,(1000 MT),5.0,0,1,08,"USDA FAS PS&D (Production, Supply & Distribution)",https://apps.fas.usda.gov/psdonline/downloads/
"Oil, Palm",United States,1999,Feed Waste Dom. Cons.,(1000 MT),5.0,0,1,06,"USDA FAS PS&D (Production, Supply & Distribution)",https://apps.fas.usda.gov/psdonline/downloads/
"Oil, Palm",United States,2000,Feed Waste Dom. Cons.,(1000 MT),7.0,0,1,06,"USDA FAS PS&D (Production, Supply & Distribution)",https://apps.fas.usda.gov/psdonline/downloads/
"Oil, Palm",United States,2001,Feed Waste Dom. Cons.,(1000 MT),7.0,0,1,06,"USDA FAS PS&D (Production, Supply & Distribution)",https://apps.fas.usda.gov/psdonline/downloads/
"Oil, Palm",United States,2002,Feed Waste Dom. Cons.,(1000 MT),4.0,0,1,06,"USDA FAS PS&D (Production, Supply & Distribution)",https://apps.fas.usda.gov/psdonline/downloads/
"Oil, Palm",United States,2003,Feed Waste Dom. Cons.,(1000 MT),6.0,0,1,12,"USDA FAS PS&D (Production, Supply & Distribution)",https://apps.fas.usda.gov/psdonline/downloads/
"Oil, Palm",United States,2004,Feed Waste Dom. Cons.,(1000 MT),6.0,0,1,08,"USDA FAS PS&D (Production, Supply & Distribution)",https://apps.fas.usda.gov/psdonline/downloads/
"Oil, Palm",United States,2005,Feed Waste Dom. Cons.,(1000 MT),8.0,0,1,08,"USDA FAS PS&D (Production, Supply & Distribution)",https://apps.fas.usda.gov/psdonline/downloads/
"Oil, Palm",United States,2006,Feed Waste Dom. Cons.,(1000 MT),9.0,0,1,05,"USDA FAS PS&D (Production, Supply & Distribution)",https://apps.fas.usda.gov/psdonline/downloads/
"Oil, Palm",United States,2007,Feed Waste Dom. Cons.,(1000 MT),0.0,0,1,08,"USDA FAS PS&D (Production, Supply & Distribution)",https://apps.fas.usda.gov/psdonline/downloads/
"Oil, Palm",United States,2008,Feed Waste Dom. Cons.,(1000 MT),0.0,0,1,08,"USDA FAS PS&D (Production, Supply & Distribution)",https://apps.fas.usda.gov/psdonline/downloads/
"Oil, Palm",United States,2009,Feed Waste Dom. Cons.,(1000 MT),0.0,0,1,08,"USDA FAS PS&D (Production, Supply & Distribution)",https://apps.fas.usda.gov/psdonline/downloads/
"Oil, Palm",United States,2010,Feed Waste Dom. Cons.,(1000 MT),0.0,0,1,04,"USDA FAS PS&D (Production, Supply & Distribution)",https://apps.fas.usda.gov/psdonline/downloads/
"Oil, Palm",United States,2011,Feed Waste Dom. Cons.,(1000 MT),0.0,0,1,08,"USDA FAS PS&D (Production, Supply & Distribution)",https://apps.fas.usda.gov/psdonline/downloads/
"Oil, Palm",United States,2012,Feed Waste Dom. Cons.,(1000 MT),0.0,0,1,07,"USDA FAS PS&D (Production, Supply & Distribution)",https://apps.fas.usda.gov/psdonline/downloads/
"Oil, Palm",United States,2013,Feed Waste Dom. Cons.,(1000 MT),0.0,0,1,07,"USDA FAS PS&D (Production, Supply & Distribution)",https://apps.fas.usda.gov/psdonline/downloads/
"Oil, Palm",United States,2014,Feed Waste Dom. Cons.,(1000 MT),0.0,0,1,10,"USDA FAS PS&D (Production, Supply & Distribution)",https://apps.fas.usda.gov/psdonline/downloads/
"Oil, Palm",United States,2015,Feed Waste Dom. Cons.,(1000 MT),0.0,0,1,07,"USDA FAS PS&D (Production, Supply & Distribution)",https://apps.fas.usda.gov/psdonline/downloads/
"Oil, Palm",United States,2016,Feed Waste Dom. Cons.,(1000 MT),0.0,0,1,10,"USDA FAS PS&D (Production, Supply & Distribution)",https://apps.fas.usda.gov/psdonline/downloads/
"Oil, Palm",United States,2017,Feed Waste Dom. Cons.,(1000 MT),0.0,0,1,07,"USDA FAS PS&D (Production, Supply & Distribution)",https://apps.fas.usda.gov/psdonline/downloads/
"Oil, Palm",United States,2018,Feed Waste Dom. Cons.,(1000 MT),0.0,0,1,07,"USDA FAS PS&D (Production, Supply & Distribution)",https://apps.fas.usda.gov/psdonline/downloads/
"Oil, Palm",United States,2019,Feed Waste Dom. Cons.,(1000 MT),0.0,0,1,04,"USDA FAS PS&D (Production, Supply & Distribution)",https://apps.fas.usda.gov/psdonline/downloads/
"Oil, Palm",United States,2020,Feed Waste Dom. Cons.,(1000 MT),0.0,0,1,04,"USDA FAS PS&D (Production, Supply & Distribution)",https://apps.fas.usda.gov/psdonline/downloads/
"Oil, Palm",United States,2021,Feed Waste Dom. Cons.,(1000 MT),0.0,0,1,04,"USDA FAS PS&D (Production, Supply & Distribution)",https://apps.fas.usda.gov/psdonline/downloads/
"Oil, Palm",United States,2022,Feed Waste Dom. Cons.,(1000 MT),0.0,0,1,04,"USDA FAS PS&D (Production, Supply & Distribution)",https://apps.fas.usda.gov/psdonline/downloads/
"Oil, Palm",United States,2023,Feed Waste Dom. Cons.,(1000 MT),0.0,0,1,04,"USDA FAS PS&D (Production, Supply & Distribution)",https://apps.fas.usda.gov/psdonline/downloads/
"Oil, Palm",United States,2024,Feed Waste Dom. Cons.,(1000 MT),0.0,0,1,04,"USDA FAS PS&D (Production, Supply & Distribution)",https://apps.fas.usda.gov/psdonline/downloads/
"Oil, Palm",United States,2025,Feed Waste Dom. Cons.,(1000 MT),0.0,0,1,05,"USDA FAS PS&D (Production, Supply & Distribution)",https://apps.fas.usda.gov/psdonline/downloads/
"Oil, Palm",United States,2026,Feed Waste Dom. Cons.,(1000 MT),0.0,0,1,06,"USDA FAS PS&D (Production, Supply & Distribution)",https://apps.fas.usda.gov/psdonline/downloads/
"Oil, Palm",United States,1965,Food Use Dom. Cons.,(1000 MT),23.0,0,1,06,"USDA FAS PS&D (Production, Supply & Distribution)",https://apps.fas.usda.gov/psdonline/downloads/
"Oil, Palm",United States,1966,Food Use Dom. Cons.,(1000 MT),37.0,0,1,06,"USDA FAS PS&D (Production, Supply & Distribution)",https://apps.fas.usda.gov/psdonline/downloads/
"Oil, Palm",United States,1967,Food Use Dom. Cons.,(1000 MT),41.0,0,1,06,"USDA FAS PS&D (Production, Supply & Distribution)",https://apps.fas.usda.gov/psdonline/downloads/
"Oil, Palm",United States,1968,Food Use Dom. Cons.,(1000 MT),69.0,0,1,06,"USDA FAS PS&D (Production, Supply & Distribution)",https://apps.fas.usda.gov/psdonline/downloads/
"Oil, Palm",United States,1969,Food Use Dom. Cons.,(1000 MT),61.0,0,1,06,"USDA FAS PS&D (Production, Supply & Distribution)",https://apps.fas.usda.gov/psdonline/downloads/
"Oil, Palm",United States,1970,Food Use Dom. Cons.,(1000 MT),99.0,0,1,06,"USDA FAS PS&D (Production, Supply & Distribution)",https://apps.fas.usda.gov/psdonline/downloads/
"Oil, Palm",United States,1971,Food Use Dom. Cons.,(1000 MT),0.0,0,1,06,"USDA FAS PS&D (Production, Supply & Distribution)",https://apps.fas.usda.gov/psdonline/downloads/
"Oil, Palm",United States,1972,Food Use Dom. Cons.,(1000 MT),0.0,0,1,06,"USDA FAS PS&D (Production, Supply & Distribution)",https://apps.fas.usda.gov/psdonline/downloads/
"Oil, Palm",United States,1973,Food Use Dom. Cons.,(1000 MT),0.0,0,1,06,"USDA FAS PS&D (Production, Supply & Distribution)",https://apps.fas.usda.gov/psdonline/downloads/
"Oil, Palm",United States,1974,Food Use Dom. Cons.,(1000 MT),409.0,0,1,06,"USDA FAS PS&D (Production, Supply & Distribution)",https://apps.fas.usda.gov/psdonline/downloads/
"Oil, Palm",United States,1975,Food Use Dom. Cons.,(1000 MT),341.0,0,1,06,"USDA FAS PS&D (Production, Supply & Distribution)",https://apps.fas.usda.gov/psdonline/downloads/
"Oil, Palm",United States,1976,Food Use Dom. Cons.,(1000 MT),295.0,0,1,06,"USDA FAS PS&D (Production, Supply & Distribution)",https://apps.fas.usda.gov/psdonline/downloads/
"Oil, Palm",United States,1977,Food Use Dom. Cons.,(1000 MT),158.0,0,1,06,"USDA FAS PS&D (Production, Supply & Distribution)",https://apps.fas.usda.gov/psdonline/downloads/
"Oil, Palm",United States,1978,Food Use Dom. Cons.,(1000 MT),133.0,0,1,06,"USDA FAS PS&D (Production, Supply & Distribution)",https://apps.fas.usda.gov/psdonline/downloads/
"Oil, Palm",United States,1979,Food Use Dom. Cons.,(1000 MT),87.0,0,1,06,"USDA FAS PS&D (Production, Supply & Distribution)",https://apps.fas.usda.gov/psdonline/downloads/
"Oil, Palm",United States,1980,Food Use Dom. Cons.,(1000 MT),123.0,0,1,06,"USDA FAS PS&D (Production, Supply & Distribution)",https://apps.fas.usda.gov/psdonline/downloads/
"Oil, Palm",United States,1981,Food Use Dom. Cons.,(1000 MT),80.0,0,1,06,"USDA FAS PS&D (Production, Supply & Distribution)",https://apps.fas.usda.gov/psdonline/downloads/
"Oil, Palm",United States,1982,Food Use Dom. Cons.,(1000 MT),113.0,0,1,06,"USDA FAS PS&D (Production, Supply & Distribution)",https://apps.fas.usda.gov/psdonline/downloads/
"Oil, Palm",United States,1983,Food Use Dom. Cons.,(1000 MT),152.0,0,1,06,"USDA FAS PS&D (Production, Supply & Distribution)",https://apps.fas.usda.gov/psdonline/downloads/
"Oil, Palm",United States,1984,Food Use Dom. Cons.,(1000 MT),143.0,0,1,06,"USDA FAS PS&D (Production, Supply & Distribution)",https://apps.fas.usda.gov/psdonline/downloads/
"Oil, Palm",United States,1985,Food Use Dom. Cons.,(1000 MT),233.0,0,1,06,"USDA FAS PS&D (Production, Supply & Distribution)",https://apps.fas.usda.gov/psdonline/downloads/
"Oil, Palm",United States,1986,Food Use Dom. Cons.,(1000 MT),126.0,0,1,06,"USDA FAS PS&D (Production, Supply & Distribution)",https://apps.fas.usda.gov/psdonline/downloads/
"Oil, Palm",United States,1987,Food Use Dom. Cons.,(1000 MT),90.0,0,1,06,"USDA FAS PS&D (Production, Supply & Distribution)",https://apps.fas.usda.gov/psdonline/downloads/
"Oil, Palm",United States,1988,Food Use Dom. Cons.,(1000 MT),93.0,0,1,06,"USDA FAS PS&D (Production, Supply & Distribution)",https://apps.fas.usda.gov/psdonline/downloads/
"Oil, Palm",United States,1989,Food Use Dom. Cons.,(1000 MT),80.0,0,1,06,"USDA FAS PS&D (Production, Supply & Distribution)",https://apps.fas.usda.gov/psdonline/downloads/
"Oil, Palm",United States,1990,Food Use Dom. Cons.,(1000 MT),81.0,0,1,06,"USDA FAS PS&D (Production, Supply & Distribution)",https://apps.fas.usda.gov/psdonline/downloads/
"Oil, Palm",United States,1991,Food Use Dom. Cons.,(1000 MT),71.0,0,1,06,"USDA FAS PS&D (Production, Supply & Distribution)",https://apps.fas.usda.gov/psdonline/downloads/
"Oil, Palm",United States,1992,Food Use Dom. Cons.,(1000 MT),85.0,0,1,06,"USDA FAS PS&D (Production, Supply & Distribution)",https://apps.fas.usda.gov/psdonline/downloads/
"Oil, Palm",United States,1993,Food Use Dom. Cons.,(1000 MT),146.0,0,1,06,"USDA FAS PS&D (Production, Supply & Distribution)",https://apps.fas.usda.gov/psdonline/downloads/
"Oil, Palm",United States,1994,Food Use Dom. Cons.,(1000 MT),85.0,0,1,06,"USDA FAS PS&D (Production, Supply & Distribution)",https://apps.fas.usda.gov/psdonline/downloads/
"Oil, Palm",United States,1995,Food Use Dom. Cons.,(1000 MT),73.0,0,1,06,"USDA FAS PS&D (Production, Supply & Distribution)",https://apps.fas.usda.gov/psdonline/downloads/
"Oil, Palm",United States,1996,Food Use Dom. Cons.,(1000 MT),103.0,0,1,06,"USDA FAS PS&D (Production, Supply & Distribution)",https://apps.fas.usda.gov/psdonline/downloads/
"Oil, Palm",United States,1997,Food Use Dom. Cons.,(1000 MT),84.0,0,1,06,"USDA FAS PS&D (Production, Supply & Distribution)",https://apps.fas.usda.gov/psdonline/downloads/
"Oil, Palm",United States,1998,Food Use Dom. Cons.,(1000 MT),72.0,0,1,08,"USDA FAS PS&D (Production, Supply & Distribution)",https://apps.fas.usda.gov/psdonline/downloads/
"Oil, Palm",United States,1999,Food Use Dom. Cons.,(1000 MT),124.0,0,1,06,"USDA FAS PS&D (Production, Supply & Distribution)",https://apps.fas.usda.gov/psdonline/downloads/
"Oil, Palm",United States,2000,Food Use Dom. Cons.,(1000 MT),152.0,0,1,06,"USDA FAS PS&D (Production, Supply & Distribution)",https://apps.fas.usda.gov/psdonline/downloads/
"Oil, Palm",United States,2001,Food Use Dom. Cons.,(1000 MT),196.0,0,1,06,"USDA FAS PS&D (Production, Supply & Distribution)",https://apps.fas.usda.gov/psdonline/downloads/
"Oil, Palm",United States,2002,Food Use Dom. Cons.,(1000 MT),154.0,0,1,06,"USDA FAS PS&D (Production, Supply & Distribution)",https://apps.fas.usda.gov/psdonline/downloads/
"Oil, Palm",United States,2003,Food Use Dom. Cons.,(1000 MT),212.0,0,1,12,"USDA FAS PS&D (Production, Supply & Distribution)",https://apps.fas.usda.gov/psdonline/downloads/
"Oil, Palm",United States,2004,Food Use Dom. Cons.,(1000 MT),301.0,0,1,08,"USDA FAS PS&D (Production, Supply & Distribution)",https://apps.fas.usda.gov/psdonline/downloads/
"Oil, Palm",United States,2005,Food Use Dom. Cons.,(1000 MT),531.0,0,1,08,"USDA FAS PS&D (Production, Supply & Distribution)",https://apps.fas.usda.gov/psdonline/downloads/
"Oil, Palm",United States,2006,Food Use Dom. Cons.,(1000 MT),600.0,0,1,05,"USDA FAS PS&D (Production, Supply & Distribution)",https://apps.fas.usda.gov/psdonline/downloads/
"Oil, Palm",United States,2007,Food Use Dom. Cons.,(1000 MT),878.0,0,1,08,"USDA FAS PS&D (Production, Supply & Distribution)",https://apps.fas.usda.gov/psdonline/downloads/
"Oil, Palm",United States,2008,Food Use Dom. Cons.,(1000 MT),870.0,0,1,08,"USDA FAS PS&D (Production, Supply & Distribution)",https://apps.fas.usda.gov/psdonline/downloads/
"Oil, Palm",United States,2009,Food Use Dom. Cons.,(1000 MT),858.0,0,1,08,"USDA FAS PS&D (Production, Supply & Distribution)",https://apps.fas.usda.gov/psdonline/downloads/
"Oil, Palm",United States,2010,Food Use Dom. Cons.,(1000 MT),852.0,0,1,04,"USDA FAS PS&D (Production, Supply & Distribution)",https://apps.fas.usda.gov/psdonline/downloads/
"Oil, Palm",United States,2011,Food Use Dom. Cons.,(1000 MT),938.0,0,1,08,"USDA FAS PS&D (Production, Supply & Distribution)",https://apps.fas.usda.gov/psdonline/downloads/
"Oil, Palm",United States,2012,Food Use Dom. Cons.,(1000 MT),1013.0,0,1,07,"USDA FAS PS&D (Production, Supply & Distribution)",https://apps.fas.usda.gov/psdonline/downloads/
"Oil, Palm",United States,2013,Food Use Dom. Cons.,(1000 MT),932.0,0,1,07,"USDA FAS PS&D (Production, Supply & Distribution)",https://apps.fas.usda.gov/psdonline/downloads/
"Oil, Palm",United States,2014,Food Use Dom. Cons.,(1000 MT),817.0,0,1,10,"USDA FAS PS&D (Production, Supply & Distribution)",https://apps.fas.usda.gov/psdonline/downloads/
"Oil, Palm",United States,2015,Food Use Dom. Cons.,(1000 MT),994.0,0,1,07,"USDA FAS PS&D (Production, Supply & Distribution)",https://apps.fas.usda.gov/psdonline/downloads/
"Oil, Palm",United States,2016,Food Use Dom. Cons.,(1000 MT),1080.0,0,1,10,"USDA FAS PS&D (Production, Supply & Distribution)",https://apps.fas.usda.gov/psdonline/downloads/
"Oil, Palm",United States,2017,Food Use Dom. Cons.,(1000 MT),1288.0,0,1,07,"USDA FAS PS&D (Production, Supply & Distribution)",https://apps.fas.usda.gov/psdonline/downloads/
"Oil, Palm",United States,2018,Food Use Dom. Cons.,(1000 MT),1221.0,0,1,07,"USDA FAS PS&D (Production, Supply & Distribution)",https://apps.fas.usda.gov/psdonline/downloads/
"Oil, Palm",United States,2019,Food Use Dom. Cons.,(1000 MT),1208.0,0,1,04,"USDA FAS PS&D (Production, Supply & Distribution)",https://apps.fas.usda.gov/psdonline/downloads/
"Oil, Palm",United States,2020,Food Use Dom. Cons.,(1000 MT),1323.0,0,1,04,"USDA FAS PS&D (Production, Supply & Distribution)",https://apps.fas.usda.gov/psdonline/downloads/
"Oil, Palm",United States,2021,Food Use Dom. Cons.,(1000 MT),1286.0,0,1,04,"USDA FAS PS&D (Production, Supply & Distribution)",https://apps.fas.usda.gov/psdonline/downloads/
"Oil, Palm",United States,2022,Food Use Dom. Cons.,(1000 MT),1600.0,0,1,04,"USDA FAS PS&D (Production, Supply & Distribution)",https://apps.fas.usda.gov/psdonline/downloads/
"Oil, Palm",United States,2023,Food Use Dom. Cons.,(1000 MT),1619.0,0,1,04,"USDA FAS PS&D (Production, Supply & Distribution)",https://apps.fas.usda.gov/psdonline/downloads/
"Oil, Palm",United States,2024,Food Use Dom. Cons.,(1000 MT),1249.0,0,1,04,"USDA FAS PS&D (Production, Supply & Distribution)",https://apps.fas.usda.gov/psdonline/downloads/
"Oil, Palm",United States,2025,Food Use Dom. Cons.,(1000 MT),1197.0,0,1,05,"USDA FAS PS&D (Production, Supply & Distribution)",https://apps.fas.usda.gov/psdonline/downloads/
"Oil, Palm",United States,2026,Food Use Dom. Cons.,(1000 MT),1513.0,0,1,06,"USDA FAS PS&D (Production, Supply & Distribution)",https://apps.fas.usda.gov/psdonline/downloads/
"Oil, Palm",United States,1965,Imports,(1000 MT),34.0,0,1,06,"USDA FAS PS&D (Production, Supply & Distribution)",https://apps.fas.usda.gov/psdonline/downloads/
"Oil, Palm",United States,1966,Imports,(1000 MT),29.0,0,1,06,"USDA FAS PS&D (Production, Supply & Distribution)",https://apps.fas.usda.gov/psdonline/downloads/
"Oil, Palm",United States,1967,Imports,(1000 MT),47.0,0,1,06,"USDA FAS PS&D (Production, Supply & Distribution)",https://apps.fas.usda.gov/psdonline/downloads/
"Oil, Palm",United States,1968,Imports,(1000 MT),72.0,0,1,06,"USDA FAS PS&D (Production, Supply & Distribution)",https://apps.fas.usda.gov/psdonline/downloads/
"Oil, Palm",United States,1969,Imports,(1000 MT),64.0,0,1,06,"USDA FAS PS&D (Production, Supply & Distribution)",https://apps.fas.usda.gov/psdonline/downloads/
"Oil, Palm",United States,1970,Imports,(1000 MT),98.0,0,1,06,"USDA FAS PS&D (Production, Supply & Distribution)",https://apps.fas.usda.gov/psdonline/downloads/
"Oil, Palm",United States,1971,Imports,(1000 MT),196.0,0,1,06,"USDA FAS PS&D (Production, Supply & Distribution)",https://apps.fas.usda.gov/psdonline/downloads/
"Oil, Palm",United States,1972,Imports,(1000 MT),177.0,0,1,06,"USDA FAS PS&D (Production, Supply & Distribution)",https://apps.fas.usda.gov/psdonline/downloads/
"Oil, Palm",United States,1973,Imports,(1000 MT),187.0,0,1,06,"USDA FAS PS&D (Production, Supply & Distribution)",https://apps.fas.usda.gov/psdonline/downloads/
"Oil, Palm",United States,1974,Imports,(1000 MT),436.0,0,1,06,"USDA FAS PS&D (Production, Supply & Distribution)",https://apps.fas.usda.gov/psdonline/downloads/
"Oil, Palm",United States,1975,Imports,(1000 MT),352.0,0,1,06,"USDA FAS PS&D (Production, Supply & Distribution)",https://apps.fas.usda.gov/psdonline/downloads/
"Oil, Palm",United States,1976,Imports,(1000 MT),250.0,0,1,06,"USDA FAS PS&D (Production, Supply & Distribution)",https://apps.fas.usda.gov/psdonline/downloads/
"Oil, Palm",United States,1977,Imports,(1000 MT),146.0,0,1,06,"USDA FAS PS&D (Production, Supply & Distribution)",https://apps.fas.usda.gov/psdonline/downloads/
"Oil, Palm",United States,1978,Imports,(1000 MT),142.0,0,1,06,"USDA FAS PS&D (Production, Supply & Distribution)",https://apps.fas.usda.gov/psdonline/downloads/
"Oil, Palm",United States,1979,Imports,(1000 MT),96.0,0,1,06,"USDA FAS PS&D (Production, Supply & Distribution)",https://apps.fas.usda.gov/psdonline/downloads/
"Oil, Palm",United States,1980,Imports,(1000 MT),147.0,0,1,06,"USDA FAS PS&D (Production, Supply & Distribution)",https://apps.fas.usda.gov/psdonline/downloads/
"Oil, Palm",United States,1981,Imports,(1000 MT),99.0,0,1,06,"USDA FAS PS&D (Production, Supply & Distribution)",https://apps.fas.usda.gov/psdonline/downloads/
"Oil, Palm",United States,1982,Imports,(1000 MT),140.0,0,1,06,"USDA FAS PS&D (Production, Supply & Distribution)",https://apps.fas.usda.gov/psdonline/downloads/
"Oil, Palm",United States,1983,Imports,(1000 MT),168.0,0,1,06,"USDA FAS PS&D (Production, Supply & Distribution)",https://apps.fas.usda.gov/psdonline/downloads/
"Oil, Palm",United States,1984,Imports,(1000 MT),169.0,0,1,06,"USDA FAS PS&D (Production, Supply & Distribution)",https://apps.fas.usda.gov/psdonline/downloads/
"Oil, Palm",United States,1985,Imports,(1000 MT),277.0,0,1,06,"USDA FAS PS&D (Production, Supply & Distribution)",https://apps.fas.usda.gov/psdonline/downloads/
"Oil, Palm",United States,1986,Imports,(1000 MT),215.0,0,1,06,"USDA FAS PS&D (Production, Supply & Distribution)",https://apps.fas.usda.gov/psdonline/downloads/
"Oil, Palm",United States,1987,Imports,(1000 MT),164.0,0,1,06,"USDA FAS PS&D (Production, Supply & Distribution)",https://apps.fas.usda.gov/psdonline/downloads/
"Oil, Palm",United States,1988,Imports,(1000 MT),135.0,0,1,06,"USDA FAS PS&D (Production, Supply & Distribution)",https://apps.fas.usda.gov/psdonline/downloads/
"Oil, Palm",United States,1989,Imports,(1000 MT),113.0,0,1,06,"USDA FAS PS&D (Production, Supply & Distribution)",https://apps.fas.usda.gov/psdonline/downloads/
"Oil, Palm",United States,1990,Imports,(1000 MT),129.0,0,1,06,"USDA FAS PS&D (Production, Supply & Distribution)",https://apps.fas.usda.gov/psdonline/downloads/
"Oil, Palm",United States,1991,Imports,(1000 MT),100.0,0,1,06,"USDA FAS PS&D (Production, Supply & Distribution)",https://apps.fas.usda.gov/psdonline/downloads/
"Oil, Palm",United States,1992,Imports,(1000 MT),121.0,0,1,06,"USDA FAS PS&D (Production, Supply & Distribution)",https://apps.fas.usda.gov/psdonline/downloads/
"Oil, Palm",United States,1993,Imports,(1000 MT),167.0,0,1,06,"USDA FAS PS&D (Production, Supply & Distribution)",https://apps.fas.usda.gov/psdonline/downloads/
"Oil, Palm",United States,1994,Imports,(1000 MT),99.0,0,1,06,"USDA FAS PS&D (Production, Supply & Distribution)",https://apps.fas.usda.gov/psdonline/downloads/
"Oil, Palm",United States,1995,Imports,(1000 MT),107.0,0,1,06,"USDA FAS PS&D (Production, Supply & Distribution)",https://apps.fas.usda.gov/psdonline/downloads/
"Oil, Palm",United States,1996,Imports,(1000 MT),146.0,0,1,06,"USDA FAS PS&D (Production, Supply & Distribution)",https://apps.fas.usda.gov/psdonline/downloads/
"Oil, Palm",United States,1997,Imports,(1000 MT),128.0,0,1,06,"USDA FAS PS&D (Production, Supply & Distribution)",https://apps.fas.usda.gov/psdonline/downloads/
"Oil, Palm",United States,1998,Imports,(1000 MT),125.0,0,1,08,"USDA FAS PS&D (Production, Supply & Distribution)",https://apps.fas.usda.gov/psdonline/downloads/
"Oil, Palm",United States,1999,Imports,(1000 MT),157.0,0,1,06,"USDA FAS PS&D (Production, Supply & Distribution)",https://apps.fas.usda.gov/psdonline/downloads/
"Oil, Palm",United States,2000,Imports,(1000 MT),182.0,0,1,06,"USDA FAS PS&D (Production, Supply & Distribution)",https://apps.fas.usda.gov/psdonline/downloads/
"Oil, Palm",United States,2001,Imports,(1000 MT),215.0,0,1,06,"USDA FAS PS&D (Production, Supply & Distribution)",https://apps.fas.usda.gov/psdonline/downloads/
"Oil, Palm",United States,2002,Imports,(1000 MT),174.0,0,1,06,"USDA FAS PS&D (Production, Supply & Distribution)",https://apps.fas.usda.gov/psdonline/downloads/
"Oil, Palm",United States,2003,Imports,(1000 MT),281.0,0,1,12,"USDA FAS PS&D (Production, Supply & Distribution)",https://apps.fas.usda.gov/psdonline/downloads/
"Oil, Palm",United States,2004,Imports,(1000 MT),349.0,0,1,08,"USDA FAS PS&D (Production, Supply & Distribution)",https://apps.fas.usda.gov/psdonline/downloads/
"Oil, Palm",United States,2005,Imports,(1000 MT),596.0,0,1,08,"USDA FAS PS&D (Production, Supply & Distribution)",https://apps.fas.usda.gov/psdonline/downloads/
"Oil, Palm",United States,2006,Imports,(1000 MT),702.0,0,1,05,"USDA FAS PS&D (Production, Supply & Distribution)",https://apps.fas.usda.gov/psdonline/downloads/
"Oil, Palm",United States,2007,Imports,(1000 MT),952.0,0,1,08,"USDA FAS PS&D (Production, Supply & Distribution)",https://apps.fas.usda.gov/psdonline/downloads/
"Oil, Palm",United States,2008,Imports,(1000 MT),1036.0,0,1,08,"USDA FAS PS&D (Production, Supply & Distribution)",https://apps.fas.usda.gov/psdonline/downloads/
"Oil, Palm",United States,2009,Imports,(1000 MT),994.0,0,1,08,"USDA FAS PS&D (Production, Supply & Distribution)",https://apps.fas.usda.gov/psdonline/downloads/
"Oil, Palm",United States,2010,Imports,(1000 MT),980.0,0,1,04,"USDA FAS PS&D (Production, Supply & Distribution)",https://apps.fas.usda.gov/psdonline/downloads/
"Oil, Palm",United States,2011,Imports,(1000 MT),1032.0,0,1,08,"USDA FAS PS&D (Production, Supply & Distribution)",https://apps.fas.usda.gov/psdonline/downloads/
"Oil, Palm",United States,2012,Imports,(1000 MT),1293.0,0,1,07,"USDA FAS PS&D (Production, Supply & Distribution)",https://apps.fas.usda.gov/psdonline/downloads/
"Oil, Palm",United States,2013,Imports,(1000 MT),1220.0,0,1,07,"USDA FAS PS&D (Production, Supply & Distribution)",https://apps.fas.usda.gov/psdonline/downloads/
"Oil, Palm",United States,2014,Imports,(1000 MT),1143.0,0,1,10,"USDA FAS PS&D (Production, Supply & Distribution)",https://apps.fas.usda.gov/psdonline/downloads/
"Oil, Palm",United States,2015,Imports,(1000 MT),1307.0,0,1,07,"USDA FAS PS&D (Production, Supply & Distribution)",https://apps.fas.usda.gov/psdonline/downloads/
"Oil, Palm",United States,2016,Imports,(1000 MT),1367.0,0,1,10,"USDA FAS PS&D (Production, Supply & Distribution)",https://apps.fas.usda.gov/psdonline/downloads/
"Oil, Palm",United States,2017,Imports,(1000 MT),1527.0,0,1,07,"USDA FAS PS&D (Production, Supply & Distribution)",https://apps.fas.usda.gov/psdonline/downloads/
"Oil, Palm",United States,2018,Imports,(1000 MT),1526.0,0,1,07,"USDA FAS PS&D (Production, Supply & Distribution)",https://apps.fas.usda.gov/psdonline/downloads/
"Oil, Palm",United States,2019,Imports,(1000 MT),1503.0,0,1,04,"USDA FAS PS&D (Production, Supply & Distribution)",https://apps.fas.usda.gov/psdonline/downloads/
"Oil, Palm",United States,2020,Imports,(1000 MT),1576.0,0,1,04,"USDA FAS PS&D (Production, Supply & Distribution)",https://apps.fas.usda.gov/psdonline/downloads/
"Oil, Palm",United States,2021,Imports,(1000 MT),1588.0,0,1,04,"USDA FAS PS&D (Production, Supply & Distribution)",https://apps.fas.usda.gov/psdonline/downloads/
"Oil, Palm",United States,2022,Imports,(1000 MT),1887.0,0,1,04,"USDA FAS PS&D (Production, Supply & Distribution)",https://apps.fas.usda.gov/psdonline/downloads/
"Oil, Palm",United States,2023,Imports,(1000 MT),1864.0,0,1,04,"USDA FAS PS&D (Production, Supply & Distribution)",https://apps.fas.usda.gov/psdonline/downloads/
"Oil, Palm",United States,2024,Imports,(1000 MT),1541.0,0,1,04,"USDA FAS PS&D (Production, Supply & Distribution)",https://apps.fas.usda.gov/psdonline/downloads/
"Oil, Palm",United States,2025,Imports,(1000 MT),1500.0,0,1,05,"USDA FAS PS&D (Production, Supply & Distribution)",https://apps.fas.usda.gov/psdonline/downloads/
"Oil, Palm",United States,2026,Imports,(1000 MT),1800.0,0,1,06,"USDA FAS PS&D (Production, Supply & Distribution)",https://apps.fas.usda.gov/psdonline/downloads/
"Oil, Palm",United States,1965,Industrial Dom. Cons.,(1000 MT),0.0,0,1,06,"USDA FAS PS&D (Production, Supply & Distribution)",https://apps.fas.usda.gov/psdonline/downloads/
"Oil, Palm",United States,1966,Industrial Dom. Cons.,(1000 MT),0.0,0,1,06,"USDA FAS PS&D (Production, Supply & Distribution)",https://apps.fas.usda.gov/psdonline/downloads/
"Oil, Palm",United States,1967,Industrial Dom. Cons.,(1000 MT),0.0,0,1,06,"USDA FAS PS&D (Production, Supply & Distribution)",https://apps.fas.usda.gov/psdonline/downloads/
"Oil, Palm",United States,1968,Industrial Dom. Cons.,(1000 MT),0.0,0,1,06,"USDA FAS PS&D (Production, Supply & Distribution)",https://apps.fas.usda.gov/psdonline/downloads/
"Oil, Palm",United States,1969,Industrial Dom. Cons.,(1000 MT),0.0,0,1,06,"USDA FAS PS&D (Production, Supply & Distribution)",https://apps.fas.usda.gov/psdonline/downloads/
"Oil, Palm",United States,1970,Industrial Dom. Cons.,(1000 MT),0.0,0,1,06,"USDA FAS PS&D (Production, Supply & Distribution)",https://apps.fas.usda.gov/psdonline/downloads/
"Oil, Palm",United States,1971,Industrial Dom. Cons.,(1000 MT),172.0,0,1,06,"USDA FAS PS&D (Production, Supply & Distribution)",https://apps.fas.usda.gov/psdonline/downloads/
"Oil, Palm",United States,1972,Industrial Dom. Cons.,(1000 MT),193.0,0,1,06,"USDA FAS PS&D (Production, Supply & Distribution)",https://apps.fas.usda.gov/psdonline/downloads/
"Oil, Palm",United States,1973,Industrial Dom. Cons.,(1000 MT),166.0,0,1,06,"USDA FAS PS&D (Production, Supply & Distribution)",https://apps.fas.usda.gov/psdonline/downloads/
"Oil, Palm",United States,1974,Industrial Dom. Cons.,(1000 MT),0.0,0,1,06,"USDA FAS PS&D (Production, Supply & Distribution)",https://apps.fas.usda.gov/psdonline/downloads/
"Oil, Palm",United States,1975,Industrial Dom. Cons.,(1000 MT),0.0,0,1,06,"USDA FAS PS&D (Production, Supply & Distribution)",https://apps.fas.usda.gov/psdonline/downloads/
"Oil, Palm",United States,1976,Industrial Dom. Cons.,(1000 MT),0.0,0,1,06,"USDA FAS PS&D (Production, Supply & Distribution)",https://apps.fas.usda.gov/psdonline/downloads/
"Oil, Palm",United States,1977,Industrial Dom. Cons.,(1000 MT),0.0,0,1,06,"USDA FAS PS&D (Production, Supply & Distribution)",https://apps.fas.usda.gov/psdonline/downloads/
"Oil, Palm",United States,1978,Industrial Dom. Cons.,(1000 MT),0.0,0,1,06,"USDA FAS PS&D (Production, Supply & Distribution)",https://apps.fas.usda.gov/psdonline/downloads/
"Oil, Palm",United States,1979,Industrial Dom. Cons.,(1000 MT),13.0,0,1,06,"USDA FAS PS&D (Production, Supply & Distribution)",https://apps.fas.usda.gov/psdonline/downloads/
"Oil, Palm",United States,1980,Industrial Dom. Cons.,(1000 MT),13.0,0,1,06,"USDA FAS PS&D (Production, Supply & Distribution)",https://apps.fas.usda.gov/psdonline/downloads/
"Oil, Palm",United States,1981,Industrial Dom. Cons.,(1000 MT),19.0,0,1,06,"USDA FAS PS&D (Production, Supply & Distribution)",https://apps.fas.usda.gov/psdonline/downloads/
"Oil, Palm",United States,1982,Industrial Dom. Cons.,(1000 MT),15.0,0,1,06,"USDA FAS PS&D (Production, Supply & Distribution)",https://apps.fas.usda.gov/psdonline/downloads/
"Oil, Palm",United States,1983,Industrial Dom. Cons.,(1000 MT),11.0,0,1,06,"USDA FAS PS&D (Production, Supply & Distribution)",https://apps.fas.usda.gov/psdonline/downloads/
"Oil, Palm",United States,1984,Industrial Dom. Cons.,(1000 MT),14.0,0,1,06,"USDA FAS PS&D (Production, Supply & Distribution)",https://apps.fas.usda.gov/psdonline/downloads/
"Oil, Palm",United States,1985,Industrial Dom. Cons.,(1000 MT),20.0,0,1,06,"USDA FAS PS&D (Production, Supply & Distribution)",https://apps.fas.usda.gov/psdonline/downloads/
"Oil, Palm",United States,1986,Industrial Dom. Cons.,(1000 MT),18.0,0,1,06,"USDA FAS PS&D (Production, Supply & Distribution)",https://apps.fas.usda.gov/psdonline/downloads/
"Oil, Palm",United States,1987,Industrial Dom. Cons.,(1000 MT),20.0,0,1,06,"USDA FAS PS&D (Production, Supply & Distribution)",https://apps.fas.usda.gov/psdonline/downloads/
"Oil, Palm",United States,1988,Industrial Dom. Cons.,(1000 MT),18.0,0,1,06,"USDA FAS PS&D (Production, Supply & Distribution)",https://apps.fas.usda.gov/psdonline/downloads/
"Oil, Palm",United States,1989,Industrial Dom. Cons.,(1000 MT),16.0,0,1,06,"USDA FAS PS&D (Production, Supply & Distribution)",https://apps.fas.usda.gov/psdonline/downloads/
"Oil, Palm",United States,1990,Industrial Dom. Cons.,(1000 MT),15.0,0,1,06,"USDA FAS PS&D (Production, Supply & Distribution)",https://apps.fas.usda.gov/psdonline/downloads/
"Oil, Palm",United States,1991,Industrial Dom. Cons.,(1000 MT),14.0,0,1,06,"USDA FAS PS&D (Production, Supply & Distribution)",https://apps.fas.usda.gov/psdonline/downloads/
"Oil, Palm",United States,1992,Industrial Dom. Cons.,(1000 MT),17.0,0,1,06,"USDA FAS PS&D (Production, Supply & Distribution)",https://apps.fas.usda.gov/psdonline/downloads/
"Oil, Palm",United States,1993,Industrial Dom. Cons.,(1000 MT),14.0,0,1,06,"USDA FAS PS&D (Production, Supply & Distribution)",https://apps.fas.usda.gov/psdonline/downloads/
"Oil, Palm",United States,1994,Industrial Dom. Cons.,(1000 MT),14.0,0,1,06,"USDA FAS PS&D (Production, Supply & Distribution)",https://apps.fas.usda.gov/psdonline/downloads/
"Oil, Palm",United States,1995,Industrial Dom. Cons.,(1000 MT),15.0,0,1,06,"USDA FAS PS&D (Production, Supply & Distribution)",https://apps.fas.usda.gov/psdonline/downloads/
"Oil, Palm",United States,1996,Industrial Dom. Cons.,(1000 MT),27.0,0,1,06,"USDA FAS PS&D (Production, Supply & Distribution)",https://apps.fas.usda.gov/psdonline/downloads/
"Oil, Palm",United States,1997,Industrial Dom. Cons.,(1000 MT),39.0,0,1,06,"USDA FAS PS&D (Production, Supply & Distribution)",https://apps.fas.usda.gov/psdonline/downloads/
"Oil, Palm",United States,1998,Industrial Dom. Cons.,(1000 MT),38.0,0,1,08,"USDA FAS PS&D (Production, Supply & Distribution)",https://apps.fas.usda.gov/psdonline/downloads/
"Oil, Palm",United States,1999,Industrial Dom. Cons.,(1000 MT),21.0,0,1,06,"USDA FAS PS&D (Production, Supply & Distribution)",https://apps.fas.usda.gov/psdonline/downloads/
"Oil, Palm",United States,2000,Industrial Dom. Cons.,(1000 MT),16.0,0,1,06,"USDA FAS PS&D (Production, Supply & Distribution)",https://apps.fas.usda.gov/psdonline/downloads/
"Oil, Palm",United States,2001,Industrial Dom. Cons.,(1000 MT),12.0,0,1,06,"USDA FAS PS&D (Production, Supply & Distribution)",https://apps.fas.usda.gov/psdonline/downloads/
"Oil, Palm",United States,2002,Industrial Dom. Cons.,(1000 MT),13.0,0,1,06,"USDA FAS PS&D (Production, Supply & Distribution)",https://apps.fas.usda.gov/psdonline/downloads/
"Oil, Palm",United States,2003,Industrial Dom. Cons.,(1000 MT),15.0,0,1,12,"USDA FAS PS&D (Production, Supply & Distribution)",https://apps.fas.usda.gov/psdonline/downloads/
"Oil, Palm",United States,2004,Industrial Dom. Cons.,(1000 MT),21.0,0,1,08,"USDA FAS PS&D (Production, Supply & Distribution)",https://apps.fas.usda.gov/psdonline/downloads/
"Oil, Palm",United States,2005,Industrial Dom. Cons.,(1000 MT),25.0,0,1,08,"USDA FAS PS&D (Production, Supply & Distribution)",https://apps.fas.usda.gov/psdonline/downloads/
"Oil, Palm",United States,2006,Industrial Dom. Cons.,(1000 MT),54.0,0,1,05,"USDA FAS PS&D (Production, Supply & Distribution)",https://apps.fas.usda.gov/psdonline/downloads/
"Oil, Palm",United States,2007,Industrial Dom. Cons.,(1000 MT),70.0,0,1,08,"USDA FAS PS&D (Production, Supply & Distribution)",https://apps.fas.usda.gov/psdonline/downloads/
"Oil, Palm",United States,2008,Industrial Dom. Cons.,(1000 MT),89.0,0,1,08,"USDA FAS PS&D (Production, Supply & Distribution)",https://apps.fas.usda.gov/psdonline/downloads/
"Oil, Palm",United States,2009,Industrial Dom. Cons.,(1000 MT),99.0,0,1,08,"USDA FAS PS&D (Production, Supply & Distribution)",https://apps.fas.usda.gov/psdonline/downloads/
"Oil, Palm",United States,2010,Industrial Dom. Cons.,(1000 MT),105.0,0,1,04,"USDA FAS PS&D (Production, Supply & Distribution)",https://apps.fas.usda.gov/psdonline/downloads/
"Oil, Palm",United States,2011,Industrial Dom. Cons.,(1000 MT),105.0,0,1,08,"USDA FAS PS&D (Production, Supply & Distribution)",https://apps.fas.usda.gov/psdonline/downloads/
"Oil, Palm",United States,2012,Industrial Dom. Cons.,(1000 MT),225.0,0,1,07,"USDA FAS PS&D (Production, Supply & Distribution)",https://apps.fas.usda.gov/psdonline/downloads/
"Oil, Palm",United States,2013,Industrial Dom. Cons.,(1000 MT),275.0,0,1,07,"USDA FAS PS&D (Production, Supply & Distribution)",https://apps.fas.usda.gov/psdonline/downloads/
"Oil, Palm",United States,2014,Industrial Dom. Cons.,(1000 MT),275.0,0,1,10,"USDA FAS PS&D (Production, Supply & Distribution)",https://apps.fas.usda.gov/psdonline/downloads/
"Oil, Palm",United States,2015,Industrial Dom. Cons.,(1000 MT),275.0,0,1,07,"USDA FAS PS&D (Production, Supply & Distribution)",https://apps.fas.usda.gov/psdonline/downloads/
"Oil, Palm",United States,2016,Industrial Dom. Cons.,(1000 MT),275.0,0,1,10,"USDA FAS PS&D (Production, Supply & Distribution)",https://apps.fas.usda.gov/psdonline/downloads/
"Oil, Palm",United States,2017,Industrial Dom. Cons.,(1000 MT),275.0,0,1,07,"USDA FAS PS&D (Production, Supply & Distribution)",https://apps.fas.usda.gov/psdonline/downloads/
"Oil, Palm",United States,2018,Industrial Dom. Cons.,(1000 MT),275.0,0,1,07,"USDA FAS PS&D (Production, Supply & Distribution)",https://apps.fas.usda.gov/psdonline/downloads/
"Oil, Palm",United States,2019,Industrial Dom. Cons.,(1000 MT),275.0,0,1,04,"USDA FAS PS&D (Production, Supply & Distribution)",https://apps.fas.usda.gov/psdonline/downloads/
"Oil, Palm",United States,2020,Industrial Dom. Cons.,(1000 MT),275.0,0,1,04,"USDA FAS PS&D (Production, Supply & Distribution)",https://apps.fas.usda.gov/psdonline/downloads/
"Oil, Palm",United States,2021,Industrial Dom. Cons.,(1000 MT),275.0,0,1,04,"USDA FAS PS&D (Production, Supply & Distribution)",https://apps.fas.usda.gov/psdonline/downloads/
"Oil, Palm",United States,2022,Industrial Dom. Cons.,(1000 MT),275.0,0,1,04,"USDA FAS PS&D (Production, Supply & Distribution)",https://apps.fas.usda.gov/psdonline/downloads/
"Oil, Palm",United States,2023,Industrial Dom. Cons.,(1000 MT),275.0,0,1,04,"USDA FAS PS&D (Production, Supply & Distribution)",https://apps.fas.usda.gov/psdonline/downloads/
"Oil, Palm",United States,2024,Industrial Dom. Cons.,(1000 MT),275.0,0,1,04,"USDA FAS PS&D (Production, Supply & Distribution)",https://apps.fas.usda.gov/psdonline/downloads/
"Oil, Palm",United States,2025,Industrial Dom. Cons.,(1000 MT),275.0,0,1,05,"USDA FAS PS&D (Production, Supply & Distribution)",https://apps.fas.usda.gov/psdonline/downloads/
"Oil, Palm",United States,2026,Industrial Dom. Cons.,(1000 MT),275.0,0,1,06,"USDA FAS PS&D (Production, Supply & Distribution)",https://apps.fas.usda.gov/psdonline/downloads/
"Oil, Palm",United States,1965,Production,(1000 MT),0.0,0,1,06,"USDA FAS PS&D (Production, Supply & Distribution)",https://apps.fas.usda.gov/psdonline/downloads/
"Oil, Palm",United States,1966,Production,(1000 MT),0.0,0,1,06,"USDA FAS PS&D (Production, Supply & Distribution)",https://apps.fas.usda.gov/psdonline/downloads/
"Oil, Palm",United States,1967,Production,(1000 MT),0.0,0,1,06,"USDA FAS PS&D (Production, Supply & Distribution)",https://apps.fas.usda.gov/psdonline/downloads/
"Oil, Palm",United States,1968,Production,(1000 MT),0.0,0,1,06,"USDA FAS PS&D (Production, Supply & Distribution)",https://apps.fas.usda.gov/psdonline/downloads/
"Oil, Palm",United States,1969,Production,(1000 MT),0.0,0,1,06,"USDA FAS PS&D (Production, Supply & Distribution)",https://apps.fas.usda.gov/psdonline/downloads/
"Oil, Palm",United States,1970,Production,(1000 MT),0.0,0,1,06,"USDA FAS PS&D (Production, Supply & Distribution)",https://apps.fas.usda.gov/psdonline/downloads/
"Oil, Palm",United States,1971,Production,(1000 MT),0.0,0,1,06,"USDA FAS PS&D (Production, Supply & Distribution)",https://apps.fas.usda.gov/psdonline/downloads/
"Oil, Palm",United States,1972,Production,(1000 MT),0.0,0,1,06,"USDA FAS PS&D (Production, Supply & Distribution)",https://apps.fas.usda.gov/psdonline/downloads/
"Oil, Palm",United States,1973,Production,(1000 MT),0.0,0,1,06,"USDA FAS PS&D (Production, Supply & Distribution)",https://apps.fas.usda.gov/psdonline/downloads/
"Oil, Palm",United States,1974,Production,(1000 MT),0.0,0,1,06,"USDA FAS PS&D (Production, Supply & Distribution)",https://apps.fas.usda.gov/psdonline/downloads/
"Oil, Palm",United States,1975,Production,(1000 MT),0.0,0,1,06,"USDA FAS PS&D (Production, Supply & Distribution)",https://apps.fas.usda.gov/psdonline/downloads/
"Oil, Palm",United States,1976,Production,(1000 MT),0.0,0,1,06,"USDA FAS PS&D (Production, Supply & Distribution)",https://apps.fas.usda.gov/psdonline/downloads/
"Oil, Palm",United States,1977,Production,(1000 MT),0.0,0,1,06,"USDA FAS PS&D (Production, Supply & Distribution)",https://apps.fas.usda.gov/psdonline/downloads/
"Oil, Palm",United States,1978,Production,(1000 MT),0.0,0,1,06,"USDA FAS PS&D (Production, Supply & Distribution)",https://apps.fas.usda.gov/psdonline/downloads/
"Oil, Palm",United States,1979,Production,(1000 MT),0.0,0,1,06,"USDA FAS PS&D (Production, Supply & Distribution)",https://apps.fas.usda.gov/psdonline/downloads/
"Oil, Palm",United States,1980,Production,(1000 MT),0.0,0,1,06,"USDA FAS PS&D (Production, Supply & Distribution)",https://apps.fas.usda.gov/psdonline/downloads/
"Oil, Palm",United States,1981,Production,(1000 MT),0.0,0,1,06,"USDA FAS PS&D (Production, Supply & Distribution)",https://apps.fas.usda.gov/psdonline/downloads/
"Oil, Palm",United States,1982,Production,(1000 MT),0.0,0,1,06,"USDA FAS PS&D (Production, Supply & Distribution)",https://apps.fas.usda.gov/psdonline/downloads/
"Oil, Palm",United States,1983,Production,(1000 MT),0.0,0,1,06,"USDA FAS PS&D (Production, Supply & Distribution)",https://apps.fas.usda.gov/psdonline/downloads/
"Oil, Palm",United States,1984,Production,(1000 MT),0.0,0,1,06,"USDA FAS PS&D (Production, Supply & Distribution)",https://apps.fas.usda.gov/psdonline/downloads/
"Oil, Palm",United States,1985,Production,(1000 MT),0.0,0,1,06,"USDA FAS PS&D (Production, Supply & Distribution)",https://apps.fas.usda.gov/psdonline/downloads/
"Oil, Palm",United States,1986,Production,(1000 MT),0.0,0,1,06,"USDA FAS PS&D (Production, Supply & Distribution)",https://apps.fas.usda.gov/psdonline/downloads/
"Oil, Palm",United States,1987,Production,(1000 MT),0.0,0,1,06,"USDA FAS PS&D (Production, Supply & Distribution)",https://apps.fas.usda.gov/psdonline/downloads/
"Oil, Palm",United States,1988,Production,(1000 MT),0.0,0,1,06,"USDA FAS PS&D (Production, Supply & Distribution)",https://apps.fas.usda.gov/psdonline/downloads/
"Oil, Palm",United States,1989,Production,(1000 MT),0.0,0,1,06,"USDA FAS PS&D (Production, Supply & Distribution)",https://apps.fas.usda.gov/psdonline/downloads/
"Oil, Palm",United States,1990,Production,(1000 MT),0.0,0,1,06,"USDA FAS PS&D (Production, Supply & Distribution)",https://apps.fas.usda.gov/psdonline/downloads/
"Oil, Palm",United States,1991,Production,(1000 MT),0.0,0,1,06,"USDA FAS PS&D (Production, Supply & Distribution)",https://apps.fas.usda.gov/psdonline/downloads/
"Oil, Palm",United States,1992,Production,(1000 MT),0.0,0,1,06,"USDA FAS PS&D (Production, Supply & Distribution)",https://apps.fas.usda.gov/psdonline/downloads/
"Oil, Palm",United States,1993,Production,(1000 MT),0.0,0,1,06,"USDA FAS PS&D (Production, Supply & Distribution)",https://apps.fas.usda.gov/psdonline/downloads/
"Oil, Palm",United States,1994,Production,(1000 MT),0.0,0,1,06,"USDA FAS PS&D (Production, Supply & Distribution)",https://apps.fas.usda.gov/psdonline/downloads/
"Oil, Palm",United States,1995,Production,(1000 MT),0.0,0,1,06,"USDA FAS PS&D (Production, Supply & Distribution)",https://apps.fas.usda.gov/psdonline/downloads/
"Oil, Palm",United States,1996,Production,(1000 MT),0.0,0,1,06,"USDA FAS PS&D (Production, Supply & Distribution)",https://apps.fas.usda.gov/psdonline/downloads/
"Oil, Palm",United States,1997,Production,(1000 MT),0.0,0,1,06,"USDA FAS PS&D (Production, Supply & Distribution)",https://apps.fas.usda.gov/psdonline/downloads/
"Oil, Palm",United States,1998,Production,(1000 MT),0.0,0,1,08,"USDA FAS PS&D (Production, Supply & Distribution)",https://apps.fas.usda.gov/psdonline/downloads/
"Oil, Palm",United States,1999,Production,(1000 MT),0.0,0,1,06,"USDA FAS PS&D (Production, Supply & Distribution)",https://apps.fas.usda.gov/psdonline/downloads/
"Oil, Palm",United States,2000,Production,(1000 MT),0.0,0,1,06,"USDA FAS PS&D (Production, Supply & Distribution)",https://apps.fas.usda.gov/psdonline/downloads/
"Oil, Palm",United States,2001,Production,(1000 MT),0.0,0,1,06,"USDA FAS PS&D (Production, Supply & Distribution)",https://apps.fas.usda.gov/psdonline/downloads/
"Oil, Palm",United States,2002,Production,(1000 MT),0.0,0,1,06,"USDA FAS PS&D (Production, Supply & Distribution)",https://apps.fas.usda.gov/psdonline/downloads/
"Oil, Palm",United States,2003,Production,(1000 MT),0.0,0,1,12,"USDA FAS PS&D (Production, Supply & Distribution)",https://apps.fas.usda.gov/psdonline/downloads/
"Oil, Palm",United States,2004,Production,(1000 MT),0.0,0,1,08,"USDA FAS PS&D (Production, Supply & Distribution)",https://apps.fas.usda.gov/psdonline/downloads/
"Oil, Palm",United States,2005,Production,(1000 MT),0.0,0,1,08,"USDA FAS PS&D (Production, Supply & Distribution)",https://apps.fas.usda.gov/psdonline/downloads/
"Oil, Palm",United States,2006,Production,(1000 MT),0.0,0,1,05,"USDA FAS PS&D (Production, Supply & Distribution)",https://apps.fas.usda.gov/psdonline/downloads/
"Oil, Palm",United States,2007,Production,(1000 MT),0.0,0,1,08,"USDA FAS PS&D (Production, Supply & Distribution)",https://apps.fas.usda.gov/psdonline/downloads/
"Oil, Palm",United States,2008,Production,(1000 MT),0.0,0,1,08,"USDA FAS PS&D (Production, Supply & Distribution)",https://apps.fas.usda.gov/psdonline/downloads/
"Oil, Palm",United States,2009,Production,(1000 MT),0.0,0,1,08,"USDA FAS PS&D (Production, Supply & Distribution)",https://apps.fas.usda.gov/psdonline/downloads/
"Oil, Palm",United States,2010,Production,(1000 MT),0.0,0,1,04,"USDA FAS PS&D (Production, Supply & Distribution)",https://apps.fas.usda.gov/psdonline/downloads/
"Oil, Palm",United States,2011,Production,(1000 MT),0.0,0,1,08,"USDA FAS PS&D (Production, Supply & Distribution)",https://apps.fas.usda.gov/psdonline/downloads/
"Oil, Palm",United States,2012,Production,(1000 MT),0.0,0,1,07,"USDA FAS PS&D (Production, Supply & Distribution)",https://apps.fas.usda.gov/psdonline/downloads/
"Oil, Palm",United States,2013,Production,(1000 MT),0.0,0,1,07,"USDA FAS PS&D (Production, Supply & Distribution)",https://apps.fas.usda.gov/psdonline/downloads/
"Oil, Palm",United States,2014,Production,(1000 MT),0.0,0,1,10,"USDA FAS PS&D (Production, Supply & Distribution)",https://apps.fas.usda.gov/psdonline/downloads/
"Oil, Palm",United States,2015,Production,(1000 MT),0.0,0,1,07,"USDA FAS PS&D (Production, Supply & Distribution)",https://apps.fas.usda.gov/psdonline/downloads/
"Oil, Palm",United States,2016,Production,(1000 MT),0.0,0,1,10,"USDA FAS PS&D (Production, Supply & Distribution)",https://apps.fas.usda.gov/psdonline/downloads/
"Oil, Palm",United States,2017,Production,(1000 MT),0.0,0,1,07,"USDA FAS PS&D (Production, Supply & Distribution)",https://apps.fas.usda.gov/psdonline/downloads/
"Oil, Palm",United States,2018,Production,(1000 MT),0.0,0,1,07,"USDA FAS PS&D (Production, Supply & Distribution)",https://apps.fas.usda.gov/psdonline/downloads/
"Oil, Palm",United States,2019,Production,(1000 MT),0.0,0,1,04,"USDA FAS PS&D (Production, Supply & Distribution)",https://apps.fas.usda.gov/psdonline/downloads/
"Oil, Palm",United States,2020,Production,(1000 MT),0.0,0,1,04,"USDA FAS PS&D (Production, Supply & Distribution)",https://apps.fas.usda.gov/psdonline/downloads/
"Oil, Palm",United States,2021,Production,(1000 MT),0.0,0,1,04,"USDA FAS PS&D (Production, Supply & Distribution)",https://apps.fas.usda.gov/psdonline/downloads/
"Oil, Palm",United States,2022,Production,(1000 MT),0.0,0,1,04,"USDA FAS PS&D (Production, Supply & Distribution)",https://apps.fas.usda.gov/psdonline/downloads/
"Oil, Palm",United States,2023,Production,(1000 MT),0.0,0,1,04,"USDA FAS PS&D (Production, Supply & Distribution)",https://apps.fas.usda.gov/psdonline/downloads/
"Oil, Palm",United States,2024,Production,(1000 MT),0.0,0,1,04,"USDA FAS PS&D (Production, Supply & Distribution)",https://apps.fas.usda.gov/psdonline/downloads/
"Oil, Palm",United States,2025,Production,(1000 MT),0.0,0,1,05,"USDA FAS PS&D (Production, Supply & Distribution)",https://apps.fas.usda.gov/psdonline/downloads/
"Oil, Palm",United States,2026,Production,(1000 MT),0.0,0,1,06,"USDA FAS PS&D (Production, Supply & Distribution)",https://apps.fas.usda.gov/psdonline/downloads/
"Oil, Palm",United States,1965,Total Distribution,(1000 MT),38.0,0,1,06,"USDA FAS PS&D (Production, Supply & Distribution)",https://apps.fas.usda.gov/psdonline/downloads/
"Oil, Palm",United States,1966,Total Distribution,(1000 MT),44.0,0,1,06,"USDA FAS PS&D (Production, Supply & Distribution)",https://apps.fas.usda.gov/psdonline/downloads/
"Oil, Palm",United States,1967,Total Distribution,(1000 MT),54.0,0,1,06,"USDA FAS PS&D (Production, Supply & Distribution)",https://apps.fas.usda.gov/psdonline/downloads/
"Oil, Palm",United States,1968,Total Distribution,(1000 MT),85.0,0,1,06,"USDA FAS PS&D (Production, Supply & Distribution)",https://apps.fas.usda.gov/psdonline/downloads/
"Oil, Palm",United States,1969,Total Distribution,(1000 MT),80.0,0,1,06,"USDA FAS PS&D (Production, Supply & Distribution)",https://apps.fas.usda.gov/psdonline/downloads/
"Oil, Palm",United States,1970,Total Distribution,(1000 MT),117.0,0,1,06,"USDA FAS PS&D (Production, Supply & Distribution)",https://apps.fas.usda.gov/psdonline/downloads/
"Oil, Palm",United States,1971,Total Distribution,(1000 MT),214.0,0,1,06,"USDA FAS PS&D (Production, Supply & Distribution)",https://apps.fas.usda.gov/psdonline/downloads/
"Oil, Palm",United States,1972,Total Distribution,(1000 MT),219.0,0,1,06,"USDA FAS PS&D (Production, Supply & Distribution)",https://apps.fas.usda.gov/psdonline/downloads/
"Oil, Palm",United States,1973,Total Distribution,(1000 MT),213.0,0,1,06,"USDA FAS PS&D (Production, Supply & Distribution)",https://apps.fas.usda.gov/psdonline/downloads/
"Oil, Palm",United States,1974,Total Distribution,(1000 MT),483.0,0,1,06,"USDA FAS PS&D (Production, Supply & Distribution)",https://apps.fas.usda.gov/psdonline/downloads/
"Oil, Palm",United States,1975,Total Distribution,(1000 MT),426.0,0,1,06,"USDA FAS PS&D (Production, Supply & Distribution)",https://apps.fas.usda.gov/psdonline/downloads/
"Oil, Palm",United States,1976,Total Distribution,(1000 MT),335.0,0,1,06,"USDA FAS PS&D (Production, Supply & Distribution)",https://apps.fas.usda.gov/psdonline/downloads/
"Oil, Palm",United States,1977,Total Distribution,(1000 MT),186.0,0,1,06,"USDA FAS PS&D (Production, Supply & Distribution)",https://apps.fas.usda.gov/psdonline/downloads/
"Oil, Palm",United States,1978,Total Distribution,(1000 MT),170.0,0,1,06,"USDA FAS PS&D (Production, Supply & Distribution)",https://apps.fas.usda.gov/psdonline/downloads/
"Oil, Palm",United States,1979,Total Distribution,(1000 MT),129.0,0,1,06,"USDA FAS PS&D (Production, Supply & Distribution)",https://apps.fas.usda.gov/psdonline/downloads/
"Oil, Palm",United States,1980,Total Distribution,(1000 MT),166.0,0,1,06,"USDA FAS PS&D (Production, Supply & Distribution)",https://apps.fas.usda.gov/psdonline/downloads/
"Oil, Palm",United States,1981,Total Distribution,(1000 MT),125.0,0,1,06,"USDA FAS PS&D (Production, Supply & Distribution)",https://apps.fas.usda.gov/psdonline/downloads/
"Oil, Palm",United States,1982,Total Distribution,(1000 MT),161.0,0,1,06,"USDA FAS PS&D (Production, Supply & Distribution)",https://apps.fas.usda.gov/psdonline/downloads/
"Oil, Palm",United States,1983,Total Distribution,(1000 MT),199.0,0,1,06,"USDA FAS PS&D (Production, Supply & Distribution)",https://apps.fas.usda.gov/psdonline/downloads/
"Oil, Palm",United States,1984,Total Distribution,(1000 MT),192.0,0,1,06,"USDA FAS PS&D (Production, Supply & Distribution)",https://apps.fas.usda.gov/psdonline/downloads/
"Oil, Palm",United States,1985,Total Distribution,(1000 MT),301.0,0,1,06,"USDA FAS PS&D (Production, Supply & Distribution)",https://apps.fas.usda.gov/psdonline/downloads/
"Oil, Palm",United States,1986,Total Distribution,(1000 MT),248.0,0,1,06,"USDA FAS PS&D (Production, Supply & Distribution)",https://apps.fas.usda.gov/psdonline/downloads/
"Oil, Palm",United States,1987,Total Distribution,(1000 MT),182.0,0,1,06,"USDA FAS PS&D (Production, Supply & Distribution)",https://apps.fas.usda.gov/psdonline/downloads/
"Oil, Palm",United States,1988,Total Distribution,(1000 MT),162.0,0,1,06,"USDA FAS PS&D (Production, Supply & Distribution)",https://apps.fas.usda.gov/psdonline/downloads/
"Oil, Palm",United States,1989,Total Distribution,(1000 MT),130.0,0,1,06,"USDA FAS PS&D (Production, Supply & Distribution)",https://apps.fas.usda.gov/psdonline/downloads/
"Oil, Palm",United States,1990,Total Distribution,(1000 MT),142.0,0,1,06,"USDA FAS PS&D (Production, Supply & Distribution)",https://apps.fas.usda.gov/psdonline/downloads/
"Oil, Palm",United States,1991,Total Distribution,(1000 MT),124.0,0,1,06,"USDA FAS PS&D (Production, Supply & Distribution)",https://apps.fas.usda.gov/psdonline/downloads/
"Oil, Palm",United States,1992,Total Distribution,(1000 MT),141.0,0,1,06,"USDA FAS PS&D (Production, Supply & Distribution)",https://apps.fas.usda.gov/psdonline/downloads/
"Oil, Palm",United States,1993,Total Distribution,(1000 MT),182.0,0,1,06,"USDA FAS PS&D (Production, Supply & Distribution)",https://apps.fas.usda.gov/psdonline/downloads/
"Oil, Palm",United States,1994,Total Distribution,(1000 MT),115.0,0,1,06,"USDA FAS PS&D (Production, Supply & Distribution)",https://apps.fas.usda.gov/psdonline/downloads/
"Oil, Palm",United States,1995,Total Distribution,(1000 MT),114.0,0,1,06,"USDA FAS PS&D (Production, Supply & Distribution)",https://apps.fas.usda.gov/psdonline/downloads/
"Oil, Palm",United States,1996,Total Distribution,(1000 MT),160.0,0,1,06,"USDA FAS PS&D (Production, Supply & Distribution)",https://apps.fas.usda.gov/psdonline/downloads/
"Oil, Palm",United States,1997,Total Distribution,(1000 MT),149.0,0,1,06,"USDA FAS PS&D (Production, Supply & Distribution)",https://apps.fas.usda.gov/psdonline/downloads/
"Oil, Palm",United States,1998,Total Distribution,(1000 MT),141.0,0,1,08,"USDA FAS PS&D (Production, Supply & Distribution)",https://apps.fas.usda.gov/psdonline/downloads/
"Oil, Palm",United States,1999,Total Distribution,(1000 MT),178.0,0,1,06,"USDA FAS PS&D (Production, Supply & Distribution)",https://apps.fas.usda.gov/psdonline/downloads/
"Oil, Palm",United States,2000,Total Distribution,(1000 MT),208.0,0,1,06,"USDA FAS PS&D (Production, Supply & Distribution)",https://apps.fas.usda.gov/psdonline/downloads/
"Oil, Palm",United States,2001,Total Distribution,(1000 MT),243.0,0,1,06,"USDA FAS PS&D (Production, Supply & Distribution)",https://apps.fas.usda.gov/psdonline/downloads/
"Oil, Palm",United States,2002,Total Distribution,(1000 MT),198.0,0,1,06,"USDA FAS PS&D (Production, Supply & Distribution)",https://apps.fas.usda.gov/psdonline/downloads/
"Oil, Palm",United States,2003,Total Distribution,(1000 MT),303.0,0,1,12,"USDA FAS PS&D (Production, Supply & Distribution)",https://apps.fas.usda.gov/psdonline/downloads/
"Oil, Palm",United States,2004,Total Distribution,(1000 MT),413.0,0,1,08,"USDA FAS PS&D (Production, Supply & Distribution)",https://apps.fas.usda.gov/psdonline/downloads/
"Oil, Palm",United States,2005,Total Distribution,(1000 MT),672.0,0,1,08,"USDA FAS PS&D (Production, Supply & Distribution)",https://apps.fas.usda.gov/psdonline/downloads/
"Oil, Palm",United States,2006,Total Distribution,(1000 MT),796.0,0,1,05,"USDA FAS PS&D (Production, Supply & Distribution)",https://apps.fas.usda.gov/psdonline/downloads/
"Oil, Palm",United States,2007,Total Distribution,(1000 MT),1043.0,0,1,08,"USDA FAS PS&D (Production, Supply & Distribution)",https://apps.fas.usda.gov/psdonline/downloads/
"Oil, Palm",United States,2008,Total Distribution,(1000 MT),1109.0,0,1,08,"USDA FAS PS&D (Production, Supply & Distribution)",https://apps.fas.usda.gov/psdonline/downloads/
"Oil, Palm",United States,2009,Total Distribution,(1000 MT),1124.0,0,1,08,"USDA FAS PS&D (Production, Supply & Distribution)",https://apps.fas.usda.gov/psdonline/downloads/
"Oil, Palm",United States,2010,Total Distribution,(1000 MT),1131.0,0,1,04,"USDA FAS PS&D (Production, Supply & Distribution)",https://apps.fas.usda.gov/psdonline/downloads/
"Oil, Palm",United States,2011,Total Distribution,(1000 MT),1179.0,0,1,08,"USDA FAS PS&D (Production, Supply & Distribution)",https://apps.fas.usda.gov/psdonline/downloads/
"Oil, Palm",United States,2012,Total Distribution,(1000 MT),1411.0,0,1,07,"USDA FAS PS&D (Production, Supply & Distribution)",https://apps.fas.usda.gov/psdonline/downloads/
"Oil, Palm",United States,2013,Total Distribution,(1000 MT),1356.0,0,1,07,"USDA FAS PS&D (Production, Supply & Distribution)",https://apps.fas.usda.gov/psdonline/downloads/
"Oil, Palm",United States,2014,Total Distribution,(1000 MT),1279.0,0,1,10,"USDA FAS PS&D (Production, Supply & Distribution)",https://apps.fas.usda.gov/psdonline/downloads/
"Oil, Palm",United States,2015,Total Distribution,(1000 MT),1472.0,0,1,07,"USDA FAS PS&D (Production, Supply & Distribution)",https://apps.fas.usda.gov/psdonline/downloads/
"Oil, Palm",United States,2016,Total Distribution,(1000 MT),1556.0,0,1,10,"USDA FAS PS&D (Production, Supply & Distribution)",https://apps.fas.usda.gov/psdonline/downloads/
"Oil, Palm",United States,2017,Total Distribution,(1000 MT),1711.0,0,1,07,"USDA FAS PS&D (Production, Supply & Distribution)",https://apps.fas.usda.gov/psdonline/downloads/
"Oil, Palm",United States,2018,Total Distribution,(1000 MT),1658.0,0,1,07,"USDA FAS PS&D (Production, Supply & Distribution)",https://apps.fas.usda.gov/psdonline/downloads/
"Oil, Palm",United States,2019,Total Distribution,(1000 MT),1659.0,0,1,04,"USDA FAS PS&D (Production, Supply & Distribution)",https://apps.fas.usda.gov/psdonline/downloads/
"Oil, Palm",United States,2020,Total Distribution,(1000 MT),1747.0,0,1,04,"USDA FAS PS&D (Production, Supply & Distribution)",https://apps.fas.usda.gov/psdonline/downloads/
"Oil, Palm",United States,2021,Total Distribution,(1000 MT),1730.0,0,1,04,"USDA FAS PS&D (Production, Supply & Distribution)",https://apps.fas.usda.gov/psdonline/downloads/
"Oil, Palm",United States,2022,Total Distribution,(1000 MT),2047.0,0,1,04,"USDA FAS PS&D (Production, Supply & Distribution)",https://apps.fas.usda.gov/psdonline/downloads/
"Oil, Palm",United States,2023,Total Distribution,(1000 MT),2025.0,0,1,04,"USDA FAS PS&D (Production, Supply & Distribution)",https://apps.fas.usda.gov/psdonline/downloads/
"Oil, Palm",United States,2024,Total Distribution,(1000 MT),1657.0,0,1,04,"USDA FAS PS&D (Production, Supply & Distribution)",https://apps.fas.usda.gov/psdonline/downloads/
"Oil, Palm",United States,2025,Total Distribution,(1000 MT),1620.0,0,1,05,"USDA FAS PS&D (Production, Supply & Distribution)",https://apps.fas.usda.gov/psdonline/downloads/
"Oil, Palm",United States,2026,Total Distribution,(1000 MT),1936.0,0,1,06,"USDA FAS PS&D (Production, Supply & Distribution)",https://apps.fas.usda.gov/psdonline/downloads/
"Oil, Palm",United States,1965,Total Supply,(1000 MT),38.0,0,1,06,"USDA FAS PS&D (Production, Supply & Distribution)",https://apps.fas.usda.gov/psdonline/downloads/
"Oil, Palm",United States,1966,Total Supply,(1000 MT),44.0,0,1,06,"USDA FAS PS&D (Production, Supply & Distribution)",https://apps.fas.usda.gov/psdonline/downloads/
"Oil, Palm",United States,1967,Total Supply,(1000 MT),54.0,0,1,06,"USDA FAS PS&D (Production, Supply & Distribution)",https://apps.fas.usda.gov/psdonline/downloads/
"Oil, Palm",United States,1968,Total Supply,(1000 MT),85.0,0,1,06,"USDA FAS PS&D (Production, Supply & Distribution)",https://apps.fas.usda.gov/psdonline/downloads/
"Oil, Palm",United States,1969,Total Supply,(1000 MT),80.0,0,1,06,"USDA FAS PS&D (Production, Supply & Distribution)",https://apps.fas.usda.gov/psdonline/downloads/
"Oil, Palm",United States,1970,Total Supply,(1000 MT),117.0,0,1,06,"USDA FAS PS&D (Production, Supply & Distribution)",https://apps.fas.usda.gov/psdonline/downloads/
"Oil, Palm",United States,1971,Total Supply,(1000 MT),214.0,0,1,06,"USDA FAS PS&D (Production, Supply & Distribution)",https://apps.fas.usda.gov/psdonline/downloads/
"Oil, Palm",United States,1972,Total Supply,(1000 MT),219.0,0,1,06,"USDA FAS PS&D (Production, Supply & Distribution)",https://apps.fas.usda.gov/psdonline/downloads/
"Oil, Palm",United States,1973,Total Supply,(1000 MT),213.0,0,1,06,"USDA FAS PS&D (Production, Supply & Distribution)",https://apps.fas.usda.gov/psdonline/downloads/
"Oil, Palm",United States,1974,Total Supply,(1000 MT),483.0,0,1,06,"USDA FAS PS&D (Production, Supply & Distribution)",https://apps.fas.usda.gov/psdonline/downloads/
"Oil, Palm",United States,1975,Total Supply,(1000 MT),426.0,0,1,06,"USDA FAS PS&D (Production, Supply & Distribution)",https://apps.fas.usda.gov/psdonline/downloads/
"Oil, Palm",United States,1976,Total Supply,(1000 MT),335.0,0,1,06,"USDA FAS PS&D (Production, Supply & Distribution)",https://apps.fas.usda.gov/psdonline/downloads/
"Oil, Palm",United States,1977,Total Supply,(1000 MT),186.0,0,1,06,"USDA FAS PS&D (Production, Supply & Distribution)",https://apps.fas.usda.gov/psdonline/downloads/
"Oil, Palm",United States,1978,Total Supply,(1000 MT),170.0,0,1,06,"USDA FAS PS&D (Production, Supply & Distribution)",https://apps.fas.usda.gov/psdonline/downloads/
"Oil, Palm",United States,1979,Total Supply,(1000 MT),129.0,0,1,06,"USDA FAS PS&D (Production, Supply & Distribution)",https://apps.fas.usda.gov/psdonline/downloads/
"Oil, Palm",United States,1980,Total Supply,(1000 MT),166.0,0,1,06,"USDA FAS PS&D (Production, Supply & Distribution)",https://apps.fas.usda.gov/psdonline/downloads/
"Oil, Palm",United States,1981,Total Supply,(1000 MT),125.0,0,1,06,"USDA FAS PS&D (Production, Supply & Distribution)",https://apps.fas.usda.gov/psdonline/downloads/
"Oil, Palm",United States,1982,Total Supply,(1000 MT),161.0,0,1,06,"USDA FAS PS&D (Production, Supply & Distribution)",https://apps.fas.usda.gov/psdonline/downloads/
"Oil, Palm",United States,1983,Total Supply,(1000 MT),199.0,0,1,06,"USDA FAS PS&D (Production, Supply & Distribution)",https://apps.fas.usda.gov/psdonline/downloads/
"Oil, Palm",United States,1984,Total Supply,(1000 MT),192.0,0,1,06,"USDA FAS PS&D (Production, Supply & Distribution)",https://apps.fas.usda.gov/psdonline/downloads/
"Oil, Palm",United States,1985,Total Supply,(1000 MT),301.0,0,1,06,"USDA FAS PS&D (Production, Supply & Distribution)",https://apps.fas.usda.gov/psdonline/downloads/
"Oil, Palm",United States,1986,Total Supply,(1000 MT),248.0,0,1,06,"USDA FAS PS&D (Production, Supply & Distribution)",https://apps.fas.usda.gov/psdonline/downloads/
"Oil, Palm",United States,1987,Total Supply,(1000 MT),182.0,0,1,06,"USDA FAS PS&D (Production, Supply & Distribution)",https://apps.fas.usda.gov/psdonline/downloads/
"Oil, Palm",United States,1988,Total Supply,(1000 MT),162.0,0,1,06,"USDA FAS PS&D (Production, Supply & Distribution)",https://apps.fas.usda.gov/psdonline/downloads/
"Oil, Palm",United States,1989,Total Supply,(1000 MT),130.0,0,1,06,"USDA FAS PS&D (Production, Supply & Distribution)",https://apps.fas.usda.gov/psdonline/downloads/
"Oil, Palm",United States,1990,Total Supply,(1000 MT),142.0,0,1,06,"USDA FAS PS&D (Production, Supply & Distribution)",https://apps.fas.usda.gov/psdonline/downloads/
"Oil, Palm",United States,1991,Total Supply,(1000 MT),124.0,0,1,06,"USDA FAS PS&D (Production, Supply & Distribution)",https://apps.fas.usda.gov/psdonline/downloads/
"Oil, Palm",United States,1992,Total Supply,(1000 MT),141.0,0,1,06,"USDA FAS PS&D (Production, Supply & Distribution)",https://apps.fas.usda.gov/psdonline/downloads/
"Oil, Palm",United States,1993,Total Supply,(1000 MT),182.0,0,1,06,"USDA FAS PS&D (Production, Supply & Distribution)",https://apps.fas.usda.gov/psdonline/downloads/
"Oil, Palm",United States,1994,Total Supply,(1000 MT),115.0,0,1,06,"USDA FAS PS&D (Production, Supply & Distribution)",https://apps.fas.usda.gov/psdonline/downloads/
"Oil, Palm",United States,1995,Total Supply,(1000 MT),114.0,0,1,06,"USDA FAS PS&D (Production, Supply & Distribution)",https://apps.fas.usda.gov/psdonline/downloads/
"Oil, Palm",United States,1996,Total Supply,(1000 MT),160.0,0,1,06,"USDA FAS PS&D (Production, Supply & Distribution)",https://apps.fas.usda.gov/psdonline/downloads/
"Oil, Palm",United States,1997,Total Supply,(1000 MT),149.0,0,1,06,"USDA FAS PS&D (Production, Supply & Distribution)",https://apps.fas.usda.gov/psdonline/downloads/
"Oil, Palm",United States,1998,Total Supply,(1000 MT),141.0,0,1,08,"USDA FAS PS&D (Production, Supply & Distribution)",https://apps.fas.usda.gov/psdonline/downloads/
"Oil, Palm",United States,1999,Total Supply,(1000 MT),178.0,0,1,06,"USDA FAS PS&D (Production, Supply & Distribution)",https://apps.fas.usda.gov/psdonline/downloads/
"Oil, Palm",United States,2000,Total Supply,(1000 MT),208.0,0,1,06,"USDA FAS PS&D (Production, Supply & Distribution)",https://apps.fas.usda.gov/psdonline/downloads/
"Oil, Palm",United States,2001,Total Supply,(1000 MT),243.0,0,1,06,"USDA FAS PS&D (Production, Supply & Distribution)",https://apps.fas.usda.gov/psdonline/downloads/
"Oil, Palm",United States,2002,Total Supply,(1000 MT),198.0,0,1,06,"USDA FAS PS&D (Production, Supply & Distribution)",https://apps.fas.usda.gov/psdonline/downloads/
"Oil, Palm",United States,2003,Total Supply,(1000 MT),303.0,0,1,12,"USDA FAS PS&D (Production, Supply & Distribution)",https://apps.fas.usda.gov/psdonline/downloads/
"Oil, Palm",United States,2004,Total Supply,(1000 MT),413.0,0,1,08,"USDA FAS PS&D (Production, Supply & Distribution)",https://apps.fas.usda.gov/psdonline/downloads/
"Oil, Palm",United States,2005,Total Supply,(1000 MT),672.0,0,1,08,"USDA FAS PS&D (Production, Supply & Distribution)",https://apps.fas.usda.gov/psdonline/downloads/
"Oil, Palm",United States,2006,Total Supply,(1000 MT),796.0,0,1,05,"USDA FAS PS&D (Production, Supply & Distribution)",https://apps.fas.usda.gov/psdonline/downloads/
"Oil, Palm",United States,2007,Total Supply,(1000 MT),1043.0,0,1,08,"USDA FAS PS&D (Production, Supply & Distribution)",https://apps.fas.usda.gov/psdonline/downloads/
"Oil, Palm",United States,2008,Total Supply,(1000 MT),1109.0,0,1,08,"USDA FAS PS&D (Production, Supply & Distribution)",https://apps.fas.usda.gov/psdonline/downloads/
"Oil, Palm",United States,2009,Total Supply,(1000 MT),1124.0,0,1,08,"USDA FAS PS&D (Production, Supply & Distribution)",https://apps.fas.usda.gov/psdonline/downloads/
"Oil, Palm",United States,2010,Total Supply,(1000 MT),1131.0,0,1,04,"USDA FAS PS&D (Production, Supply & Distribution)",https://apps.fas.usda.gov/psdonline/downloads/
"Oil, Palm",United States,2011,Total Supply,(1000 MT),1179.0,0,1,08,"USDA FAS PS&D (Production, Supply & Distribution)",https://apps.fas.usda.gov/psdonline/downloads/
"Oil, Palm",United States,2012,Total Supply,(1000 MT),1411.0,0,1,07,"USDA FAS PS&D (Production, Supply & Distribution)",https://apps.fas.usda.gov/psdonline/downloads/
"Oil, Palm",United States,2013,Total Supply,(1000 MT),1356.0,0,1,07,"USDA FAS PS&D (Production, Supply & Distribution)",https://apps.fas.usda.gov/psdonline/downloads/
"Oil, Palm",United States,2014,Total Supply,(1000 MT),1279.0,0,1,10,"USDA FAS PS&D (Production, Supply & Distribution)",https://apps.fas.usda.gov/psdonline/downloads/
"Oil, Palm",United States,2015,Total Supply,(1000 MT),1472.0,0,1,07,"USDA FAS PS&D (Production, Supply & Distribution)",https://apps.fas.usda.gov/psdonline/downloads/
"Oil, Palm",United States,2016,Total Supply,(1000 MT),1556.0,0,1,10,"USDA FAS PS&D (Production, Supply & Distribution)",https://apps.fas.usda.gov/psdonline/downloads/
"Oil, Palm",United States,2017,Total Supply,(1000 MT),1711.0,0,1,07,"USDA FAS PS&D (Production, Supply & Distribution)",https://apps.fas.usda.gov/psdonline/downloads/
"Oil, Palm",United States,2018,Total Supply,(1000 MT),1658.0,0,1,07,"USDA FAS PS&D (Production, Supply & Distribution)",https://apps.fas.usda.gov/psdonline/downloads/
"Oil, Palm",United States,2019,Total Supply,(1000 MT),1659.0,0,1,04,"USDA FAS PS&D (Production, Supply & Distribution)",https://apps.fas.usda.gov/psdonline/downloads/
"Oil, Palm",United States,2020,Total Supply,(1000 MT),1747.0,0,1,04,"USDA FAS PS&D (Production, Supply & Distribution)",https://apps.fas.usda.gov/psdonline/downloads/
"Oil, Palm",United States,2021,Total Supply,(1000 MT),1730.0,0,1,04,"USDA FAS PS&D (Production, Supply & Distribution)",https://apps.fas.usda.gov/psdonline/downloads/
"Oil, Palm",United States,2022,Total Supply,(1000 MT),2047.0,0,1,04,"USDA FAS PS&D (Production, Supply & Distribution)",https://apps.fas.usda.gov/psdonline/downloads/
"Oil, Palm",United States,2023,Total Supply,(1000 MT),2025.0,0,1,04,"USDA FAS PS&D (Production, Supply & Distribution)",https://apps.fas.usda.gov/psdonline/downloads/
"Oil, Palm",United States,2024,Total Supply,(1000 MT),1657.0,0,1,04,"USDA FAS PS&D (Production, Supply & Distribution)",https://apps.fas.usda.gov/psdonline/downloads/
"Oil, Palm",United States,2025,Total Supply,(1000 MT),1620.0,0,1,05,"USDA FAS PS&D (Production, Supply & Distribution)",https://apps.fas.usda.gov/psdonline/downloads/
"Oil, Palm",United States,2026,Total Supply,(1000 MT),1936.0,0,1,06,"USDA FAS PS&D (Production, Supply & Distribution)",https://apps.fas.usda.gov/psdonline/downloads/
"Oil, Palm",United States,1965,Yield,(MT/HA),0.0,0,1,06,"USDA FAS PS&D (Production, Supply & Distribution)",https://apps.fas.usda.gov/psdonline/downloads/
"Oil, Palm",United States,1966,Yield,(MT/HA),0.0,0,1,06,"USDA FAS PS&D (Production, Supply & Distribution)",https://apps.fas.usda.gov/psdonline/downloads/
"Oil, Palm",United States,1967,Yield,(MT/HA),0.0,0,1,06,"USDA FAS PS&D (Production, Supply & Distribution)",https://apps.fas.usda.gov/psdonline/downloads/
"Oil, Palm",United States,1968,Yield,(MT/HA),0.0,0,1,06,"USDA FAS PS&D (Production, Supply & Distribution)",https://apps.fas.usda.gov/psdonline/downloads/
"Oil, Palm",United States,1969,Yield,(MT/HA),0.0,0,1,06,"USDA FAS PS&D (Production, Supply & Distribution)",https://apps.fas.usda.gov/psdonline/downloads/
"Oil, Palm",United States,1970,Yield,(MT/HA),0.0,0,1,06,"USDA FAS PS&D (Production, Supply & Distribution)",https://apps.fas.usda.gov/psdonline/downloads/
"Oil, Palm",United States,1971,Yield,(MT/HA),0.0,0,1,06,"USDA FAS PS&D (Production, Supply & Distribution)",https://apps.fas.usda.gov/psdonline/downloads/
"Oil, Palm",United States,1972,Yield,(MT/HA),0.0,0,1,06,"USDA FAS PS&D (Production, Supply & Distribution)",https://apps.fas.usda.gov/psdonline/downloads/
"Oil, Palm",United States,1973,Yield,(MT/HA),0.0,0,1,06,"USDA FAS PS&D (Production, Supply & Distribution)",https://apps.fas.usda.gov/psdonline/downloads/
"Oil, Palm",United States,1974,Yield,(MT/HA),0.0,0,1,06,"USDA FAS PS&D (Production, Supply & Distribution)",https://apps.fas.usda.gov/psdonline/downloads/
"Oil, Palm",United States,1975,Yield,(MT/HA),0.0,0,1,06,"USDA FAS PS&D (Production, Supply & Distribution)",https://apps.fas.usda.gov/psdonline/downloads/
"Oil, Palm",United States,1976,Yield,(MT/HA),0.0,0,1,06,"USDA FAS PS&D (Production, Supply & Distribution)",https://apps.fas.usda.gov/psdonline/downloads/
"Oil, Palm",United States,1977,Yield,(MT/HA),0.0,0,1,06,"USDA FAS PS&D (Production, Supply & Distribution)",https://apps.fas.usda.gov/psdonline/downloads/
"Oil, Palm",United States,1978,Yield,(MT/HA),0.0,0,1,06,"USDA FAS PS&D (Production, Supply & Distribution)",https://apps.fas.usda.gov/psdonline/downloads/
"Oil, Palm",United States,1979,Yield,(MT/HA),0.0,0,1,06,"USDA FAS PS&D (Production, Supply & Distribution)",https://apps.fas.usda.gov/psdonline/downloads/
"Oil, Palm",United States,1980,Yield,(MT/HA),0.0,0,1,06,"USDA FAS PS&D (Production, Supply & Distribution)",https://apps.fas.usda.gov/psdonline/downloads/
"Oil, Palm",United States,1981,Yield,(MT/HA),0.0,0,1,06,"USDA FAS PS&D (Production, Supply & Distribution)",https://apps.fas.usda.gov/psdonline/downloads/
"Oil, Palm",United States,1982,Yield,(MT/HA),0.0,0,1,06,"USDA FAS PS&D (Production, Supply & Distribution)",https://apps.fas.usda.gov/psdonline/downloads/
"Oil, Palm",United States,1983,Yield,(MT/HA),0.0,0,1,06,"USDA FAS PS&D (Production, Supply & Distribution)",https://apps.fas.usda.gov/psdonline/downloads/
"Oil, Palm",United States,1984,Yield,(MT/HA),0.0,0,1,06,"USDA FAS PS&D (Production, Supply & Distribution)",https://apps.fas.usda.gov/psdonline/downloads/
"Oil, Palm",United States,1985,Yield,(MT/HA),0.0,0,1,06,"USDA FAS PS&D (Production, Supply & Distribution)",https://apps.fas.usda.gov/psdonline/downloads/
"Oil, Palm",United States,1986,Yield,(MT/HA),0.0,0,1,06,"USDA FAS PS&D (Production, Supply & Distribution)",https://apps.fas.usda.gov/psdonline/downloads/
"Oil, Palm",United States,1987,Yield,(MT/HA),0.0,0,1,06,"USDA FAS PS&D (Production, Supply & Distribution)",https://apps.fas.usda.gov/psdonline/downloads/
"Oil, Palm",United States,1988,Yield,(MT/HA),0.0,0,1,06,"USDA FAS PS&D (Production, Supply & Distribution)",https://apps.fas.usda.gov/psdonline/downloads/
"Oil, Palm",United States,1989,Yield,(MT/HA),0.0,0,1,06,"USDA FAS PS&D (Production, Supply & Distribution)",https://apps.fas.usda.gov/psdonline/downloads/
"Oil, Palm",United States,1990,Yield,(MT/HA),0.0,0,1,06,"USDA FAS PS&D (Production, Supply & Distribution)",https://apps.fas.usda.gov/psdonline/downloads/
"Oil, Palm",United States,1991,Yield,(MT/HA),0.0,0,1,06,"USDA FAS PS&D (Production, Supply & Distribution)",https://apps.fas.usda.gov/psdonline/downloads/
"Oil, Palm",United States,1992,Yield,(MT/HA),0.0,0,1,06,"USDA FAS PS&D (Production, Supply & Distribution)",https://apps.fas.usda.gov/psdonline/downloads/
"Oil, Palm",United States,1993,Yield,(MT/HA),0.0,0,1,06,"USDA FAS PS&D (Production, Supply & Distribution)",https://apps.fas.usda.gov/psdonline/downloads/
"Oil, Palm",United States,1994,Yield,(MT/HA),0.0,0,1,06,"USDA FAS PS&D (Production, Supply & Distribution)",https://apps.fas.usda.gov/psdonline/downloads/
"Oil, Palm",United States,1995,Yield,(MT/HA),0.0,0,1,06,"USDA FAS PS&D (Production, Supply & Distribution)",https://apps.fas.usda.gov/psdonline/downloads/
"Oil, Palm",United States,1996,Yield,(MT/HA),0.0,0,1,06,"USDA FAS PS&D (Production, Supply & Distribution)",https://apps.fas.usda.gov/psdonline/downloads/
"Oil, Palm",United States,1997,Yield,(MT/HA),0.0,0,1,06,"USDA FAS PS&D (Production, Supply & Distribution)",https://apps.fas.usda.gov/psdonline/downloads/
"Oil, Palm",United States,1998,Yield,(MT/HA),0.0,0,1,08,"USDA FAS PS&D (Production, Supply & Distribution)",https://apps.fas.usda.gov/psdonline/downloads/
"Oil, Palm",United States,1999,Yield,(MT/HA),0.0,0,1,06,"USDA FAS PS&D (Production, Supply & Distribution)",https://apps.fas.usda.gov/psdonline/downloads/
"Oil, Palm",United States,2000,Yield,(MT/HA),0.0,0,1,06,"USDA FAS PS&D (Production, Supply & Distribution)",https://apps.fas.usda.gov/psdonline/downloads/
"Oil, Palm",United States,2001,Yield,(MT/HA),0.0,0,1,06,"USDA FAS PS&D (Production, Supply & Distribution)",https://apps.fas.usda.gov/psdonline/downloads/
"Oil, Palm",United States,2002,Yield,(MT/HA),0.0,0,1,06,"USDA FAS PS&D (Production, Supply & Distribution)",https://apps.fas.usda.gov/psdonline/downloads/
"Oil, Palm",United States,2003,Yield,(MT/HA),0.0,0,1,12,"USDA FAS PS&D (Production, Supply & Distribution)",https://apps.fas.usda.gov/psdonline/downloads/
"Oil, Palm",United States,2004,Yield,(MT/HA),0.0,0,1,08,"USDA FAS PS&D (Production, Supply & Distribution)",https://apps.fas.usda.gov/psdonline/downloads/
"Oil, Palm",United States,2005,Yield,(MT/HA),0.0,0,1,08,"USDA FAS PS&D (Production, Supply & Distribution)",https://apps.fas.usda.gov/psdonline/downloads/
"Oil, Palm",United States,2006,Yield,(MT/HA),0.0,0,1,05,"USDA FAS PS&D (Production, Supply & Distribution)",https://apps.fas.usda.gov/psdonline/downloads/
"Oil, Palm",United States,2007,Yield,(MT/HA),0.0,0,1,08,"USDA FAS PS&D (Production, Supply & Distribution)",https://apps.fas.usda.gov/psdonline/downloads/
"Oil, Palm",United States,2008,Yield,(MT/HA),0.0,0,1,08,"USDA FAS PS&D (Production, Supply & Distribution)",https://apps.fas.usda.gov/psdonline/downloads/
"Oil, Palm",United States,2009,Yield,(MT/HA),0.0,0,1,08,"USDA FAS PS&D (Production, Supply & Distribution)",https://apps.fas.usda.gov/psdonline/downloads/
"Oil, Palm",United States,2010,Yield,(MT/HA),0.0,0,1,04,"USDA FAS PS&D (Production, Supply & Distribution)",https://apps.fas.usda.gov/psdonline/downloads/
"Oil, Palm",United States,2011,Yield,(MT/HA),0.0,0,1,08,"USDA FAS PS&D (Production, Supply & Distribution)",https://apps.fas.usda.gov/psdonline/downloads/
"Oil, Palm",United States,2012,Yield,(MT/HA),0.0,0,1,07,"USDA FAS PS&D (Production, Supply & Distribution)",https://apps.fas.usda.gov/psdonline/downloads/
"Oil, Palm",United States,2013,Yield,(MT/HA),0.0,0,1,07,"USDA FAS PS&D (Production, Supply & Distribution)",https://apps.fas.usda.gov/psdonline/downloads/
"Oil, Palm",United States,2014,Yield,(MT/HA),0.0,0,1,10,"USDA FAS PS&D (Production, Supply & Distribution)",https://apps.fas.usda.gov/psdonline/downloads/
"Oil, Palm",United States,2015,Yield,(MT/HA),0.0,0,1,07,"USDA FAS PS&D (Production, Supply & Distribution)",https://apps.fas.usda.gov/psdonline/downloads/
"Oil, Palm",United States,2016,Yield,(MT/HA),0.0,0,1,10,"USDA FAS PS&D (Production, Supply & Distribution)",https://apps.fas.usda.gov/psdonline/downloads/
"Oil, Palm",United States,2017,Yield,(MT/HA),0.0,0,1,07,"USDA FAS PS&D (Production, Supply & Distribution)",https://apps.fas.usda.gov/psdonline/downloads/
"Oil, Palm",United States,2018,Yield,(MT/HA),0.0,0,1,07,"USDA FAS PS&D (Production, Supply & Distribution)",https://apps.fas.usda.gov/psdonline/downloads/
"Oil, Palm",United States,2019,Yield,(MT/HA),0.0,0,1,04,"USDA FAS PS&D (Production, Supply & Distribution)",https://apps.fas.usda.gov/psdonline/downloads/
"Oil, Palm",United States,2020,Yield,(MT/HA),0.0,0,1,04,"USDA FAS PS&D (Production, Supply & Distribution)",https://apps.fas.usda.gov/psdonline/downloads/
"Oil, Palm",United States,2021,Yield,(MT/HA),0.0,0,1,04,"USDA FAS PS&D (Production, Supply & Distribution)",https://apps.fas.usda.gov/psdonline/downloads/
"Oil, Palm",United States,2022,Yield,(MT/HA),0.0,0,1,04,"USDA FAS PS&D (Production, Supply & Distribution)",https://apps.fas.usda.gov/psdonline/downloads/
"Oil, Palm",United States,2023,Yield,(MT/HA),0.0,0,1,04,"USDA FAS PS&D (Production, Supply & Distribution)",https://apps.fas.usda.gov/psdonline/downloads/
"Oil, Palm",United States,2024,Yield,(MT/HA),0.0,0,1,04,"USDA FAS PS&D (Production, Supply & Distribution)",https://apps.fas.usda.gov/psdonline/downloads/
"Oil, Palm",United States,2025,Yield,(MT/HA),0.0,0,1,05,"USDA FAS PS&D (Production, Supply & Distribution)",https://apps.fas.usda.gov/psdonline/downloads/
"Oil, Palm",United States,2026,Yield,(MT/HA),0.0,0,1,06,"USDA FAS PS&D (Production, Supply & Distribution)",https://apps.fas.usda.gov/psdonline/downloads/
