commodity,country,market_year,attribute,unit,value,is_aggregate,n_countries,vintage_month,source,source_url
"Meal, Cottonseed",World,1966,Beginning Stocks,(1000 MT),0.0,1,1,agg,"USDA FAS PS&D (Production, Supply & Distribution)",https://apps.fas.usda.gov/psdonline/downloads/
"Meal, Cottonseed",World,1967,Beginning Stocks,(1000 MT),0.0,1,1,agg,"USDA FAS PS&D (Production, Supply & Distribution)",https://apps.fas.usda.gov/psdonline/downloads/
"Meal, Cottonseed",World,1968,Beginning Stocks,(1000 MT),0.0,1,1,agg,"USDA FAS PS&D (Production, Supply & Distribution)",https://apps.fas.usda.gov/psdonline/downloads/
"Meal, Cottonseed",World,1969,Beginning Stocks,(1000 MT),143.0,1,58,agg,"USDA FAS PS&D (Production, Supply & Distribution)",https://apps.fas.usda.gov/psdonline/downloads/
"Meal, Cottonseed",World,1970,Beginning Stocks,(1000 MT),138.0,1,58,agg,"USDA FAS PS&D (Production, Supply & Distribution)",https://apps.fas.usda.gov/psdonline/downloads/
"Meal, Cottonseed",World,1971,Beginning Stocks,(1000 MT),166.0,1,59,agg,"USDA FAS PS&D (Production, Supply & Distribution)",https://apps.fas.usda.gov/psdonline/downloads/
"Meal, Cottonseed",World,1972,Beginning Stocks,(1000 MT),110.0,1,60,agg,"USDA FAS PS&D (Production, Supply & Distribution)",https://apps.fas.usda.gov/psdonline/downloads/
"Meal, Cottonseed",World,1973,Beginning Stocks,(1000 MT),142.0,1,59,agg,"USDA FAS PS&D (Production, Supply & Distribution)",https://apps.fas.usda.gov/psdonline/downloads/
"Meal, Cottonseed",World,1974,Beginning Stocks,(1000 MT),163.0,1,61,agg,"USDA FAS PS&D (Production, Supply & Distribution)",https://apps.fas.usda.gov/psdonline/downloads/
"Meal, Cottonseed",World,1975,Beginning Stocks,(1000 MT),237.0,1,61,agg,"USDA FAS PS&D (Production, Supply & Distribution)",https://apps.fas.usda.gov/psdonline/downloads/
"Meal, Cottonseed",World,1976,Beginning Stocks,(1000 MT),109.0,1,60,agg,"USDA FAS PS&D (Production, Supply & Distribution)",https://apps.fas.usda.gov/psdonline/downloads/
"Meal, Cottonseed",World,1977,Beginning Stocks,(1000 MT),159.0,1,62,agg,"USDA FAS PS&D (Production, Supply & Distribution)",https://apps.fas.usda.gov/psdonline/downloads/
"Meal, Cottonseed",World,1978,Beginning Stocks,(1000 MT),187.0,1,61,agg,"USDA FAS PS&D (Production, Supply & Distribution)",https://apps.fas.usda.gov/psdonline/downloads/
"Meal, Cottonseed",World,1979,Beginning Stocks,(1000 MT),155.0,1,59,agg,"USDA FAS PS&D (Production, Supply & Distribution)",https://apps.fas.usda.gov/psdonline/downloads/
"Meal, Cottonseed",World,1980,Beginning Stocks,(1000 MT),156.0,1,58,agg,"USDA FAS PS&D (Production, Supply & Distribution)",https://apps.fas.usda.gov/psdonline/downloads/
"Meal, Cottonseed",World,1981,Beginning Stocks,(1000 MT),214.0,1,58,agg,"USDA FAS PS&D (Production, Supply & Distribution)",https://apps.fas.usda.gov/psdonline/downloads/
"Meal, Cottonseed",World,1982,Beginning Stocks,(1000 MT),268.0,1,58,agg,"USDA FAS PS&D (Production, Supply & Distribution)",https://apps.fas.usda.gov/psdonline/downloads/
"Meal, Cottonseed",World,1983,Beginning Stocks,(1000 MT),126.0,1,60,agg,"USDA FAS PS&D (Production, Supply & Distribution)",https://apps.fas.usda.gov/psdonline/downloads/
"Meal, Cottonseed",World,1984,Beginning Stocks,(1000 MT),200.0,1,60,agg,"USDA FAS PS&D (Production, Supply & Distribution)",https://apps.fas.usda.gov/psdonline/downloads/
"Meal, Cottonseed",World,1985,Beginning Stocks,(1000 MT),333.0,1,58,agg,"USDA FAS PS&D (Production, Supply & Distribution)",https://apps.fas.usda.gov/psdonline/downloads/
"Meal, Cottonseed",World,1986,Beginning Stocks,(1000 MT),337.0,1,58,agg,"USDA FAS PS&D (Production, Supply & Distribution)",https://apps.fas.usda.gov/psdonline/downloads/
"Meal, Cottonseed",World,1987,Beginning Stocks,(1000 MT),169.0,1,67,agg,"USDA FAS PS&D (Production, Supply & Distribution)",https://apps.fas.usda.gov/psdonline/downloads/
"Meal, Cottonseed",World,1988,Beginning Stocks,(1000 MT),182.0,1,66,agg,"USDA FAS PS&D (Production, Supply & Distribution)",https://apps.fas.usda.gov/psdonline/downloads/
"Meal, Cottonseed",World,1989,Beginning Stocks,(1000 MT),262.0,1,66,agg,"USDA FAS PS&D (Production, Supply & Distribution)",https://apps.fas.usda.gov/psdonline/downloads/
"Meal, Cottonseed",World,1990,Beginning Stocks,(1000 MT),226.0,1,66,agg,"USDA FAS PS&D (Production, Supply & Distribution)",https://apps.fas.usda.gov/psdonline/downloads/
"Meal, Cottonseed",World,1991,Beginning Stocks,(1000 MT),102.0,1,46,agg,"USDA FAS PS&D (Production, Supply & Distribution)",https://apps.fas.usda.gov/psdonline/downloads/
"Meal, Cottonseed",World,1992,Beginning Stocks,(1000 MT),117.0,1,46,agg,"USDA FAS PS&D (Production, Supply & Distribution)",https://apps.fas.usda.gov/psdonline/downloads/
"Meal, Cottonseed",World,1993,Beginning Stocks,(1000 MT),171.0,1,43,agg,"USDA FAS PS&D (Production, Supply & Distribution)",https://apps.fas.usda.gov/psdonline/downloads/
"Meal, Cottonseed",World,1994,Beginning Stocks,(1000 MT),181.0,1,43,agg,"USDA FAS PS&D (Production, Supply & Distribution)",https://apps.fas.usda.gov/psdonline/downloads/
"Meal, Cottonseed",World,1995,Beginning Stocks,(1000 MT),148.0,1,43,agg,"USDA FAS PS&D (Production, Supply & Distribution)",https://apps.fas.usda.gov/psdonline/downloads/
"Meal, Cottonseed",World,1996,Beginning Stocks,(1000 MT),182.0,1,41,agg,"USDA FAS PS&D (Production, Supply & Distribution)",https://apps.fas.usda.gov/psdonline/downloads/
"Meal, Cottonseed",World,1997,Beginning Stocks,(1000 MT),153.0,1,41,agg,"USDA FAS PS&D (Production, Supply & Distribution)",https://apps.fas.usda.gov/psdonline/downloads/
"Meal, Cottonseed",World,1998,Beginning Stocks,(1000 MT),186.0,1,41,agg,"USDA FAS PS&D (Production, Supply & Distribution)",https://apps.fas.usda.gov/psdonline/downloads/
"Meal, Cottonseed",World,1999,Beginning Stocks,(1000 MT),121.0,1,40,agg,"USDA FAS PS&D (Production, Supply & Distribution)",https://apps.fas.usda.gov/psdonline/downloads/
"Meal, Cottonseed",World,2000,Beginning Stocks,(1000 MT),86.0,1,40,agg,"USDA FAS PS&D (Production, Supply & Distribution)",https://apps.fas.usda.gov/psdonline/downloads/
"Meal, Cottonseed",World,2001,Beginning Stocks,(1000 MT),88.0,1,40,agg,"USDA FAS PS&D (Production, Supply & Distribution)",https://apps.fas.usda.gov/psdonline/downloads/
"Meal, Cottonseed",World,2002,Beginning Stocks,(1000 MT),118.0,1,40,agg,"USDA FAS PS&D (Production, Supply & Distribution)",https://apps.fas.usda.gov/psdonline/downloads/
"Meal, Cottonseed",World,2003,Beginning Stocks,(1000 MT),92.0,1,40,agg,"USDA FAS PS&D (Production, Supply & Distribution)",https://apps.fas.usda.gov/psdonline/downloads/
"Meal, Cottonseed",World,2004,Beginning Stocks,(1000 MT),125.0,1,40,agg,"USDA FAS PS&D (Production, Supply & Distribution)",https://apps.fas.usda.gov/psdonline/downloads/
"Meal, Cottonseed",World,2005,Beginning Stocks,(1000 MT),256.0,1,41,agg,"USDA FAS PS&D (Production, Supply & Distribution)",https://apps.fas.usda.gov/psdonline/downloads/
"Meal, Cottonseed",World,2006,Beginning Stocks,(1000 MT),341.0,1,41,agg,"USDA FAS PS&D (Production, Supply & Distribution)",https://apps.fas.usda.gov/psdonline/downloads/
"Meal, Cottonseed",World,2007,Beginning Stocks,(1000 MT),248.0,1,41,agg,"USDA FAS PS&D (Production, Supply & Distribution)",https://apps.fas.usda.gov/psdonline/downloads/
"Meal, Cottonseed",World,2008,Beginning Stocks,(1000 MT),197.0,1,41,agg,"USDA FAS PS&D (Production, Supply & Distribution)",https://apps.fas.usda.gov/psdonline/downloads/
"Meal, Cottonseed",World,2009,Beginning Stocks,(1000 MT),144.0,1,41,agg,"USDA FAS PS&D (Production, Supply & Distribution)",https://apps.fas.usda.gov/psdonline/downloads/
"Meal, Cottonseed",World,2010,Beginning Stocks,(1000 MT),191.0,1,41,agg,"USDA FAS PS&D (Production, Supply & Distribution)",https://apps.fas.usda.gov/psdonline/downloads/
"Meal, Cottonseed",World,2011,Beginning Stocks,(1000 MT),152.0,1,41,agg,"USDA FAS PS&D (Production, Supply & Distribution)",https://apps.fas.usda.gov/psdonline/downloads/
"Meal, Cottonseed",World,2012,Beginning Stocks,(1000 MT),201.0,1,41,agg,"USDA FAS PS&D (Production, Supply & Distribution)",https://apps.fas.usda.gov/psdonline/downloads/
"Meal, Cottonseed",World,2013,Beginning Stocks,(1000 MT),216.0,1,41,agg,"USDA FAS PS&D (Production, Supply & Distribution)",https://apps.fas.usda.gov/psdonline/downloads/
"Meal, Cottonseed",World,2014,Beginning Stocks,(1000 MT),222.0,1,41,agg,"USDA FAS PS&D (Production, Supply & Distribution)",https://apps.fas.usda.gov/psdonline/downloads/
"Meal, Cottonseed",World,2015,Beginning Stocks,(1000 MT),218.0,1,41,agg,"USDA FAS PS&D (Production, Supply & Distribution)",https://apps.fas.usda.gov/psdonline/downloads/
"Meal, Cottonseed",World,2016,Beginning Stocks,(1000 MT),155.0,1,41,agg,"USDA FAS PS&D (Production, Supply & Distribution)",https://apps.fas.usda.gov/psdonline/downloads/
"Meal, Cottonseed",World,2017,Beginning Stocks,(1000 MT),224.0,1,41,agg,"USDA FAS PS&D (Production, Supply & Distribution)",https://apps.fas.usda.gov/psdonline/downloads/
"Meal, Cottonseed",World,2018,Beginning Stocks,(1000 MT),285.0,1,41,agg,"USDA FAS PS&D (Production, Supply & Distribution)",https://apps.fas.usda.gov/psdonline/downloads/
"Meal, Cottonseed",World,2019,Beginning Stocks,(1000 MT),155.0,1,41,agg,"USDA FAS PS&D (Production, Supply & Distribution)",https://apps.fas.usda.gov/psdonline/downloads/
"Meal, Cottonseed",World,2020,Beginning Stocks,(1000 MT),126.0,1,41,agg,"USDA FAS PS&D (Production, Supply & Distribution)",https://apps.fas.usda.gov/psdonline/downloads/
"Meal, Cottonseed",World,2021,Beginning Stocks,(1000 MT),106.0,1,41,agg,"USDA FAS PS&D (Production, Supply & Distribution)",https://apps.fas.usda.gov/psdonline/downloads/
"Meal, Cottonseed",World,2022,Beginning Stocks,(1000 MT),98.0,1,41,agg,"USDA FAS PS&D (Production, Supply & Distribution)",https://apps.fas.usda.gov/psdonline/downloads/
"Meal, Cottonseed",World,2023,Beginning Stocks,(1000 MT),111.0,1,41,agg,"USDA FAS PS&D (Production, Supply & Distribution)",https://apps.fas.usda.gov/psdonline/downloads/
"Meal, Cottonseed",World,2024,Beginning Stocks,(1000 MT),100.0,1,41,agg,"USDA FAS PS&D (Production, Supply & Distribution)",https://apps.fas.usda.gov/psdonline/downloads/
"Meal, Cottonseed",World,2025,Beginning Stocks,(1000 MT),109.0,1,41,agg,"USDA FAS PS&D (Production, Supply & Distribution)",https://apps.fas.usda.gov/psdonline/downloads/
"Meal, Cottonseed",World,2026,Beginning Stocks,(1000 MT),181.0,1,25,agg,"USDA FAS PS&D (Production, Supply & Distribution)",https://apps.fas.usda.gov/psdonline/downloads/
"Meal, Cottonseed",World,1966,Crush,(1000 MT),216.0,1,1,agg,"USDA FAS PS&D (Production, Supply & Distribution)",https://apps.fas.usda.gov/psdonline/downloads/
"Meal, Cottonseed",World,1967,Crush,(1000 MT),246.0,1,1,agg,"USDA FAS PS&D (Production, Supply & Distribution)",https://apps.fas.usda.gov/psdonline/downloads/
"Meal, Cottonseed",World,1968,Crush,(1000 MT),244.0,1,1,agg,"USDA FAS PS&D (Production, Supply & Distribution)",https://apps.fas.usda.gov/psdonline/downloads/
"Meal, Cottonseed",World,1969,Crush,(1000 MT),17086.0,1,58,agg,"USDA FAS PS&D (Production, Supply & Distribution)",https://apps.fas.usda.gov/psdonline/downloads/
"Meal, Cottonseed",World,1970,Crush,(1000 MT),16517.0,1,58,agg,"USDA FAS PS&D (Production, Supply & Distribution)",https://apps.fas.usda.gov/psdonline/downloads/
"Meal, Cottonseed",World,1971,Crush,(1000 MT),18270.0,1,59,agg,"USDA FAS PS&D (Production, Supply & Distribution)",https://apps.fas.usda.gov/psdonline/downloads/
"Meal, Cottonseed",World,1972,Crush,(1000 MT),19163.0,1,60,agg,"USDA FAS PS&D (Production, Supply & Distribution)",https://apps.fas.usda.gov/psdonline/downloads/
"Meal, Cottonseed",World,1973,Crush,(1000 MT),19389.0,1,59,agg,"USDA FAS PS&D (Production, Supply & Distribution)",https://apps.fas.usda.gov/psdonline/downloads/
"Meal, Cottonseed",World,1974,Crush,(1000 MT),19093.0,1,61,agg,"USDA FAS PS&D (Production, Supply & Distribution)",https://apps.fas.usda.gov/psdonline/downloads/
"Meal, Cottonseed",World,1975,Crush,(1000 MT),16789.0,1,61,agg,"USDA FAS PS&D (Production, Supply & Distribution)",https://apps.fas.usda.gov/psdonline/downloads/
"Meal, Cottonseed",World,1976,Crush,(1000 MT),16794.0,1,60,agg,"USDA FAS PS&D (Production, Supply & Distribution)",https://apps.fas.usda.gov/psdonline/downloads/
"Meal, Cottonseed",World,1977,Crush,(1000 MT),18547.0,1,62,agg,"USDA FAS PS&D (Production, Supply & Distribution)",https://apps.fas.usda.gov/psdonline/downloads/
"Meal, Cottonseed",World,1978,Crush,(1000 MT),18025.0,1,61,agg,"USDA FAS PS&D (Production, Supply & Distribution)",https://apps.fas.usda.gov/psdonline/downloads/
"Meal, Cottonseed",World,1979,Crush,(1000 MT),18490.0,1,59,agg,"USDA FAS PS&D (Production, Supply & Distribution)",https://apps.fas.usda.gov/psdonline/downloads/
"Meal, Cottonseed",World,1980,Crush,(1000 MT),19578.0,1,58,agg,"USDA FAS PS&D (Production, Supply & Distribution)",https://apps.fas.usda.gov/psdonline/downloads/
"Meal, Cottonseed",World,1981,Crush,(1000 MT),21112.0,1,58,agg,"USDA FAS PS&D (Production, Supply & Distribution)",https://apps.fas.usda.gov/psdonline/downloads/
"Meal, Cottonseed",World,1982,Crush,(1000 MT),20851.0,1,58,agg,"USDA FAS PS&D (Production, Supply & Distribution)",https://apps.fas.usda.gov/psdonline/downloads/
"Meal, Cottonseed",World,1983,Crush,(1000 MT),19787.0,1,60,agg,"USDA FAS PS&D (Production, Supply & Distribution)",https://apps.fas.usda.gov/psdonline/downloads/
"Meal, Cottonseed",World,1984,Crush,(1000 MT),26024.0,1,60,agg,"USDA FAS PS&D (Production, Supply & Distribution)",https://apps.fas.usda.gov/psdonline/downloads/
"Meal, Cottonseed",World,1985,Crush,(1000 MT),22789.0,1,58,agg,"USDA FAS PS&D (Production, Supply & Distribution)",https://apps.fas.usda.gov/psdonline/downloads/
"Meal, Cottonseed",World,1986,Crush,(1000 MT),20662.0,1,58,agg,"USDA FAS PS&D (Production, Supply & Distribution)",https://apps.fas.usda.gov/psdonline/downloads/
"Meal, Cottonseed",World,1987,Crush,(1000 MT),23990.0,1,67,agg,"USDA FAS PS&D (Production, Supply & Distribution)",https://apps.fas.usda.gov/psdonline/downloads/
"Meal, Cottonseed",World,1988,Crush,(1000 MT),25166.0,1,66,agg,"USDA FAS PS&D (Production, Supply & Distribution)",https://apps.fas.usda.gov/psdonline/downloads/
"Meal, Cottonseed",World,1989,Crush,(1000 MT),23870.0,1,66,agg,"USDA FAS PS&D (Production, Supply & Distribution)",https://apps.fas.usda.gov/psdonline/downloads/
"Meal, Cottonseed",World,1990,Crush,(1000 MT),25595.0,1,66,agg,"USDA FAS PS&D (Production, Supply & Distribution)",https://apps.fas.usda.gov/psdonline/downloads/
"Meal, Cottonseed",World,1991,Crush,(1000 MT),27807.0,1,46,agg,"USDA FAS PS&D (Production, Supply & Distribution)",https://apps.fas.usda.gov/psdonline/downloads/
"Meal, Cottonseed",World,1992,Crush,(1000 MT),24274.0,1,46,agg,"USDA FAS PS&D (Production, Supply & Distribution)",https://apps.fas.usda.gov/psdonline/downloads/
"Meal, Cottonseed",World,1993,Crush,(1000 MT),22214.0,1,43,agg,"USDA FAS PS&D (Production, Supply & Distribution)",https://apps.fas.usda.gov/psdonline/downloads/
"Meal, Cottonseed",World,1994,Crush,(1000 MT),24399.0,1,43,agg,"USDA FAS PS&D (Production, Supply & Distribution)",https://apps.fas.usda.gov/psdonline/downloads/
"Meal, Cottonseed",World,1995,Crush,(1000 MT),27015.0,1,43,agg,"USDA FAS PS&D (Production, Supply & Distribution)",https://apps.fas.usda.gov/psdonline/downloads/
"Meal, Cottonseed",World,1996,Crush,(1000 MT),25385.0,1,41,agg,"USDA FAS PS&D (Production, Supply & Distribution)",https://apps.fas.usda.gov/psdonline/downloads/
"Meal, Cottonseed",World,1997,Crush,(1000 MT),25695.0,1,41,agg,"USDA FAS PS&D (Production, Supply & Distribution)",https://apps.fas.usda.gov/psdonline/downloads/
"Meal, Cottonseed",World,1998,Crush,(1000 MT),24529.0,1,41,agg,"USDA FAS PS&D (Production, Supply & Distribution)",https://apps.fas.usda.gov/psdonline/downloads/
"Meal, Cottonseed",World,1999,Crush,(1000 MT),24939.0,1,40,agg,"USDA FAS PS&D (Production, Supply & Distribution)",https://apps.fas.usda.gov/psdonline/downloads/
"Meal, Cottonseed",World,2000,Crush,(1000 MT),24141.0,1,40,agg,"USDA FAS PS&D (Production, Supply & Distribution)",https://apps.fas.usda.gov/psdonline/downloads/
"Meal, Cottonseed",World,2001,Crush,(1000 MT),26381.0,1,40,agg,"USDA FAS PS&D (Production, Supply & Distribution)",https://apps.fas.usda.gov/psdonline/downloads/
"Meal, Cottonseed",World,2002,Crush,(1000 MT),25064.0,1,40,agg,"USDA FAS PS&D (Production, Supply & Distribution)",https://apps.fas.usda.gov/psdonline/downloads/
"Meal, Cottonseed",World,2003,Crush,(1000 MT),25960.0,1,40,agg,"USDA FAS PS&D (Production, Supply & Distribution)",https://apps.fas.usda.gov/psdonline/downloads/
"Meal, Cottonseed",World,2004,Crush,(1000 MT),32846.0,1,40,agg,"USDA FAS PS&D (Production, Supply & Distribution)",https://apps.fas.usda.gov/psdonline/downloads/
"Meal, Cottonseed",World,2005,Crush,(1000 MT),31927.0,1,41,agg,"USDA FAS PS&D (Production, Supply & Distribution)",https://apps.fas.usda.gov/psdonline/downloads/
"Meal, Cottonseed",World,2006,Crush,(1000 MT),32645.0,1,41,agg,"USDA FAS PS&D (Production, Supply & Distribution)",https://apps.fas.usda.gov/psdonline/downloads/
"Meal, Cottonseed",World,2007,Crush,(1000 MT),33627.0,1,41,agg,"USDA FAS PS&D (Production, Supply & Distribution)",https://apps.fas.usda.gov/psdonline/downloads/
"Meal, Cottonseed",World,2008,Crush,(1000 MT),31748.0,1,41,agg,"USDA FAS PS&D (Production, Supply & Distribution)",https://apps.fas.usda.gov/psdonline/downloads/
"Meal, Cottonseed",World,2009,Crush,(1000 MT),30096.0,1,41,agg,"USDA FAS PS&D (Production, Supply & Distribution)",https://apps.fas.usda.gov/psdonline/downloads/
"Meal, Cottonseed",World,2010,Crush,(1000 MT),31364.0,1,41,agg,"USDA FAS PS&D (Production, Supply & Distribution)",https://apps.fas.usda.gov/psdonline/downloads/
"Meal, Cottonseed",World,2011,Crush,(1000 MT),34268.0,1,41,agg,"USDA FAS PS&D (Production, Supply & Distribution)",https://apps.fas.usda.gov/psdonline/downloads/
"Meal, Cottonseed",World,2012,Crush,(1000 MT),34871.0,1,41,agg,"USDA FAS PS&D (Production, Supply & Distribution)",https://apps.fas.usda.gov/psdonline/downloads/
"Meal, Cottonseed",World,2013,Crush,(1000 MT),33406.0,1,41,agg,"USDA FAS PS&D (Production, Supply & Distribution)",https://apps.fas.usda.gov/psdonline/downloads/
"Meal, Cottonseed",World,2014,Crush,(1000 MT),33542.0,1,41,agg,"USDA FAS PS&D (Production, Supply & Distribution)",https://apps.fas.usda.gov/psdonline/downloads/
"Meal, Cottonseed",World,2015,Crush,(1000 MT),28478.0,1,41,agg,"USDA FAS PS&D (Production, Supply & Distribution)",https://apps.fas.usda.gov/psdonline/downloads/
"Meal, Cottonseed",World,2016,Crush,(1000 MT),28701.0,1,41,agg,"USDA FAS PS&D (Production, Supply & Distribution)",https://apps.fas.usda.gov/psdonline/downloads/
"Meal, Cottonseed",World,2017,Crush,(1000 MT),30933.0,1,41,agg,"USDA FAS PS&D (Production, Supply & Distribution)",https://apps.fas.usda.gov/psdonline/downloads/
"Meal, Cottonseed",World,2018,Crush,(1000 MT),29514.0,1,41,agg,"USDA FAS PS&D (Production, Supply & Distribution)",https://apps.fas.usda.gov/psdonline/downloads/
"Meal, Cottonseed",World,2019,Crush,(1000 MT),31208.0,1,41,agg,"USDA FAS PS&D (Production, Supply & Distribution)",https://apps.fas.usda.gov/psdonline/downloads/
"Meal, Cottonseed",World,2020,Crush,(1000 MT),30067.0,1,41,agg,"USDA FAS PS&D (Production, Supply & Distribution)",https://apps.fas.usda.gov/psdonline/downloads/
"Meal, Cottonseed",World,2021,Crush,(1000 MT),30044.0,1,41,agg,"USDA FAS PS&D (Production, Supply & Distribution)",https://apps.fas.usda.gov/psdonline/downloads/
"Meal, Cottonseed",World,2022,Crush,(1000 MT),30241.0,1,41,agg,"USDA FAS PS&D (Production, Supply & Distribution)",https://apps.fas.usda.gov/psdonline/downloads/
"Meal, Cottonseed",World,2023,Crush,(1000 MT),31434.0,1,41,agg,"USDA FAS PS&D (Production, Supply & Distribution)",https://apps.fas.usda.gov/psdonline/downloads/
"Meal, Cottonseed",World,2024,Crush,(1000 MT),31284.0,1,41,agg,"USDA FAS PS&D (Production, Supply & Distribution)",https://apps.fas.usda.gov/psdonline/downloads/
"Meal, Cottonseed",World,2025,Crush,(1000 MT),31386.0,1,41,agg,"USDA FAS PS&D (Production, Supply & Distribution)",https://apps.fas.usda.gov/psdonline/downloads/
"Meal, Cottonseed",World,2026,Crush,(1000 MT),29710.0,1,25,agg,"USDA FAS PS&D (Production, Supply & Distribution)",https://apps.fas.usda.gov/psdonline/downloads/
"Meal, Cottonseed",World,1966,Domestic Consumption,(1000 MT),115.0,1,1,agg,"USDA FAS PS&D (Production, Supply & Distribution)",https://apps.fas.usda.gov/psdonline/downloads/
"Meal, Cottonseed",World,1967,Domestic Consumption,(1000 MT),132.0,1,1,agg,"USDA FAS PS&D (Production, Supply & Distribution)",https://apps.fas.usda.gov/psdonline/downloads/
"Meal, Cottonseed",World,1968,Domestic Consumption,(1000 MT),147.0,1,1,agg,"USDA FAS PS&D (Production, Supply & Distribution)",https://apps.fas.usda.gov/psdonline/downloads/
"Meal, Cottonseed",World,1969,Domestic Consumption,(1000 MT),7968.0,1,58,agg,"USDA FAS PS&D (Production, Supply & Distribution)",https://apps.fas.usda.gov/psdonline/downloads/
"Meal, Cottonseed",World,1970,Domestic Consumption,(1000 MT),7775.0,1,58,agg,"USDA FAS PS&D (Production, Supply & Distribution)",https://apps.fas.usda.gov/psdonline/downloads/
"Meal, Cottonseed",World,1971,Domestic Consumption,(1000 MT),8592.0,1,59,agg,"USDA FAS PS&D (Production, Supply & Distribution)",https://apps.fas.usda.gov/psdonline/downloads/
"Meal, Cottonseed",World,1972,Domestic Consumption,(1000 MT),9087.0,1,60,agg,"USDA FAS PS&D (Production, Supply & Distribution)",https://apps.fas.usda.gov/psdonline/downloads/
"Meal, Cottonseed",World,1973,Domestic Consumption,(1000 MT),8970.0,1,59,agg,"USDA FAS PS&D (Production, Supply & Distribution)",https://apps.fas.usda.gov/psdonline/downloads/
"Meal, Cottonseed",World,1974,Domestic Consumption,(1000 MT),8713.0,1,61,agg,"USDA FAS PS&D (Production, Supply & Distribution)",https://apps.fas.usda.gov/psdonline/downloads/
"Meal, Cottonseed",World,1975,Domestic Consumption,(1000 MT),7730.0,1,61,agg,"USDA FAS PS&D (Production, Supply & Distribution)",https://apps.fas.usda.gov/psdonline/downloads/
"Meal, Cottonseed",World,1976,Domestic Consumption,(1000 MT),7589.0,1,60,agg,"USDA FAS PS&D (Production, Supply & Distribution)",https://apps.fas.usda.gov/psdonline/downloads/
"Meal, Cottonseed",World,1977,Domestic Consumption,(1000 MT),8518.0,1,62,agg,"USDA FAS PS&D (Production, Supply & Distribution)",https://apps.fas.usda.gov/psdonline/downloads/
"Meal, Cottonseed",World,1978,Domestic Consumption,(1000 MT),8493.0,1,61,agg,"USDA FAS PS&D (Production, Supply & Distribution)",https://apps.fas.usda.gov/psdonline/downloads/
"Meal, Cottonseed",World,1979,Domestic Consumption,(1000 MT),8702.0,1,59,agg,"USDA FAS PS&D (Production, Supply & Distribution)",https://apps.fas.usda.gov/psdonline/downloads/
"Meal, Cottonseed",World,1980,Domestic Consumption,(1000 MT),9095.0,1,58,agg,"USDA FAS PS&D (Production, Supply & Distribution)",https://apps.fas.usda.gov/psdonline/downloads/
"Meal, Cottonseed",World,1981,Domestic Consumption,(1000 MT),9817.0,1,58,agg,"USDA FAS PS&D (Production, Supply & Distribution)",https://apps.fas.usda.gov/psdonline/downloads/
"Meal, Cottonseed",World,1982,Domestic Consumption,(1000 MT),9619.0,1,58,agg,"USDA FAS PS&D (Production, Supply & Distribution)",https://apps.fas.usda.gov/psdonline/downloads/
"Meal, Cottonseed",World,1983,Domestic Consumption,(1000 MT),9096.0,1,60,agg,"USDA FAS PS&D (Production, Supply & Distribution)",https://apps.fas.usda.gov/psdonline/downloads/
"Meal, Cottonseed",World,1984,Domestic Consumption,(1000 MT),12021.0,1,60,agg,"USDA FAS PS&D (Production, Supply & Distribution)",https://apps.fas.usda.gov/psdonline/downloads/
"Meal, Cottonseed",World,1985,Domestic Consumption,(1000 MT),10481.0,1,58,agg,"USDA FAS PS&D (Production, Supply & Distribution)",https://apps.fas.usda.gov/psdonline/downloads/
"Meal, Cottonseed",World,1986,Domestic Consumption,(1000 MT),9741.0,1,58,agg,"USDA FAS PS&D (Production, Supply & Distribution)",https://apps.fas.usda.gov/psdonline/downloads/
"Meal, Cottonseed",World,1987,Domestic Consumption,(1000 MT),11745.0,1,67,agg,"USDA FAS PS&D (Production, Supply & Distribution)",https://apps.fas.usda.gov/psdonline/downloads/
"Meal, Cottonseed",World,1988,Domestic Consumption,(1000 MT),12295.0,1,66,agg,"USDA FAS PS&D (Production, Supply & Distribution)",https://apps.fas.usda.gov/psdonline/downloads/
"Meal, Cottonseed",World,1989,Domestic Consumption,(1000 MT),11798.0,1,66,agg,"USDA FAS PS&D (Production, Supply & Distribution)",https://apps.fas.usda.gov/psdonline/downloads/
"Meal, Cottonseed",World,1990,Domestic Consumption,(1000 MT),12651.0,1,66,agg,"USDA FAS PS&D (Production, Supply & Distribution)",https://apps.fas.usda.gov/psdonline/downloads/
"Meal, Cottonseed",World,1991,Domestic Consumption,(1000 MT),12839.0,1,46,agg,"USDA FAS PS&D (Production, Supply & Distribution)",https://apps.fas.usda.gov/psdonline/downloads/
"Meal, Cottonseed",World,1992,Domestic Consumption,(1000 MT),10999.0,1,46,agg,"USDA FAS PS&D (Production, Supply & Distribution)",https://apps.fas.usda.gov/psdonline/downloads/
"Meal, Cottonseed",World,1993,Domestic Consumption,(1000 MT),10184.0,1,43,agg,"USDA FAS PS&D (Production, Supply & Distribution)",https://apps.fas.usda.gov/psdonline/downloads/
"Meal, Cottonseed",World,1994,Domestic Consumption,(1000 MT),11010.0,1,43,agg,"USDA FAS PS&D (Production, Supply & Distribution)",https://apps.fas.usda.gov/psdonline/downloads/
"Meal, Cottonseed",World,1995,Domestic Consumption,(1000 MT),12332.0,1,43,agg,"USDA FAS PS&D (Production, Supply & Distribution)",https://apps.fas.usda.gov/psdonline/downloads/
"Meal, Cottonseed",World,1996,Domestic Consumption,(1000 MT),11776.0,1,41,agg,"USDA FAS PS&D (Production, Supply & Distribution)",https://apps.fas.usda.gov/psdonline/downloads/
"Meal, Cottonseed",World,1997,Domestic Consumption,(1000 MT),11623.0,1,41,agg,"USDA FAS PS&D (Production, Supply & Distribution)",https://apps.fas.usda.gov/psdonline/downloads/
"Meal, Cottonseed",World,1998,Domestic Consumption,(1000 MT),11282.0,1,41,agg,"USDA FAS PS&D (Production, Supply & Distribution)",https://apps.fas.usda.gov/psdonline/downloads/
"Meal, Cottonseed",World,1999,Domestic Consumption,(1000 MT),11318.0,1,40,agg,"USDA FAS PS&D (Production, Supply & Distribution)",https://apps.fas.usda.gov/psdonline/downloads/
"Meal, Cottonseed",World,2000,Domestic Consumption,(1000 MT),10980.0,1,40,agg,"USDA FAS PS&D (Production, Supply & Distribution)",https://apps.fas.usda.gov/psdonline/downloads/
"Meal, Cottonseed",World,2001,Domestic Consumption,(1000 MT),11963.0,1,40,agg,"USDA FAS PS&D (Production, Supply & Distribution)",https://apps.fas.usda.gov/psdonline/downloads/
"Meal, Cottonseed",World,2002,Domestic Consumption,(1000 MT),11463.0,1,40,agg,"USDA FAS PS&D (Production, Supply & Distribution)",https://apps.fas.usda.gov/psdonline/downloads/
"Meal, Cottonseed",World,2003,Domestic Consumption,(1000 MT),11871.0,1,40,agg,"USDA FAS PS&D (Production, Supply & Distribution)",https://apps.fas.usda.gov/psdonline/downloads/
"Meal, Cottonseed",World,2004,Domestic Consumption,(1000 MT),14853.0,1,40,agg,"USDA FAS PS&D (Production, Supply & Distribution)",https://apps.fas.usda.gov/psdonline/downloads/
"Meal, Cottonseed",World,2005,Domestic Consumption,(1000 MT),14469.0,1,41,agg,"USDA FAS PS&D (Production, Supply & Distribution)",https://apps.fas.usda.gov/psdonline/downloads/
"Meal, Cottonseed",World,2006,Domestic Consumption,(1000 MT),14972.0,1,41,agg,"USDA FAS PS&D (Production, Supply & Distribution)",https://apps.fas.usda.gov/psdonline/downloads/
"Meal, Cottonseed",World,2007,Domestic Consumption,(1000 MT),15367.0,1,41,agg,"USDA FAS PS&D (Production, Supply & Distribution)",https://apps.fas.usda.gov/psdonline/downloads/
"Meal, Cottonseed",World,2008,Domestic Consumption,(1000 MT),14304.0,1,41,agg,"USDA FAS PS&D (Production, Supply & Distribution)",https://apps.fas.usda.gov/psdonline/downloads/
"Meal, Cottonseed",World,2009,Domestic Consumption,(1000 MT),13568.0,1,41,agg,"USDA FAS PS&D (Production, Supply & Distribution)",https://apps.fas.usda.gov/psdonline/downloads/
"Meal, Cottonseed",World,2010,Domestic Consumption,(1000 MT),14221.0,1,41,agg,"USDA FAS PS&D (Production, Supply & Distribution)",https://apps.fas.usda.gov/psdonline/downloads/
"Meal, Cottonseed",World,2011,Domestic Consumption,(1000 MT),15500.0,1,41,agg,"USDA FAS PS&D (Production, Supply & Distribution)",https://apps.fas.usda.gov/psdonline/downloads/
"Meal, Cottonseed",World,2012,Domestic Consumption,(1000 MT),15784.0,1,41,agg,"USDA FAS PS&D (Production, Supply & Distribution)",https://apps.fas.usda.gov/psdonline/downloads/
"Meal, Cottonseed",World,2013,Domestic Consumption,(1000 MT),15178.0,1,41,agg,"USDA FAS PS&D (Production, Supply & Distribution)",https://apps.fas.usda.gov/psdonline/downloads/
"Meal, Cottonseed",World,2014,Domestic Consumption,(1000 MT),15264.0,1,41,agg,"USDA FAS PS&D (Production, Supply & Distribution)",https://apps.fas.usda.gov/psdonline/downloads/
"Meal, Cottonseed",World,2015,Domestic Consumption,(1000 MT),13093.0,1,41,agg,"USDA FAS PS&D (Production, Supply & Distribution)",https://apps.fas.usda.gov/psdonline/downloads/
"Meal, Cottonseed",World,2016,Domestic Consumption,(1000 MT),12976.0,1,41,agg,"USDA FAS PS&D (Production, Supply & Distribution)",https://apps.fas.usda.gov/psdonline/downloads/
"Meal, Cottonseed",World,2017,Domestic Consumption,(1000 MT),14032.0,1,41,agg,"USDA FAS PS&D (Production, Supply & Distribution)",https://apps.fas.usda.gov/psdonline/downloads/
"Meal, Cottonseed",World,2018,Domestic Consumption,(1000 MT),13577.0,1,41,agg,"USDA FAS PS&D (Production, Supply & Distribution)",https://apps.fas.usda.gov/psdonline/downloads/
"Meal, Cottonseed",World,2019,Domestic Consumption,(1000 MT),14358.0,1,41,agg,"USDA FAS PS&D (Production, Supply & Distribution)",https://apps.fas.usda.gov/psdonline/downloads/
"Meal, Cottonseed",World,2020,Domestic Consumption,(1000 MT),13694.0,1,41,agg,"USDA FAS PS&D (Production, Supply & Distribution)",https://apps.fas.usda.gov/psdonline/downloads/
"Meal, Cottonseed",World,2021,Domestic Consumption,(1000 MT),13660.0,1,41,agg,"USDA FAS PS&D (Production, Supply & Distribution)",https://apps.fas.usda.gov/psdonline/downloads/
"Meal, Cottonseed",World,2022,Domestic Consumption,(1000 MT),13812.0,1,41,agg,"USDA FAS PS&D (Production, Supply & Distribution)",https://apps.fas.usda.gov/psdonline/downloads/
"Meal, Cottonseed",World,2023,Domestic Consumption,(1000 MT),14335.0,1,41,agg,"USDA FAS PS&D (Production, Supply & Distribution)",https://apps.fas.usda.gov/psdonline/downloads/
"Meal, Cottonseed",World,2024,Domestic Consumption,(1000 MT),14270.0,1,41,agg,"USDA FAS PS&D (Production, Supply & Distribution)",https://apps.fas.usda.gov/psdonline/downloads/
"Meal, Cottonseed",World,2025,Domestic Consumption,(1000 MT),14249.0,1,41,agg,"USDA FAS PS&D (Production, Supply & Distribution)",https://apps.fas.usda.gov/psdonline/downloads/
"Meal, Cottonseed",World,2026,Domestic Consumption,(1000 MT),13514.0,1,25,agg,"USDA FAS PS&D (Production, Supply & Distribution)",https://apps.fas.usda.gov/psdonline/downloads/
"Meal, Cottonseed",World,1966,Ending Stocks,(1000 MT),0.0,1,1,agg,"USDA FAS PS&D (Production, Supply & Distribution)",https://apps.fas.usda.gov/psdonline/downloads/
"Meal, Cottonseed",World,1967,Ending Stocks,(1000 MT),0.0,1,1,agg,"USDA FAS PS&D (Production, Supply & Distribution)",https://apps.fas.usda.gov/psdonline/downloads/
"Meal, Cottonseed",World,1968,Ending Stocks,(1000 MT),0.0,1,1,agg,"USDA FAS PS&D (Production, Supply & Distribution)",https://apps.fas.usda.gov/psdonline/downloads/
"Meal, Cottonseed",World,1969,Ending Stocks,(1000 MT),138.0,1,58,agg,"USDA FAS PS&D (Production, Supply & Distribution)",https://apps.fas.usda.gov/psdonline/downloads/
"Meal, Cottonseed",World,1970,Ending Stocks,(1000 MT),166.0,1,58,agg,"USDA FAS PS&D (Production, Supply & Distribution)",https://apps.fas.usda.gov/psdonline/downloads/
"Meal, Cottonseed",World,1971,Ending Stocks,(1000 MT),110.0,1,59,agg,"USDA FAS PS&D (Production, Supply & Distribution)",https://apps.fas.usda.gov/psdonline/downloads/
"Meal, Cottonseed",World,1972,Ending Stocks,(1000 MT),142.0,1,60,agg,"USDA FAS PS&D (Production, Supply & Distribution)",https://apps.fas.usda.gov/psdonline/downloads/
"Meal, Cottonseed",World,1973,Ending Stocks,(1000 MT),163.0,1,59,agg,"USDA FAS PS&D (Production, Supply & Distribution)",https://apps.fas.usda.gov/psdonline/downloads/
"Meal, Cottonseed",World,1974,Ending Stocks,(1000 MT),237.0,1,61,agg,"USDA FAS PS&D (Production, Supply & Distribution)",https://apps.fas.usda.gov/psdonline/downloads/
"Meal, Cottonseed",World,1975,Ending Stocks,(1000 MT),109.0,1,61,agg,"USDA FAS PS&D (Production, Supply & Distribution)",https://apps.fas.usda.gov/psdonline/downloads/
"Meal, Cottonseed",World,1976,Ending Stocks,(1000 MT),159.0,1,60,agg,"USDA FAS PS&D (Production, Supply & Distribution)",https://apps.fas.usda.gov/psdonline/downloads/
"Meal, Cottonseed",World,1977,Ending Stocks,(1000 MT),187.0,1,62,agg,"USDA FAS PS&D (Production, Supply & Distribution)",https://apps.fas.usda.gov/psdonline/downloads/
"Meal, Cottonseed",World,1978,Ending Stocks,(1000 MT),155.0,1,61,agg,"USDA FAS PS&D (Production, Supply & Distribution)",https://apps.fas.usda.gov/psdonline/downloads/
"Meal, Cottonseed",World,1979,Ending Stocks,(1000 MT),156.0,1,59,agg,"USDA FAS PS&D (Production, Supply & Distribution)",https://apps.fas.usda.gov/psdonline/downloads/
"Meal, Cottonseed",World,1980,Ending Stocks,(1000 MT),214.0,1,58,agg,"USDA FAS PS&D (Production, Supply & Distribution)",https://apps.fas.usda.gov/psdonline/downloads/
"Meal, Cottonseed",World,1981,Ending Stocks,(1000 MT),268.0,1,58,agg,"USDA FAS PS&D (Production, Supply & Distribution)",https://apps.fas.usda.gov/psdonline/downloads/
"Meal, Cottonseed",World,1982,Ending Stocks,(1000 MT),126.0,1,58,agg,"USDA FAS PS&D (Production, Supply & Distribution)",https://apps.fas.usda.gov/psdonline/downloads/
"Meal, Cottonseed",World,1983,Ending Stocks,(1000 MT),200.0,1,60,agg,"USDA FAS PS&D (Production, Supply & Distribution)",https://apps.fas.usda.gov/psdonline/downloads/
"Meal, Cottonseed",World,1984,Ending Stocks,(1000 MT),333.0,1,60,agg,"USDA FAS PS&D (Production, Supply & Distribution)",https://apps.fas.usda.gov/psdonline/downloads/
"Meal, Cottonseed",World,1985,Ending Stocks,(1000 MT),337.0,1,58,agg,"USDA FAS PS&D (Production, Supply & Distribution)",https://apps.fas.usda.gov/psdonline/downloads/
"Meal, Cottonseed",World,1986,Ending Stocks,(1000 MT),169.0,1,58,agg,"USDA FAS PS&D (Production, Supply & Distribution)",https://apps.fas.usda.gov/psdonline/downloads/
"Meal, Cottonseed",World,1987,Ending Stocks,(1000 MT),182.0,1,67,agg,"USDA FAS PS&D (Production, Supply & Distribution)",https://apps.fas.usda.gov/psdonline/downloads/
"Meal, Cottonseed",World,1988,Ending Stocks,(1000 MT),262.0,1,66,agg,"USDA FAS PS&D (Production, Supply & Distribution)",https://apps.fas.usda.gov/psdonline/downloads/
"Meal, Cottonseed",World,1989,Ending Stocks,(1000 MT),226.0,1,66,agg,"USDA FAS PS&D (Production, Supply & Distribution)",https://apps.fas.usda.gov/psdonline/downloads/
"Meal, Cottonseed",World,1990,Ending Stocks,(1000 MT),152.0,1,66,agg,"USDA FAS PS&D (Production, Supply & Distribution)",https://apps.fas.usda.gov/psdonline/downloads/
"Meal, Cottonseed",World,1991,Ending Stocks,(1000 MT),117.0,1,46,agg,"USDA FAS PS&D (Production, Supply & Distribution)",https://apps.fas.usda.gov/psdonline/downloads/
"Meal, Cottonseed",World,1992,Ending Stocks,(1000 MT),171.0,1,46,agg,"USDA FAS PS&D (Production, Supply & Distribution)",https://apps.fas.usda.gov/psdonline/downloads/
"Meal, Cottonseed",World,1993,Ending Stocks,(1000 MT),181.0,1,43,agg,"USDA FAS PS&D (Production, Supply & Distribution)",https://apps.fas.usda.gov/psdonline/downloads/
"Meal, Cottonseed",World,1994,Ending Stocks,(1000 MT),148.0,1,43,agg,"USDA FAS PS&D (Production, Supply & Distribution)",https://apps.fas.usda.gov/psdonline/downloads/
"Meal, Cottonseed",World,1995,Ending Stocks,(1000 MT),182.0,1,43,agg,"USDA FAS PS&D (Production, Supply & Distribution)",https://apps.fas.usda.gov/psdonline/downloads/
"Meal, Cottonseed",World,1996,Ending Stocks,(1000 MT),153.0,1,41,agg,"USDA FAS PS&D (Production, Supply & Distribution)",https://apps.fas.usda.gov/psdonline/downloads/
"Meal, Cottonseed",World,1997,Ending Stocks,(1000 MT),186.0,1,41,agg,"USDA FAS PS&D (Production, Supply & Distribution)",https://apps.fas.usda.gov/psdonline/downloads/
"Meal, Cottonseed",World,1998,Ending Stocks,(1000 MT),121.0,1,41,agg,"USDA FAS PS&D (Production, Supply & Distribution)",https://apps.fas.usda.gov/psdonline/downloads/
"Meal, Cottonseed",World,1999,Ending Stocks,(1000 MT),86.0,1,40,agg,"USDA FAS PS&D (Production, Supply & Distribution)",https://apps.fas.usda.gov/psdonline/downloads/
"Meal, Cottonseed",World,2000,Ending Stocks,(1000 MT),88.0,1,40,agg,"USDA FAS PS&D (Production, Supply & Distribution)",https://apps.fas.usda.gov/psdonline/downloads/
"Meal, Cottonseed",World,2001,Ending Stocks,(1000 MT),118.0,1,40,agg,"USDA FAS PS&D (Production, Supply & Distribution)",https://apps.fas.usda.gov/psdonline/downloads/
"Meal, Cottonseed",World,2002,Ending Stocks,(1000 MT),92.0,1,40,agg,"USDA FAS PS&D (Production, Supply & Distribution)",https://apps.fas.usda.gov/psdonline/downloads/
"Meal, Cottonseed",World,2003,Ending Stocks,(1000 MT),125.0,1,40,agg,"USDA FAS PS&D (Production, Supply & Distribution)",https://apps.fas.usda.gov/psdonline/downloads/
"Meal, Cottonseed",World,2004,Ending Stocks,(1000 MT),256.0,1,40,agg,"USDA FAS PS&D (Production, Supply & Distribution)",https://apps.fas.usda.gov/psdonline/downloads/
"Meal, Cottonseed",World,2005,Ending Stocks,(1000 MT),341.0,1,41,agg,"USDA FAS PS&D (Production, Supply & Distribution)",https://apps.fas.usda.gov/psdonline/downloads/
"Meal, Cottonseed",World,2006,Ending Stocks,(1000 MT),248.0,1,41,agg,"USDA FAS PS&D (Production, Supply & Distribution)",https://apps.fas.usda.gov/psdonline/downloads/
"Meal, Cottonseed",World,2007,Ending Stocks,(1000 MT),197.0,1,41,agg,"USDA FAS PS&D (Production, Supply & Distribution)",https://apps.fas.usda.gov/psdonline/downloads/
"Meal, Cottonseed",World,2008,Ending Stocks,(1000 MT),144.0,1,41,agg,"USDA FAS PS&D (Production, Supply & Distribution)",https://apps.fas.usda.gov/psdonline/downloads/
"Meal, Cottonseed",World,2009,Ending Stocks,(1000 MT),191.0,1,41,agg,"USDA FAS PS&D (Production, Supply & Distribution)",https://apps.fas.usda.gov/psdonline/downloads/
"Meal, Cottonseed",World,2010,Ending Stocks,(1000 MT),152.0,1,41,agg,"USDA FAS PS&D (Production, Supply & Distribution)",https://apps.fas.usda.gov/psdonline/downloads/
"Meal, Cottonseed",World,2011,Ending Stocks,(1000 MT),201.0,1,41,agg,"USDA FAS PS&D (Production, Supply & Distribution)",https://apps.fas.usda.gov/psdonline/downloads/
"Meal, Cottonseed",World,2012,Ending Stocks,(1000 MT),216.0,1,41,agg,"USDA FAS PS&D (Production, Supply & Distribution)",https://apps.fas.usda.gov/psdonline/downloads/
"Meal, Cottonseed",World,2013,Ending Stocks,(1000 MT),222.0,1,41,agg,"USDA FAS PS&D (Production, Supply & Distribution)",https://apps.fas.usda.gov/psdonline/downloads/
"Meal, Cottonseed",World,2014,Ending Stocks,(1000 MT),218.0,1,41,agg,"USDA FAS PS&D (Production, Supply & Distribution)",https://apps.fas.usda.gov/psdonline/downloads/
"Meal, Cottonseed",World,2015,Ending Stocks,(1000 MT),155.0,1,41,agg,"USDA FAS PS&D (Production, Supply & Distribution)",https://apps.fas.usda.gov/psdonline/downloads/
"Meal, Cottonseed",World,2016,Ending Stocks,(1000 MT),224.0,1,41,agg,"USDA FAS PS&D (Production, Supply & Distribution)",https://apps.fas.usda.gov/psdonline/downloads/
"Meal, Cottonseed",World,2017,Ending Stocks,(1000 MT),285.0,1,41,agg,"USDA FAS PS&D (Production, Supply & Distribution)",https://apps.fas.usda.gov/psdonline/downloads/
"Meal, Cottonseed",World,2018,Ending Stocks,(1000 MT),155.0,1,41,agg,"USDA FAS PS&D (Production, Supply & Distribution)",https://apps.fas.usda.gov/psdonline/downloads/
"Meal, Cottonseed",World,2019,Ending Stocks,(1000 MT),126.0,1,41,agg,"USDA FAS PS&D (Production, Supply & Distribution)",https://apps.fas.usda.gov/psdonline/downloads/
"Meal, Cottonseed",World,2020,Ending Stocks,(1000 MT),106.0,1,41,agg,"USDA FAS PS&D (Production, Supply & Distribution)",https://apps.fas.usda.gov/psdonline/downloads/
"Meal, Cottonseed",World,2021,Ending Stocks,(1000 MT),98.0,1,41,agg,"USDA FAS PS&D (Production, Supply & Distribution)",https://apps.fas.usda.gov/psdonline/downloads/
"Meal, Cottonseed",World,2022,Ending Stocks,(1000 MT),111.0,1,41,agg,"USDA FAS PS&D (Production, Supply & Distribution)",https://apps.fas.usda.gov/psdonline/downloads/
"Meal, Cottonseed",World,2023,Ending Stocks,(1000 MT),100.0,1,41,agg,"USDA FAS PS&D (Production, Supply & Distribution)",https://apps.fas.usda.gov/psdonline/downloads/
"Meal, Cottonseed",World,2024,Ending Stocks,(1000 MT),109.0,1,41,agg,"USDA FAS PS&D (Production, Supply & Distribution)",https://apps.fas.usda.gov/psdonline/downloads/
"Meal, Cottonseed",World,2025,Ending Stocks,(1000 MT),181.0,1,41,agg,"USDA FAS PS&D (Production, Supply & Distribution)",https://apps.fas.usda.gov/psdonline/downloads/
"Meal, Cottonseed",World,2026,Ending Stocks,(1000 MT),154.0,1,25,agg,"USDA FAS PS&D (Production, Supply & Distribution)",https://apps.fas.usda.gov/psdonline/downloads/
"Meal, Cottonseed",World,1966,Exports,(1000 MT),0.0,1,1,agg,"USDA FAS PS&D (Production, Supply & Distribution)",https://apps.fas.usda.gov/psdonline/downloads/
"Meal, Cottonseed",World,1967,Exports,(1000 MT),0.0,1,1,agg,"USDA FAS PS&D (Production, Supply & Distribution)",https://apps.fas.usda.gov/psdonline/downloads/
"Meal, Cottonseed",World,1968,Exports,(1000 MT),0.0,1,1,agg,"USDA FAS PS&D (Production, Supply & Distribution)",https://apps.fas.usda.gov/psdonline/downloads/
"Meal, Cottonseed",World,1969,Exports,(1000 MT),1213.0,1,58,agg,"USDA FAS PS&D (Production, Supply & Distribution)",https://apps.fas.usda.gov/psdonline/downloads/
"Meal, Cottonseed",World,1970,Exports,(1000 MT),993.0,1,58,agg,"USDA FAS PS&D (Production, Supply & Distribution)",https://apps.fas.usda.gov/psdonline/downloads/
"Meal, Cottonseed",World,1971,Exports,(1000 MT),1198.0,1,59,agg,"USDA FAS PS&D (Production, Supply & Distribution)",https://apps.fas.usda.gov/psdonline/downloads/
"Meal, Cottonseed",World,1972,Exports,(1000 MT),1215.0,1,60,agg,"USDA FAS PS&D (Production, Supply & Distribution)",https://apps.fas.usda.gov/psdonline/downloads/
"Meal, Cottonseed",World,1973,Exports,(1000 MT),927.0,1,59,agg,"USDA FAS PS&D (Production, Supply & Distribution)",https://apps.fas.usda.gov/psdonline/downloads/
"Meal, Cottonseed",World,1974,Exports,(1000 MT),930.0,1,61,agg,"USDA FAS PS&D (Production, Supply & Distribution)",https://apps.fas.usda.gov/psdonline/downloads/
"Meal, Cottonseed",World,1975,Exports,(1000 MT),849.0,1,61,agg,"USDA FAS PS&D (Production, Supply & Distribution)",https://apps.fas.usda.gov/psdonline/downloads/
"Meal, Cottonseed",World,1976,Exports,(1000 MT),813.0,1,60,agg,"USDA FAS PS&D (Production, Supply & Distribution)",https://apps.fas.usda.gov/psdonline/downloads/
"Meal, Cottonseed",World,1977,Exports,(1000 MT),859.0,1,62,agg,"USDA FAS PS&D (Production, Supply & Distribution)",https://apps.fas.usda.gov/psdonline/downloads/
"Meal, Cottonseed",World,1978,Exports,(1000 MT),881.0,1,61,agg,"USDA FAS PS&D (Production, Supply & Distribution)",https://apps.fas.usda.gov/psdonline/downloads/
"Meal, Cottonseed",World,1979,Exports,(1000 MT),782.0,1,59,agg,"USDA FAS PS&D (Production, Supply & Distribution)",https://apps.fas.usda.gov/psdonline/downloads/
"Meal, Cottonseed",World,1980,Exports,(1000 MT),681.0,1,58,agg,"USDA FAS PS&D (Production, Supply & Distribution)",https://apps.fas.usda.gov/psdonline/downloads/
"Meal, Cottonseed",World,1981,Exports,(1000 MT),761.0,1,58,agg,"USDA FAS PS&D (Production, Supply & Distribution)",https://apps.fas.usda.gov/psdonline/downloads/
"Meal, Cottonseed",World,1982,Exports,(1000 MT),772.0,1,58,agg,"USDA FAS PS&D (Production, Supply & Distribution)",https://apps.fas.usda.gov/psdonline/downloads/
"Meal, Cottonseed",World,1983,Exports,(1000 MT),634.0,1,60,agg,"USDA FAS PS&D (Production, Supply & Distribution)",https://apps.fas.usda.gov/psdonline/downloads/
"Meal, Cottonseed",World,1984,Exports,(1000 MT),757.0,1,60,agg,"USDA FAS PS&D (Production, Supply & Distribution)",https://apps.fas.usda.gov/psdonline/downloads/
"Meal, Cottonseed",World,1985,Exports,(1000 MT),925.0,1,58,agg,"USDA FAS PS&D (Production, Supply & Distribution)",https://apps.fas.usda.gov/psdonline/downloads/
"Meal, Cottonseed",World,1986,Exports,(1000 MT),808.0,1,58,agg,"USDA FAS PS&D (Production, Supply & Distribution)",https://apps.fas.usda.gov/psdonline/downloads/
"Meal, Cottonseed",World,1987,Exports,(1000 MT),1092.0,1,67,agg,"USDA FAS PS&D (Production, Supply & Distribution)",https://apps.fas.usda.gov/psdonline/downloads/
"Meal, Cottonseed",World,1988,Exports,(1000 MT),1319.0,1,66,agg,"USDA FAS PS&D (Production, Supply & Distribution)",https://apps.fas.usda.gov/psdonline/downloads/
"Meal, Cottonseed",World,1989,Exports,(1000 MT),1267.0,1,66,agg,"USDA FAS PS&D (Production, Supply & Distribution)",https://apps.fas.usda.gov/psdonline/downloads/
"Meal, Cottonseed",World,1990,Exports,(1000 MT),1202.0,1,66,agg,"USDA FAS PS&D (Production, Supply & Distribution)",https://apps.fas.usda.gov/psdonline/downloads/
"Meal, Cottonseed",World,1991,Exports,(1000 MT),1296.0,1,46,agg,"USDA FAS PS&D (Production, Supply & Distribution)",https://apps.fas.usda.gov/psdonline/downloads/
"Meal, Cottonseed",World,1992,Exports,(1000 MT),1442.0,1,46,agg,"USDA FAS PS&D (Production, Supply & Distribution)",https://apps.fas.usda.gov/psdonline/downloads/
"Meal, Cottonseed",World,1993,Exports,(1000 MT),1018.0,1,43,agg,"USDA FAS PS&D (Production, Supply & Distribution)",https://apps.fas.usda.gov/psdonline/downloads/
"Meal, Cottonseed",World,1994,Exports,(1000 MT),1017.0,1,43,agg,"USDA FAS PS&D (Production, Supply & Distribution)",https://apps.fas.usda.gov/psdonline/downloads/
"Meal, Cottonseed",World,1995,Exports,(1000 MT),968.0,1,43,agg,"USDA FAS PS&D (Production, Supply & Distribution)",https://apps.fas.usda.gov/psdonline/downloads/
"Meal, Cottonseed",World,1996,Exports,(1000 MT),813.0,1,41,agg,"USDA FAS PS&D (Production, Supply & Distribution)",https://apps.fas.usda.gov/psdonline/downloads/
"Meal, Cottonseed",World,1997,Exports,(1000 MT),592.0,1,41,agg,"USDA FAS PS&D (Production, Supply & Distribution)",https://apps.fas.usda.gov/psdonline/downloads/
"Meal, Cottonseed",World,1998,Exports,(1000 MT),526.0,1,41,agg,"USDA FAS PS&D (Production, Supply & Distribution)",https://apps.fas.usda.gov/psdonline/downloads/
"Meal, Cottonseed",World,1999,Exports,(1000 MT),535.0,1,40,agg,"USDA FAS PS&D (Production, Supply & Distribution)",https://apps.fas.usda.gov/psdonline/downloads/
"Meal, Cottonseed",World,2000,Exports,(1000 MT),610.0,1,40,agg,"USDA FAS PS&D (Production, Supply & Distribution)",https://apps.fas.usda.gov/psdonline/downloads/
"Meal, Cottonseed",World,2001,Exports,(1000 MT),580.0,1,40,agg,"USDA FAS PS&D (Production, Supply & Distribution)",https://apps.fas.usda.gov/psdonline/downloads/
"Meal, Cottonseed",World,2002,Exports,(1000 MT),418.0,1,40,agg,"USDA FAS PS&D (Production, Supply & Distribution)",https://apps.fas.usda.gov/psdonline/downloads/
"Meal, Cottonseed",World,2003,Exports,(1000 MT),463.0,1,40,agg,"USDA FAS PS&D (Production, Supply & Distribution)",https://apps.fas.usda.gov/psdonline/downloads/
"Meal, Cottonseed",World,2004,Exports,(1000 MT),445.0,1,40,agg,"USDA FAS PS&D (Production, Supply & Distribution)",https://apps.fas.usda.gov/psdonline/downloads/
"Meal, Cottonseed",World,2005,Exports,(1000 MT),460.0,1,41,agg,"USDA FAS PS&D (Production, Supply & Distribution)",https://apps.fas.usda.gov/psdonline/downloads/
"Meal, Cottonseed",World,2006,Exports,(1000 MT),414.0,1,41,agg,"USDA FAS PS&D (Production, Supply & Distribution)",https://apps.fas.usda.gov/psdonline/downloads/
"Meal, Cottonseed",World,2007,Exports,(1000 MT),427.0,1,41,agg,"USDA FAS PS&D (Production, Supply & Distribution)",https://apps.fas.usda.gov/psdonline/downloads/
"Meal, Cottonseed",World,2008,Exports,(1000 MT),466.0,1,41,agg,"USDA FAS PS&D (Production, Supply & Distribution)",https://apps.fas.usda.gov/psdonline/downloads/
"Meal, Cottonseed",World,2009,Exports,(1000 MT),453.0,1,41,agg,"USDA FAS PS&D (Production, Supply & Distribution)",https://apps.fas.usda.gov/psdonline/downloads/
"Meal, Cottonseed",World,2010,Exports,(1000 MT),516.0,1,41,agg,"USDA FAS PS&D (Production, Supply & Distribution)",https://apps.fas.usda.gov/psdonline/downloads/
"Meal, Cottonseed",World,2011,Exports,(1000 MT),582.0,1,41,agg,"USDA FAS PS&D (Production, Supply & Distribution)",https://apps.fas.usda.gov/psdonline/downloads/
"Meal, Cottonseed",World,2012,Exports,(1000 MT),565.0,1,41,agg,"USDA FAS PS&D (Production, Supply & Distribution)",https://apps.fas.usda.gov/psdonline/downloads/
"Meal, Cottonseed",World,2013,Exports,(1000 MT),423.0,1,41,agg,"USDA FAS PS&D (Production, Supply & Distribution)",https://apps.fas.usda.gov/psdonline/downloads/
"Meal, Cottonseed",World,2014,Exports,(1000 MT),358.0,1,41,agg,"USDA FAS PS&D (Production, Supply & Distribution)",https://apps.fas.usda.gov/psdonline/downloads/
"Meal, Cottonseed",World,2015,Exports,(1000 MT),322.0,1,41,agg,"USDA FAS PS&D (Production, Supply & Distribution)",https://apps.fas.usda.gov/psdonline/downloads/
"Meal, Cottonseed",World,2016,Exports,(1000 MT),419.0,1,41,agg,"USDA FAS PS&D (Production, Supply & Distribution)",https://apps.fas.usda.gov/psdonline/downloads/
"Meal, Cottonseed",World,2017,Exports,(1000 MT),510.0,1,41,agg,"USDA FAS PS&D (Production, Supply & Distribution)",https://apps.fas.usda.gov/psdonline/downloads/
"Meal, Cottonseed",World,2018,Exports,(1000 MT),455.0,1,41,agg,"USDA FAS PS&D (Production, Supply & Distribution)",https://apps.fas.usda.gov/psdonline/downloads/
"Meal, Cottonseed",World,2019,Exports,(1000 MT),417.0,1,41,agg,"USDA FAS PS&D (Production, Supply & Distribution)",https://apps.fas.usda.gov/psdonline/downloads/
"Meal, Cottonseed",World,2020,Exports,(1000 MT),413.0,1,41,agg,"USDA FAS PS&D (Production, Supply & Distribution)",https://apps.fas.usda.gov/psdonline/downloads/
"Meal, Cottonseed",World,2021,Exports,(1000 MT),475.0,1,41,agg,"USDA FAS PS&D (Production, Supply & Distribution)",https://apps.fas.usda.gov/psdonline/downloads/
"Meal, Cottonseed",World,2022,Exports,(1000 MT),298.0,1,41,agg,"USDA FAS PS&D (Production, Supply & Distribution)",https://apps.fas.usda.gov/psdonline/downloads/
"Meal, Cottonseed",World,2023,Exports,(1000 MT),313.0,1,41,agg,"USDA FAS PS&D (Production, Supply & Distribution)",https://apps.fas.usda.gov/psdonline/downloads/
"Meal, Cottonseed",World,2024,Exports,(1000 MT),352.0,1,41,agg,"USDA FAS PS&D (Production, Supply & Distribution)",https://apps.fas.usda.gov/psdonline/downloads/
"Meal, Cottonseed",World,2025,Exports,(1000 MT),296.0,1,41,agg,"USDA FAS PS&D (Production, Supply & Distribution)",https://apps.fas.usda.gov/psdonline/downloads/
"Meal, Cottonseed",World,2026,Exports,(1000 MT),261.0,1,25,agg,"USDA FAS PS&D (Production, Supply & Distribution)",https://apps.fas.usda.gov/psdonline/downloads/
"Meal, Cottonseed",World,1966,Feed Waste Dom. Cons.,(1000 MT),115.0,1,1,agg,"USDA FAS PS&D (Production, Supply & Distribution)",https://apps.fas.usda.gov/psdonline/downloads/
"Meal, Cottonseed",World,1967,Feed Waste Dom. Cons.,(1000 MT),132.0,1,1,agg,"USDA FAS PS&D (Production, Supply & Distribution)",https://apps.fas.usda.gov/psdonline/downloads/
"Meal, Cottonseed",World,1968,Feed Waste Dom. Cons.,(1000 MT),147.0,1,1,agg,"USDA FAS PS&D (Production, Supply & Distribution)",https://apps.fas.usda.gov/psdonline/downloads/
"Meal, Cottonseed",World,1969,Feed Waste Dom. Cons.,(1000 MT),6792.0,1,58,agg,"USDA FAS PS&D (Production, Supply & Distribution)",https://apps.fas.usda.gov/psdonline/downloads/
"Meal, Cottonseed",World,1970,Feed Waste Dom. Cons.,(1000 MT),6487.0,1,58,agg,"USDA FAS PS&D (Production, Supply & Distribution)",https://apps.fas.usda.gov/psdonline/downloads/
"Meal, Cottonseed",World,1971,Feed Waste Dom. Cons.,(1000 MT),7401.0,1,59,agg,"USDA FAS PS&D (Production, Supply & Distribution)",https://apps.fas.usda.gov/psdonline/downloads/
"Meal, Cottonseed",World,1972,Feed Waste Dom. Cons.,(1000 MT),8014.0,1,60,agg,"USDA FAS PS&D (Production, Supply & Distribution)",https://apps.fas.usda.gov/psdonline/downloads/
"Meal, Cottonseed",World,1973,Feed Waste Dom. Cons.,(1000 MT),7503.0,1,59,agg,"USDA FAS PS&D (Production, Supply & Distribution)",https://apps.fas.usda.gov/psdonline/downloads/
"Meal, Cottonseed",World,1974,Feed Waste Dom. Cons.,(1000 MT),7409.0,1,61,agg,"USDA FAS PS&D (Production, Supply & Distribution)",https://apps.fas.usda.gov/psdonline/downloads/
"Meal, Cottonseed",World,1975,Feed Waste Dom. Cons.,(1000 MT),6383.0,1,61,agg,"USDA FAS PS&D (Production, Supply & Distribution)",https://apps.fas.usda.gov/psdonline/downloads/
"Meal, Cottonseed",World,1976,Feed Waste Dom. Cons.,(1000 MT),6426.0,1,60,agg,"USDA FAS PS&D (Production, Supply & Distribution)",https://apps.fas.usda.gov/psdonline/downloads/
"Meal, Cottonseed",World,1977,Feed Waste Dom. Cons.,(1000 MT),7359.0,1,62,agg,"USDA FAS PS&D (Production, Supply & Distribution)",https://apps.fas.usda.gov/psdonline/downloads/
"Meal, Cottonseed",World,1978,Feed Waste Dom. Cons.,(1000 MT),7267.0,1,61,agg,"USDA FAS PS&D (Production, Supply & Distribution)",https://apps.fas.usda.gov/psdonline/downloads/
"Meal, Cottonseed",World,1979,Feed Waste Dom. Cons.,(1000 MT),7487.0,1,59,agg,"USDA FAS PS&D (Production, Supply & Distribution)",https://apps.fas.usda.gov/psdonline/downloads/
"Meal, Cottonseed",World,1980,Feed Waste Dom. Cons.,(1000 MT),7608.0,1,58,agg,"USDA FAS PS&D (Production, Supply & Distribution)",https://apps.fas.usda.gov/psdonline/downloads/
"Meal, Cottonseed",World,1981,Feed Waste Dom. Cons.,(1000 MT),8173.0,1,58,agg,"USDA FAS PS&D (Production, Supply & Distribution)",https://apps.fas.usda.gov/psdonline/downloads/
"Meal, Cottonseed",World,1982,Feed Waste Dom. Cons.,(1000 MT),7675.0,1,58,agg,"USDA FAS PS&D (Production, Supply & Distribution)",https://apps.fas.usda.gov/psdonline/downloads/
"Meal, Cottonseed",World,1983,Feed Waste Dom. Cons.,(1000 MT),6631.0,1,60,agg,"USDA FAS PS&D (Production, Supply & Distribution)",https://apps.fas.usda.gov/psdonline/downloads/
"Meal, Cottonseed",World,1984,Feed Waste Dom. Cons.,(1000 MT),8650.0,1,60,agg,"USDA FAS PS&D (Production, Supply & Distribution)",https://apps.fas.usda.gov/psdonline/downloads/
"Meal, Cottonseed",World,1985,Feed Waste Dom. Cons.,(1000 MT),8586.0,1,58,agg,"USDA FAS PS&D (Production, Supply & Distribution)",https://apps.fas.usda.gov/psdonline/downloads/
"Meal, Cottonseed",World,1986,Feed Waste Dom. Cons.,(1000 MT),8102.0,1,58,agg,"USDA FAS PS&D (Production, Supply & Distribution)",https://apps.fas.usda.gov/psdonline/downloads/
"Meal, Cottonseed",World,1987,Feed Waste Dom. Cons.,(1000 MT),9797.0,1,67,agg,"USDA FAS PS&D (Production, Supply & Distribution)",https://apps.fas.usda.gov/psdonline/downloads/
"Meal, Cottonseed",World,1988,Feed Waste Dom. Cons.,(1000 MT),10660.0,1,66,agg,"USDA FAS PS&D (Production, Supply & Distribution)",https://apps.fas.usda.gov/psdonline/downloads/
"Meal, Cottonseed",World,1989,Feed Waste Dom. Cons.,(1000 MT),10261.0,1,66,agg,"USDA FAS PS&D (Production, Supply & Distribution)",https://apps.fas.usda.gov/psdonline/downloads/
"Meal, Cottonseed",World,1990,Feed Waste Dom. Cons.,(1000 MT),10580.0,1,66,agg,"USDA FAS PS&D (Production, Supply & Distribution)",https://apps.fas.usda.gov/psdonline/downloads/
"Meal, Cottonseed",World,1991,Feed Waste Dom. Cons.,(1000 MT),10108.0,1,46,agg,"USDA FAS PS&D (Production, Supply & Distribution)",https://apps.fas.usda.gov/psdonline/downloads/
"Meal, Cottonseed",World,1992,Feed Waste Dom. Cons.,(1000 MT),9124.0,1,46,agg,"USDA FAS PS&D (Production, Supply & Distribution)",https://apps.fas.usda.gov/psdonline/downloads/
"Meal, Cottonseed",World,1993,Feed Waste Dom. Cons.,(1000 MT),8191.0,1,43,agg,"USDA FAS PS&D (Production, Supply & Distribution)",https://apps.fas.usda.gov/psdonline/downloads/
"Meal, Cottonseed",World,1994,Feed Waste Dom. Cons.,(1000 MT),8583.0,1,43,agg,"USDA FAS PS&D (Production, Supply & Distribution)",https://apps.fas.usda.gov/psdonline/downloads/
"Meal, Cottonseed",World,1995,Feed Waste Dom. Cons.,(1000 MT),12145.0,1,43,agg,"USDA FAS PS&D (Production, Supply & Distribution)",https://apps.fas.usda.gov/psdonline/downloads/
"Meal, Cottonseed",World,1996,Feed Waste Dom. Cons.,(1000 MT),11628.0,1,41,agg,"USDA FAS PS&D (Production, Supply & Distribution)",https://apps.fas.usda.gov/psdonline/downloads/
"Meal, Cottonseed",World,1997,Feed Waste Dom. Cons.,(1000 MT),11475.0,1,41,agg,"USDA FAS PS&D (Production, Supply & Distribution)",https://apps.fas.usda.gov/psdonline/downloads/
"Meal, Cottonseed",World,1998,Feed Waste Dom. Cons.,(1000 MT),11145.0,1,41,agg,"USDA FAS PS&D (Production, Supply & Distribution)",https://apps.fas.usda.gov/psdonline/downloads/
"Meal, Cottonseed",World,1999,Feed Waste Dom. Cons.,(1000 MT),11204.0,1,40,agg,"USDA FAS PS&D (Production, Supply & Distribution)",https://apps.fas.usda.gov/psdonline/downloads/
"Meal, Cottonseed",World,2000,Feed Waste Dom. Cons.,(1000 MT),10852.0,1,40,agg,"USDA FAS PS&D (Production, Supply & Distribution)",https://apps.fas.usda.gov/psdonline/downloads/
"Meal, Cottonseed",World,2001,Feed Waste Dom. Cons.,(1000 MT),11798.0,1,40,agg,"USDA FAS PS&D (Production, Supply & Distribution)",https://apps.fas.usda.gov/psdonline/downloads/
"Meal, Cottonseed",World,2002,Feed Waste Dom. Cons.,(1000 MT),11335.0,1,40,agg,"USDA FAS PS&D (Production, Supply & Distribution)",https://apps.fas.usda.gov/psdonline/downloads/
"Meal, Cottonseed",World,2003,Feed Waste Dom. Cons.,(1000 MT),11717.0,1,40,agg,"USDA FAS PS&D (Production, Supply & Distribution)",https://apps.fas.usda.gov/psdonline/downloads/
"Meal, Cottonseed",World,2004,Feed Waste Dom. Cons.,(1000 MT),14664.0,1,40,agg,"USDA FAS PS&D (Production, Supply & Distribution)",https://apps.fas.usda.gov/psdonline/downloads/
"Meal, Cottonseed",World,2005,Feed Waste Dom. Cons.,(1000 MT),14289.0,1,41,agg,"USDA FAS PS&D (Production, Supply & Distribution)",https://apps.fas.usda.gov/psdonline/downloads/
"Meal, Cottonseed",World,2006,Feed Waste Dom. Cons.,(1000 MT),14786.0,1,41,agg,"USDA FAS PS&D (Production, Supply & Distribution)",https://apps.fas.usda.gov/psdonline/downloads/
"Meal, Cottonseed",World,2007,Feed Waste Dom. Cons.,(1000 MT),15210.0,1,41,agg,"USDA FAS PS&D (Production, Supply & Distribution)",https://apps.fas.usda.gov/psdonline/downloads/
"Meal, Cottonseed",World,2008,Feed Waste Dom. Cons.,(1000 MT),14123.0,1,41,agg,"USDA FAS PS&D (Production, Supply & Distribution)",https://apps.fas.usda.gov/psdonline/downloads/
"Meal, Cottonseed",World,2009,Feed Waste Dom. Cons.,(1000 MT),13410.0,1,41,agg,"USDA FAS PS&D (Production, Supply & Distribution)",https://apps.fas.usda.gov/psdonline/downloads/
"Meal, Cottonseed",World,2010,Feed Waste Dom. Cons.,(1000 MT),14003.0,1,41,agg,"USDA FAS PS&D (Production, Supply & Distribution)",https://apps.fas.usda.gov/psdonline/downloads/
"Meal, Cottonseed",World,2011,Feed Waste Dom. Cons.,(1000 MT),15312.0,1,41,agg,"USDA FAS PS&D (Production, Supply & Distribution)",https://apps.fas.usda.gov/psdonline/downloads/
"Meal, Cottonseed",World,2012,Feed Waste Dom. Cons.,(1000 MT),15594.0,1,41,agg,"USDA FAS PS&D (Production, Supply & Distribution)",https://apps.fas.usda.gov/psdonline/downloads/
"Meal, Cottonseed",World,2013,Feed Waste Dom. Cons.,(1000 MT),14993.0,1,41,agg,"USDA FAS PS&D (Production, Supply & Distribution)",https://apps.fas.usda.gov/psdonline/downloads/
"Meal, Cottonseed",World,2014,Feed Waste Dom. Cons.,(1000 MT),15089.0,1,41,agg,"USDA FAS PS&D (Production, Supply & Distribution)",https://apps.fas.usda.gov/psdonline/downloads/
"Meal, Cottonseed",World,2015,Feed Waste Dom. Cons.,(1000 MT),12918.0,1,41,agg,"USDA FAS PS&D (Production, Supply & Distribution)",https://apps.fas.usda.gov/psdonline/downloads/
"Meal, Cottonseed",World,2016,Feed Waste Dom. Cons.,(1000 MT),12815.0,1,41,agg,"USDA FAS PS&D (Production, Supply & Distribution)",https://apps.fas.usda.gov/psdonline/downloads/
"Meal, Cottonseed",World,2017,Feed Waste Dom. Cons.,(1000 MT),13847.0,1,41,agg,"USDA FAS PS&D (Production, Supply & Distribution)",https://apps.fas.usda.gov/psdonline/downloads/
"Meal, Cottonseed",World,2018,Feed Waste Dom. Cons.,(1000 MT),13392.0,1,41,agg,"USDA FAS PS&D (Production, Supply & Distribution)",https://apps.fas.usda.gov/psdonline/downloads/
"Meal, Cottonseed",World,2019,Feed Waste Dom. Cons.,(1000 MT),14188.0,1,41,agg,"USDA FAS PS&D (Production, Supply & Distribution)",https://apps.fas.usda.gov/psdonline/downloads/
"Meal, Cottonseed",World,2020,Feed Waste Dom. Cons.,(1000 MT),13528.0,1,41,agg,"USDA FAS PS&D (Production, Supply & Distribution)",https://apps.fas.usda.gov/psdonline/downloads/
"Meal, Cottonseed",World,2021,Feed Waste Dom. Cons.,(1000 MT),13488.0,1,41,agg,"USDA FAS PS&D (Production, Supply & Distribution)",https://apps.fas.usda.gov/psdonline/downloads/
"Meal, Cottonseed",World,2022,Feed Waste Dom. Cons.,(1000 MT),13646.0,1,41,agg,"USDA FAS PS&D (Production, Supply & Distribution)",https://apps.fas.usda.gov/psdonline/downloads/
"Meal, Cottonseed",World,2023,Feed Waste Dom. Cons.,(1000 MT),14175.0,1,41,agg,"USDA FAS PS&D (Production, Supply & Distribution)",https://apps.fas.usda.gov/psdonline/downloads/
"Meal, Cottonseed",World,2024,Feed Waste Dom. Cons.,(1000 MT),14100.0,1,41,agg,"USDA FAS PS&D (Production, Supply & Distribution)",https://apps.fas.usda.gov/psdonline/downloads/
"Meal, Cottonseed",World,2025,Feed Waste Dom. Cons.,(1000 MT),14079.0,1,41,agg,"USDA FAS PS&D (Production, Supply & Distribution)",https://apps.fas.usda.gov/psdonline/downloads/
"Meal, Cottonseed",World,2026,Feed Waste Dom. Cons.,(1000 MT),13369.0,1,25,agg,"USDA FAS PS&D (Production, Supply & Distribution)",https://apps.fas.usda.gov/psdonline/downloads/
"Meal, Cottonseed",World,1966,Food Use Dom. Cons.,(1000 MT),0.0,1,1,agg,"USDA FAS PS&D (Production, Supply & Distribution)",https://apps.fas.usda.gov/psdonline/downloads/
"Meal, Cottonseed",World,1967,Food Use Dom. Cons.,(1000 MT),0.0,1,1,agg,"USDA FAS PS&D (Production, Supply & Distribution)",https://apps.fas.usda.gov/psdonline/downloads/
"Meal, Cottonseed",World,1968,Food Use Dom. Cons.,(1000 MT),0.0,1,1,agg,"USDA FAS PS&D (Production, Supply & Distribution)",https://apps.fas.usda.gov/psdonline/downloads/
"Meal, Cottonseed",World,1969,Food Use Dom. Cons.,(1000 MT),0.0,1,58,agg,"USDA FAS PS&D (Production, Supply & Distribution)",https://apps.fas.usda.gov/psdonline/downloads/
"Meal, Cottonseed",World,1970,Food Use Dom. Cons.,(1000 MT),0.0,1,58,agg,"USDA FAS PS&D (Production, Supply & Distribution)",https://apps.fas.usda.gov/psdonline/downloads/
"Meal, Cottonseed",World,1971,Food Use Dom. Cons.,(1000 MT),0.0,1,59,agg,"USDA FAS PS&D (Production, Supply & Distribution)",https://apps.fas.usda.gov/psdonline/downloads/
"Meal, Cottonseed",World,1972,Food Use Dom. Cons.,(1000 MT),0.0,1,60,agg,"USDA FAS PS&D (Production, Supply & Distribution)",https://apps.fas.usda.gov/psdonline/downloads/
"Meal, Cottonseed",World,1973,Food Use Dom. Cons.,(1000 MT),0.0,1,59,agg,"USDA FAS PS&D (Production, Supply & Distribution)",https://apps.fas.usda.gov/psdonline/downloads/
"Meal, Cottonseed",World,1974,Food Use Dom. Cons.,(1000 MT),0.0,1,61,agg,"USDA FAS PS&D (Production, Supply & Distribution)",https://apps.fas.usda.gov/psdonline/downloads/
"Meal, Cottonseed",World,1975,Food Use Dom. Cons.,(1000 MT),0.0,1,61,agg,"USDA FAS PS&D (Production, Supply & Distribution)",https://apps.fas.usda.gov/psdonline/downloads/
"Meal, Cottonseed",World,1976,Food Use Dom. Cons.,(1000 MT),0.0,1,60,agg,"USDA FAS PS&D (Production, Supply & Distribution)",https://apps.fas.usda.gov/psdonline/downloads/
"Meal, Cottonseed",World,1977,Food Use Dom. Cons.,(1000 MT),0.0,1,62,agg,"USDA FAS PS&D (Production, Supply & Distribution)",https://apps.fas.usda.gov/psdonline/downloads/
"Meal, Cottonseed",World,1978,Food Use Dom. Cons.,(1000 MT),0.0,1,61,agg,"USDA FAS PS&D (Production, Supply & Distribution)",https://apps.fas.usda.gov/psdonline/downloads/
"Meal, Cottonseed",World,1979,Food Use Dom. Cons.,(1000 MT),0.0,1,59,agg,"USDA FAS PS&D (Production, Supply & Distribution)",https://apps.fas.usda.gov/psdonline/downloads/
"Meal, Cottonseed",World,1980,Food Use Dom. Cons.,(1000 MT),0.0,1,58,agg,"USDA FAS PS&D (Production, Supply & Distribution)",https://apps.fas.usda.gov/psdonline/downloads/
"Meal, Cottonseed",World,1981,Food Use Dom. Cons.,(1000 MT),0.0,1,58,agg,"USDA FAS PS&D (Production, Supply & Distribution)",https://apps.fas.usda.gov/psdonline/downloads/
"Meal, Cottonseed",World,1982,Food Use Dom. Cons.,(1000 MT),0.0,1,58,agg,"USDA FAS PS&D (Production, Supply & Distribution)",https://apps.fas.usda.gov/psdonline/downloads/
"Meal, Cottonseed",World,1983,Food Use Dom. Cons.,(1000 MT),0.0,1,60,agg,"USDA FAS PS&D (Production, Supply & Distribution)",https://apps.fas.usda.gov/psdonline/downloads/
"Meal, Cottonseed",World,1984,Food Use Dom. Cons.,(1000 MT),0.0,1,60,agg,"USDA FAS PS&D (Production, Supply & Distribution)",https://apps.fas.usda.gov/psdonline/downloads/
"Meal, Cottonseed",World,1985,Food Use Dom. Cons.,(1000 MT),0.0,1,58,agg,"USDA FAS PS&D (Production, Supply & Distribution)",https://apps.fas.usda.gov/psdonline/downloads/
"Meal, Cottonseed",World,1986,Food Use Dom. Cons.,(1000 MT),0.0,1,58,agg,"USDA FAS PS&D (Production, Supply & Distribution)",https://apps.fas.usda.gov/psdonline/downloads/
"Meal, Cottonseed",World,1987,Food Use Dom. Cons.,(1000 MT),0.0,1,67,agg,"USDA FAS PS&D (Production, Supply & Distribution)",https://apps.fas.usda.gov/psdonline/downloads/
"Meal, Cottonseed",World,1988,Food Use Dom. Cons.,(1000 MT),0.0,1,66,agg,"USDA FAS PS&D (Production, Supply & Distribution)",https://apps.fas.usda.gov/psdonline/downloads/
"Meal, Cottonseed",World,1989,Food Use Dom. Cons.,(1000 MT),0.0,1,66,agg,"USDA FAS PS&D (Production, Supply & Distribution)",https://apps.fas.usda.gov/psdonline/downloads/
"Meal, Cottonseed",World,1990,Food Use Dom. Cons.,(1000 MT),0.0,1,66,agg,"USDA FAS PS&D (Production, Supply & Distribution)",https://apps.fas.usda.gov/psdonline/downloads/
"Meal, Cottonseed",World,1991,Food Use Dom. Cons.,(1000 MT),0.0,1,46,agg,"USDA FAS PS&D (Production, Supply & Distribution)",https://apps.fas.usda.gov/psdonline/downloads/
"Meal, Cottonseed",World,1992,Food Use Dom. Cons.,(1000 MT),0.0,1,46,agg,"USDA FAS PS&D (Production, Supply & Distribution)",https://apps.fas.usda.gov/psdonline/downloads/
"Meal, Cottonseed",World,1993,Food Use Dom. Cons.,(1000 MT),0.0,1,43,agg,"USDA FAS PS&D (Production, Supply & Distribution)",https://apps.fas.usda.gov/psdonline/downloads/
"Meal, Cottonseed",World,1994,Food Use Dom. Cons.,(1000 MT),0.0,1,43,agg,"USDA FAS PS&D (Production, Supply & Distribution)",https://apps.fas.usda.gov/psdonline/downloads/
"Meal, Cottonseed",World,1995,Food Use Dom. Cons.,(1000 MT),0.0,1,43,agg,"USDA FAS PS&D (Production, Supply & Distribution)",https://apps.fas.usda.gov/psdonline/downloads/
"Meal, Cottonseed",World,1996,Food Use Dom. Cons.,(1000 MT),0.0,1,41,agg,"USDA FAS PS&D (Production, Supply & Distribution)",https://apps.fas.usda.gov/psdonline/downloads/
"Meal, Cottonseed",World,1997,Food Use Dom. Cons.,(1000 MT),0.0,1,41,agg,"USDA FAS PS&D (Production, Supply & Distribution)",https://apps.fas.usda.gov/psdonline/downloads/
"Meal, Cottonseed",World,1998,Food Use Dom. Cons.,(1000 MT),0.0,1,41,agg,"USDA FAS PS&D (Production, Supply & Distribution)",https://apps.fas.usda.gov/psdonline/downloads/
"Meal, Cottonseed",World,1999,Food Use Dom. Cons.,(1000 MT),0.0,1,40,agg,"USDA FAS PS&D (Production, Supply & Distribution)",https://apps.fas.usda.gov/psdonline/downloads/
"Meal, Cottonseed",World,2000,Food Use Dom. Cons.,(1000 MT),0.0,1,40,agg,"USDA FAS PS&D (Production, Supply & Distribution)",https://apps.fas.usda.gov/psdonline/downloads/
"Meal, Cottonseed",World,2001,Food Use Dom. Cons.,(1000 MT),0.0,1,40,agg,"USDA FAS PS&D (Production, Supply & Distribution)",https://apps.fas.usda.gov/psdonline/downloads/
"Meal, Cottonseed",World,2002,Food Use Dom. Cons.,(1000 MT),0.0,1,40,agg,"USDA FAS PS&D (Production, Supply & Distribution)",https://apps.fas.usda.gov/psdonline/downloads/
"Meal, Cottonseed",World,2003,Food Use Dom. Cons.,(1000 MT),0.0,1,40,agg,"USDA FAS PS&D (Production, Supply & Distribution)",https://apps.fas.usda.gov/psdonline/downloads/
"Meal, Cottonseed",World,2004,Food Use Dom. Cons.,(1000 MT),0.0,1,40,agg,"USDA FAS PS&D (Production, Supply & Distribution)",https://apps.fas.usda.gov/psdonline/downloads/
"Meal, Cottonseed",World,2005,Food Use Dom. Cons.,(1000 MT),0.0,1,41,agg,"USDA FAS PS&D (Production, Supply & Distribution)",https://apps.fas.usda.gov/psdonline/downloads/
"Meal, Cottonseed",World,2006,Food Use Dom. Cons.,(1000 MT),0.0,1,41,agg,"USDA FAS PS&D (Production, Supply & Distribution)",https://apps.fas.usda.gov/psdonline/downloads/
"Meal, Cottonseed",World,2007,Food Use Dom. Cons.,(1000 MT),0.0,1,41,agg,"USDA FAS PS&D (Production, Supply & Distribution)",https://apps.fas.usda.gov/psdonline/downloads/
"Meal, Cottonseed",World,2008,Food Use Dom. Cons.,(1000 MT),0.0,1,41,agg,"USDA FAS PS&D (Production, Supply & Distribution)",https://apps.fas.usda.gov/psdonline/downloads/
"Meal, Cottonseed",World,2009,Food Use Dom. Cons.,(1000 MT),0.0,1,41,agg,"USDA FAS PS&D (Production, Supply & Distribution)",https://apps.fas.usda.gov/psdonline/downloads/
"Meal, Cottonseed",World,2010,Food Use Dom. Cons.,(1000 MT),0.0,1,41,agg,"USDA FAS PS&D (Production, Supply & Distribution)",https://apps.fas.usda.gov/psdonline/downloads/
"Meal, Cottonseed",World,2011,Food Use Dom. Cons.,(1000 MT),0.0,1,41,agg,"USDA FAS PS&D (Production, Supply & Distribution)",https://apps.fas.usda.gov/psdonline/downloads/
"Meal, Cottonseed",World,2012,Food Use Dom. Cons.,(1000 MT),0.0,1,41,agg,"USDA FAS PS&D (Production, Supply & Distribution)",https://apps.fas.usda.gov/psdonline/downloads/
"Meal, Cottonseed",World,2013,Food Use Dom. Cons.,(1000 MT),0.0,1,41,agg,"USDA FAS PS&D (Production, Supply & Distribution)",https://apps.fas.usda.gov/psdonline/downloads/
"Meal, Cottonseed",World,2014,Food Use Dom. Cons.,(1000 MT),0.0,1,41,agg,"USDA FAS PS&D (Production, Supply & Distribution)",https://apps.fas.usda.gov/psdonline/downloads/
"Meal, Cottonseed",World,2015,Food Use Dom. Cons.,(1000 MT),0.0,1,41,agg,"USDA FAS PS&D (Production, Supply & Distribution)",https://apps.fas.usda.gov/psdonline/downloads/
"Meal, Cottonseed",World,2016,Food Use Dom. Cons.,(1000 MT),0.0,1,41,agg,"USDA FAS PS&D (Production, Supply & Distribution)",https://apps.fas.usda.gov/psdonline/downloads/
"Meal, Cottonseed",World,2017,Food Use Dom. Cons.,(1000 MT),0.0,1,41,agg,"USDA FAS PS&D (Production, Supply & Distribution)",https://apps.fas.usda.gov/psdonline/downloads/
"Meal, Cottonseed",World,2018,Food Use Dom. Cons.,(1000 MT),0.0,1,41,agg,"USDA FAS PS&D (Production, Supply & Distribution)",https://apps.fas.usda.gov/psdonline/downloads/
"Meal, Cottonseed",World,2019,Food Use Dom. Cons.,(1000 MT),0.0,1,41,agg,"USDA FAS PS&D (Production, Supply & Distribution)",https://apps.fas.usda.gov/psdonline/downloads/
"Meal, Cottonseed",World,2020,Food Use Dom. Cons.,(1000 MT),0.0,1,41,agg,"USDA FAS PS&D (Production, Supply & Distribution)",https://apps.fas.usda.gov/psdonline/downloads/
"Meal, Cottonseed",World,2021,Food Use Dom. Cons.,(1000 MT),0.0,1,41,agg,"USDA FAS PS&D (Production, Supply & Distribution)",https://apps.fas.usda.gov/psdonline/downloads/
"Meal, Cottonseed",World,2022,Food Use Dom. Cons.,(1000 MT),0.0,1,41,agg,"USDA FAS PS&D (Production, Supply & Distribution)",https://apps.fas.usda.gov/psdonline/downloads/
"Meal, Cottonseed",World,2023,Food Use Dom. Cons.,(1000 MT),0.0,1,41,agg,"USDA FAS PS&D (Production, Supply & Distribution)",https://apps.fas.usda.gov/psdonline/downloads/
"Meal, Cottonseed",World,2024,Food Use Dom. Cons.,(1000 MT),0.0,1,41,agg,"USDA FAS PS&D (Production, Supply & Distribution)",https://apps.fas.usda.gov/psdonline/downloads/
"Meal, Cottonseed",World,2025,Food Use Dom. Cons.,(1000 MT),0.0,1,41,agg,"USDA FAS PS&D (Production, Supply & Distribution)",https://apps.fas.usda.gov/psdonline/downloads/
"Meal, Cottonseed",World,2026,Food Use Dom. Cons.,(1000 MT),0.0,1,25,agg,"USDA FAS PS&D (Production, Supply & Distribution)",https://apps.fas.usda.gov/psdonline/downloads/
"Meal, Cottonseed",World,1966,Imports,(1000 MT),3.0,1,1,agg,"USDA FAS PS&D (Production, Supply & Distribution)",https://apps.fas.usda.gov/psdonline/downloads/
"Meal, Cottonseed",World,1967,Imports,(1000 MT),4.0,1,1,agg,"USDA FAS PS&D (Production, Supply & Distribution)",https://apps.fas.usda.gov/psdonline/downloads/
"Meal, Cottonseed",World,1968,Imports,(1000 MT),20.0,1,1,agg,"USDA FAS PS&D (Production, Supply & Distribution)",https://apps.fas.usda.gov/psdonline/downloads/
"Meal, Cottonseed",World,1969,Imports,(1000 MT),1280.0,1,58,agg,"USDA FAS PS&D (Production, Supply & Distribution)",https://apps.fas.usda.gov/psdonline/downloads/
"Meal, Cottonseed",World,1970,Imports,(1000 MT),1093.0,1,58,agg,"USDA FAS PS&D (Production, Supply & Distribution)",https://apps.fas.usda.gov/psdonline/downloads/
"Meal, Cottonseed",World,1971,Imports,(1000 MT),1266.0,1,59,agg,"USDA FAS PS&D (Production, Supply & Distribution)",https://apps.fas.usda.gov/psdonline/downloads/
"Meal, Cottonseed",World,1972,Imports,(1000 MT),1434.0,1,60,agg,"USDA FAS PS&D (Production, Supply & Distribution)",https://apps.fas.usda.gov/psdonline/downloads/
"Meal, Cottonseed",World,1973,Imports,(1000 MT),959.0,1,59,agg,"USDA FAS PS&D (Production, Supply & Distribution)",https://apps.fas.usda.gov/psdonline/downloads/
"Meal, Cottonseed",World,1974,Imports,(1000 MT),957.0,1,61,agg,"USDA FAS PS&D (Production, Supply & Distribution)",https://apps.fas.usda.gov/psdonline/downloads/
"Meal, Cottonseed",World,1975,Imports,(1000 MT),847.0,1,61,agg,"USDA FAS PS&D (Production, Supply & Distribution)",https://apps.fas.usda.gov/psdonline/downloads/
"Meal, Cottonseed",World,1976,Imports,(1000 MT),756.0,1,60,agg,"USDA FAS PS&D (Production, Supply & Distribution)",https://apps.fas.usda.gov/psdonline/downloads/
"Meal, Cottonseed",World,1977,Imports,(1000 MT),855.0,1,62,agg,"USDA FAS PS&D (Production, Supply & Distribution)",https://apps.fas.usda.gov/psdonline/downloads/
"Meal, Cottonseed",World,1978,Imports,(1000 MT),966.0,1,61,agg,"USDA FAS PS&D (Production, Supply & Distribution)",https://apps.fas.usda.gov/psdonline/downloads/
"Meal, Cottonseed",World,1979,Imports,(1000 MT),763.0,1,59,agg,"USDA FAS PS&D (Production, Supply & Distribution)",https://apps.fas.usda.gov/psdonline/downloads/
"Meal, Cottonseed",World,1980,Imports,(1000 MT),786.0,1,58,agg,"USDA FAS PS&D (Production, Supply & Distribution)",https://apps.fas.usda.gov/psdonline/downloads/
"Meal, Cottonseed",World,1981,Imports,(1000 MT),728.0,1,58,agg,"USDA FAS PS&D (Production, Supply & Distribution)",https://apps.fas.usda.gov/psdonline/downloads/
"Meal, Cottonseed",World,1982,Imports,(1000 MT),670.0,1,58,agg,"USDA FAS PS&D (Production, Supply & Distribution)",https://apps.fas.usda.gov/psdonline/downloads/
"Meal, Cottonseed",World,1983,Imports,(1000 MT),650.0,1,60,agg,"USDA FAS PS&D (Production, Supply & Distribution)",https://apps.fas.usda.gov/psdonline/downloads/
"Meal, Cottonseed",World,1984,Imports,(1000 MT),651.0,1,60,agg,"USDA FAS PS&D (Production, Supply & Distribution)",https://apps.fas.usda.gov/psdonline/downloads/
"Meal, Cottonseed",World,1985,Imports,(1000 MT),863.0,1,58,agg,"USDA FAS PS&D (Production, Supply & Distribution)",https://apps.fas.usda.gov/psdonline/downloads/
"Meal, Cottonseed",World,1986,Imports,(1000 MT),778.0,1,58,agg,"USDA FAS PS&D (Production, Supply & Distribution)",https://apps.fas.usda.gov/psdonline/downloads/
"Meal, Cottonseed",World,1987,Imports,(1000 MT),1577.0,1,67,agg,"USDA FAS PS&D (Production, Supply & Distribution)",https://apps.fas.usda.gov/psdonline/downloads/
"Meal, Cottonseed",World,1988,Imports,(1000 MT),2011.0,1,66,agg,"USDA FAS PS&D (Production, Supply & Distribution)",https://apps.fas.usda.gov/psdonline/downloads/
"Meal, Cottonseed",World,1989,Imports,(1000 MT),1984.0,1,66,agg,"USDA FAS PS&D (Production, Supply & Distribution)",https://apps.fas.usda.gov/psdonline/downloads/
"Meal, Cottonseed",World,1990,Imports,(1000 MT),1767.0,1,66,agg,"USDA FAS PS&D (Production, Supply & Distribution)",https://apps.fas.usda.gov/psdonline/downloads/
"Meal, Cottonseed",World,1991,Imports,(1000 MT),1317.0,1,46,agg,"USDA FAS PS&D (Production, Supply & Distribution)",https://apps.fas.usda.gov/psdonline/downloads/
"Meal, Cottonseed",World,1992,Imports,(1000 MT),1355.0,1,46,agg,"USDA FAS PS&D (Production, Supply & Distribution)",https://apps.fas.usda.gov/psdonline/downloads/
"Meal, Cottonseed",World,1993,Imports,(1000 MT),925.0,1,43,agg,"USDA FAS PS&D (Production, Supply & Distribution)",https://apps.fas.usda.gov/psdonline/downloads/
"Meal, Cottonseed",World,1994,Imports,(1000 MT),669.0,1,43,agg,"USDA FAS PS&D (Production, Supply & Distribution)",https://apps.fas.usda.gov/psdonline/downloads/
"Meal, Cottonseed",World,1995,Imports,(1000 MT),809.0,1,43,agg,"USDA FAS PS&D (Production, Supply & Distribution)",https://apps.fas.usda.gov/psdonline/downloads/
"Meal, Cottonseed",World,1996,Imports,(1000 MT),791.0,1,41,agg,"USDA FAS PS&D (Production, Supply & Distribution)",https://apps.fas.usda.gov/psdonline/downloads/
"Meal, Cottonseed",World,1997,Imports,(1000 MT),567.0,1,41,agg,"USDA FAS PS&D (Production, Supply & Distribution)",https://apps.fas.usda.gov/psdonline/downloads/
"Meal, Cottonseed",World,1998,Imports,(1000 MT),598.0,1,41,agg,"USDA FAS PS&D (Production, Supply & Distribution)",https://apps.fas.usda.gov/psdonline/downloads/
"Meal, Cottonseed",World,1999,Imports,(1000 MT),495.0,1,40,agg,"USDA FAS PS&D (Production, Supply & Distribution)",https://apps.fas.usda.gov/psdonline/downloads/
"Meal, Cottonseed",World,2000,Imports,(1000 MT),524.0,1,40,agg,"USDA FAS PS&D (Production, Supply & Distribution)",https://apps.fas.usda.gov/psdonline/downloads/
"Meal, Cottonseed",World,2001,Imports,(1000 MT),561.0,1,40,agg,"USDA FAS PS&D (Production, Supply & Distribution)",https://apps.fas.usda.gov/psdonline/downloads/
"Meal, Cottonseed",World,2002,Imports,(1000 MT),481.0,1,40,agg,"USDA FAS PS&D (Production, Supply & Distribution)",https://apps.fas.usda.gov/psdonline/downloads/
"Meal, Cottonseed",World,2003,Imports,(1000 MT),518.0,1,40,agg,"USDA FAS PS&D (Production, Supply & Distribution)",https://apps.fas.usda.gov/psdonline/downloads/
"Meal, Cottonseed",World,2004,Imports,(1000 MT),482.0,1,40,agg,"USDA FAS PS&D (Production, Supply & Distribution)",https://apps.fas.usda.gov/psdonline/downloads/
"Meal, Cottonseed",World,2005,Imports,(1000 MT),483.0,1,41,agg,"USDA FAS PS&D (Production, Supply & Distribution)",https://apps.fas.usda.gov/psdonline/downloads/
"Meal, Cottonseed",World,2006,Imports,(1000 MT),441.0,1,41,agg,"USDA FAS PS&D (Production, Supply & Distribution)",https://apps.fas.usda.gov/psdonline/downloads/
"Meal, Cottonseed",World,2007,Imports,(1000 MT),429.0,1,41,agg,"USDA FAS PS&D (Production, Supply & Distribution)",https://apps.fas.usda.gov/psdonline/downloads/
"Meal, Cottonseed",World,2008,Imports,(1000 MT),388.0,1,41,agg,"USDA FAS PS&D (Production, Supply & Distribution)",https://apps.fas.usda.gov/psdonline/downloads/
"Meal, Cottonseed",World,2009,Imports,(1000 MT),372.0,1,41,agg,"USDA FAS PS&D (Production, Supply & Distribution)",https://apps.fas.usda.gov/psdonline/downloads/
"Meal, Cottonseed",World,2010,Imports,(1000 MT),409.0,1,41,agg,"USDA FAS PS&D (Production, Supply & Distribution)",https://apps.fas.usda.gov/psdonline/downloads/
"Meal, Cottonseed",World,2011,Imports,(1000 MT),447.0,1,41,agg,"USDA FAS PS&D (Production, Supply & Distribution)",https://apps.fas.usda.gov/psdonline/downloads/
"Meal, Cottonseed",World,2012,Imports,(1000 MT),427.0,1,41,agg,"USDA FAS PS&D (Production, Supply & Distribution)",https://apps.fas.usda.gov/psdonline/downloads/
"Meal, Cottonseed",World,2013,Imports,(1000 MT),352.0,1,41,agg,"USDA FAS PS&D (Production, Supply & Distribution)",https://apps.fas.usda.gov/psdonline/downloads/
"Meal, Cottonseed",World,2014,Imports,(1000 MT),259.0,1,41,agg,"USDA FAS PS&D (Production, Supply & Distribution)",https://apps.fas.usda.gov/psdonline/downloads/
"Meal, Cottonseed",World,2015,Imports,(1000 MT),250.0,1,41,agg,"USDA FAS PS&D (Production, Supply & Distribution)",https://apps.fas.usda.gov/psdonline/downloads/
"Meal, Cottonseed",World,2016,Imports,(1000 MT),275.0,1,41,agg,"USDA FAS PS&D (Production, Supply & Distribution)",https://apps.fas.usda.gov/psdonline/downloads/
"Meal, Cottonseed",World,2017,Imports,(1000 MT),338.0,1,41,agg,"USDA FAS PS&D (Production, Supply & Distribution)",https://apps.fas.usda.gov/psdonline/downloads/
"Meal, Cottonseed",World,2018,Imports,(1000 MT),357.0,1,41,agg,"USDA FAS PS&D (Production, Supply & Distribution)",https://apps.fas.usda.gov/psdonline/downloads/
"Meal, Cottonseed",World,2019,Imports,(1000 MT),357.0,1,41,agg,"USDA FAS PS&D (Production, Supply & Distribution)",https://apps.fas.usda.gov/psdonline/downloads/
"Meal, Cottonseed",World,2020,Imports,(1000 MT),288.0,1,41,agg,"USDA FAS PS&D (Production, Supply & Distribution)",https://apps.fas.usda.gov/psdonline/downloads/
"Meal, Cottonseed",World,2021,Imports,(1000 MT),293.0,1,41,agg,"USDA FAS PS&D (Production, Supply & Distribution)",https://apps.fas.usda.gov/psdonline/downloads/
"Meal, Cottonseed",World,2022,Imports,(1000 MT),195.0,1,41,agg,"USDA FAS PS&D (Production, Supply & Distribution)",https://apps.fas.usda.gov/psdonline/downloads/
"Meal, Cottonseed",World,2023,Imports,(1000 MT),189.0,1,41,agg,"USDA FAS PS&D (Production, Supply & Distribution)",https://apps.fas.usda.gov/psdonline/downloads/
"Meal, Cottonseed",World,2024,Imports,(1000 MT),225.0,1,41,agg,"USDA FAS PS&D (Production, Supply & Distribution)",https://apps.fas.usda.gov/psdonline/downloads/
"Meal, Cottonseed",World,2025,Imports,(1000 MT),199.0,1,41,agg,"USDA FAS PS&D (Production, Supply & Distribution)",https://apps.fas.usda.gov/psdonline/downloads/
"Meal, Cottonseed",World,2026,Imports,(1000 MT),138.0,1,25,agg,"USDA FAS PS&D (Production, Supply & Distribution)",https://apps.fas.usda.gov/psdonline/downloads/
"Meal, Cottonseed",World,1966,Industrial Dom. Cons.,(1000 MT),0.0,1,1,agg,"USDA FAS PS&D (Production, Supply & Distribution)",https://apps.fas.usda.gov/psdonline/downloads/
"Meal, Cottonseed",World,1967,Industrial Dom. Cons.,(1000 MT),0.0,1,1,agg,"USDA FAS PS&D (Production, Supply & Distribution)",https://apps.fas.usda.gov/psdonline/downloads/
"Meal, Cottonseed",World,1968,Industrial Dom. Cons.,(1000 MT),0.0,1,1,agg,"USDA FAS PS&D (Production, Supply & Distribution)",https://apps.fas.usda.gov/psdonline/downloads/
"Meal, Cottonseed",World,1969,Industrial Dom. Cons.,(1000 MT),1176.0,1,58,agg,"USDA FAS PS&D (Production, Supply & Distribution)",https://apps.fas.usda.gov/psdonline/downloads/
"Meal, Cottonseed",World,1970,Industrial Dom. Cons.,(1000 MT),1288.0,1,58,agg,"USDA FAS PS&D (Production, Supply & Distribution)",https://apps.fas.usda.gov/psdonline/downloads/
"Meal, Cottonseed",World,1971,Industrial Dom. Cons.,(1000 MT),1191.0,1,59,agg,"USDA FAS PS&D (Production, Supply & Distribution)",https://apps.fas.usda.gov/psdonline/downloads/
"Meal, Cottonseed",World,1972,Industrial Dom. Cons.,(1000 MT),1178.0,1,60,agg,"USDA FAS PS&D (Production, Supply & Distribution)",https://apps.fas.usda.gov/psdonline/downloads/
"Meal, Cottonseed",World,1973,Industrial Dom. Cons.,(1000 MT),1512.0,1,59,agg,"USDA FAS PS&D (Production, Supply & Distribution)",https://apps.fas.usda.gov/psdonline/downloads/
"Meal, Cottonseed",World,1974,Industrial Dom. Cons.,(1000 MT),1392.0,1,61,agg,"USDA FAS PS&D (Production, Supply & Distribution)",https://apps.fas.usda.gov/psdonline/downloads/
"Meal, Cottonseed",World,1975,Industrial Dom. Cons.,(1000 MT),1347.0,1,61,agg,"USDA FAS PS&D (Production, Supply & Distribution)",https://apps.fas.usda.gov/psdonline/downloads/
"Meal, Cottonseed",World,1976,Industrial Dom. Cons.,(1000 MT),1163.0,1,60,agg,"USDA FAS PS&D (Production, Supply & Distribution)",https://apps.fas.usda.gov/psdonline/downloads/
"Meal, Cottonseed",World,1977,Industrial Dom. Cons.,(1000 MT),1159.0,1,62,agg,"USDA FAS PS&D (Production, Supply & Distribution)",https://apps.fas.usda.gov/psdonline/downloads/
"Meal, Cottonseed",World,1978,Industrial Dom. Cons.,(1000 MT),1226.0,1,61,agg,"USDA FAS PS&D (Production, Supply & Distribution)",https://apps.fas.usda.gov/psdonline/downloads/
"Meal, Cottonseed",World,1979,Industrial Dom. Cons.,(1000 MT),1215.0,1,59,agg,"USDA FAS PS&D (Production, Supply & Distribution)",https://apps.fas.usda.gov/psdonline/downloads/
"Meal, Cottonseed",World,1980,Industrial Dom. Cons.,(1000 MT),1487.0,1,58,agg,"USDA FAS PS&D (Production, Supply & Distribution)",https://apps.fas.usda.gov/psdonline/downloads/
"Meal, Cottonseed",World,1981,Industrial Dom. Cons.,(1000 MT),1644.0,1,58,agg,"USDA FAS PS&D (Production, Supply & Distribution)",https://apps.fas.usda.gov/psdonline/downloads/
"Meal, Cottonseed",World,1982,Industrial Dom. Cons.,(1000 MT),1944.0,1,58,agg,"USDA FAS PS&D (Production, Supply & Distribution)",https://apps.fas.usda.gov/psdonline/downloads/
"Meal, Cottonseed",World,1983,Industrial Dom. Cons.,(1000 MT),2465.0,1,60,agg,"USDA FAS PS&D (Production, Supply & Distribution)",https://apps.fas.usda.gov/psdonline/downloads/
"Meal, Cottonseed",World,1984,Industrial Dom. Cons.,(1000 MT),3371.0,1,60,agg,"USDA FAS PS&D (Production, Supply & Distribution)",https://apps.fas.usda.gov/psdonline/downloads/
"Meal, Cottonseed",World,1985,Industrial Dom. Cons.,(1000 MT),1895.0,1,58,agg,"USDA FAS PS&D (Production, Supply & Distribution)",https://apps.fas.usda.gov/psdonline/downloads/
"Meal, Cottonseed",World,1986,Industrial Dom. Cons.,(1000 MT),1639.0,1,58,agg,"USDA FAS PS&D (Production, Supply & Distribution)",https://apps.fas.usda.gov/psdonline/downloads/
"Meal, Cottonseed",World,1987,Industrial Dom. Cons.,(1000 MT),1948.0,1,67,agg,"USDA FAS PS&D (Production, Supply & Distribution)",https://apps.fas.usda.gov/psdonline/downloads/
"Meal, Cottonseed",World,1988,Industrial Dom. Cons.,(1000 MT),1635.0,1,66,agg,"USDA FAS PS&D (Production, Supply & Distribution)",https://apps.fas.usda.gov/psdonline/downloads/
"Meal, Cottonseed",World,1989,Industrial Dom. Cons.,(1000 MT),1537.0,1,66,agg,"USDA FAS PS&D (Production, Supply & Distribution)",https://apps.fas.usda.gov/psdonline/downloads/
"Meal, Cottonseed",World,1990,Industrial Dom. Cons.,(1000 MT),2071.0,1,66,agg,"USDA FAS PS&D (Production, Supply & Distribution)",https://apps.fas.usda.gov/psdonline/downloads/
"Meal, Cottonseed",World,1991,Industrial Dom. Cons.,(1000 MT),2731.0,1,46,agg,"USDA FAS PS&D (Production, Supply & Distribution)",https://apps.fas.usda.gov/psdonline/downloads/
"Meal, Cottonseed",World,1992,Industrial Dom. Cons.,(1000 MT),1875.0,1,46,agg,"USDA FAS PS&D (Production, Supply & Distribution)",https://apps.fas.usda.gov/psdonline/downloads/
"Meal, Cottonseed",World,1993,Industrial Dom. Cons.,(1000 MT),1993.0,1,43,agg,"USDA FAS PS&D (Production, Supply & Distribution)",https://apps.fas.usda.gov/psdonline/downloads/
"Meal, Cottonseed",World,1994,Industrial Dom. Cons.,(1000 MT),2427.0,1,43,agg,"USDA FAS PS&D (Production, Supply & Distribution)",https://apps.fas.usda.gov/psdonline/downloads/
"Meal, Cottonseed",World,1995,Industrial Dom. Cons.,(1000 MT),187.0,1,43,agg,"USDA FAS PS&D (Production, Supply & Distribution)",https://apps.fas.usda.gov/psdonline/downloads/
"Meal, Cottonseed",World,1996,Industrial Dom. Cons.,(1000 MT),148.0,1,41,agg,"USDA FAS PS&D (Production, Supply & Distribution)",https://apps.fas.usda.gov/psdonline/downloads/
"Meal, Cottonseed",World,1997,Industrial Dom. Cons.,(1000 MT),148.0,1,41,agg,"USDA FAS PS&D (Production, Supply & Distribution)",https://apps.fas.usda.gov/psdonline/downloads/
"Meal, Cottonseed",World,1998,Industrial Dom. Cons.,(1000 MT),137.0,1,41,agg,"USDA FAS PS&D (Production, Supply & Distribution)",https://apps.fas.usda.gov/psdonline/downloads/
"Meal, Cottonseed",World,1999,Industrial Dom. Cons.,(1000 MT),114.0,1,40,agg,"USDA FAS PS&D (Production, Supply & Distribution)",https://apps.fas.usda.gov/psdonline/downloads/
"Meal, Cottonseed",World,2000,Industrial Dom. Cons.,(1000 MT),128.0,1,40,agg,"USDA FAS PS&D (Production, Supply & Distribution)",https://apps.fas.usda.gov/psdonline/downloads/
"Meal, Cottonseed",World,2001,Industrial Dom. Cons.,(1000 MT),165.0,1,40,agg,"USDA FAS PS&D (Production, Supply & Distribution)",https://apps.fas.usda.gov/psdonline/downloads/
"Meal, Cottonseed",World,2002,Industrial Dom. Cons.,(1000 MT),128.0,1,40,agg,"USDA FAS PS&D (Production, Supply & Distribution)",https://apps.fas.usda.gov/psdonline/downloads/
"Meal, Cottonseed",World,2003,Industrial Dom. Cons.,(1000 MT),154.0,1,40,agg,"USDA FAS PS&D (Production, Supply & Distribution)",https://apps.fas.usda.gov/psdonline/downloads/
"Meal, Cottonseed",World,2004,Industrial Dom. Cons.,(1000 MT),189.0,1,40,agg,"USDA FAS PS&D (Production, Supply & Distribution)",https://apps.fas.usda.gov/psdonline/downloads/
"Meal, Cottonseed",World,2005,Industrial Dom. Cons.,(1000 MT),180.0,1,41,agg,"USDA FAS PS&D (Production, Supply & Distribution)",https://apps.fas.usda.gov/psdonline/downloads/
"Meal, Cottonseed",World,2006,Industrial Dom. Cons.,(1000 MT),186.0,1,41,agg,"USDA FAS PS&D (Production, Supply & Distribution)",https://apps.fas.usda.gov/psdonline/downloads/
"Meal, Cottonseed",World,2007,Industrial Dom. Cons.,(1000 MT),157.0,1,41,agg,"USDA FAS PS&D (Production, Supply & Distribution)",https://apps.fas.usda.gov/psdonline/downloads/
"Meal, Cottonseed",World,2008,Industrial Dom. Cons.,(1000 MT),181.0,1,41,agg,"USDA FAS PS&D (Production, Supply & Distribution)",https://apps.fas.usda.gov/psdonline/downloads/
"Meal, Cottonseed",World,2009,Industrial Dom. Cons.,(1000 MT),158.0,1,41,agg,"USDA FAS PS&D (Production, Supply & Distribution)",https://apps.fas.usda.gov/psdonline/downloads/
"Meal, Cottonseed",World,2010,Industrial Dom. Cons.,(1000 MT),218.0,1,41,agg,"USDA FAS PS&D (Production, Supply & Distribution)",https://apps.fas.usda.gov/psdonline/downloads/
"Meal, Cottonseed",World,2011,Industrial Dom. Cons.,(1000 MT),188.0,1,41,agg,"USDA FAS PS&D (Production, Supply & Distribution)",https://apps.fas.usda.gov/psdonline/downloads/
"Meal, Cottonseed",World,2012,Industrial Dom. Cons.,(1000 MT),190.0,1,41,agg,"USDA FAS PS&D (Production, Supply & Distribution)",https://apps.fas.usda.gov/psdonline/downloads/
"Meal, Cottonseed",World,2013,Industrial Dom. Cons.,(1000 MT),185.0,1,41,agg,"USDA FAS PS&D (Production, Supply & Distribution)",https://apps.fas.usda.gov/psdonline/downloads/
"Meal, Cottonseed",World,2014,Industrial Dom. Cons.,(1000 MT),175.0,1,41,agg,"USDA FAS PS&D (Production, Supply & Distribution)",https://apps.fas.usda.gov/psdonline/downloads/
"Meal, Cottonseed",World,2015,Industrial Dom. Cons.,(1000 MT),175.0,1,41,agg,"USDA FAS PS&D (Production, Supply & Distribution)",https://apps.fas.usda.gov/psdonline/downloads/
"Meal, Cottonseed",World,2016,Industrial Dom. Cons.,(1000 MT),161.0,1,41,agg,"USDA FAS PS&D (Production, Supply & Distribution)",https://apps.fas.usda.gov/psdonline/downloads/
"Meal, Cottonseed",World,2017,Industrial Dom. Cons.,(1000 MT),185.0,1,41,agg,"USDA FAS PS&D (Production, Supply & Distribution)",https://apps.fas.usda.gov/psdonline/downloads/
"Meal, Cottonseed",World,2018,Industrial Dom. Cons.,(1000 MT),185.0,1,41,agg,"USDA FAS PS&D (Production, Supply & Distribution)",https://apps.fas.usda.gov/psdonline/downloads/
"Meal, Cottonseed",World,2019,Industrial Dom. Cons.,(1000 MT),170.0,1,41,agg,"USDA FAS PS&D (Production, Supply & Distribution)",https://apps.fas.usda.gov/psdonline/downloads/
"Meal, Cottonseed",World,2020,Industrial Dom. Cons.,(1000 MT),166.0,1,41,agg,"USDA FAS PS&D (Production, Supply & Distribution)",https://apps.fas.usda.gov/psdonline/downloads/
"Meal, Cottonseed",World,2021,Industrial Dom. Cons.,(1000 MT),172.0,1,41,agg,"USDA FAS PS&D (Production, Supply & Distribution)",https://apps.fas.usda.gov/psdonline/downloads/
"Meal, Cottonseed",World,2022,Industrial Dom. Cons.,(1000 MT),166.0,1,41,agg,"USDA FAS PS&D (Production, Supply & Distribution)",https://apps.fas.usda.gov/psdonline/downloads/
"Meal, Cottonseed",World,2023,Industrial Dom. Cons.,(1000 MT),160.0,1,41,agg,"USDA FAS PS&D (Production, Supply & Distribution)",https://apps.fas.usda.gov/psdonline/downloads/
"Meal, Cottonseed",World,2024,Industrial Dom. Cons.,(1000 MT),170.0,1,41,agg,"USDA FAS PS&D (Production, Supply & Distribution)",https://apps.fas.usda.gov/psdonline/downloads/
"Meal, Cottonseed",World,2025,Industrial Dom. Cons.,(1000 MT),170.0,1,41,agg,"USDA FAS PS&D (Production, Supply & Distribution)",https://apps.fas.usda.gov/psdonline/downloads/
"Meal, Cottonseed",World,2026,Industrial Dom. Cons.,(1000 MT),145.0,1,25,agg,"USDA FAS PS&D (Production, Supply & Distribution)",https://apps.fas.usda.gov/psdonline/downloads/
"Meal, Cottonseed",World,1966,Production,(1000 MT),112.0,1,1,agg,"USDA FAS PS&D (Production, Supply & Distribution)",https://apps.fas.usda.gov/psdonline/downloads/
"Meal, Cottonseed",World,1967,Production,(1000 MT),128.0,1,1,agg,"USDA FAS PS&D (Production, Supply & Distribution)",https://apps.fas.usda.gov/psdonline/downloads/
"Meal, Cottonseed",World,1968,Production,(1000 MT),127.0,1,1,agg,"USDA FAS PS&D (Production, Supply & Distribution)",https://apps.fas.usda.gov/psdonline/downloads/
"Meal, Cottonseed",World,1969,Production,(1000 MT),7896.0,1,58,agg,"USDA FAS PS&D (Production, Supply & Distribution)",https://apps.fas.usda.gov/psdonline/downloads/
"Meal, Cottonseed",World,1970,Production,(1000 MT),7703.0,1,58,agg,"USDA FAS PS&D (Production, Supply & Distribution)",https://apps.fas.usda.gov/psdonline/downloads/
"Meal, Cottonseed",World,1971,Production,(1000 MT),8468.0,1,59,agg,"USDA FAS PS&D (Production, Supply & Distribution)",https://apps.fas.usda.gov/psdonline/downloads/
"Meal, Cottonseed",World,1972,Production,(1000 MT),8900.0,1,60,agg,"USDA FAS PS&D (Production, Supply & Distribution)",https://apps.fas.usda.gov/psdonline/downloads/
"Meal, Cottonseed",World,1973,Production,(1000 MT),8959.0,1,59,agg,"USDA FAS PS&D (Production, Supply & Distribution)",https://apps.fas.usda.gov/psdonline/downloads/
"Meal, Cottonseed",World,1974,Production,(1000 MT),8760.0,1,61,agg,"USDA FAS PS&D (Production, Supply & Distribution)",https://apps.fas.usda.gov/psdonline/downloads/
"Meal, Cottonseed",World,1975,Production,(1000 MT),7604.0,1,61,agg,"USDA FAS PS&D (Production, Supply & Distribution)",https://apps.fas.usda.gov/psdonline/downloads/
"Meal, Cottonseed",World,1976,Production,(1000 MT),7696.0,1,60,agg,"USDA FAS PS&D (Production, Supply & Distribution)",https://apps.fas.usda.gov/psdonline/downloads/
"Meal, Cottonseed",World,1977,Production,(1000 MT),8550.0,1,62,agg,"USDA FAS PS&D (Production, Supply & Distribution)",https://apps.fas.usda.gov/psdonline/downloads/
"Meal, Cottonseed",World,1978,Production,(1000 MT),8376.0,1,61,agg,"USDA FAS PS&D (Production, Supply & Distribution)",https://apps.fas.usda.gov/psdonline/downloads/
"Meal, Cottonseed",World,1979,Production,(1000 MT),8722.0,1,59,agg,"USDA FAS PS&D (Production, Supply & Distribution)",https://apps.fas.usda.gov/psdonline/downloads/
"Meal, Cottonseed",World,1980,Production,(1000 MT),9048.0,1,58,agg,"USDA FAS PS&D (Production, Supply & Distribution)",https://apps.fas.usda.gov/psdonline/downloads/
"Meal, Cottonseed",World,1981,Production,(1000 MT),9904.0,1,58,agg,"USDA FAS PS&D (Production, Supply & Distribution)",https://apps.fas.usda.gov/psdonline/downloads/
"Meal, Cottonseed",World,1982,Production,(1000 MT),9579.0,1,58,agg,"USDA FAS PS&D (Production, Supply & Distribution)",https://apps.fas.usda.gov/psdonline/downloads/
"Meal, Cottonseed",World,1983,Production,(1000 MT),9154.0,1,60,agg,"USDA FAS PS&D (Production, Supply & Distribution)",https://apps.fas.usda.gov/psdonline/downloads/
"Meal, Cottonseed",World,1984,Production,(1000 MT),12260.0,1,60,agg,"USDA FAS PS&D (Production, Supply & Distribution)",https://apps.fas.usda.gov/psdonline/downloads/
"Meal, Cottonseed",World,1985,Production,(1000 MT),10547.0,1,58,agg,"USDA FAS PS&D (Production, Supply & Distribution)",https://apps.fas.usda.gov/psdonline/downloads/
"Meal, Cottonseed",World,1986,Production,(1000 MT),9603.0,1,58,agg,"USDA FAS PS&D (Production, Supply & Distribution)",https://apps.fas.usda.gov/psdonline/downloads/
"Meal, Cottonseed",World,1987,Production,(1000 MT),11273.0,1,67,agg,"USDA FAS PS&D (Production, Supply & Distribution)",https://apps.fas.usda.gov/psdonline/downloads/
"Meal, Cottonseed",World,1988,Production,(1000 MT),11683.0,1,66,agg,"USDA FAS PS&D (Production, Supply & Distribution)",https://apps.fas.usda.gov/psdonline/downloads/
"Meal, Cottonseed",World,1989,Production,(1000 MT),11045.0,1,66,agg,"USDA FAS PS&D (Production, Supply & Distribution)",https://apps.fas.usda.gov/psdonline/downloads/
"Meal, Cottonseed",World,1990,Production,(1000 MT),12012.0,1,66,agg,"USDA FAS PS&D (Production, Supply & Distribution)",https://apps.fas.usda.gov/psdonline/downloads/
"Meal, Cottonseed",World,1991,Production,(1000 MT),12833.0,1,46,agg,"USDA FAS PS&D (Production, Supply & Distribution)",https://apps.fas.usda.gov/psdonline/downloads/
"Meal, Cottonseed",World,1992,Production,(1000 MT),11140.0,1,46,agg,"USDA FAS PS&D (Production, Supply & Distribution)",https://apps.fas.usda.gov/psdonline/downloads/
"Meal, Cottonseed",World,1993,Production,(1000 MT),10287.0,1,43,agg,"USDA FAS PS&D (Production, Supply & Distribution)",https://apps.fas.usda.gov/psdonline/downloads/
"Meal, Cottonseed",World,1994,Production,(1000 MT),11325.0,1,43,agg,"USDA FAS PS&D (Production, Supply & Distribution)",https://apps.fas.usda.gov/psdonline/downloads/
"Meal, Cottonseed",World,1995,Production,(1000 MT),12525.0,1,43,agg,"USDA FAS PS&D (Production, Supply & Distribution)",https://apps.fas.usda.gov/psdonline/downloads/
"Meal, Cottonseed",World,1996,Production,(1000 MT),11769.0,1,41,agg,"USDA FAS PS&D (Production, Supply & Distribution)",https://apps.fas.usda.gov/psdonline/downloads/
"Meal, Cottonseed",World,1997,Production,(1000 MT),11681.0,1,41,agg,"USDA FAS PS&D (Production, Supply & Distribution)",https://apps.fas.usda.gov/psdonline/downloads/
"Meal, Cottonseed",World,1998,Production,(1000 MT),11145.0,1,41,agg,"USDA FAS PS&D (Production, Supply & Distribution)",https://apps.fas.usda.gov/psdonline/downloads/
"Meal, Cottonseed",World,1999,Production,(1000 MT),11323.0,1,40,agg,"USDA FAS PS&D (Production, Supply & Distribution)",https://apps.fas.usda.gov/psdonline/downloads/
"Meal, Cottonseed",World,2000,Production,(1000 MT),11068.0,1,40,agg,"USDA FAS PS&D (Production, Supply & Distribution)",https://apps.fas.usda.gov/psdonline/downloads/
"Meal, Cottonseed",World,2001,Production,(1000 MT),12012.0,1,40,agg,"USDA FAS PS&D (Production, Supply & Distribution)",https://apps.fas.usda.gov/psdonline/downloads/
"Meal, Cottonseed",World,2002,Production,(1000 MT),11374.0,1,40,agg,"USDA FAS PS&D (Production, Supply & Distribution)",https://apps.fas.usda.gov/psdonline/downloads/
"Meal, Cottonseed",World,2003,Production,(1000 MT),11849.0,1,40,agg,"USDA FAS PS&D (Production, Supply & Distribution)",https://apps.fas.usda.gov/psdonline/downloads/
"Meal, Cottonseed",World,2004,Production,(1000 MT),14947.0,1,40,agg,"USDA FAS PS&D (Production, Supply & Distribution)",https://apps.fas.usda.gov/psdonline/downloads/
"Meal, Cottonseed",World,2005,Production,(1000 MT),14531.0,1,41,agg,"USDA FAS PS&D (Production, Supply & Distribution)",https://apps.fas.usda.gov/psdonline/downloads/
"Meal, Cottonseed",World,2006,Production,(1000 MT),14852.0,1,41,agg,"USDA FAS PS&D (Production, Supply & Distribution)",https://apps.fas.usda.gov/psdonline/downloads/
"Meal, Cottonseed",World,2007,Production,(1000 MT),15314.0,1,41,agg,"USDA FAS PS&D (Production, Supply & Distribution)",https://apps.fas.usda.gov/psdonline/downloads/
"Meal, Cottonseed",World,2008,Production,(1000 MT),14329.0,1,41,agg,"USDA FAS PS&D (Production, Supply & Distribution)",https://apps.fas.usda.gov/psdonline/downloads/
"Meal, Cottonseed",World,2009,Production,(1000 MT),13696.0,1,41,agg,"USDA FAS PS&D (Production, Supply & Distribution)",https://apps.fas.usda.gov/psdonline/downloads/
"Meal, Cottonseed",World,2010,Production,(1000 MT),14289.0,1,41,agg,"USDA FAS PS&D (Production, Supply & Distribution)",https://apps.fas.usda.gov/psdonline/downloads/
"Meal, Cottonseed",World,2011,Production,(1000 MT),15684.0,1,41,agg,"USDA FAS PS&D (Production, Supply & Distribution)",https://apps.fas.usda.gov/psdonline/downloads/
"Meal, Cottonseed",World,2012,Production,(1000 MT),15937.0,1,41,agg,"USDA FAS PS&D (Production, Supply & Distribution)",https://apps.fas.usda.gov/psdonline/downloads/
"Meal, Cottonseed",World,2013,Production,(1000 MT),15255.0,1,41,agg,"USDA FAS PS&D (Production, Supply & Distribution)",https://apps.fas.usda.gov/psdonline/downloads/
"Meal, Cottonseed",World,2014,Production,(1000 MT),15359.0,1,41,agg,"USDA FAS PS&D (Production, Supply & Distribution)",https://apps.fas.usda.gov/psdonline/downloads/
"Meal, Cottonseed",World,2015,Production,(1000 MT),13102.0,1,41,agg,"USDA FAS PS&D (Production, Supply & Distribution)",https://apps.fas.usda.gov/psdonline/downloads/
"Meal, Cottonseed",World,2016,Production,(1000 MT),13189.0,1,41,agg,"USDA FAS PS&D (Production, Supply & Distribution)",https://apps.fas.usda.gov/psdonline/downloads/
"Meal, Cottonseed",World,2017,Production,(1000 MT),14265.0,1,41,agg,"USDA FAS PS&D (Production, Supply & Distribution)",https://apps.fas.usda.gov/psdonline/downloads/
"Meal, Cottonseed",World,2018,Production,(1000 MT),13545.0,1,41,agg,"USDA FAS PS&D (Production, Supply & Distribution)",https://apps.fas.usda.gov/psdonline/downloads/
"Meal, Cottonseed",World,2019,Production,(1000 MT),14389.0,1,41,agg,"USDA FAS PS&D (Production, Supply & Distribution)",https://apps.fas.usda.gov/psdonline/downloads/
"Meal, Cottonseed",World,2020,Production,(1000 MT),13799.0,1,41,agg,"USDA FAS PS&D (Production, Supply & Distribution)",https://apps.fas.usda.gov/psdonline/downloads/
"Meal, Cottonseed",World,2021,Production,(1000 MT),13834.0,1,41,agg,"USDA FAS PS&D (Production, Supply & Distribution)",https://apps.fas.usda.gov/psdonline/downloads/
"Meal, Cottonseed",World,2022,Production,(1000 MT),13928.0,1,41,agg,"USDA FAS PS&D (Production, Supply & Distribution)",https://apps.fas.usda.gov/psdonline/downloads/
"Meal, Cottonseed",World,2023,Production,(1000 MT),14448.0,1,41,agg,"USDA FAS PS&D (Production, Supply & Distribution)",https://apps.fas.usda.gov/psdonline/downloads/
"Meal, Cottonseed",World,2024,Production,(1000 MT),14406.0,1,41,agg,"USDA FAS PS&D (Production, Supply & Distribution)",https://apps.fas.usda.gov/psdonline/downloads/
"Meal, Cottonseed",World,2025,Production,(1000 MT),14418.0,1,41,agg,"USDA FAS PS&D (Production, Supply & Distribution)",https://apps.fas.usda.gov/psdonline/downloads/
"Meal, Cottonseed",World,2026,Production,(1000 MT),13610.0,1,25,agg,"USDA FAS PS&D (Production, Supply & Distribution)",https://apps.fas.usda.gov/psdonline/downloads/
"Meal, Cottonseed",World,1966,SME,(1000 MT),93.18,1,1,agg,"USDA FAS PS&D (Production, Supply & Distribution)",https://apps.fas.usda.gov/psdonline/downloads/
"Meal, Cottonseed",World,1967,SME,(1000 MT),106.96,1,1,agg,"USDA FAS PS&D (Production, Supply & Distribution)",https://apps.fas.usda.gov/psdonline/downloads/
"Meal, Cottonseed",World,1968,SME,(1000 MT),119.11,1,1,agg,"USDA FAS PS&D (Production, Supply & Distribution)",https://apps.fas.usda.gov/psdonline/downloads/
"Meal, Cottonseed",World,1969,SME,(1000 MT),5503.53,1,58,agg,"USDA FAS PS&D (Production, Supply & Distribution)",https://apps.fas.usda.gov/psdonline/downloads/
"Meal, Cottonseed",World,1970,SME,(1000 MT),5256.41,1,58,agg,"USDA FAS PS&D (Production, Supply & Distribution)",https://apps.fas.usda.gov/psdonline/downloads/
"Meal, Cottonseed",World,1971,SME,(1000 MT),5996.97,1,59,agg,"USDA FAS PS&D (Production, Supply & Distribution)",https://apps.fas.usda.gov/psdonline/downloads/
"Meal, Cottonseed",World,1972,SME,(1000 MT),6493.69,1,60,agg,"USDA FAS PS&D (Production, Supply & Distribution)",https://apps.fas.usda.gov/psdonline/downloads/
"Meal, Cottonseed",World,1973,SME,(1000 MT),6079.62,1,59,agg,"USDA FAS PS&D (Production, Supply & Distribution)",https://apps.fas.usda.gov/psdonline/downloads/
"Meal, Cottonseed",World,1974,SME,(1000 MT),6003.46,1,61,agg,"USDA FAS PS&D (Production, Supply & Distribution)",https://apps.fas.usda.gov/psdonline/downloads/
"Meal, Cottonseed",World,1975,SME,(1000 MT),5172.14,1,61,agg,"USDA FAS PS&D (Production, Supply & Distribution)",https://apps.fas.usda.gov/psdonline/downloads/
"Meal, Cottonseed",World,1976,SME,(1000 MT),5206.96,1,60,agg,"USDA FAS PS&D (Production, Supply & Distribution)",https://apps.fas.usda.gov/psdonline/downloads/
"Meal, Cottonseed",World,1977,SME,(1000 MT),5962.94,1,62,agg,"USDA FAS PS&D (Production, Supply & Distribution)",https://apps.fas.usda.gov/psdonline/downloads/
"Meal, Cottonseed",World,1978,SME,(1000 MT),5888.41,1,61,agg,"USDA FAS PS&D (Production, Supply & Distribution)",https://apps.fas.usda.gov/psdonline/downloads/
"Meal, Cottonseed",World,1979,SME,(1000 MT),6066.67,1,59,agg,"USDA FAS PS&D (Production, Supply & Distribution)",https://apps.fas.usda.gov/psdonline/downloads/
"Meal, Cottonseed",World,1980,SME,(1000 MT),6164.75,1,58,agg,"USDA FAS PS&D (Production, Supply & Distribution)",https://apps.fas.usda.gov/psdonline/downloads/
"Meal, Cottonseed",World,1981,SME,(1000 MT),6622.55,1,58,agg,"USDA FAS PS&D (Production, Supply & Distribution)",https://apps.fas.usda.gov/psdonline/downloads/
"Meal, Cottonseed",World,1982,SME,(1000 MT),6219.02,1,58,agg,"USDA FAS PS&D (Production, Supply & Distribution)",https://apps.fas.usda.gov/psdonline/downloads/
"Meal, Cottonseed",World,1983,SME,(1000 MT),5373.07,1,60,agg,"USDA FAS PS&D (Production, Supply & Distribution)",https://apps.fas.usda.gov/psdonline/downloads/
"Meal, Cottonseed",World,1984,SME,(1000 MT),7009.06,1,60,agg,"USDA FAS PS&D (Production, Supply & Distribution)",https://apps.fas.usda.gov/psdonline/downloads/
"Meal, Cottonseed",World,1985,SME,(1000 MT),6957.21,1,58,agg,"USDA FAS PS&D (Production, Supply & Distribution)",https://apps.fas.usda.gov/psdonline/downloads/
"Meal, Cottonseed",World,1986,SME,(1000 MT),6565.0,1,58,agg,"USDA FAS PS&D (Production, Supply & Distribution)",https://apps.fas.usda.gov/psdonline/downloads/
"Meal, Cottonseed",World,1987,SME,(1000 MT),7938.43,1,67,agg,"USDA FAS PS&D (Production, Supply & Distribution)",https://apps.fas.usda.gov/psdonline/downloads/
"Meal, Cottonseed",World,1988,SME,(1000 MT),8637.71,1,66,agg,"USDA FAS PS&D (Production, Supply & Distribution)",https://apps.fas.usda.gov/psdonline/downloads/
"Meal, Cottonseed",World,1989,SME,(1000 MT),8314.44,1,66,agg,"USDA FAS PS&D (Production, Supply & Distribution)",https://apps.fas.usda.gov/psdonline/downloads/
"Meal, Cottonseed",World,1990,SME,(1000 MT),8572.93,1,66,agg,"USDA FAS PS&D (Production, Supply & Distribution)",https://apps.fas.usda.gov/psdonline/downloads/
"Meal, Cottonseed",World,1991,SME,(1000 MT),8190.490000000001,1,46,agg,"USDA FAS PS&D (Production, Supply & Distribution)",https://apps.fas.usda.gov/psdonline/downloads/
"Meal, Cottonseed",World,1992,SME,(1000 MT),7393.14,1,46,agg,"USDA FAS PS&D (Production, Supply & Distribution)",https://apps.fas.usda.gov/psdonline/downloads/
"Meal, Cottonseed",World,1993,SME,(1000 MT),6637.16,1,43,agg,"USDA FAS PS&D (Production, Supply & Distribution)",https://apps.fas.usda.gov/psdonline/downloads/
"Meal, Cottonseed",World,1994,SME,(1000 MT),6954.78,1,43,agg,"USDA FAS PS&D (Production, Supply & Distribution)",https://apps.fas.usda.gov/psdonline/downloads/
"Meal, Cottonseed",World,1995,SME,(1000 MT),9841.02,1,43,agg,"USDA FAS PS&D (Production, Supply & Distribution)",https://apps.fas.usda.gov/psdonline/downloads/
"Meal, Cottonseed",World,1996,SME,(1000 MT),9422.19,1,41,agg,"USDA FAS PS&D (Production, Supply & Distribution)",https://apps.fas.usda.gov/psdonline/downloads/
"Meal, Cottonseed",World,1997,SME,(1000 MT),9298.17,1,41,agg,"USDA FAS PS&D (Production, Supply & Distribution)",https://apps.fas.usda.gov/psdonline/downloads/
"Meal, Cottonseed",World,1998,SME,(1000 MT),9030.789999999999,1,41,agg,"USDA FAS PS&D (Production, Supply & Distribution)",https://apps.fas.usda.gov/psdonline/downloads/
"Meal, Cottonseed",World,1999,SME,(1000 MT),9078.59,1,40,agg,"USDA FAS PS&D (Production, Supply & Distribution)",https://apps.fas.usda.gov/psdonline/downloads/
"Meal, Cottonseed",World,2000,SME,(1000 MT),8793.34,1,40,agg,"USDA FAS PS&D (Production, Supply & Distribution)",https://apps.fas.usda.gov/psdonline/downloads/
"Meal, Cottonseed",World,2001,SME,(1000 MT),9559.9,1,40,agg,"USDA FAS PS&D (Production, Supply & Distribution)",https://apps.fas.usda.gov/psdonline/downloads/
"Meal, Cottonseed",World,2002,SME,(1000 MT),9184.75,1,40,agg,"USDA FAS PS&D (Production, Supply & Distribution)",https://apps.fas.usda.gov/psdonline/downloads/
"Meal, Cottonseed",World,2003,SME,(1000 MT),9494.28,1,40,agg,"USDA FAS PS&D (Production, Supply & Distribution)",https://apps.fas.usda.gov/psdonline/downloads/
"Meal, Cottonseed",World,2004,SME,(1000 MT),11882.24,1,40,agg,"USDA FAS PS&D (Production, Supply & Distribution)",https://apps.fas.usda.gov/psdonline/downloads/
"Meal, Cottonseed",World,2005,SME,(1000 MT),11578.369999999999,1,41,agg,"USDA FAS PS&D (Production, Supply & Distribution)",https://apps.fas.usda.gov/psdonline/downloads/
"Meal, Cottonseed",World,2006,SME,(1000 MT),11981.099999999999,1,41,agg,"USDA FAS PS&D (Production, Supply & Distribution)",https://apps.fas.usda.gov/psdonline/downloads/
"Meal, Cottonseed",World,2007,SME,(1000 MT),12324.65,1,41,agg,"USDA FAS PS&D (Production, Supply & Distribution)",https://apps.fas.usda.gov/psdonline/downloads/
"Meal, Cottonseed",World,2008,SME,(1000 MT),11443.82,1,41,agg,"USDA FAS PS&D (Production, Supply & Distribution)",https://apps.fas.usda.gov/psdonline/downloads/
"Meal, Cottonseed",World,2009,SME,(1000 MT),10866.12,1,41,agg,"USDA FAS PS&D (Production, Supply & Distribution)",https://apps.fas.usda.gov/psdonline/downloads/
"Meal, Cottonseed",World,2010,SME,(1000 MT),11346.61,1,41,agg,"USDA FAS PS&D (Production, Supply & Distribution)",https://apps.fas.usda.gov/psdonline/downloads/
"Meal, Cottonseed",World,2011,SME,(1000 MT),12407.34,1,41,agg,"USDA FAS PS&D (Production, Supply & Distribution)",https://apps.fas.usda.gov/psdonline/downloads/
"Meal, Cottonseed",World,2012,SME,(1000 MT),12635.81,1,41,agg,"USDA FAS PS&D (Production, Supply & Distribution)",https://apps.fas.usda.gov/psdonline/downloads/
"Meal, Cottonseed",World,2013,SME,(1000 MT),12148.8,1,41,agg,"USDA FAS PS&D (Production, Supply & Distribution)",https://apps.fas.usda.gov/psdonline/downloads/
"Meal, Cottonseed",World,2014,SME,(1000 MT),12226.6,1,41,agg,"USDA FAS PS&D (Production, Supply & Distribution)",https://apps.fas.usda.gov/psdonline/downloads/
"Meal, Cottonseed",World,2015,SME,(1000 MT),10467.42,1,41,agg,"USDA FAS PS&D (Production, Supply & Distribution)",https://apps.fas.usda.gov/psdonline/downloads/
"Meal, Cottonseed",World,2016,SME,(1000 MT),10383.97,1,41,agg,"USDA FAS PS&D (Production, Supply & Distribution)",https://apps.fas.usda.gov/psdonline/downloads/
"Meal, Cottonseed",World,2017,SME,(1000 MT),11220.18,1,41,agg,"USDA FAS PS&D (Production, Supply & Distribution)",https://apps.fas.usda.gov/psdonline/downloads/
"Meal, Cottonseed",World,2018,SME,(1000 MT),10851.51,1,41,agg,"USDA FAS PS&D (Production, Supply & Distribution)",https://apps.fas.usda.gov/psdonline/downloads/
"Meal, Cottonseed",World,2019,SME,(1000 MT),11496.52,1,41,agg,"USDA FAS PS&D (Production, Supply & Distribution)",https://apps.fas.usda.gov/psdonline/downloads/
"Meal, Cottonseed",World,2020,SME,(1000 MT),10961.75,1,41,agg,"USDA FAS PS&D (Production, Supply & Distribution)",https://apps.fas.usda.gov/psdonline/downloads/
"Meal, Cottonseed",World,2021,SME,(1000 MT),10929.31,1,41,agg,"USDA FAS PS&D (Production, Supply & Distribution)",https://apps.fas.usda.gov/psdonline/downloads/
"Meal, Cottonseed",World,2022,SME,(1000 MT),11057.36,1,41,agg,"USDA FAS PS&D (Production, Supply & Distribution)",https://apps.fas.usda.gov/psdonline/downloads/
"Meal, Cottonseed",World,2023,SME,(1000 MT),11485.98,1,41,agg,"USDA FAS PS&D (Production, Supply & Distribution)",https://apps.fas.usda.gov/psdonline/downloads/
"Meal, Cottonseed",World,2024,SME,(1000 MT),11425.24,1,41,agg,"USDA FAS PS&D (Production, Supply & Distribution)",https://apps.fas.usda.gov/psdonline/downloads/
"Meal, Cottonseed",World,2025,SME,(1000 MT),11408.22,1,41,agg,"USDA FAS PS&D (Production, Supply & Distribution)",https://apps.fas.usda.gov/psdonline/downloads/
"Meal, Cottonseed",World,2026,SME,(1000 MT),10832.9,1,25,agg,"USDA FAS PS&D (Production, Supply & Distribution)",https://apps.fas.usda.gov/psdonline/downloads/
"Meal, Cottonseed",World,1966,Total Distribution,(1000 MT),115.0,1,1,agg,"USDA FAS PS&D (Production, Supply & Distribution)",https://apps.fas.usda.gov/psdonline/downloads/
"Meal, Cottonseed",World,1967,Total Distribution,(1000 MT),132.0,1,1,agg,"USDA FAS PS&D (Production, Supply & Distribution)",https://apps.fas.usda.gov/psdonline/downloads/
"Meal, Cottonseed",World,1968,Total Distribution,(1000 MT),147.0,1,1,agg,"USDA FAS PS&D (Production, Supply & Distribution)",https://apps.fas.usda.gov/psdonline/downloads/
"Meal, Cottonseed",World,1969,Total Distribution,(1000 MT),9319.0,1,58,agg,"USDA FAS PS&D (Production, Supply & Distribution)",https://apps.fas.usda.gov/psdonline/downloads/
"Meal, Cottonseed",World,1970,Total Distribution,(1000 MT),8934.0,1,58,agg,"USDA FAS PS&D (Production, Supply & Distribution)",https://apps.fas.usda.gov/psdonline/downloads/
"Meal, Cottonseed",World,1971,Total Distribution,(1000 MT),9900.0,1,59,agg,"USDA FAS PS&D (Production, Supply & Distribution)",https://apps.fas.usda.gov/psdonline/downloads/
"Meal, Cottonseed",World,1972,Total Distribution,(1000 MT),10444.0,1,60,agg,"USDA FAS PS&D (Production, Supply & Distribution)",https://apps.fas.usda.gov/psdonline/downloads/
"Meal, Cottonseed",World,1973,Total Distribution,(1000 MT),10060.0,1,59,agg,"USDA FAS PS&D (Production, Supply & Distribution)",https://apps.fas.usda.gov/psdonline/downloads/
"Meal, Cottonseed",World,1974,Total Distribution,(1000 MT),9880.0,1,61,agg,"USDA FAS PS&D (Production, Supply & Distribution)",https://apps.fas.usda.gov/psdonline/downloads/
"Meal, Cottonseed",World,1975,Total Distribution,(1000 MT),8688.0,1,61,agg,"USDA FAS PS&D (Production, Supply & Distribution)",https://apps.fas.usda.gov/psdonline/downloads/
"Meal, Cottonseed",World,1976,Total Distribution,(1000 MT),8561.0,1,60,agg,"USDA FAS PS&D (Production, Supply & Distribution)",https://apps.fas.usda.gov/psdonline/downloads/
"Meal, Cottonseed",World,1977,Total Distribution,(1000 MT),9564.0,1,62,agg,"USDA FAS PS&D (Production, Supply & Distribution)",https://apps.fas.usda.gov/psdonline/downloads/
"Meal, Cottonseed",World,1978,Total Distribution,(1000 MT),9529.0,1,61,agg,"USDA FAS PS&D (Production, Supply & Distribution)",https://apps.fas.usda.gov/psdonline/downloads/
"Meal, Cottonseed",World,1979,Total Distribution,(1000 MT),9640.0,1,59,agg,"USDA FAS PS&D (Production, Supply & Distribution)",https://apps.fas.usda.gov/psdonline/downloads/
"Meal, Cottonseed",World,1980,Total Distribution,(1000 MT),9990.0,1,58,agg,"USDA FAS PS&D (Production, Supply & Distribution)",https://apps.fas.usda.gov/psdonline/downloads/
"Meal, Cottonseed",World,1981,Total Distribution,(1000 MT),10846.0,1,58,agg,"USDA FAS PS&D (Production, Supply & Distribution)",https://apps.fas.usda.gov/psdonline/downloads/
"Meal, Cottonseed",World,1982,Total Distribution,(1000 MT),10517.0,1,58,agg,"USDA FAS PS&D (Production, Supply & Distribution)",https://apps.fas.usda.gov/psdonline/downloads/
"Meal, Cottonseed",World,1983,Total Distribution,(1000 MT),9930.0,1,60,agg,"USDA FAS PS&D (Production, Supply & Distribution)",https://apps.fas.usda.gov/psdonline/downloads/
"Meal, Cottonseed",World,1984,Total Distribution,(1000 MT),13111.0,1,60,agg,"USDA FAS PS&D (Production, Supply & Distribution)",https://apps.fas.usda.gov/psdonline/downloads/
"Meal, Cottonseed",World,1985,Total Distribution,(1000 MT),11743.0,1,58,agg,"USDA FAS PS&D (Production, Supply & Distribution)",https://apps.fas.usda.gov/psdonline/downloads/
"Meal, Cottonseed",World,1986,Total Distribution,(1000 MT),10718.0,1,58,agg,"USDA FAS PS&D (Production, Supply & Distribution)",https://apps.fas.usda.gov/psdonline/downloads/
"Meal, Cottonseed",World,1987,Total Distribution,(1000 MT),13019.0,1,67,agg,"USDA FAS PS&D (Production, Supply & Distribution)",https://apps.fas.usda.gov/psdonline/downloads/
"Meal, Cottonseed",World,1988,Total Distribution,(1000 MT),13876.0,1,66,agg,"USDA FAS PS&D (Production, Supply & Distribution)",https://apps.fas.usda.gov/psdonline/downloads/
"Meal, Cottonseed",World,1989,Total Distribution,(1000 MT),13291.0,1,66,agg,"USDA FAS PS&D (Production, Supply & Distribution)",https://apps.fas.usda.gov/psdonline/downloads/
"Meal, Cottonseed",World,1990,Total Distribution,(1000 MT),14005.0,1,66,agg,"USDA FAS PS&D (Production, Supply & Distribution)",https://apps.fas.usda.gov/psdonline/downloads/
"Meal, Cottonseed",World,1991,Total Distribution,(1000 MT),14252.0,1,46,agg,"USDA FAS PS&D (Production, Supply & Distribution)",https://apps.fas.usda.gov/psdonline/downloads/
"Meal, Cottonseed",World,1992,Total Distribution,(1000 MT),12612.0,1,46,agg,"USDA FAS PS&D (Production, Supply & Distribution)",https://apps.fas.usda.gov/psdonline/downloads/
"Meal, Cottonseed",World,1993,Total Distribution,(1000 MT),11383.0,1,43,agg,"USDA FAS PS&D (Production, Supply & Distribution)",https://apps.fas.usda.gov/psdonline/downloads/
"Meal, Cottonseed",World,1994,Total Distribution,(1000 MT),12175.0,1,43,agg,"USDA FAS PS&D (Production, Supply & Distribution)",https://apps.fas.usda.gov/psdonline/downloads/
"Meal, Cottonseed",World,1995,Total Distribution,(1000 MT),13482.0,1,43,agg,"USDA FAS PS&D (Production, Supply & Distribution)",https://apps.fas.usda.gov/psdonline/downloads/
"Meal, Cottonseed",World,1996,Total Distribution,(1000 MT),12742.0,1,41,agg,"USDA FAS PS&D (Production, Supply & Distribution)",https://apps.fas.usda.gov/psdonline/downloads/
"Meal, Cottonseed",World,1997,Total Distribution,(1000 MT),12401.0,1,41,agg,"USDA FAS PS&D (Production, Supply & Distribution)",https://apps.fas.usda.gov/psdonline/downloads/
"Meal, Cottonseed",World,1998,Total Distribution,(1000 MT),11929.0,1,41,agg,"USDA FAS PS&D (Production, Supply & Distribution)",https://apps.fas.usda.gov/psdonline/downloads/
"Meal, Cottonseed",World,1999,Total Distribution,(1000 MT),11939.0,1,40,agg,"USDA FAS PS&D (Production, Supply & Distribution)",https://apps.fas.usda.gov/psdonline/downloads/
"Meal, Cottonseed",World,2000,Total Distribution,(1000 MT),11678.0,1,40,agg,"USDA FAS PS&D (Production, Supply & Distribution)",https://apps.fas.usda.gov/psdonline/downloads/
"Meal, Cottonseed",World,2001,Total Distribution,(1000 MT),12661.0,1,40,agg,"USDA FAS PS&D (Production, Supply & Distribution)",https://apps.fas.usda.gov/psdonline/downloads/
"Meal, Cottonseed",World,2002,Total Distribution,(1000 MT),11973.0,1,40,agg,"USDA FAS PS&D (Production, Supply & Distribution)",https://apps.fas.usda.gov/psdonline/downloads/
"Meal, Cottonseed",World,2003,Total Distribution,(1000 MT),12459.0,1,40,agg,"USDA FAS PS&D (Production, Supply & Distribution)",https://apps.fas.usda.gov/psdonline/downloads/
"Meal, Cottonseed",World,2004,Total Distribution,(1000 MT),15554.0,1,40,agg,"USDA FAS PS&D (Production, Supply & Distribution)",https://apps.fas.usda.gov/psdonline/downloads/
"Meal, Cottonseed",World,2005,Total Distribution,(1000 MT),15270.0,1,41,agg,"USDA FAS PS&D (Production, Supply & Distribution)",https://apps.fas.usda.gov/psdonline/downloads/
"Meal, Cottonseed",World,2006,Total Distribution,(1000 MT),15634.0,1,41,agg,"USDA FAS PS&D (Production, Supply & Distribution)",https://apps.fas.usda.gov/psdonline/downloads/
"Meal, Cottonseed",World,2007,Total Distribution,(1000 MT),15991.0,1,41,agg,"USDA FAS PS&D (Production, Supply & Distribution)",https://apps.fas.usda.gov/psdonline/downloads/
"Meal, Cottonseed",World,2008,Total Distribution,(1000 MT),14914.0,1,41,agg,"USDA FAS PS&D (Production, Supply & Distribution)",https://apps.fas.usda.gov/psdonline/downloads/
"Meal, Cottonseed",World,2009,Total Distribution,(1000 MT),14212.0,1,41,agg,"USDA FAS PS&D (Production, Supply & Distribution)",https://apps.fas.usda.gov/psdonline/downloads/
"Meal, Cottonseed",World,2010,Total Distribution,(1000 MT),14889.0,1,41,agg,"USDA FAS PS&D (Production, Supply & Distribution)",https://apps.fas.usda.gov/psdonline/downloads/
"Meal, Cottonseed",World,2011,Total Distribution,(1000 MT),16283.0,1,41,agg,"USDA FAS PS&D (Production, Supply & Distribution)",https://apps.fas.usda.gov/psdonline/downloads/
"Meal, Cottonseed",World,2012,Total Distribution,(1000 MT),16565.0,1,41,agg,"USDA FAS PS&D (Production, Supply & Distribution)",https://apps.fas.usda.gov/psdonline/downloads/
"Meal, Cottonseed",World,2013,Total Distribution,(1000 MT),15823.0,1,41,agg,"USDA FAS PS&D (Production, Supply & Distribution)",https://apps.fas.usda.gov/psdonline/downloads/
"Meal, Cottonseed",World,2014,Total Distribution,(1000 MT),15840.0,1,41,agg,"USDA FAS PS&D (Production, Supply & Distribution)",https://apps.fas.usda.gov/psdonline/downloads/
"Meal, Cottonseed",World,2015,Total Distribution,(1000 MT),13570.0,1,41,agg,"USDA FAS PS&D (Production, Supply & Distribution)",https://apps.fas.usda.gov/psdonline/downloads/
"Meal, Cottonseed",World,2016,Total Distribution,(1000 MT),13619.0,1,41,agg,"USDA FAS PS&D (Production, Supply & Distribution)",https://apps.fas.usda.gov/psdonline/downloads/
"Meal, Cottonseed",World,2017,Total Distribution,(1000 MT),14827.0,1,41,agg,"USDA FAS PS&D (Production, Supply & Distribution)",https://apps.fas.usda.gov/psdonline/downloads/
"Meal, Cottonseed",World,2018,Total Distribution,(1000 MT),14187.0,1,41,agg,"USDA FAS PS&D (Production, Supply & Distribution)",https://apps.fas.usda.gov/psdonline/downloads/
"Meal, Cottonseed",World,2019,Total Distribution,(1000 MT),14901.0,1,41,agg,"USDA FAS PS&D (Production, Supply & Distribution)",https://apps.fas.usda.gov/psdonline/downloads/
"Meal, Cottonseed",World,2020,Total Distribution,(1000 MT),14213.0,1,41,agg,"USDA FAS PS&D (Production, Supply & Distribution)",https://apps.fas.usda.gov/psdonline/downloads/
"Meal, Cottonseed",World,2021,Total Distribution,(1000 MT),14233.0,1,41,agg,"USDA FAS PS&D (Production, Supply & Distribution)",https://apps.fas.usda.gov/psdonline/downloads/
"Meal, Cottonseed",World,2022,Total Distribution,(1000 MT),14221.0,1,41,agg,"USDA FAS PS&D (Production, Supply & Distribution)",https://apps.fas.usda.gov/psdonline/downloads/
"Meal, Cottonseed",World,2023,Total Distribution,(1000 MT),14748.0,1,41,agg,"USDA FAS PS&D (Production, Supply & Distribution)",https://apps.fas.usda.gov/psdonline/downloads/
"Meal, Cottonseed",World,2024,Total Distribution,(1000 MT),14731.0,1,41,agg,"USDA FAS PS&D (Production, Supply & Distribution)",https://apps.fas.usda.gov/psdonline/downloads/
"Meal, Cottonseed",World,2025,Total Distribution,(1000 MT),14726.0,1,41,agg,"USDA FAS PS&D (Production, Supply & Distribution)",https://apps.fas.usda.gov/psdonline/downloads/
"Meal, Cottonseed",World,2026,Total Distribution,(1000 MT),13929.0,1,25,agg,"USDA FAS PS&D (Production, Supply & Distribution)",https://apps.fas.usda.gov/psdonline/downloads/
"Meal, Cottonseed",World,1966,Total Supply,(1000 MT),115.0,1,1,agg,"USDA FAS PS&D (Production, Supply & Distribution)",https://apps.fas.usda.gov/psdonline/downloads/
"Meal, Cottonseed",World,1967,Total Supply,(1000 MT),132.0,1,1,agg,"USDA FAS PS&D (Production, Supply & Distribution)",https://apps.fas.usda.gov/psdonline/downloads/
"Meal, Cottonseed",World,1968,Total Supply,(1000 MT),147.0,1,1,agg,"USDA FAS PS&D (Production, Supply & Distribution)",https://apps.fas.usda.gov/psdonline/downloads/
"Meal, Cottonseed",World,1969,Total Supply,(1000 MT),9319.0,1,58,agg,"USDA FAS PS&D (Production, Supply & Distribution)",https://apps.fas.usda.gov/psdonline/downloads/
"Meal, Cottonseed",World,1970,Total Supply,(1000 MT),8934.0,1,58,agg,"USDA FAS PS&D (Production, Supply & Distribution)",https://apps.fas.usda.gov/psdonline/downloads/
"Meal, Cottonseed",World,1971,Total Supply,(1000 MT),9900.0,1,59,agg,"USDA FAS PS&D (Production, Supply & Distribution)",https://apps.fas.usda.gov/psdonline/downloads/
"Meal, Cottonseed",World,1972,Total Supply,(1000 MT),10444.0,1,60,agg,"USDA FAS PS&D (Production, Supply & Distribution)",https://apps.fas.usda.gov/psdonline/downloads/
"Meal, Cottonseed",World,1973,Total Supply,(1000 MT),10060.0,1,59,agg,"USDA FAS PS&D (Production, Supply & Distribution)",https://apps.fas.usda.gov/psdonline/downloads/
"Meal, Cottonseed",World,1974,Total Supply,(1000 MT),9880.0,1,61,agg,"USDA FAS PS&D (Production, Supply & Distribution)",https://apps.fas.usda.gov/psdonline/downloads/
"Meal, Cottonseed",World,1975,Total Supply,(1000 MT),8688.0,1,61,agg,"USDA FAS PS&D (Production, Supply & Distribution)",https://apps.fas.usda.gov/psdonline/downloads/
"Meal, Cottonseed",World,1976,Total Supply,(1000 MT),8561.0,1,60,agg,"USDA FAS PS&D (Production, Supply & Distribution)",https://apps.fas.usda.gov/psdonline/downloads/
"Meal, Cottonseed",World,1977,Total Supply,(1000 MT),9564.0,1,62,agg,"USDA FAS PS&D (Production, Supply & Distribution)",https://apps.fas.usda.gov/psdonline/downloads/
"Meal, Cottonseed",World,1978,Total Supply,(1000 MT),9529.0,1,61,agg,"USDA FAS PS&D (Production, Supply & Distribution)",https://apps.fas.usda.gov/psdonline/downloads/
"Meal, Cottonseed",World,1979,Total Supply,(1000 MT),9640.0,1,59,agg,"USDA FAS PS&D (Production, Supply & Distribution)",https://apps.fas.usda.gov/psdonline/downloads/
"Meal, Cottonseed",World,1980,Total Supply,(1000 MT),9990.0,1,58,agg,"USDA FAS PS&D (Production, Supply & Distribution)",https://apps.fas.usda.gov/psdonline/downloads/
"Meal, Cottonseed",World,1981,Total Supply,(1000 MT),10846.0,1,58,agg,"USDA FAS PS&D (Production, Supply & Distribution)",https://apps.fas.usda.gov/psdonline/downloads/
"Meal, Cottonseed",World,1982,Total Supply,(1000 MT),10517.0,1,58,agg,"USDA FAS PS&D (Production, Supply & Distribution)",https://apps.fas.usda.gov/psdonline/downloads/
"Meal, Cottonseed",World,1983,Total Supply,(1000 MT),9930.0,1,60,agg,"USDA FAS PS&D (Production, Supply & Distribution)",https://apps.fas.usda.gov/psdonline/downloads/
"Meal, Cottonseed",World,1984,Total Supply,(1000 MT),13111.0,1,60,agg,"USDA FAS PS&D (Production, Supply & Distribution)",https://apps.fas.usda.gov/psdonline/downloads/
"Meal, Cottonseed",World,1985,Total Supply,(1000 MT),11743.0,1,58,agg,"USDA FAS PS&D (Production, Supply & Distribution)",https://apps.fas.usda.gov/psdonline/downloads/
"Meal, Cottonseed",World,1986,Total Supply,(1000 MT),10718.0,1,58,agg,"USDA FAS PS&D (Production, Supply & Distribution)",https://apps.fas.usda.gov/psdonline/downloads/
"Meal, Cottonseed",World,1987,Total Supply,(1000 MT),13019.0,1,67,agg,"USDA FAS PS&D (Production, Supply & Distribution)",https://apps.fas.usda.gov/psdonline/downloads/
"Meal, Cottonseed",World,1988,Total Supply,(1000 MT),13876.0,1,66,agg,"USDA FAS PS&D (Production, Supply & Distribution)",https://apps.fas.usda.gov/psdonline/downloads/
"Meal, Cottonseed",World,1989,Total Supply,(1000 MT),13291.0,1,66,agg,"USDA FAS PS&D (Production, Supply & Distribution)",https://apps.fas.usda.gov/psdonline/downloads/
"Meal, Cottonseed",World,1990,Total Supply,(1000 MT),14005.0,1,66,agg,"USDA FAS PS&D (Production, Supply & Distribution)",https://apps.fas.usda.gov/psdonline/downloads/
"Meal, Cottonseed",World,1991,Total Supply,(1000 MT),14252.0,1,46,agg,"USDA FAS PS&D (Production, Supply & Distribution)",https://apps.fas.usda.gov/psdonline/downloads/
"Meal, Cottonseed",World,1992,Total Supply,(1000 MT),12612.0,1,46,agg,"USDA FAS PS&D (Production, Supply & Distribution)",https://apps.fas.usda.gov/psdonline/downloads/
"Meal, Cottonseed",World,1993,Total Supply,(1000 MT),11383.0,1,43,agg,"USDA FAS PS&D (Production, Supply & Distribution)",https://apps.fas.usda.gov/psdonline/downloads/
"Meal, Cottonseed",World,1994,Total Supply,(1000 MT),12175.0,1,43,agg,"USDA FAS PS&D (Production, Supply & Distribution)",https://apps.fas.usda.gov/psdonline/downloads/
"Meal, Cottonseed",World,1995,Total Supply,(1000 MT),13482.0,1,43,agg,"USDA FAS PS&D (Production, Supply & Distribution)",https://apps.fas.usda.gov/psdonline/downloads/
"Meal, Cottonseed",World,1996,Total Supply,(1000 MT),12742.0,1,41,agg,"USDA FAS PS&D (Production, Supply & Distribution)",https://apps.fas.usda.gov/psdonline/downloads/
"Meal, Cottonseed",World,1997,Total Supply,(1000 MT),12401.0,1,41,agg,"USDA FAS PS&D (Production, Supply & Distribution)",https://apps.fas.usda.gov/psdonline/downloads/
"Meal, Cottonseed",World,1998,Total Supply,(1000 MT),11929.0,1,41,agg,"USDA FAS PS&D (Production, Supply & Distribution)",https://apps.fas.usda.gov/psdonline/downloads/
"Meal, Cottonseed",World,1999,Total Supply,(1000 MT),11939.0,1,40,agg,"USDA FAS PS&D (Production, Supply & Distribution)",https://apps.fas.usda.gov/psdonline/downloads/
"Meal, Cottonseed",World,2000,Total Supply,(1000 MT),11678.0,1,40,agg,"USDA FAS PS&D (Production, Supply & Distribution)",https://apps.fas.usda.gov/psdonline/downloads/
"Meal, Cottonseed",World,2001,Total Supply,(1000 MT),12661.0,1,40,agg,"USDA FAS PS&D (Production, Supply & Distribution)",https://apps.fas.usda.gov/psdonline/downloads/
"Meal, Cottonseed",World,2002,Total Supply,(1000 MT),11973.0,1,40,agg,"USDA FAS PS&D (Production, Supply & Distribution)",https://apps.fas.usda.gov/psdonline/downloads/
"Meal, Cottonseed",World,2003,Total Supply,(1000 MT),12459.0,1,40,agg,"USDA FAS PS&D (Production, Supply & Distribution)",https://apps.fas.usda.gov/psdonline/downloads/
"Meal, Cottonseed",World,2004,Total Supply,(1000 MT),15554.0,1,40,agg,"USDA FAS PS&D (Production, Supply & Distribution)",https://apps.fas.usda.gov/psdonline/downloads/
"Meal, Cottonseed",World,2005,Total Supply,(1000 MT),15270.0,1,41,agg,"USDA FAS PS&D (Production, Supply & Distribution)",https://apps.fas.usda.gov/psdonline/downloads/
"Meal, Cottonseed",World,2006,Total Supply,(1000 MT),15634.0,1,41,agg,"USDA FAS PS&D (Production, Supply & Distribution)",https://apps.fas.usda.gov/psdonline/downloads/
"Meal, Cottonseed",World,2007,Total Supply,(1000 MT),15991.0,1,41,agg,"USDA FAS PS&D (Production, Supply & Distribution)",https://apps.fas.usda.gov/psdonline/downloads/
"Meal, Cottonseed",World,2008,Total Supply,(1000 MT),14914.0,1,41,agg,"USDA FAS PS&D (Production, Supply & Distribution)",https://apps.fas.usda.gov/psdonline/downloads/
"Meal, Cottonseed",World,2009,Total Supply,(1000 MT),14212.0,1,41,agg,"USDA FAS PS&D (Production, Supply & Distribution)",https://apps.fas.usda.gov/psdonline/downloads/
"Meal, Cottonseed",World,2010,Total Supply,(1000 MT),14889.0,1,41,agg,"USDA FAS PS&D (Production, Supply & Distribution)",https://apps.fas.usda.gov/psdonline/downloads/
"Meal, Cottonseed",World,2011,Total Supply,(1000 MT),16283.0,1,41,agg,"USDA FAS PS&D (Production, Supply & Distribution)",https://apps.fas.usda.gov/psdonline/downloads/
"Meal, Cottonseed",World,2012,Total Supply,(1000 MT),16565.0,1,41,agg,"USDA FAS PS&D (Production, Supply & Distribution)",https://apps.fas.usda.gov/psdonline/downloads/
"Meal, Cottonseed",World,2013,Total Supply,(1000 MT),15823.0,1,41,agg,"USDA FAS PS&D (Production, Supply & Distribution)",https://apps.fas.usda.gov/psdonline/downloads/
"Meal, Cottonseed",World,2014,Total Supply,(1000 MT),15840.0,1,41,agg,"USDA FAS PS&D (Production, Supply & Distribution)",https://apps.fas.usda.gov/psdonline/downloads/
"Meal, Cottonseed",World,2015,Total Supply,(1000 MT),13570.0,1,41,agg,"USDA FAS PS&D (Production, Supply & Distribution)",https://apps.fas.usda.gov/psdonline/downloads/
"Meal, Cottonseed",World,2016,Total Supply,(1000 MT),13619.0,1,41,agg,"USDA FAS PS&D (Production, Supply & Distribution)",https://apps.fas.usda.gov/psdonline/downloads/
"Meal, Cottonseed",World,2017,Total Supply,(1000 MT),14827.0,1,41,agg,"USDA FAS PS&D (Production, Supply & Distribution)",https://apps.fas.usda.gov/psdonline/downloads/
"Meal, Cottonseed",World,2018,Total Supply,(1000 MT),14187.0,1,41,agg,"USDA FAS PS&D (Production, Supply & Distribution)",https://apps.fas.usda.gov/psdonline/downloads/
"Meal, Cottonseed",World,2019,Total Supply,(1000 MT),14901.0,1,41,agg,"USDA FAS PS&D (Production, Supply & Distribution)",https://apps.fas.usda.gov/psdonline/downloads/
"Meal, Cottonseed",World,2020,Total Supply,(1000 MT),14213.0,1,41,agg,"USDA FAS PS&D (Production, Supply & Distribution)",https://apps.fas.usda.gov/psdonline/downloads/
"Meal, Cottonseed",World,2021,Total Supply,(1000 MT),14233.0,1,41,agg,"USDA FAS PS&D (Production, Supply & Distribution)",https://apps.fas.usda.gov/psdonline/downloads/
"Meal, Cottonseed",World,2022,Total Supply,(1000 MT),14221.0,1,41,agg,"USDA FAS PS&D (Production, Supply & Distribution)",https://apps.fas.usda.gov/psdonline/downloads/
"Meal, Cottonseed",World,2023,Total Supply,(1000 MT),14748.0,1,41,agg,"USDA FAS PS&D (Production, Supply & Distribution)",https://apps.fas.usda.gov/psdonline/downloads/
"Meal, Cottonseed",World,2024,Total Supply,(1000 MT),14731.0,1,41,agg,"USDA FAS PS&D (Production, Supply & Distribution)",https://apps.fas.usda.gov/psdonline/downloads/
"Meal, Cottonseed",World,2025,Total Supply,(1000 MT),14726.0,1,41,agg,"USDA FAS PS&D (Production, Supply & Distribution)",https://apps.fas.usda.gov/psdonline/downloads/
"Meal, Cottonseed",World,2026,Total Supply,(1000 MT),13929.0,1,25,agg,"USDA FAS PS&D (Production, Supply & Distribution)",https://apps.fas.usda.gov/psdonline/downloads/
