commodity,country,market_year,attribute,unit,value,is_aggregate,n_countries,vintage_month,source,source_url
"Oil, Sunflowerseed",World,1964,Beginning Stocks,(1000 MT),0.0,1,8,agg,"USDA FAS PS&D (Production, Supply & Distribution)",https://apps.fas.usda.gov/psdonline/downloads/
"Oil, Sunflowerseed",World,1965,Beginning Stocks,(1000 MT),0.0,1,8,agg,"USDA FAS PS&D (Production, Supply & Distribution)",https://apps.fas.usda.gov/psdonline/downloads/
"Oil, Sunflowerseed",World,1966,Beginning Stocks,(1000 MT),0.0,1,9,agg,"USDA FAS PS&D (Production, Supply & Distribution)",https://apps.fas.usda.gov/psdonline/downloads/
"Oil, Sunflowerseed",World,1967,Beginning Stocks,(1000 MT),0.0,1,9,agg,"USDA FAS PS&D (Production, Supply & Distribution)",https://apps.fas.usda.gov/psdonline/downloads/
"Oil, Sunflowerseed",World,1968,Beginning Stocks,(1000 MT),0.0,1,9,agg,"USDA FAS PS&D (Production, Supply & Distribution)",https://apps.fas.usda.gov/psdonline/downloads/
"Oil, Sunflowerseed",World,1969,Beginning Stocks,(1000 MT),0.0,1,9,agg,"USDA FAS PS&D (Production, Supply & Distribution)",https://apps.fas.usda.gov/psdonline/downloads/
"Oil, Sunflowerseed",World,1970,Beginning Stocks,(1000 MT),0.0,1,8,agg,"USDA FAS PS&D (Production, Supply & Distribution)",https://apps.fas.usda.gov/psdonline/downloads/
"Oil, Sunflowerseed",World,1971,Beginning Stocks,(1000 MT),0.0,1,9,agg,"USDA FAS PS&D (Production, Supply & Distribution)",https://apps.fas.usda.gov/psdonline/downloads/
"Oil, Sunflowerseed",World,1972,Beginning Stocks,(1000 MT),43.0,1,40,agg,"USDA FAS PS&D (Production, Supply & Distribution)",https://apps.fas.usda.gov/psdonline/downloads/
"Oil, Sunflowerseed",World,1973,Beginning Stocks,(1000 MT),31.0,1,38,agg,"USDA FAS PS&D (Production, Supply & Distribution)",https://apps.fas.usda.gov/psdonline/downloads/
"Oil, Sunflowerseed",World,1974,Beginning Stocks,(1000 MT),52.0,1,39,agg,"USDA FAS PS&D (Production, Supply & Distribution)",https://apps.fas.usda.gov/psdonline/downloads/
"Oil, Sunflowerseed",World,1975,Beginning Stocks,(1000 MT),32.0,1,41,agg,"USDA FAS PS&D (Production, Supply & Distribution)",https://apps.fas.usda.gov/psdonline/downloads/
"Oil, Sunflowerseed",World,1976,Beginning Stocks,(1000 MT),42.0,1,41,agg,"USDA FAS PS&D (Production, Supply & Distribution)",https://apps.fas.usda.gov/psdonline/downloads/
"Oil, Sunflowerseed",World,1977,Beginning Stocks,(1000 MT),62.0,1,42,agg,"USDA FAS PS&D (Production, Supply & Distribution)",https://apps.fas.usda.gov/psdonline/downloads/
"Oil, Sunflowerseed",World,1978,Beginning Stocks,(1000 MT),90.0,1,43,agg,"USDA FAS PS&D (Production, Supply & Distribution)",https://apps.fas.usda.gov/psdonline/downloads/
"Oil, Sunflowerseed",World,1979,Beginning Stocks,(1000 MT),120.0,1,45,agg,"USDA FAS PS&D (Production, Supply & Distribution)",https://apps.fas.usda.gov/psdonline/downloads/
"Oil, Sunflowerseed",World,1980,Beginning Stocks,(1000 MT),239.0,1,46,agg,"USDA FAS PS&D (Production, Supply & Distribution)",https://apps.fas.usda.gov/psdonline/downloads/
"Oil, Sunflowerseed",World,1981,Beginning Stocks,(1000 MT),284.0,1,46,agg,"USDA FAS PS&D (Production, Supply & Distribution)",https://apps.fas.usda.gov/psdonline/downloads/
"Oil, Sunflowerseed",World,1982,Beginning Stocks,(1000 MT),210.0,1,48,agg,"USDA FAS PS&D (Production, Supply & Distribution)",https://apps.fas.usda.gov/psdonline/downloads/
"Oil, Sunflowerseed",World,1983,Beginning Stocks,(1000 MT),261.0,1,47,agg,"USDA FAS PS&D (Production, Supply & Distribution)",https://apps.fas.usda.gov/psdonline/downloads/
"Oil, Sunflowerseed",World,1984,Beginning Stocks,(1000 MT),202.0,1,47,agg,"USDA FAS PS&D (Production, Supply & Distribution)",https://apps.fas.usda.gov/psdonline/downloads/
"Oil, Sunflowerseed",World,1985,Beginning Stocks,(1000 MT),414.0,1,49,agg,"USDA FAS PS&D (Production, Supply & Distribution)",https://apps.fas.usda.gov/psdonline/downloads/
"Oil, Sunflowerseed",World,1986,Beginning Stocks,(1000 MT),512.0,1,49,agg,"USDA FAS PS&D (Production, Supply & Distribution)",https://apps.fas.usda.gov/psdonline/downloads/
"Oil, Sunflowerseed",World,1987,Beginning Stocks,(1000 MT),587.0,1,58,agg,"USDA FAS PS&D (Production, Supply & Distribution)",https://apps.fas.usda.gov/psdonline/downloads/
"Oil, Sunflowerseed",World,1988,Beginning Stocks,(1000 MT),813.0,1,58,agg,"USDA FAS PS&D (Production, Supply & Distribution)",https://apps.fas.usda.gov/psdonline/downloads/
"Oil, Sunflowerseed",World,1989,Beginning Stocks,(1000 MT),885.0,1,58,agg,"USDA FAS PS&D (Production, Supply & Distribution)",https://apps.fas.usda.gov/psdonline/downloads/
"Oil, Sunflowerseed",World,1990,Beginning Stocks,(1000 MT),1004.0,1,63,agg,"USDA FAS PS&D (Production, Supply & Distribution)",https://apps.fas.usda.gov/psdonline/downloads/
"Oil, Sunflowerseed",World,1991,Beginning Stocks,(1000 MT),1184.0,1,50,agg,"USDA FAS PS&D (Production, Supply & Distribution)",https://apps.fas.usda.gov/psdonline/downloads/
"Oil, Sunflowerseed",World,1992,Beginning Stocks,(1000 MT),957.0,1,50,agg,"USDA FAS PS&D (Production, Supply & Distribution)",https://apps.fas.usda.gov/psdonline/downloads/
"Oil, Sunflowerseed",World,1993,Beginning Stocks,(1000 MT),816.0,1,50,agg,"USDA FAS PS&D (Production, Supply & Distribution)",https://apps.fas.usda.gov/psdonline/downloads/
"Oil, Sunflowerseed",World,1994,Beginning Stocks,(1000 MT),694.0,1,51,agg,"USDA FAS PS&D (Production, Supply & Distribution)",https://apps.fas.usda.gov/psdonline/downloads/
"Oil, Sunflowerseed",World,1995,Beginning Stocks,(1000 MT),712.0,1,51,agg,"USDA FAS PS&D (Production, Supply & Distribution)",https://apps.fas.usda.gov/psdonline/downloads/
"Oil, Sunflowerseed",World,1996,Beginning Stocks,(1000 MT),1326.0,1,51,agg,"USDA FAS PS&D (Production, Supply & Distribution)",https://apps.fas.usda.gov/psdonline/downloads/
"Oil, Sunflowerseed",World,1997,Beginning Stocks,(1000 MT),1024.0,1,51,agg,"USDA FAS PS&D (Production, Supply & Distribution)",https://apps.fas.usda.gov/psdonline/downloads/
"Oil, Sunflowerseed",World,1998,Beginning Stocks,(1000 MT),849.0,1,51,agg,"USDA FAS PS&D (Production, Supply & Distribution)",https://apps.fas.usda.gov/psdonline/downloads/
"Oil, Sunflowerseed",World,1999,Beginning Stocks,(1000 MT),1213.0,1,41,agg,"USDA FAS PS&D (Production, Supply & Distribution)",https://apps.fas.usda.gov/psdonline/downloads/
"Oil, Sunflowerseed",World,2000,Beginning Stocks,(1000 MT),1292.0,1,40,agg,"USDA FAS PS&D (Production, Supply & Distribution)",https://apps.fas.usda.gov/psdonline/downloads/
"Oil, Sunflowerseed",World,2001,Beginning Stocks,(1000 MT),983.0,1,42,agg,"USDA FAS PS&D (Production, Supply & Distribution)",https://apps.fas.usda.gov/psdonline/downloads/
"Oil, Sunflowerseed",World,2002,Beginning Stocks,(1000 MT),749.0,1,42,agg,"USDA FAS PS&D (Production, Supply & Distribution)",https://apps.fas.usda.gov/psdonline/downloads/
"Oil, Sunflowerseed",World,2003,Beginning Stocks,(1000 MT),818.0,1,42,agg,"USDA FAS PS&D (Production, Supply & Distribution)",https://apps.fas.usda.gov/psdonline/downloads/
"Oil, Sunflowerseed",World,2004,Beginning Stocks,(1000 MT),835.0,1,42,agg,"USDA FAS PS&D (Production, Supply & Distribution)",https://apps.fas.usda.gov/psdonline/downloads/
"Oil, Sunflowerseed",World,2005,Beginning Stocks,(1000 MT),1030.0,1,47,agg,"USDA FAS PS&D (Production, Supply & Distribution)",https://apps.fas.usda.gov/psdonline/downloads/
"Oil, Sunflowerseed",World,2006,Beginning Stocks,(1000 MT),1223.0,1,47,agg,"USDA FAS PS&D (Production, Supply & Distribution)",https://apps.fas.usda.gov/psdonline/downloads/
"Oil, Sunflowerseed",World,2007,Beginning Stocks,(1000 MT),1196.0,1,47,agg,"USDA FAS PS&D (Production, Supply & Distribution)",https://apps.fas.usda.gov/psdonline/downloads/
"Oil, Sunflowerseed",World,2008,Beginning Stocks,(1000 MT),1245.0,1,47,agg,"USDA FAS PS&D (Production, Supply & Distribution)",https://apps.fas.usda.gov/psdonline/downloads/
"Oil, Sunflowerseed",World,2009,Beginning Stocks,(1000 MT),1997.0,1,47,agg,"USDA FAS PS&D (Production, Supply & Distribution)",https://apps.fas.usda.gov/psdonline/downloads/
"Oil, Sunflowerseed",World,2010,Beginning Stocks,(1000 MT),2004.0,1,47,agg,"USDA FAS PS&D (Production, Supply & Distribution)",https://apps.fas.usda.gov/psdonline/downloads/
"Oil, Sunflowerseed",World,2011,Beginning Stocks,(1000 MT),1935.0,1,47,agg,"USDA FAS PS&D (Production, Supply & Distribution)",https://apps.fas.usda.gov/psdonline/downloads/
"Oil, Sunflowerseed",World,2012,Beginning Stocks,(1000 MT),3054.0,1,47,agg,"USDA FAS PS&D (Production, Supply & Distribution)",https://apps.fas.usda.gov/psdonline/downloads/
"Oil, Sunflowerseed",World,2013,Beginning Stocks,(1000 MT),2244.0,1,47,agg,"USDA FAS PS&D (Production, Supply & Distribution)",https://apps.fas.usda.gov/psdonline/downloads/
"Oil, Sunflowerseed",World,2014,Beginning Stocks,(1000 MT),2944.0,1,47,agg,"USDA FAS PS&D (Production, Supply & Distribution)",https://apps.fas.usda.gov/psdonline/downloads/
"Oil, Sunflowerseed",World,2015,Beginning Stocks,(1000 MT),2590.0,1,47,agg,"USDA FAS PS&D (Production, Supply & Distribution)",https://apps.fas.usda.gov/psdonline/downloads/
"Oil, Sunflowerseed",World,2016,Beginning Stocks,(1000 MT),2122.0,1,48,agg,"USDA FAS PS&D (Production, Supply & Distribution)",https://apps.fas.usda.gov/psdonline/downloads/
"Oil, Sunflowerseed",World,2017,Beginning Stocks,(1000 MT),2616.0,1,48,agg,"USDA FAS PS&D (Production, Supply & Distribution)",https://apps.fas.usda.gov/psdonline/downloads/
"Oil, Sunflowerseed",World,2018,Beginning Stocks,(1000 MT),2606.0,1,48,agg,"USDA FAS PS&D (Production, Supply & Distribution)",https://apps.fas.usda.gov/psdonline/downloads/
"Oil, Sunflowerseed",World,2019,Beginning Stocks,(1000 MT),2443.0,1,48,agg,"USDA FAS PS&D (Production, Supply & Distribution)",https://apps.fas.usda.gov/psdonline/downloads/
"Oil, Sunflowerseed",World,2020,Beginning Stocks,(1000 MT),2997.0,1,48,agg,"USDA FAS PS&D (Production, Supply & Distribution)",https://apps.fas.usda.gov/psdonline/downloads/
"Oil, Sunflowerseed",World,2021,Beginning Stocks,(1000 MT),2112.0,1,48,agg,"USDA FAS PS&D (Production, Supply & Distribution)",https://apps.fas.usda.gov/psdonline/downloads/
"Oil, Sunflowerseed",World,2022,Beginning Stocks,(1000 MT),2761.0,1,48,agg,"USDA FAS PS&D (Production, Supply & Distribution)",https://apps.fas.usda.gov/psdonline/downloads/
"Oil, Sunflowerseed",World,2023,Beginning Stocks,(1000 MT),3223.0,1,48,agg,"USDA FAS PS&D (Production, Supply & Distribution)",https://apps.fas.usda.gov/psdonline/downloads/
"Oil, Sunflowerseed",World,2024,Beginning Stocks,(1000 MT),2892.0,1,48,agg,"USDA FAS PS&D (Production, Supply & Distribution)",https://apps.fas.usda.gov/psdonline/downloads/
"Oil, Sunflowerseed",World,2025,Beginning Stocks,(1000 MT),2546.0,1,48,agg,"USDA FAS PS&D (Production, Supply & Distribution)",https://apps.fas.usda.gov/psdonline/downloads/
"Oil, Sunflowerseed",World,2026,Beginning Stocks,(1000 MT),2429.0,1,48,agg,"USDA FAS PS&D (Production, Supply & Distribution)",https://apps.fas.usda.gov/psdonline/downloads/
"Oil, Sunflowerseed",World,1964,Crush,(1000 MT),4.0,1,8,agg,"USDA FAS PS&D (Production, Supply & Distribution)",https://apps.fas.usda.gov/psdonline/downloads/
"Oil, Sunflowerseed",World,1965,Crush,(1000 MT),3.0,1,8,agg,"USDA FAS PS&D (Production, Supply & Distribution)",https://apps.fas.usda.gov/psdonline/downloads/
"Oil, Sunflowerseed",World,1966,Crush,(1000 MT),96.0,1,9,agg,"USDA FAS PS&D (Production, Supply & Distribution)",https://apps.fas.usda.gov/psdonline/downloads/
"Oil, Sunflowerseed",World,1967,Crush,(1000 MT),78.0,1,9,agg,"USDA FAS PS&D (Production, Supply & Distribution)",https://apps.fas.usda.gov/psdonline/downloads/
"Oil, Sunflowerseed",World,1968,Crush,(1000 MT),90.0,1,9,agg,"USDA FAS PS&D (Production, Supply & Distribution)",https://apps.fas.usda.gov/psdonline/downloads/
"Oil, Sunflowerseed",World,1969,Crush,(1000 MT),45.0,1,9,agg,"USDA FAS PS&D (Production, Supply & Distribution)",https://apps.fas.usda.gov/psdonline/downloads/
"Oil, Sunflowerseed",World,1970,Crush,(1000 MT),37.0,1,8,agg,"USDA FAS PS&D (Production, Supply & Distribution)",https://apps.fas.usda.gov/psdonline/downloads/
"Oil, Sunflowerseed",World,1971,Crush,(1000 MT),76.0,1,9,agg,"USDA FAS PS&D (Production, Supply & Distribution)",https://apps.fas.usda.gov/psdonline/downloads/
"Oil, Sunflowerseed",World,1972,Crush,(1000 MT),8523.0,1,40,agg,"USDA FAS PS&D (Production, Supply & Distribution)",https://apps.fas.usda.gov/psdonline/downloads/
"Oil, Sunflowerseed",World,1973,Crush,(1000 MT),10418.0,1,38,agg,"USDA FAS PS&D (Production, Supply & Distribution)",https://apps.fas.usda.gov/psdonline/downloads/
"Oil, Sunflowerseed",World,1974,Crush,(1000 MT),8975.0,1,39,agg,"USDA FAS PS&D (Production, Supply & Distribution)",https://apps.fas.usda.gov/psdonline/downloads/
"Oil, Sunflowerseed",World,1975,Crush,(1000 MT),8535.0,1,41,agg,"USDA FAS PS&D (Production, Supply & Distribution)",https://apps.fas.usda.gov/psdonline/downloads/
"Oil, Sunflowerseed",World,1976,Crush,(1000 MT),8871.0,1,41,agg,"USDA FAS PS&D (Production, Supply & Distribution)",https://apps.fas.usda.gov/psdonline/downloads/
"Oil, Sunflowerseed",World,1977,Crush,(1000 MT),10605.0,1,42,agg,"USDA FAS PS&D (Production, Supply & Distribution)",https://apps.fas.usda.gov/psdonline/downloads/
"Oil, Sunflowerseed",World,1978,Crush,(1000 MT),11309.0,1,43,agg,"USDA FAS PS&D (Production, Supply & Distribution)",https://apps.fas.usda.gov/psdonline/downloads/
"Oil, Sunflowerseed",World,1979,Crush,(1000 MT),12425.0,1,45,agg,"USDA FAS PS&D (Production, Supply & Distribution)",https://apps.fas.usda.gov/psdonline/downloads/
"Oil, Sunflowerseed",World,1980,Crush,(1000 MT),11780.0,1,46,agg,"USDA FAS PS&D (Production, Supply & Distribution)",https://apps.fas.usda.gov/psdonline/downloads/
"Oil, Sunflowerseed",World,1981,Crush,(1000 MT),12619.0,1,46,agg,"USDA FAS PS&D (Production, Supply & Distribution)",https://apps.fas.usda.gov/psdonline/downloads/
"Oil, Sunflowerseed",World,1982,Crush,(1000 MT),14060.0,1,48,agg,"USDA FAS PS&D (Production, Supply & Distribution)",https://apps.fas.usda.gov/psdonline/downloads/
"Oil, Sunflowerseed",World,1983,Crush,(1000 MT),13625.0,1,47,agg,"USDA FAS PS&D (Production, Supply & Distribution)",https://apps.fas.usda.gov/psdonline/downloads/
"Oil, Sunflowerseed",World,1984,Crush,(1000 MT),15636.0,1,47,agg,"USDA FAS PS&D (Production, Supply & Distribution)",https://apps.fas.usda.gov/psdonline/downloads/
"Oil, Sunflowerseed",World,1985,Crush,(1000 MT),16587.0,1,49,agg,"USDA FAS PS&D (Production, Supply & Distribution)",https://apps.fas.usda.gov/psdonline/downloads/
"Oil, Sunflowerseed",World,1986,Crush,(1000 MT),16240.0,1,49,agg,"USDA FAS PS&D (Production, Supply & Distribution)",https://apps.fas.usda.gov/psdonline/downloads/
"Oil, Sunflowerseed",World,1987,Crush,(1000 MT),18236.0,1,58,agg,"USDA FAS PS&D (Production, Supply & Distribution)",https://apps.fas.usda.gov/psdonline/downloads/
"Oil, Sunflowerseed",World,1988,Crush,(1000 MT),18082.0,1,58,agg,"USDA FAS PS&D (Production, Supply & Distribution)",https://apps.fas.usda.gov/psdonline/downloads/
"Oil, Sunflowerseed",World,1989,Crush,(1000 MT),19257.0,1,58,agg,"USDA FAS PS&D (Production, Supply & Distribution)",https://apps.fas.usda.gov/psdonline/downloads/
"Oil, Sunflowerseed",World,1990,Crush,(1000 MT),20201.0,1,63,agg,"USDA FAS PS&D (Production, Supply & Distribution)",https://apps.fas.usda.gov/psdonline/downloads/
"Oil, Sunflowerseed",World,1991,Crush,(1000 MT),19351.0,1,50,agg,"USDA FAS PS&D (Production, Supply & Distribution)",https://apps.fas.usda.gov/psdonline/downloads/
"Oil, Sunflowerseed",World,1992,Crush,(1000 MT),18697.0,1,50,agg,"USDA FAS PS&D (Production, Supply & Distribution)",https://apps.fas.usda.gov/psdonline/downloads/
"Oil, Sunflowerseed",World,1993,Crush,(1000 MT),18009.0,1,50,agg,"USDA FAS PS&D (Production, Supply & Distribution)",https://apps.fas.usda.gov/psdonline/downloads/
"Oil, Sunflowerseed",World,1994,Crush,(1000 MT),20793.0,1,51,agg,"USDA FAS PS&D (Production, Supply & Distribution)",https://apps.fas.usda.gov/psdonline/downloads/
"Oil, Sunflowerseed",World,1995,Crush,(1000 MT),22735.0,1,51,agg,"USDA FAS PS&D (Production, Supply & Distribution)",https://apps.fas.usda.gov/psdonline/downloads/
"Oil, Sunflowerseed",World,1996,Crush,(1000 MT),21734.0,1,51,agg,"USDA FAS PS&D (Production, Supply & Distribution)",https://apps.fas.usda.gov/psdonline/downloads/
"Oil, Sunflowerseed",World,1997,Crush,(1000 MT),21463.0,1,51,agg,"USDA FAS PS&D (Production, Supply & Distribution)",https://apps.fas.usda.gov/psdonline/downloads/
"Oil, Sunflowerseed",World,1998,Crush,(1000 MT),23160.0,1,51,agg,"USDA FAS PS&D (Production, Supply & Distribution)",https://apps.fas.usda.gov/psdonline/downloads/
"Oil, Sunflowerseed",World,1999,Crush,(1000 MT),23257.0,1,41,agg,"USDA FAS PS&D (Production, Supply & Distribution)",https://apps.fas.usda.gov/psdonline/downloads/
"Oil, Sunflowerseed",World,2000,Crush,(1000 MT),19900.0,1,40,agg,"USDA FAS PS&D (Production, Supply & Distribution)",https://apps.fas.usda.gov/psdonline/downloads/
"Oil, Sunflowerseed",World,2001,Crush,(1000 MT),18275.0,1,42,agg,"USDA FAS PS&D (Production, Supply & Distribution)",https://apps.fas.usda.gov/psdonline/downloads/
"Oil, Sunflowerseed",World,2002,Crush,(1000 MT),19809.0,1,42,agg,"USDA FAS PS&D (Production, Supply & Distribution)",https://apps.fas.usda.gov/psdonline/downloads/
"Oil, Sunflowerseed",World,2003,Crush,(1000 MT),22491.0,1,42,agg,"USDA FAS PS&D (Production, Supply & Distribution)",https://apps.fas.usda.gov/psdonline/downloads/
"Oil, Sunflowerseed",World,2004,Crush,(1000 MT),22535.0,1,42,agg,"USDA FAS PS&D (Production, Supply & Distribution)",https://apps.fas.usda.gov/psdonline/downloads/
"Oil, Sunflowerseed",World,2005,Crush,(1000 MT),25769.0,1,47,agg,"USDA FAS PS&D (Production, Supply & Distribution)",https://apps.fas.usda.gov/psdonline/downloads/
"Oil, Sunflowerseed",World,2006,Crush,(1000 MT),26142.0,1,47,agg,"USDA FAS PS&D (Production, Supply & Distribution)",https://apps.fas.usda.gov/psdonline/downloads/
"Oil, Sunflowerseed",World,2007,Crush,(1000 MT),24928.0,1,47,agg,"USDA FAS PS&D (Production, Supply & Distribution)",https://apps.fas.usda.gov/psdonline/downloads/
"Oil, Sunflowerseed",World,2008,Crush,(1000 MT),28803.0,1,47,agg,"USDA FAS PS&D (Production, Supply & Distribution)",https://apps.fas.usda.gov/psdonline/downloads/
"Oil, Sunflowerseed",World,2009,Crush,(1000 MT),29214.0,1,47,agg,"USDA FAS PS&D (Production, Supply & Distribution)",https://apps.fas.usda.gov/psdonline/downloads/
"Oil, Sunflowerseed",World,2010,Crush,(1000 MT),29075.0,1,47,agg,"USDA FAS PS&D (Production, Supply & Distribution)",https://apps.fas.usda.gov/psdonline/downloads/
"Oil, Sunflowerseed",World,2011,Crush,(1000 MT),34473.0,1,47,agg,"USDA FAS PS&D (Production, Supply & Distribution)",https://apps.fas.usda.gov/psdonline/downloads/
"Oil, Sunflowerseed",World,2012,Crush,(1000 MT),30870.0,1,47,agg,"USDA FAS PS&D (Production, Supply & Distribution)",https://apps.fas.usda.gov/psdonline/downloads/
"Oil, Sunflowerseed",World,2013,Crush,(1000 MT),37056.0,1,47,agg,"USDA FAS PS&D (Production, Supply & Distribution)",https://apps.fas.usda.gov/psdonline/downloads/
"Oil, Sunflowerseed",World,2014,Crush,(1000 MT),35713.0,1,47,agg,"USDA FAS PS&D (Production, Supply & Distribution)",https://apps.fas.usda.gov/psdonline/downloads/
"Oil, Sunflowerseed",World,2015,Crush,(1000 MT),36697.0,1,47,agg,"USDA FAS PS&D (Production, Supply & Distribution)",https://apps.fas.usda.gov/psdonline/downloads/
"Oil, Sunflowerseed",World,2016,Crush,(1000 MT),43382.0,1,48,agg,"USDA FAS PS&D (Production, Supply & Distribution)",https://apps.fas.usda.gov/psdonline/downloads/
"Oil, Sunflowerseed",World,2017,Crush,(1000 MT),44194.0,1,48,agg,"USDA FAS PS&D (Production, Supply & Distribution)",https://apps.fas.usda.gov/psdonline/downloads/
"Oil, Sunflowerseed",World,2018,Crush,(1000 MT),46570.0,1,48,agg,"USDA FAS PS&D (Production, Supply & Distribution)",https://apps.fas.usda.gov/psdonline/downloads/
"Oil, Sunflowerseed",World,2019,Crush,(1000 MT),49544.0,1,48,agg,"USDA FAS PS&D (Production, Supply & Distribution)",https://apps.fas.usda.gov/psdonline/downloads/
"Oil, Sunflowerseed",World,2020,Crush,(1000 MT),45128.0,1,48,agg,"USDA FAS PS&D (Production, Supply & Distribution)",https://apps.fas.usda.gov/psdonline/downloads/
"Oil, Sunflowerseed",World,2021,Crush,(1000 MT),46771.0,1,48,agg,"USDA FAS PS&D (Production, Supply & Distribution)",https://apps.fas.usda.gov/psdonline/downloads/
"Oil, Sunflowerseed",World,2022,Crush,(1000 MT),51438.0,1,48,agg,"USDA FAS PS&D (Production, Supply & Distribution)",https://apps.fas.usda.gov/psdonline/downloads/
"Oil, Sunflowerseed",World,2023,Crush,(1000 MT),52342.0,1,48,agg,"USDA FAS PS&D (Production, Supply & Distribution)",https://apps.fas.usda.gov/psdonline/downloads/
"Oil, Sunflowerseed",World,2024,Crush,(1000 MT),48329.0,1,48,agg,"USDA FAS PS&D (Production, Supply & Distribution)",https://apps.fas.usda.gov/psdonline/downloads/
"Oil, Sunflowerseed",World,2025,Crush,(1000 MT),50086.0,1,48,agg,"USDA FAS PS&D (Production, Supply & Distribution)",https://apps.fas.usda.gov/psdonline/downloads/
"Oil, Sunflowerseed",World,2026,Crush,(1000 MT),55689.0,1,48,agg,"USDA FAS PS&D (Production, Supply & Distribution)",https://apps.fas.usda.gov/psdonline/downloads/
"Oil, Sunflowerseed",World,1964,Domestic Consumption,(1000 MT),49.0,1,8,agg,"USDA FAS PS&D (Production, Supply & Distribution)",https://apps.fas.usda.gov/psdonline/downloads/
"Oil, Sunflowerseed",World,1965,Domestic Consumption,(1000 MT),104.0,1,8,agg,"USDA FAS PS&D (Production, Supply & Distribution)",https://apps.fas.usda.gov/psdonline/downloads/
"Oil, Sunflowerseed",World,1966,Domestic Consumption,(1000 MT),196.0,1,9,agg,"USDA FAS PS&D (Production, Supply & Distribution)",https://apps.fas.usda.gov/psdonline/downloads/
"Oil, Sunflowerseed",World,1967,Domestic Consumption,(1000 MT),245.0,1,9,agg,"USDA FAS PS&D (Production, Supply & Distribution)",https://apps.fas.usda.gov/psdonline/downloads/
"Oil, Sunflowerseed",World,1968,Domestic Consumption,(1000 MT),270.0,1,9,agg,"USDA FAS PS&D (Production, Supply & Distribution)",https://apps.fas.usda.gov/psdonline/downloads/
"Oil, Sunflowerseed",World,1969,Domestic Consumption,(1000 MT),144.0,1,9,agg,"USDA FAS PS&D (Production, Supply & Distribution)",https://apps.fas.usda.gov/psdonline/downloads/
"Oil, Sunflowerseed",World,1970,Domestic Consumption,(1000 MT),124.0,1,8,agg,"USDA FAS PS&D (Production, Supply & Distribution)",https://apps.fas.usda.gov/psdonline/downloads/
"Oil, Sunflowerseed",World,1971,Domestic Consumption,(1000 MT),159.0,1,9,agg,"USDA FAS PS&D (Production, Supply & Distribution)",https://apps.fas.usda.gov/psdonline/downloads/
"Oil, Sunflowerseed",World,1972,Domestic Consumption,(1000 MT),3456.0,1,40,agg,"USDA FAS PS&D (Production, Supply & Distribution)",https://apps.fas.usda.gov/psdonline/downloads/
"Oil, Sunflowerseed",World,1973,Domestic Consumption,(1000 MT),4149.0,1,38,agg,"USDA FAS PS&D (Production, Supply & Distribution)",https://apps.fas.usda.gov/psdonline/downloads/
"Oil, Sunflowerseed",World,1974,Domestic Consumption,(1000 MT),3918.0,1,39,agg,"USDA FAS PS&D (Production, Supply & Distribution)",https://apps.fas.usda.gov/psdonline/downloads/
"Oil, Sunflowerseed",World,1975,Domestic Consumption,(1000 MT),3389.0,1,41,agg,"USDA FAS PS&D (Production, Supply & Distribution)",https://apps.fas.usda.gov/psdonline/downloads/
"Oil, Sunflowerseed",World,1976,Domestic Consumption,(1000 MT),3454.0,1,41,agg,"USDA FAS PS&D (Production, Supply & Distribution)",https://apps.fas.usda.gov/psdonline/downloads/
"Oil, Sunflowerseed",World,1977,Domestic Consumption,(1000 MT),4227.0,1,42,agg,"USDA FAS PS&D (Production, Supply & Distribution)",https://apps.fas.usda.gov/psdonline/downloads/
"Oil, Sunflowerseed",World,1978,Domestic Consumption,(1000 MT),4413.0,1,43,agg,"USDA FAS PS&D (Production, Supply & Distribution)",https://apps.fas.usda.gov/psdonline/downloads/
"Oil, Sunflowerseed",World,1979,Domestic Consumption,(1000 MT),4691.0,1,45,agg,"USDA FAS PS&D (Production, Supply & Distribution)",https://apps.fas.usda.gov/psdonline/downloads/
"Oil, Sunflowerseed",World,1980,Domestic Consumption,(1000 MT),4422.0,1,46,agg,"USDA FAS PS&D (Production, Supply & Distribution)",https://apps.fas.usda.gov/psdonline/downloads/
"Oil, Sunflowerseed",World,1981,Domestic Consumption,(1000 MT),4881.0,1,46,agg,"USDA FAS PS&D (Production, Supply & Distribution)",https://apps.fas.usda.gov/psdonline/downloads/
"Oil, Sunflowerseed",World,1982,Domestic Consumption,(1000 MT),5562.0,1,48,agg,"USDA FAS PS&D (Production, Supply & Distribution)",https://apps.fas.usda.gov/psdonline/downloads/
"Oil, Sunflowerseed",World,1983,Domestic Consumption,(1000 MT),5717.0,1,47,agg,"USDA FAS PS&D (Production, Supply & Distribution)",https://apps.fas.usda.gov/psdonline/downloads/
"Oil, Sunflowerseed",World,1984,Domestic Consumption,(1000 MT),5952.0,1,47,agg,"USDA FAS PS&D (Production, Supply & Distribution)",https://apps.fas.usda.gov/psdonline/downloads/
"Oil, Sunflowerseed",World,1985,Domestic Consumption,(1000 MT),6450.0,1,49,agg,"USDA FAS PS&D (Production, Supply & Distribution)",https://apps.fas.usda.gov/psdonline/downloads/
"Oil, Sunflowerseed",World,1986,Domestic Consumption,(1000 MT),6537.0,1,49,agg,"USDA FAS PS&D (Production, Supply & Distribution)",https://apps.fas.usda.gov/psdonline/downloads/
"Oil, Sunflowerseed",World,1987,Domestic Consumption,(1000 MT),7791.0,1,58,agg,"USDA FAS PS&D (Production, Supply & Distribution)",https://apps.fas.usda.gov/psdonline/downloads/
"Oil, Sunflowerseed",World,1988,Domestic Consumption,(1000 MT),7565.0,1,58,agg,"USDA FAS PS&D (Production, Supply & Distribution)",https://apps.fas.usda.gov/psdonline/downloads/
"Oil, Sunflowerseed",World,1989,Domestic Consumption,(1000 MT),7998.0,1,58,agg,"USDA FAS PS&D (Production, Supply & Distribution)",https://apps.fas.usda.gov/psdonline/downloads/
"Oil, Sunflowerseed",World,1990,Domestic Consumption,(1000 MT),8257.0,1,63,agg,"USDA FAS PS&D (Production, Supply & Distribution)",https://apps.fas.usda.gov/psdonline/downloads/
"Oil, Sunflowerseed",World,1991,Domestic Consumption,(1000 MT),8017.0,1,50,agg,"USDA FAS PS&D (Production, Supply & Distribution)",https://apps.fas.usda.gov/psdonline/downloads/
"Oil, Sunflowerseed",World,1992,Domestic Consumption,(1000 MT),7604.0,1,50,agg,"USDA FAS PS&D (Production, Supply & Distribution)",https://apps.fas.usda.gov/psdonline/downloads/
"Oil, Sunflowerseed",World,1993,Domestic Consumption,(1000 MT),7291.0,1,50,agg,"USDA FAS PS&D (Production, Supply & Distribution)",https://apps.fas.usda.gov/psdonline/downloads/
"Oil, Sunflowerseed",World,1994,Domestic Consumption,(1000 MT),8029.0,1,51,agg,"USDA FAS PS&D (Production, Supply & Distribution)",https://apps.fas.usda.gov/psdonline/downloads/
"Oil, Sunflowerseed",World,1995,Domestic Consumption,(1000 MT),8434.0,1,51,agg,"USDA FAS PS&D (Production, Supply & Distribution)",https://apps.fas.usda.gov/psdonline/downloads/
"Oil, Sunflowerseed",World,1996,Domestic Consumption,(1000 MT),8744.0,1,51,agg,"USDA FAS PS&D (Production, Supply & Distribution)",https://apps.fas.usda.gov/psdonline/downloads/
"Oil, Sunflowerseed",World,1997,Domestic Consumption,(1000 MT),8221.0,1,51,agg,"USDA FAS PS&D (Production, Supply & Distribution)",https://apps.fas.usda.gov/psdonline/downloads/
"Oil, Sunflowerseed",World,1998,Domestic Consumption,(1000 MT),8630.0,1,51,agg,"USDA FAS PS&D (Production, Supply & Distribution)",https://apps.fas.usda.gov/psdonline/downloads/
"Oil, Sunflowerseed",World,1999,Domestic Consumption,(1000 MT),8617.0,1,41,agg,"USDA FAS PS&D (Production, Supply & Distribution)",https://apps.fas.usda.gov/psdonline/downloads/
"Oil, Sunflowerseed",World,2000,Domestic Consumption,(1000 MT),7982.0,1,40,agg,"USDA FAS PS&D (Production, Supply & Distribution)",https://apps.fas.usda.gov/psdonline/downloads/
"Oil, Sunflowerseed",World,2001,Domestic Consumption,(1000 MT),7484.0,1,42,agg,"USDA FAS PS&D (Production, Supply & Distribution)",https://apps.fas.usda.gov/psdonline/downloads/
"Oil, Sunflowerseed",World,2002,Domestic Consumption,(1000 MT),7573.0,1,42,agg,"USDA FAS PS&D (Production, Supply & Distribution)",https://apps.fas.usda.gov/psdonline/downloads/
"Oil, Sunflowerseed",World,2003,Domestic Consumption,(1000 MT),8403.0,1,42,agg,"USDA FAS PS&D (Production, Supply & Distribution)",https://apps.fas.usda.gov/psdonline/downloads/
"Oil, Sunflowerseed",World,2004,Domestic Consumption,(1000 MT),8600.0,1,42,agg,"USDA FAS PS&D (Production, Supply & Distribution)",https://apps.fas.usda.gov/psdonline/downloads/
"Oil, Sunflowerseed",World,2005,Domestic Consumption,(1000 MT),9773.0,1,47,agg,"USDA FAS PS&D (Production, Supply & Distribution)",https://apps.fas.usda.gov/psdonline/downloads/
"Oil, Sunflowerseed",World,2006,Domestic Consumption,(1000 MT),10182.0,1,47,agg,"USDA FAS PS&D (Production, Supply & Distribution)",https://apps.fas.usda.gov/psdonline/downloads/
"Oil, Sunflowerseed",World,2007,Domestic Consumption,(1000 MT),9472.0,1,47,agg,"USDA FAS PS&D (Production, Supply & Distribution)",https://apps.fas.usda.gov/psdonline/downloads/
"Oil, Sunflowerseed",World,2008,Domestic Consumption,(1000 MT),10778.0,1,47,agg,"USDA FAS PS&D (Production, Supply & Distribution)",https://apps.fas.usda.gov/psdonline/downloads/
"Oil, Sunflowerseed",World,2009,Domestic Consumption,(1000 MT),11447.0,1,47,agg,"USDA FAS PS&D (Production, Supply & Distribution)",https://apps.fas.usda.gov/psdonline/downloads/
"Oil, Sunflowerseed",World,2010,Domestic Consumption,(1000 MT),11328.0,1,47,agg,"USDA FAS PS&D (Production, Supply & Distribution)",https://apps.fas.usda.gov/psdonline/downloads/
"Oil, Sunflowerseed",World,2011,Domestic Consumption,(1000 MT),12616.0,1,47,agg,"USDA FAS PS&D (Production, Supply & Distribution)",https://apps.fas.usda.gov/psdonline/downloads/
"Oil, Sunflowerseed",World,2012,Domestic Consumption,(1000 MT),13195.0,1,47,agg,"USDA FAS PS&D (Production, Supply & Distribution)",https://apps.fas.usda.gov/psdonline/downloads/
"Oil, Sunflowerseed",World,2013,Domestic Consumption,(1000 MT),14217.0,1,47,agg,"USDA FAS PS&D (Production, Supply & Distribution)",https://apps.fas.usda.gov/psdonline/downloads/
"Oil, Sunflowerseed",World,2014,Domestic Consumption,(1000 MT),14237.0,1,47,agg,"USDA FAS PS&D (Production, Supply & Distribution)",https://apps.fas.usda.gov/psdonline/downloads/
"Oil, Sunflowerseed",World,2015,Domestic Consumption,(1000 MT),15073.0,1,47,agg,"USDA FAS PS&D (Production, Supply & Distribution)",https://apps.fas.usda.gov/psdonline/downloads/
"Oil, Sunflowerseed",World,2016,Domestic Consumption,(1000 MT),16366.0,1,48,agg,"USDA FAS PS&D (Production, Supply & Distribution)",https://apps.fas.usda.gov/psdonline/downloads/
"Oil, Sunflowerseed",World,2017,Domestic Consumption,(1000 MT),17403.0,1,48,agg,"USDA FAS PS&D (Production, Supply & Distribution)",https://apps.fas.usda.gov/psdonline/downloads/
"Oil, Sunflowerseed",World,2018,Domestic Consumption,(1000 MT),18020.0,1,48,agg,"USDA FAS PS&D (Production, Supply & Distribution)",https://apps.fas.usda.gov/psdonline/downloads/
"Oil, Sunflowerseed",World,2019,Domestic Consumption,(1000 MT),18912.0,1,48,agg,"USDA FAS PS&D (Production, Supply & Distribution)",https://apps.fas.usda.gov/psdonline/downloads/
"Oil, Sunflowerseed",World,2020,Domestic Consumption,(1000 MT),18259.0,1,48,agg,"USDA FAS PS&D (Production, Supply & Distribution)",https://apps.fas.usda.gov/psdonline/downloads/
"Oil, Sunflowerseed",World,2021,Domestic Consumption,(1000 MT),17524.0,1,48,agg,"USDA FAS PS&D (Production, Supply & Distribution)",https://apps.fas.usda.gov/psdonline/downloads/
"Oil, Sunflowerseed",World,2022,Domestic Consumption,(1000 MT),19550.0,1,48,agg,"USDA FAS PS&D (Production, Supply & Distribution)",https://apps.fas.usda.gov/psdonline/downloads/
"Oil, Sunflowerseed",World,2023,Domestic Consumption,(1000 MT),21068.0,1,48,agg,"USDA FAS PS&D (Production, Supply & Distribution)",https://apps.fas.usda.gov/psdonline/downloads/
"Oil, Sunflowerseed",World,2024,Domestic Consumption,(1000 MT),19103.0,1,48,agg,"USDA FAS PS&D (Production, Supply & Distribution)",https://apps.fas.usda.gov/psdonline/downloads/
"Oil, Sunflowerseed",World,2025,Domestic Consumption,(1000 MT),19376.0,1,48,agg,"USDA FAS PS&D (Production, Supply & Distribution)",https://apps.fas.usda.gov/psdonline/downloads/
"Oil, Sunflowerseed",World,2026,Domestic Consumption,(1000 MT),21663.0,1,48,agg,"USDA FAS PS&D (Production, Supply & Distribution)",https://apps.fas.usda.gov/psdonline/downloads/
"Oil, Sunflowerseed",World,1964,Ending Stocks,(1000 MT),0.0,1,8,agg,"USDA FAS PS&D (Production, Supply & Distribution)",https://apps.fas.usda.gov/psdonline/downloads/
"Oil, Sunflowerseed",World,1965,Ending Stocks,(1000 MT),0.0,1,8,agg,"USDA FAS PS&D (Production, Supply & Distribution)",https://apps.fas.usda.gov/psdonline/downloads/
"Oil, Sunflowerseed",World,1966,Ending Stocks,(1000 MT),0.0,1,9,agg,"USDA FAS PS&D (Production, Supply & Distribution)",https://apps.fas.usda.gov/psdonline/downloads/
"Oil, Sunflowerseed",World,1967,Ending Stocks,(1000 MT),0.0,1,9,agg,"USDA FAS PS&D (Production, Supply & Distribution)",https://apps.fas.usda.gov/psdonline/downloads/
"Oil, Sunflowerseed",World,1968,Ending Stocks,(1000 MT),0.0,1,9,agg,"USDA FAS PS&D (Production, Supply & Distribution)",https://apps.fas.usda.gov/psdonline/downloads/
"Oil, Sunflowerseed",World,1969,Ending Stocks,(1000 MT),0.0,1,9,agg,"USDA FAS PS&D (Production, Supply & Distribution)",https://apps.fas.usda.gov/psdonline/downloads/
"Oil, Sunflowerseed",World,1970,Ending Stocks,(1000 MT),0.0,1,8,agg,"USDA FAS PS&D (Production, Supply & Distribution)",https://apps.fas.usda.gov/psdonline/downloads/
"Oil, Sunflowerseed",World,1971,Ending Stocks,(1000 MT),0.0,1,9,agg,"USDA FAS PS&D (Production, Supply & Distribution)",https://apps.fas.usda.gov/psdonline/downloads/
"Oil, Sunflowerseed",World,1972,Ending Stocks,(1000 MT),31.0,1,40,agg,"USDA FAS PS&D (Production, Supply & Distribution)",https://apps.fas.usda.gov/psdonline/downloads/
"Oil, Sunflowerseed",World,1973,Ending Stocks,(1000 MT),52.0,1,38,agg,"USDA FAS PS&D (Production, Supply & Distribution)",https://apps.fas.usda.gov/psdonline/downloads/
"Oil, Sunflowerseed",World,1974,Ending Stocks,(1000 MT),32.0,1,39,agg,"USDA FAS PS&D (Production, Supply & Distribution)",https://apps.fas.usda.gov/psdonline/downloads/
"Oil, Sunflowerseed",World,1975,Ending Stocks,(1000 MT),42.0,1,41,agg,"USDA FAS PS&D (Production, Supply & Distribution)",https://apps.fas.usda.gov/psdonline/downloads/
"Oil, Sunflowerseed",World,1976,Ending Stocks,(1000 MT),62.0,1,41,agg,"USDA FAS PS&D (Production, Supply & Distribution)",https://apps.fas.usda.gov/psdonline/downloads/
"Oil, Sunflowerseed",World,1977,Ending Stocks,(1000 MT),90.0,1,42,agg,"USDA FAS PS&D (Production, Supply & Distribution)",https://apps.fas.usda.gov/psdonline/downloads/
"Oil, Sunflowerseed",World,1978,Ending Stocks,(1000 MT),120.0,1,43,agg,"USDA FAS PS&D (Production, Supply & Distribution)",https://apps.fas.usda.gov/psdonline/downloads/
"Oil, Sunflowerseed",World,1979,Ending Stocks,(1000 MT),239.0,1,45,agg,"USDA FAS PS&D (Production, Supply & Distribution)",https://apps.fas.usda.gov/psdonline/downloads/
"Oil, Sunflowerseed",World,1980,Ending Stocks,(1000 MT),284.0,1,46,agg,"USDA FAS PS&D (Production, Supply & Distribution)",https://apps.fas.usda.gov/psdonline/downloads/
"Oil, Sunflowerseed",World,1981,Ending Stocks,(1000 MT),210.0,1,46,agg,"USDA FAS PS&D (Production, Supply & Distribution)",https://apps.fas.usda.gov/psdonline/downloads/
"Oil, Sunflowerseed",World,1982,Ending Stocks,(1000 MT),261.0,1,48,agg,"USDA FAS PS&D (Production, Supply & Distribution)",https://apps.fas.usda.gov/psdonline/downloads/
"Oil, Sunflowerseed",World,1983,Ending Stocks,(1000 MT),202.0,1,47,agg,"USDA FAS PS&D (Production, Supply & Distribution)",https://apps.fas.usda.gov/psdonline/downloads/
"Oil, Sunflowerseed",World,1984,Ending Stocks,(1000 MT),414.0,1,47,agg,"USDA FAS PS&D (Production, Supply & Distribution)",https://apps.fas.usda.gov/psdonline/downloads/
"Oil, Sunflowerseed",World,1985,Ending Stocks,(1000 MT),512.0,1,49,agg,"USDA FAS PS&D (Production, Supply & Distribution)",https://apps.fas.usda.gov/psdonline/downloads/
"Oil, Sunflowerseed",World,1986,Ending Stocks,(1000 MT),587.0,1,49,agg,"USDA FAS PS&D (Production, Supply & Distribution)",https://apps.fas.usda.gov/psdonline/downloads/
"Oil, Sunflowerseed",World,1987,Ending Stocks,(1000 MT),813.0,1,58,agg,"USDA FAS PS&D (Production, Supply & Distribution)",https://apps.fas.usda.gov/psdonline/downloads/
"Oil, Sunflowerseed",World,1988,Ending Stocks,(1000 MT),885.0,1,58,agg,"USDA FAS PS&D (Production, Supply & Distribution)",https://apps.fas.usda.gov/psdonline/downloads/
"Oil, Sunflowerseed",World,1989,Ending Stocks,(1000 MT),1004.0,1,58,agg,"USDA FAS PS&D (Production, Supply & Distribution)",https://apps.fas.usda.gov/psdonline/downloads/
"Oil, Sunflowerseed",World,1990,Ending Stocks,(1000 MT),1184.0,1,63,agg,"USDA FAS PS&D (Production, Supply & Distribution)",https://apps.fas.usda.gov/psdonline/downloads/
"Oil, Sunflowerseed",World,1991,Ending Stocks,(1000 MT),957.0,1,50,agg,"USDA FAS PS&D (Production, Supply & Distribution)",https://apps.fas.usda.gov/psdonline/downloads/
"Oil, Sunflowerseed",World,1992,Ending Stocks,(1000 MT),816.0,1,50,agg,"USDA FAS PS&D (Production, Supply & Distribution)",https://apps.fas.usda.gov/psdonline/downloads/
"Oil, Sunflowerseed",World,1993,Ending Stocks,(1000 MT),694.0,1,50,agg,"USDA FAS PS&D (Production, Supply & Distribution)",https://apps.fas.usda.gov/psdonline/downloads/
"Oil, Sunflowerseed",World,1994,Ending Stocks,(1000 MT),712.0,1,51,agg,"USDA FAS PS&D (Production, Supply & Distribution)",https://apps.fas.usda.gov/psdonline/downloads/
"Oil, Sunflowerseed",World,1995,Ending Stocks,(1000 MT),1326.0,1,51,agg,"USDA FAS PS&D (Production, Supply & Distribution)",https://apps.fas.usda.gov/psdonline/downloads/
"Oil, Sunflowerseed",World,1996,Ending Stocks,(1000 MT),1024.0,1,51,agg,"USDA FAS PS&D (Production, Supply & Distribution)",https://apps.fas.usda.gov/psdonline/downloads/
"Oil, Sunflowerseed",World,1997,Ending Stocks,(1000 MT),849.0,1,51,agg,"USDA FAS PS&D (Production, Supply & Distribution)",https://apps.fas.usda.gov/psdonline/downloads/
"Oil, Sunflowerseed",World,1998,Ending Stocks,(1000 MT),1253.0,1,51,agg,"USDA FAS PS&D (Production, Supply & Distribution)",https://apps.fas.usda.gov/psdonline/downloads/
"Oil, Sunflowerseed",World,1999,Ending Stocks,(1000 MT),1292.0,1,41,agg,"USDA FAS PS&D (Production, Supply & Distribution)",https://apps.fas.usda.gov/psdonline/downloads/
"Oil, Sunflowerseed",World,2000,Ending Stocks,(1000 MT),983.0,1,40,agg,"USDA FAS PS&D (Production, Supply & Distribution)",https://apps.fas.usda.gov/psdonline/downloads/
"Oil, Sunflowerseed",World,2001,Ending Stocks,(1000 MT),749.0,1,42,agg,"USDA FAS PS&D (Production, Supply & Distribution)",https://apps.fas.usda.gov/psdonline/downloads/
"Oil, Sunflowerseed",World,2002,Ending Stocks,(1000 MT),818.0,1,42,agg,"USDA FAS PS&D (Production, Supply & Distribution)",https://apps.fas.usda.gov/psdonline/downloads/
"Oil, Sunflowerseed",World,2003,Ending Stocks,(1000 MT),835.0,1,42,agg,"USDA FAS PS&D (Production, Supply & Distribution)",https://apps.fas.usda.gov/psdonline/downloads/
"Oil, Sunflowerseed",World,2004,Ending Stocks,(1000 MT),1030.0,1,42,agg,"USDA FAS PS&D (Production, Supply & Distribution)",https://apps.fas.usda.gov/psdonline/downloads/
"Oil, Sunflowerseed",World,2005,Ending Stocks,(1000 MT),1223.0,1,47,agg,"USDA FAS PS&D (Production, Supply & Distribution)",https://apps.fas.usda.gov/psdonline/downloads/
"Oil, Sunflowerseed",World,2006,Ending Stocks,(1000 MT),1196.0,1,47,agg,"USDA FAS PS&D (Production, Supply & Distribution)",https://apps.fas.usda.gov/psdonline/downloads/
"Oil, Sunflowerseed",World,2007,Ending Stocks,(1000 MT),1245.0,1,47,agg,"USDA FAS PS&D (Production, Supply & Distribution)",https://apps.fas.usda.gov/psdonline/downloads/
"Oil, Sunflowerseed",World,2008,Ending Stocks,(1000 MT),1997.0,1,47,agg,"USDA FAS PS&D (Production, Supply & Distribution)",https://apps.fas.usda.gov/psdonline/downloads/
"Oil, Sunflowerseed",World,2009,Ending Stocks,(1000 MT),2004.0,1,47,agg,"USDA FAS PS&D (Production, Supply & Distribution)",https://apps.fas.usda.gov/psdonline/downloads/
"Oil, Sunflowerseed",World,2010,Ending Stocks,(1000 MT),1935.0,1,47,agg,"USDA FAS PS&D (Production, Supply & Distribution)",https://apps.fas.usda.gov/psdonline/downloads/
"Oil, Sunflowerseed",World,2011,Ending Stocks,(1000 MT),3054.0,1,47,agg,"USDA FAS PS&D (Production, Supply & Distribution)",https://apps.fas.usda.gov/psdonline/downloads/
"Oil, Sunflowerseed",World,2012,Ending Stocks,(1000 MT),2244.0,1,47,agg,"USDA FAS PS&D (Production, Supply & Distribution)",https://apps.fas.usda.gov/psdonline/downloads/
"Oil, Sunflowerseed",World,2013,Ending Stocks,(1000 MT),2944.0,1,47,agg,"USDA FAS PS&D (Production, Supply & Distribution)",https://apps.fas.usda.gov/psdonline/downloads/
"Oil, Sunflowerseed",World,2014,Ending Stocks,(1000 MT),2590.0,1,47,agg,"USDA FAS PS&D (Production, Supply & Distribution)",https://apps.fas.usda.gov/psdonline/downloads/
"Oil, Sunflowerseed",World,2015,Ending Stocks,(1000 MT),2038.0,1,47,agg,"USDA FAS PS&D (Production, Supply & Distribution)",https://apps.fas.usda.gov/psdonline/downloads/
"Oil, Sunflowerseed",World,2016,Ending Stocks,(1000 MT),2616.0,1,48,agg,"USDA FAS PS&D (Production, Supply & Distribution)",https://apps.fas.usda.gov/psdonline/downloads/
"Oil, Sunflowerseed",World,2017,Ending Stocks,(1000 MT),2606.0,1,48,agg,"USDA FAS PS&D (Production, Supply & Distribution)",https://apps.fas.usda.gov/psdonline/downloads/
"Oil, Sunflowerseed",World,2018,Ending Stocks,(1000 MT),2443.0,1,48,agg,"USDA FAS PS&D (Production, Supply & Distribution)",https://apps.fas.usda.gov/psdonline/downloads/
"Oil, Sunflowerseed",World,2019,Ending Stocks,(1000 MT),2997.0,1,48,agg,"USDA FAS PS&D (Production, Supply & Distribution)",https://apps.fas.usda.gov/psdonline/downloads/
"Oil, Sunflowerseed",World,2020,Ending Stocks,(1000 MT),2112.0,1,48,agg,"USDA FAS PS&D (Production, Supply & Distribution)",https://apps.fas.usda.gov/psdonline/downloads/
"Oil, Sunflowerseed",World,2021,Ending Stocks,(1000 MT),2761.0,1,48,agg,"USDA FAS PS&D (Production, Supply & Distribution)",https://apps.fas.usda.gov/psdonline/downloads/
"Oil, Sunflowerseed",World,2022,Ending Stocks,(1000 MT),3223.0,1,48,agg,"USDA FAS PS&D (Production, Supply & Distribution)",https://apps.fas.usda.gov/psdonline/downloads/
"Oil, Sunflowerseed",World,2023,Ending Stocks,(1000 MT),2892.0,1,48,agg,"USDA FAS PS&D (Production, Supply & Distribution)",https://apps.fas.usda.gov/psdonline/downloads/
"Oil, Sunflowerseed",World,2024,Ending Stocks,(1000 MT),2546.0,1,48,agg,"USDA FAS PS&D (Production, Supply & Distribution)",https://apps.fas.usda.gov/psdonline/downloads/
"Oil, Sunflowerseed",World,2025,Ending Stocks,(1000 MT),2429.0,1,48,agg,"USDA FAS PS&D (Production, Supply & Distribution)",https://apps.fas.usda.gov/psdonline/downloads/
"Oil, Sunflowerseed",World,2026,Ending Stocks,(1000 MT),2904.0,1,48,agg,"USDA FAS PS&D (Production, Supply & Distribution)",https://apps.fas.usda.gov/psdonline/downloads/
"Oil, Sunflowerseed",World,1964,Exports,(1000 MT),0.0,1,8,agg,"USDA FAS PS&D (Production, Supply & Distribution)",https://apps.fas.usda.gov/psdonline/downloads/
"Oil, Sunflowerseed",World,1965,Exports,(1000 MT),0.0,1,8,agg,"USDA FAS PS&D (Production, Supply & Distribution)",https://apps.fas.usda.gov/psdonline/downloads/
"Oil, Sunflowerseed",World,1966,Exports,(1000 MT),0.0,1,9,agg,"USDA FAS PS&D (Production, Supply & Distribution)",https://apps.fas.usda.gov/psdonline/downloads/
"Oil, Sunflowerseed",World,1967,Exports,(1000 MT),0.0,1,9,agg,"USDA FAS PS&D (Production, Supply & Distribution)",https://apps.fas.usda.gov/psdonline/downloads/
"Oil, Sunflowerseed",World,1968,Exports,(1000 MT),0.0,1,9,agg,"USDA FAS PS&D (Production, Supply & Distribution)",https://apps.fas.usda.gov/psdonline/downloads/
"Oil, Sunflowerseed",World,1969,Exports,(1000 MT),0.0,1,9,agg,"USDA FAS PS&D (Production, Supply & Distribution)",https://apps.fas.usda.gov/psdonline/downloads/
"Oil, Sunflowerseed",World,1970,Exports,(1000 MT),0.0,1,8,agg,"USDA FAS PS&D (Production, Supply & Distribution)",https://apps.fas.usda.gov/psdonline/downloads/
"Oil, Sunflowerseed",World,1971,Exports,(1000 MT),2.0,1,9,agg,"USDA FAS PS&D (Production, Supply & Distribution)",https://apps.fas.usda.gov/psdonline/downloads/
"Oil, Sunflowerseed",World,1972,Exports,(1000 MT),706.0,1,40,agg,"USDA FAS PS&D (Production, Supply & Distribution)",https://apps.fas.usda.gov/psdonline/downloads/
"Oil, Sunflowerseed",World,1973,Exports,(1000 MT),769.0,1,38,agg,"USDA FAS PS&D (Production, Supply & Distribution)",https://apps.fas.usda.gov/psdonline/downloads/
"Oil, Sunflowerseed",World,1974,Exports,(1000 MT),627.0,1,39,agg,"USDA FAS PS&D (Production, Supply & Distribution)",https://apps.fas.usda.gov/psdonline/downloads/
"Oil, Sunflowerseed",World,1975,Exports,(1000 MT),611.0,1,41,agg,"USDA FAS PS&D (Production, Supply & Distribution)",https://apps.fas.usda.gov/psdonline/downloads/
"Oil, Sunflowerseed",World,1976,Exports,(1000 MT),655.0,1,41,agg,"USDA FAS PS&D (Production, Supply & Distribution)",https://apps.fas.usda.gov/psdonline/downloads/
"Oil, Sunflowerseed",World,1977,Exports,(1000 MT),705.0,1,42,agg,"USDA FAS PS&D (Production, Supply & Distribution)",https://apps.fas.usda.gov/psdonline/downloads/
"Oil, Sunflowerseed",World,1978,Exports,(1000 MT),842.0,1,43,agg,"USDA FAS PS&D (Production, Supply & Distribution)",https://apps.fas.usda.gov/psdonline/downloads/
"Oil, Sunflowerseed",World,1979,Exports,(1000 MT),1064.0,1,45,agg,"USDA FAS PS&D (Production, Supply & Distribution)",https://apps.fas.usda.gov/psdonline/downloads/
"Oil, Sunflowerseed",World,1980,Exports,(1000 MT),1158.0,1,46,agg,"USDA FAS PS&D (Production, Supply & Distribution)",https://apps.fas.usda.gov/psdonline/downloads/
"Oil, Sunflowerseed",World,1981,Exports,(1000 MT),1219.0,1,46,agg,"USDA FAS PS&D (Production, Supply & Distribution)",https://apps.fas.usda.gov/psdonline/downloads/
"Oil, Sunflowerseed",World,1982,Exports,(1000 MT),1536.0,1,48,agg,"USDA FAS PS&D (Production, Supply & Distribution)",https://apps.fas.usda.gov/psdonline/downloads/
"Oil, Sunflowerseed",World,1983,Exports,(1000 MT),1588.0,1,47,agg,"USDA FAS PS&D (Production, Supply & Distribution)",https://apps.fas.usda.gov/psdonline/downloads/
"Oil, Sunflowerseed",World,1984,Exports,(1000 MT),1895.0,1,47,agg,"USDA FAS PS&D (Production, Supply & Distribution)",https://apps.fas.usda.gov/psdonline/downloads/
"Oil, Sunflowerseed",World,1985,Exports,(1000 MT),2189.0,1,49,agg,"USDA FAS PS&D (Production, Supply & Distribution)",https://apps.fas.usda.gov/psdonline/downloads/
"Oil, Sunflowerseed",World,1986,Exports,(1000 MT),1846.0,1,49,agg,"USDA FAS PS&D (Production, Supply & Distribution)",https://apps.fas.usda.gov/psdonline/downloads/
"Oil, Sunflowerseed",World,1987,Exports,(1000 MT),2256.0,1,58,agg,"USDA FAS PS&D (Production, Supply & Distribution)",https://apps.fas.usda.gov/psdonline/downloads/
"Oil, Sunflowerseed",World,1988,Exports,(1000 MT),2462.0,1,58,agg,"USDA FAS PS&D (Production, Supply & Distribution)",https://apps.fas.usda.gov/psdonline/downloads/
"Oil, Sunflowerseed",World,1989,Exports,(1000 MT),2524.0,1,58,agg,"USDA FAS PS&D (Production, Supply & Distribution)",https://apps.fas.usda.gov/psdonline/downloads/
"Oil, Sunflowerseed",World,1990,Exports,(1000 MT),2550.0,1,63,agg,"USDA FAS PS&D (Production, Supply & Distribution)",https://apps.fas.usda.gov/psdonline/downloads/
"Oil, Sunflowerseed",World,1991,Exports,(1000 MT),2098.0,1,50,agg,"USDA FAS PS&D (Production, Supply & Distribution)",https://apps.fas.usda.gov/psdonline/downloads/
"Oil, Sunflowerseed",World,1992,Exports,(1000 MT),1681.0,1,50,agg,"USDA FAS PS&D (Production, Supply & Distribution)",https://apps.fas.usda.gov/psdonline/downloads/
"Oil, Sunflowerseed",World,1993,Exports,(1000 MT),1782.0,1,50,agg,"USDA FAS PS&D (Production, Supply & Distribution)",https://apps.fas.usda.gov/psdonline/downloads/
"Oil, Sunflowerseed",World,1994,Exports,(1000 MT),2910.0,1,51,agg,"USDA FAS PS&D (Production, Supply & Distribution)",https://apps.fas.usda.gov/psdonline/downloads/
"Oil, Sunflowerseed",World,1995,Exports,(1000 MT),2569.0,1,51,agg,"USDA FAS PS&D (Production, Supply & Distribution)",https://apps.fas.usda.gov/psdonline/downloads/
"Oil, Sunflowerseed",World,1996,Exports,(1000 MT),3263.0,1,51,agg,"USDA FAS PS&D (Production, Supply & Distribution)",https://apps.fas.usda.gov/psdonline/downloads/
"Oil, Sunflowerseed",World,1997,Exports,(1000 MT),3054.0,1,51,agg,"USDA FAS PS&D (Production, Supply & Distribution)",https://apps.fas.usda.gov/psdonline/downloads/
"Oil, Sunflowerseed",World,1998,Exports,(1000 MT),3134.0,1,51,agg,"USDA FAS PS&D (Production, Supply & Distribution)",https://apps.fas.usda.gov/psdonline/downloads/
"Oil, Sunflowerseed",World,1999,Exports,(1000 MT),2896.0,1,41,agg,"USDA FAS PS&D (Production, Supply & Distribution)",https://apps.fas.usda.gov/psdonline/downloads/
"Oil, Sunflowerseed",World,2000,Exports,(1000 MT),2236.0,1,40,agg,"USDA FAS PS&D (Production, Supply & Distribution)",https://apps.fas.usda.gov/psdonline/downloads/
"Oil, Sunflowerseed",World,2001,Exports,(1000 MT),1930.0,1,42,agg,"USDA FAS PS&D (Production, Supply & Distribution)",https://apps.fas.usda.gov/psdonline/downloads/
"Oil, Sunflowerseed",World,2002,Exports,(1000 MT),2315.0,1,42,agg,"USDA FAS PS&D (Production, Supply & Distribution)",https://apps.fas.usda.gov/psdonline/downloads/
"Oil, Sunflowerseed",World,2003,Exports,(1000 MT),2679.0,1,42,agg,"USDA FAS PS&D (Production, Supply & Distribution)",https://apps.fas.usda.gov/psdonline/downloads/
"Oil, Sunflowerseed",World,2004,Exports,(1000 MT),2577.0,1,42,agg,"USDA FAS PS&D (Production, Supply & Distribution)",https://apps.fas.usda.gov/psdonline/downloads/
"Oil, Sunflowerseed",World,2005,Exports,(1000 MT),3921.0,1,47,agg,"USDA FAS PS&D (Production, Supply & Distribution)",https://apps.fas.usda.gov/psdonline/downloads/
"Oil, Sunflowerseed",World,2006,Exports,(1000 MT),4048.0,1,47,agg,"USDA FAS PS&D (Production, Supply & Distribution)",https://apps.fas.usda.gov/psdonline/downloads/
"Oil, Sunflowerseed",World,2007,Exports,(1000 MT),3528.0,1,47,agg,"USDA FAS PS&D (Production, Supply & Distribution)",https://apps.fas.usda.gov/psdonline/downloads/
"Oil, Sunflowerseed",World,2008,Exports,(1000 MT),4549.0,1,47,agg,"USDA FAS PS&D (Production, Supply & Distribution)",https://apps.fas.usda.gov/psdonline/downloads/
"Oil, Sunflowerseed",World,2009,Exports,(1000 MT),4517.0,1,47,agg,"USDA FAS PS&D (Production, Supply & Distribution)",https://apps.fas.usda.gov/psdonline/downloads/
"Oil, Sunflowerseed",World,2010,Exports,(1000 MT),4574.0,1,47,agg,"USDA FAS PS&D (Production, Supply & Distribution)",https://apps.fas.usda.gov/psdonline/downloads/
"Oil, Sunflowerseed",World,2011,Exports,(1000 MT),6521.0,1,47,agg,"USDA FAS PS&D (Production, Supply & Distribution)",https://apps.fas.usda.gov/psdonline/downloads/
"Oil, Sunflowerseed",World,2012,Exports,(1000 MT),5553.0,1,47,agg,"USDA FAS PS&D (Production, Supply & Distribution)",https://apps.fas.usda.gov/psdonline/downloads/
"Oil, Sunflowerseed",World,2013,Exports,(1000 MT),7777.0,1,47,agg,"USDA FAS PS&D (Production, Supply & Distribution)",https://apps.fas.usda.gov/psdonline/downloads/
"Oil, Sunflowerseed",World,2014,Exports,(1000 MT),7412.0,1,47,agg,"USDA FAS PS&D (Production, Supply & Distribution)",https://apps.fas.usda.gov/psdonline/downloads/
"Oil, Sunflowerseed",World,2015,Exports,(1000 MT),8206.0,1,47,agg,"USDA FAS PS&D (Production, Supply & Distribution)",https://apps.fas.usda.gov/psdonline/downloads/
"Oil, Sunflowerseed",World,2016,Exports,(1000 MT),10752.0,1,48,agg,"USDA FAS PS&D (Production, Supply & Distribution)",https://apps.fas.usda.gov/psdonline/downloads/
"Oil, Sunflowerseed",World,2017,Exports,(1000 MT),10324.0,1,48,agg,"USDA FAS PS&D (Production, Supply & Distribution)",https://apps.fas.usda.gov/psdonline/downloads/
"Oil, Sunflowerseed",World,2018,Exports,(1000 MT),11513.0,1,48,agg,"USDA FAS PS&D (Production, Supply & Distribution)",https://apps.fas.usda.gov/psdonline/downloads/
"Oil, Sunflowerseed",World,2019,Exports,(1000 MT),13485.0,1,48,agg,"USDA FAS PS&D (Production, Supply & Distribution)",https://apps.fas.usda.gov/psdonline/downloads/
"Oil, Sunflowerseed",World,2020,Exports,(1000 MT),11338.0,1,48,agg,"USDA FAS PS&D (Production, Supply & Distribution)",https://apps.fas.usda.gov/psdonline/downloads/
"Oil, Sunflowerseed",World,2021,Exports,(1000 MT),11220.0,1,48,agg,"USDA FAS PS&D (Production, Supply & Distribution)",https://apps.fas.usda.gov/psdonline/downloads/
"Oil, Sunflowerseed",World,2022,Exports,(1000 MT),14313.0,1,48,agg,"USDA FAS PS&D (Production, Supply & Distribution)",https://apps.fas.usda.gov/psdonline/downloads/
"Oil, Sunflowerseed",World,2023,Exports,(1000 MT),15343.0,1,48,agg,"USDA FAS PS&D (Production, Supply & Distribution)",https://apps.fas.usda.gov/psdonline/downloads/
"Oil, Sunflowerseed",World,2024,Exports,(1000 MT),13660.0,1,48,agg,"USDA FAS PS&D (Production, Supply & Distribution)",https://apps.fas.usda.gov/psdonline/downloads/
"Oil, Sunflowerseed",World,2025,Exports,(1000 MT),13483.0,1,48,agg,"USDA FAS PS&D (Production, Supply & Distribution)",https://apps.fas.usda.gov/psdonline/downloads/
"Oil, Sunflowerseed",World,2026,Exports,(1000 MT),15618.0,1,48,agg,"USDA FAS PS&D (Production, Supply & Distribution)",https://apps.fas.usda.gov/psdonline/downloads/
"Oil, Sunflowerseed",World,1964,Feed Waste Dom. Cons.,(1000 MT),0.0,1,8,agg,"USDA FAS PS&D (Production, Supply & Distribution)",https://apps.fas.usda.gov/psdonline/downloads/
"Oil, Sunflowerseed",World,1965,Feed Waste Dom. Cons.,(1000 MT),0.0,1,8,agg,"USDA FAS PS&D (Production, Supply & Distribution)",https://apps.fas.usda.gov/psdonline/downloads/
"Oil, Sunflowerseed",World,1966,Feed Waste Dom. Cons.,(1000 MT),0.0,1,9,agg,"USDA FAS PS&D (Production, Supply & Distribution)",https://apps.fas.usda.gov/psdonline/downloads/
"Oil, Sunflowerseed",World,1967,Feed Waste Dom. Cons.,(1000 MT),0.0,1,9,agg,"USDA FAS PS&D (Production, Supply & Distribution)",https://apps.fas.usda.gov/psdonline/downloads/
"Oil, Sunflowerseed",World,1968,Feed Waste Dom. Cons.,(1000 MT),0.0,1,9,agg,"USDA FAS PS&D (Production, Supply & Distribution)",https://apps.fas.usda.gov/psdonline/downloads/
"Oil, Sunflowerseed",World,1969,Feed Waste Dom. Cons.,(1000 MT),0.0,1,9,agg,"USDA FAS PS&D (Production, Supply & Distribution)",https://apps.fas.usda.gov/psdonline/downloads/
"Oil, Sunflowerseed",World,1970,Feed Waste Dom. Cons.,(1000 MT),0.0,1,8,agg,"USDA FAS PS&D (Production, Supply & Distribution)",https://apps.fas.usda.gov/psdonline/downloads/
"Oil, Sunflowerseed",World,1971,Feed Waste Dom. Cons.,(1000 MT),0.0,1,9,agg,"USDA FAS PS&D (Production, Supply & Distribution)",https://apps.fas.usda.gov/psdonline/downloads/
"Oil, Sunflowerseed",World,1972,Feed Waste Dom. Cons.,(1000 MT),13.0,1,40,agg,"USDA FAS PS&D (Production, Supply & Distribution)",https://apps.fas.usda.gov/psdonline/downloads/
"Oil, Sunflowerseed",World,1973,Feed Waste Dom. Cons.,(1000 MT),11.0,1,38,agg,"USDA FAS PS&D (Production, Supply & Distribution)",https://apps.fas.usda.gov/psdonline/downloads/
"Oil, Sunflowerseed",World,1974,Feed Waste Dom. Cons.,(1000 MT),4.0,1,39,agg,"USDA FAS PS&D (Production, Supply & Distribution)",https://apps.fas.usda.gov/psdonline/downloads/
"Oil, Sunflowerseed",World,1975,Feed Waste Dom. Cons.,(1000 MT),6.0,1,41,agg,"USDA FAS PS&D (Production, Supply & Distribution)",https://apps.fas.usda.gov/psdonline/downloads/
"Oil, Sunflowerseed",World,1976,Feed Waste Dom. Cons.,(1000 MT),7.0,1,41,agg,"USDA FAS PS&D (Production, Supply & Distribution)",https://apps.fas.usda.gov/psdonline/downloads/
"Oil, Sunflowerseed",World,1977,Feed Waste Dom. Cons.,(1000 MT),7.0,1,42,agg,"USDA FAS PS&D (Production, Supply & Distribution)",https://apps.fas.usda.gov/psdonline/downloads/
"Oil, Sunflowerseed",World,1978,Feed Waste Dom. Cons.,(1000 MT),5.0,1,43,agg,"USDA FAS PS&D (Production, Supply & Distribution)",https://apps.fas.usda.gov/psdonline/downloads/
"Oil, Sunflowerseed",World,1979,Feed Waste Dom. Cons.,(1000 MT),0.0,1,45,agg,"USDA FAS PS&D (Production, Supply & Distribution)",https://apps.fas.usda.gov/psdonline/downloads/
"Oil, Sunflowerseed",World,1980,Feed Waste Dom. Cons.,(1000 MT),0.0,1,46,agg,"USDA FAS PS&D (Production, Supply & Distribution)",https://apps.fas.usda.gov/psdonline/downloads/
"Oil, Sunflowerseed",World,1981,Feed Waste Dom. Cons.,(1000 MT),0.0,1,46,agg,"USDA FAS PS&D (Production, Supply & Distribution)",https://apps.fas.usda.gov/psdonline/downloads/
"Oil, Sunflowerseed",World,1982,Feed Waste Dom. Cons.,(1000 MT),0.0,1,48,agg,"USDA FAS PS&D (Production, Supply & Distribution)",https://apps.fas.usda.gov/psdonline/downloads/
"Oil, Sunflowerseed",World,1983,Feed Waste Dom. Cons.,(1000 MT),0.0,1,47,agg,"USDA FAS PS&D (Production, Supply & Distribution)",https://apps.fas.usda.gov/psdonline/downloads/
"Oil, Sunflowerseed",World,1984,Feed Waste Dom. Cons.,(1000 MT),21.0,1,47,agg,"USDA FAS PS&D (Production, Supply & Distribution)",https://apps.fas.usda.gov/psdonline/downloads/
"Oil, Sunflowerseed",World,1985,Feed Waste Dom. Cons.,(1000 MT),20.0,1,49,agg,"USDA FAS PS&D (Production, Supply & Distribution)",https://apps.fas.usda.gov/psdonline/downloads/
"Oil, Sunflowerseed",World,1986,Feed Waste Dom. Cons.,(1000 MT),16.0,1,49,agg,"USDA FAS PS&D (Production, Supply & Distribution)",https://apps.fas.usda.gov/psdonline/downloads/
"Oil, Sunflowerseed",World,1987,Feed Waste Dom. Cons.,(1000 MT),17.0,1,58,agg,"USDA FAS PS&D (Production, Supply & Distribution)",https://apps.fas.usda.gov/psdonline/downloads/
"Oil, Sunflowerseed",World,1988,Feed Waste Dom. Cons.,(1000 MT),23.0,1,58,agg,"USDA FAS PS&D (Production, Supply & Distribution)",https://apps.fas.usda.gov/psdonline/downloads/
"Oil, Sunflowerseed",World,1989,Feed Waste Dom. Cons.,(1000 MT),51.0,1,58,agg,"USDA FAS PS&D (Production, Supply & Distribution)",https://apps.fas.usda.gov/psdonline/downloads/
"Oil, Sunflowerseed",World,1990,Feed Waste Dom. Cons.,(1000 MT),61.0,1,63,agg,"USDA FAS PS&D (Production, Supply & Distribution)",https://apps.fas.usda.gov/psdonline/downloads/
"Oil, Sunflowerseed",World,1991,Feed Waste Dom. Cons.,(1000 MT),33.0,1,50,agg,"USDA FAS PS&D (Production, Supply & Distribution)",https://apps.fas.usda.gov/psdonline/downloads/
"Oil, Sunflowerseed",World,1992,Feed Waste Dom. Cons.,(1000 MT),45.0,1,50,agg,"USDA FAS PS&D (Production, Supply & Distribution)",https://apps.fas.usda.gov/psdonline/downloads/
"Oil, Sunflowerseed",World,1993,Feed Waste Dom. Cons.,(1000 MT),30.0,1,50,agg,"USDA FAS PS&D (Production, Supply & Distribution)",https://apps.fas.usda.gov/psdonline/downloads/
"Oil, Sunflowerseed",World,1994,Feed Waste Dom. Cons.,(1000 MT),25.0,1,51,agg,"USDA FAS PS&D (Production, Supply & Distribution)",https://apps.fas.usda.gov/psdonline/downloads/
"Oil, Sunflowerseed",World,1995,Feed Waste Dom. Cons.,(1000 MT),36.0,1,51,agg,"USDA FAS PS&D (Production, Supply & Distribution)",https://apps.fas.usda.gov/psdonline/downloads/
"Oil, Sunflowerseed",World,1996,Feed Waste Dom. Cons.,(1000 MT),35.0,1,51,agg,"USDA FAS PS&D (Production, Supply & Distribution)",https://apps.fas.usda.gov/psdonline/downloads/
"Oil, Sunflowerseed",World,1997,Feed Waste Dom. Cons.,(1000 MT),40.0,1,51,agg,"USDA FAS PS&D (Production, Supply & Distribution)",https://apps.fas.usda.gov/psdonline/downloads/
"Oil, Sunflowerseed",World,1998,Feed Waste Dom. Cons.,(1000 MT),62.0,1,51,agg,"USDA FAS PS&D (Production, Supply & Distribution)",https://apps.fas.usda.gov/psdonline/downloads/
"Oil, Sunflowerseed",World,1999,Feed Waste Dom. Cons.,(1000 MT),72.0,1,41,agg,"USDA FAS PS&D (Production, Supply & Distribution)",https://apps.fas.usda.gov/psdonline/downloads/
"Oil, Sunflowerseed",World,2000,Feed Waste Dom. Cons.,(1000 MT),63.0,1,40,agg,"USDA FAS PS&D (Production, Supply & Distribution)",https://apps.fas.usda.gov/psdonline/downloads/
"Oil, Sunflowerseed",World,2001,Feed Waste Dom. Cons.,(1000 MT),26.0,1,42,agg,"USDA FAS PS&D (Production, Supply & Distribution)",https://apps.fas.usda.gov/psdonline/downloads/
"Oil, Sunflowerseed",World,2002,Feed Waste Dom. Cons.,(1000 MT),39.0,1,42,agg,"USDA FAS PS&D (Production, Supply & Distribution)",https://apps.fas.usda.gov/psdonline/downloads/
"Oil, Sunflowerseed",World,2003,Feed Waste Dom. Cons.,(1000 MT),52.0,1,42,agg,"USDA FAS PS&D (Production, Supply & Distribution)",https://apps.fas.usda.gov/psdonline/downloads/
"Oil, Sunflowerseed",World,2004,Feed Waste Dom. Cons.,(1000 MT),63.0,1,42,agg,"USDA FAS PS&D (Production, Supply & Distribution)",https://apps.fas.usda.gov/psdonline/downloads/
"Oil, Sunflowerseed",World,2005,Feed Waste Dom. Cons.,(1000 MT),47.0,1,47,agg,"USDA FAS PS&D (Production, Supply & Distribution)",https://apps.fas.usda.gov/psdonline/downloads/
"Oil, Sunflowerseed",World,2006,Feed Waste Dom. Cons.,(1000 MT),63.0,1,47,agg,"USDA FAS PS&D (Production, Supply & Distribution)",https://apps.fas.usda.gov/psdonline/downloads/
"Oil, Sunflowerseed",World,2007,Feed Waste Dom. Cons.,(1000 MT),74.0,1,47,agg,"USDA FAS PS&D (Production, Supply & Distribution)",https://apps.fas.usda.gov/psdonline/downloads/
"Oil, Sunflowerseed",World,2008,Feed Waste Dom. Cons.,(1000 MT),81.0,1,47,agg,"USDA FAS PS&D (Production, Supply & Distribution)",https://apps.fas.usda.gov/psdonline/downloads/
"Oil, Sunflowerseed",World,2009,Feed Waste Dom. Cons.,(1000 MT),74.0,1,47,agg,"USDA FAS PS&D (Production, Supply & Distribution)",https://apps.fas.usda.gov/psdonline/downloads/
"Oil, Sunflowerseed",World,2010,Feed Waste Dom. Cons.,(1000 MT),73.0,1,47,agg,"USDA FAS PS&D (Production, Supply & Distribution)",https://apps.fas.usda.gov/psdonline/downloads/
"Oil, Sunflowerseed",World,2011,Feed Waste Dom. Cons.,(1000 MT),80.0,1,47,agg,"USDA FAS PS&D (Production, Supply & Distribution)",https://apps.fas.usda.gov/psdonline/downloads/
"Oil, Sunflowerseed",World,2012,Feed Waste Dom. Cons.,(1000 MT),80.0,1,47,agg,"USDA FAS PS&D (Production, Supply & Distribution)",https://apps.fas.usda.gov/psdonline/downloads/
"Oil, Sunflowerseed",World,2013,Feed Waste Dom. Cons.,(1000 MT),80.0,1,47,agg,"USDA FAS PS&D (Production, Supply & Distribution)",https://apps.fas.usda.gov/psdonline/downloads/
"Oil, Sunflowerseed",World,2014,Feed Waste Dom. Cons.,(1000 MT),71.0,1,47,agg,"USDA FAS PS&D (Production, Supply & Distribution)",https://apps.fas.usda.gov/psdonline/downloads/
"Oil, Sunflowerseed",World,2015,Feed Waste Dom. Cons.,(1000 MT),70.0,1,47,agg,"USDA FAS PS&D (Production, Supply & Distribution)",https://apps.fas.usda.gov/psdonline/downloads/
"Oil, Sunflowerseed",World,2016,Feed Waste Dom. Cons.,(1000 MT),75.0,1,48,agg,"USDA FAS PS&D (Production, Supply & Distribution)",https://apps.fas.usda.gov/psdonline/downloads/
"Oil, Sunflowerseed",World,2017,Feed Waste Dom. Cons.,(1000 MT),83.0,1,48,agg,"USDA FAS PS&D (Production, Supply & Distribution)",https://apps.fas.usda.gov/psdonline/downloads/
"Oil, Sunflowerseed",World,2018,Feed Waste Dom. Cons.,(1000 MT),73.0,1,48,agg,"USDA FAS PS&D (Production, Supply & Distribution)",https://apps.fas.usda.gov/psdonline/downloads/
"Oil, Sunflowerseed",World,2019,Feed Waste Dom. Cons.,(1000 MT),83.0,1,48,agg,"USDA FAS PS&D (Production, Supply & Distribution)",https://apps.fas.usda.gov/psdonline/downloads/
"Oil, Sunflowerseed",World,2020,Feed Waste Dom. Cons.,(1000 MT),78.0,1,48,agg,"USDA FAS PS&D (Production, Supply & Distribution)",https://apps.fas.usda.gov/psdonline/downloads/
"Oil, Sunflowerseed",World,2021,Feed Waste Dom. Cons.,(1000 MT),82.0,1,48,agg,"USDA FAS PS&D (Production, Supply & Distribution)",https://apps.fas.usda.gov/psdonline/downloads/
"Oil, Sunflowerseed",World,2022,Feed Waste Dom. Cons.,(1000 MT),88.0,1,48,agg,"USDA FAS PS&D (Production, Supply & Distribution)",https://apps.fas.usda.gov/psdonline/downloads/
"Oil, Sunflowerseed",World,2023,Feed Waste Dom. Cons.,(1000 MT),88.0,1,48,agg,"USDA FAS PS&D (Production, Supply & Distribution)",https://apps.fas.usda.gov/psdonline/downloads/
"Oil, Sunflowerseed",World,2024,Feed Waste Dom. Cons.,(1000 MT),88.0,1,48,agg,"USDA FAS PS&D (Production, Supply & Distribution)",https://apps.fas.usda.gov/psdonline/downloads/
"Oil, Sunflowerseed",World,2025,Feed Waste Dom. Cons.,(1000 MT),78.0,1,48,agg,"USDA FAS PS&D (Production, Supply & Distribution)",https://apps.fas.usda.gov/psdonline/downloads/
"Oil, Sunflowerseed",World,2026,Feed Waste Dom. Cons.,(1000 MT),78.0,1,48,agg,"USDA FAS PS&D (Production, Supply & Distribution)",https://apps.fas.usda.gov/psdonline/downloads/
"Oil, Sunflowerseed",World,1964,Food Use Dom. Cons.,(1000 MT),49.0,1,8,agg,"USDA FAS PS&D (Production, Supply & Distribution)",https://apps.fas.usda.gov/psdonline/downloads/
"Oil, Sunflowerseed",World,1965,Food Use Dom. Cons.,(1000 MT),104.0,1,8,agg,"USDA FAS PS&D (Production, Supply & Distribution)",https://apps.fas.usda.gov/psdonline/downloads/
"Oil, Sunflowerseed",World,1966,Food Use Dom. Cons.,(1000 MT),196.0,1,9,agg,"USDA FAS PS&D (Production, Supply & Distribution)",https://apps.fas.usda.gov/psdonline/downloads/
"Oil, Sunflowerseed",World,1967,Food Use Dom. Cons.,(1000 MT),245.0,1,9,agg,"USDA FAS PS&D (Production, Supply & Distribution)",https://apps.fas.usda.gov/psdonline/downloads/
"Oil, Sunflowerseed",World,1968,Food Use Dom. Cons.,(1000 MT),270.0,1,9,agg,"USDA FAS PS&D (Production, Supply & Distribution)",https://apps.fas.usda.gov/psdonline/downloads/
"Oil, Sunflowerseed",World,1969,Food Use Dom. Cons.,(1000 MT),144.0,1,9,agg,"USDA FAS PS&D (Production, Supply & Distribution)",https://apps.fas.usda.gov/psdonline/downloads/
"Oil, Sunflowerseed",World,1970,Food Use Dom. Cons.,(1000 MT),124.0,1,8,agg,"USDA FAS PS&D (Production, Supply & Distribution)",https://apps.fas.usda.gov/psdonline/downloads/
"Oil, Sunflowerseed",World,1971,Food Use Dom. Cons.,(1000 MT),159.0,1,9,agg,"USDA FAS PS&D (Production, Supply & Distribution)",https://apps.fas.usda.gov/psdonline/downloads/
"Oil, Sunflowerseed",World,1972,Food Use Dom. Cons.,(1000 MT),3414.0,1,40,agg,"USDA FAS PS&D (Production, Supply & Distribution)",https://apps.fas.usda.gov/psdonline/downloads/
"Oil, Sunflowerseed",World,1973,Food Use Dom. Cons.,(1000 MT),4112.0,1,38,agg,"USDA FAS PS&D (Production, Supply & Distribution)",https://apps.fas.usda.gov/psdonline/downloads/
"Oil, Sunflowerseed",World,1974,Food Use Dom. Cons.,(1000 MT),3889.0,1,39,agg,"USDA FAS PS&D (Production, Supply & Distribution)",https://apps.fas.usda.gov/psdonline/downloads/
"Oil, Sunflowerseed",World,1975,Food Use Dom. Cons.,(1000 MT),3382.0,1,41,agg,"USDA FAS PS&D (Production, Supply & Distribution)",https://apps.fas.usda.gov/psdonline/downloads/
"Oil, Sunflowerseed",World,1976,Food Use Dom. Cons.,(1000 MT),3445.0,1,41,agg,"USDA FAS PS&D (Production, Supply & Distribution)",https://apps.fas.usda.gov/psdonline/downloads/
"Oil, Sunflowerseed",World,1977,Food Use Dom. Cons.,(1000 MT),4218.0,1,42,agg,"USDA FAS PS&D (Production, Supply & Distribution)",https://apps.fas.usda.gov/psdonline/downloads/
"Oil, Sunflowerseed",World,1978,Food Use Dom. Cons.,(1000 MT),4406.0,1,43,agg,"USDA FAS PS&D (Production, Supply & Distribution)",https://apps.fas.usda.gov/psdonline/downloads/
"Oil, Sunflowerseed",World,1979,Food Use Dom. Cons.,(1000 MT),4688.0,1,45,agg,"USDA FAS PS&D (Production, Supply & Distribution)",https://apps.fas.usda.gov/psdonline/downloads/
"Oil, Sunflowerseed",World,1980,Food Use Dom. Cons.,(1000 MT),4416.0,1,46,agg,"USDA FAS PS&D (Production, Supply & Distribution)",https://apps.fas.usda.gov/psdonline/downloads/
"Oil, Sunflowerseed",World,1981,Food Use Dom. Cons.,(1000 MT),4866.0,1,46,agg,"USDA FAS PS&D (Production, Supply & Distribution)",https://apps.fas.usda.gov/psdonline/downloads/
"Oil, Sunflowerseed",World,1982,Food Use Dom. Cons.,(1000 MT),5507.0,1,48,agg,"USDA FAS PS&D (Production, Supply & Distribution)",https://apps.fas.usda.gov/psdonline/downloads/
"Oil, Sunflowerseed",World,1983,Food Use Dom. Cons.,(1000 MT),5668.0,1,47,agg,"USDA FAS PS&D (Production, Supply & Distribution)",https://apps.fas.usda.gov/psdonline/downloads/
"Oil, Sunflowerseed",World,1984,Food Use Dom. Cons.,(1000 MT),5878.0,1,47,agg,"USDA FAS PS&D (Production, Supply & Distribution)",https://apps.fas.usda.gov/psdonline/downloads/
"Oil, Sunflowerseed",World,1985,Food Use Dom. Cons.,(1000 MT),6352.0,1,49,agg,"USDA FAS PS&D (Production, Supply & Distribution)",https://apps.fas.usda.gov/psdonline/downloads/
"Oil, Sunflowerseed",World,1986,Food Use Dom. Cons.,(1000 MT),6468.0,1,49,agg,"USDA FAS PS&D (Production, Supply & Distribution)",https://apps.fas.usda.gov/psdonline/downloads/
"Oil, Sunflowerseed",World,1987,Food Use Dom. Cons.,(1000 MT),7642.0,1,58,agg,"USDA FAS PS&D (Production, Supply & Distribution)",https://apps.fas.usda.gov/psdonline/downloads/
"Oil, Sunflowerseed",World,1988,Food Use Dom. Cons.,(1000 MT),7402.0,1,58,agg,"USDA FAS PS&D (Production, Supply & Distribution)",https://apps.fas.usda.gov/psdonline/downloads/
"Oil, Sunflowerseed",World,1989,Food Use Dom. Cons.,(1000 MT),7780.0,1,58,agg,"USDA FAS PS&D (Production, Supply & Distribution)",https://apps.fas.usda.gov/psdonline/downloads/
"Oil, Sunflowerseed",World,1990,Food Use Dom. Cons.,(1000 MT),8012.0,1,63,agg,"USDA FAS PS&D (Production, Supply & Distribution)",https://apps.fas.usda.gov/psdonline/downloads/
"Oil, Sunflowerseed",World,1991,Food Use Dom. Cons.,(1000 MT),7777.0,1,50,agg,"USDA FAS PS&D (Production, Supply & Distribution)",https://apps.fas.usda.gov/psdonline/downloads/
"Oil, Sunflowerseed",World,1992,Food Use Dom. Cons.,(1000 MT),7313.0,1,50,agg,"USDA FAS PS&D (Production, Supply & Distribution)",https://apps.fas.usda.gov/psdonline/downloads/
"Oil, Sunflowerseed",World,1993,Food Use Dom. Cons.,(1000 MT),6972.0,1,50,agg,"USDA FAS PS&D (Production, Supply & Distribution)",https://apps.fas.usda.gov/psdonline/downloads/
"Oil, Sunflowerseed",World,1994,Food Use Dom. Cons.,(1000 MT),7645.0,1,51,agg,"USDA FAS PS&D (Production, Supply & Distribution)",https://apps.fas.usda.gov/psdonline/downloads/
"Oil, Sunflowerseed",World,1995,Food Use Dom. Cons.,(1000 MT),8043.0,1,51,agg,"USDA FAS PS&D (Production, Supply & Distribution)",https://apps.fas.usda.gov/psdonline/downloads/
"Oil, Sunflowerseed",World,1996,Food Use Dom. Cons.,(1000 MT),8294.0,1,51,agg,"USDA FAS PS&D (Production, Supply & Distribution)",https://apps.fas.usda.gov/psdonline/downloads/
"Oil, Sunflowerseed",World,1997,Food Use Dom. Cons.,(1000 MT),7838.0,1,51,agg,"USDA FAS PS&D (Production, Supply & Distribution)",https://apps.fas.usda.gov/psdonline/downloads/
"Oil, Sunflowerseed",World,1998,Food Use Dom. Cons.,(1000 MT),8224.0,1,51,agg,"USDA FAS PS&D (Production, Supply & Distribution)",https://apps.fas.usda.gov/psdonline/downloads/
"Oil, Sunflowerseed",World,1999,Food Use Dom. Cons.,(1000 MT),8167.0,1,41,agg,"USDA FAS PS&D (Production, Supply & Distribution)",https://apps.fas.usda.gov/psdonline/downloads/
"Oil, Sunflowerseed",World,2000,Food Use Dom. Cons.,(1000 MT),7497.0,1,40,agg,"USDA FAS PS&D (Production, Supply & Distribution)",https://apps.fas.usda.gov/psdonline/downloads/
"Oil, Sunflowerseed",World,2001,Food Use Dom. Cons.,(1000 MT),7125.0,1,42,agg,"USDA FAS PS&D (Production, Supply & Distribution)",https://apps.fas.usda.gov/psdonline/downloads/
"Oil, Sunflowerseed",World,2002,Food Use Dom. Cons.,(1000 MT),7161.0,1,42,agg,"USDA FAS PS&D (Production, Supply & Distribution)",https://apps.fas.usda.gov/psdonline/downloads/
"Oil, Sunflowerseed",World,2003,Food Use Dom. Cons.,(1000 MT),7911.0,1,42,agg,"USDA FAS PS&D (Production, Supply & Distribution)",https://apps.fas.usda.gov/psdonline/downloads/
"Oil, Sunflowerseed",World,2004,Food Use Dom. Cons.,(1000 MT),8034.0,1,42,agg,"USDA FAS PS&D (Production, Supply & Distribution)",https://apps.fas.usda.gov/psdonline/downloads/
"Oil, Sunflowerseed",World,2005,Food Use Dom. Cons.,(1000 MT),9230.0,1,47,agg,"USDA FAS PS&D (Production, Supply & Distribution)",https://apps.fas.usda.gov/psdonline/downloads/
"Oil, Sunflowerseed",World,2006,Food Use Dom. Cons.,(1000 MT),9562.0,1,47,agg,"USDA FAS PS&D (Production, Supply & Distribution)",https://apps.fas.usda.gov/psdonline/downloads/
"Oil, Sunflowerseed",World,2007,Food Use Dom. Cons.,(1000 MT),8738.0,1,47,agg,"USDA FAS PS&D (Production, Supply & Distribution)",https://apps.fas.usda.gov/psdonline/downloads/
"Oil, Sunflowerseed",World,2008,Food Use Dom. Cons.,(1000 MT),10108.0,1,47,agg,"USDA FAS PS&D (Production, Supply & Distribution)",https://apps.fas.usda.gov/psdonline/downloads/
"Oil, Sunflowerseed",World,2009,Food Use Dom. Cons.,(1000 MT),10799.0,1,47,agg,"USDA FAS PS&D (Production, Supply & Distribution)",https://apps.fas.usda.gov/psdonline/downloads/
"Oil, Sunflowerseed",World,2010,Food Use Dom. Cons.,(1000 MT),10647.0,1,47,agg,"USDA FAS PS&D (Production, Supply & Distribution)",https://apps.fas.usda.gov/psdonline/downloads/
"Oil, Sunflowerseed",World,2011,Food Use Dom. Cons.,(1000 MT),11894.0,1,47,agg,"USDA FAS PS&D (Production, Supply & Distribution)",https://apps.fas.usda.gov/psdonline/downloads/
"Oil, Sunflowerseed",World,2012,Food Use Dom. Cons.,(1000 MT),12403.0,1,47,agg,"USDA FAS PS&D (Production, Supply & Distribution)",https://apps.fas.usda.gov/psdonline/downloads/
"Oil, Sunflowerseed",World,2013,Food Use Dom. Cons.,(1000 MT),13405.0,1,47,agg,"USDA FAS PS&D (Production, Supply & Distribution)",https://apps.fas.usda.gov/psdonline/downloads/
"Oil, Sunflowerseed",World,2014,Food Use Dom. Cons.,(1000 MT),13434.0,1,47,agg,"USDA FAS PS&D (Production, Supply & Distribution)",https://apps.fas.usda.gov/psdonline/downloads/
"Oil, Sunflowerseed",World,2015,Food Use Dom. Cons.,(1000 MT),14156.0,1,47,agg,"USDA FAS PS&D (Production, Supply & Distribution)",https://apps.fas.usda.gov/psdonline/downloads/
"Oil, Sunflowerseed",World,2016,Food Use Dom. Cons.,(1000 MT),15411.0,1,48,agg,"USDA FAS PS&D (Production, Supply & Distribution)",https://apps.fas.usda.gov/psdonline/downloads/
"Oil, Sunflowerseed",World,2017,Food Use Dom. Cons.,(1000 MT),16415.0,1,48,agg,"USDA FAS PS&D (Production, Supply & Distribution)",https://apps.fas.usda.gov/psdonline/downloads/
"Oil, Sunflowerseed",World,2018,Food Use Dom. Cons.,(1000 MT),17009.0,1,48,agg,"USDA FAS PS&D (Production, Supply & Distribution)",https://apps.fas.usda.gov/psdonline/downloads/
"Oil, Sunflowerseed",World,2019,Food Use Dom. Cons.,(1000 MT),17901.0,1,48,agg,"USDA FAS PS&D (Production, Supply & Distribution)",https://apps.fas.usda.gov/psdonline/downloads/
"Oil, Sunflowerseed",World,2020,Food Use Dom. Cons.,(1000 MT),17226.0,1,48,agg,"USDA FAS PS&D (Production, Supply & Distribution)",https://apps.fas.usda.gov/psdonline/downloads/
"Oil, Sunflowerseed",World,2021,Food Use Dom. Cons.,(1000 MT),16425.0,1,48,agg,"USDA FAS PS&D (Production, Supply & Distribution)",https://apps.fas.usda.gov/psdonline/downloads/
"Oil, Sunflowerseed",World,2022,Food Use Dom. Cons.,(1000 MT),18386.0,1,48,agg,"USDA FAS PS&D (Production, Supply & Distribution)",https://apps.fas.usda.gov/psdonline/downloads/
"Oil, Sunflowerseed",World,2023,Food Use Dom. Cons.,(1000 MT),19893.0,1,48,agg,"USDA FAS PS&D (Production, Supply & Distribution)",https://apps.fas.usda.gov/psdonline/downloads/
"Oil, Sunflowerseed",World,2024,Food Use Dom. Cons.,(1000 MT),18003.0,1,48,agg,"USDA FAS PS&D (Production, Supply & Distribution)",https://apps.fas.usda.gov/psdonline/downloads/
"Oil, Sunflowerseed",World,2025,Food Use Dom. Cons.,(1000 MT),18261.0,1,48,agg,"USDA FAS PS&D (Production, Supply & Distribution)",https://apps.fas.usda.gov/psdonline/downloads/
"Oil, Sunflowerseed",World,2026,Food Use Dom. Cons.,(1000 MT),20523.0,1,48,agg,"USDA FAS PS&D (Production, Supply & Distribution)",https://apps.fas.usda.gov/psdonline/downloads/
"Oil, Sunflowerseed",World,1964,Imports,(1000 MT),48.0,1,8,agg,"USDA FAS PS&D (Production, Supply & Distribution)",https://apps.fas.usda.gov/psdonline/downloads/
"Oil, Sunflowerseed",World,1965,Imports,(1000 MT),103.0,1,8,agg,"USDA FAS PS&D (Production, Supply & Distribution)",https://apps.fas.usda.gov/psdonline/downloads/
"Oil, Sunflowerseed",World,1966,Imports,(1000 MT),162.0,1,9,agg,"USDA FAS PS&D (Production, Supply & Distribution)",https://apps.fas.usda.gov/psdonline/downloads/
"Oil, Sunflowerseed",World,1967,Imports,(1000 MT),218.0,1,9,agg,"USDA FAS PS&D (Production, Supply & Distribution)",https://apps.fas.usda.gov/psdonline/downloads/
"Oil, Sunflowerseed",World,1968,Imports,(1000 MT),238.0,1,9,agg,"USDA FAS PS&D (Production, Supply & Distribution)",https://apps.fas.usda.gov/psdonline/downloads/
"Oil, Sunflowerseed",World,1969,Imports,(1000 MT),128.0,1,9,agg,"USDA FAS PS&D (Production, Supply & Distribution)",https://apps.fas.usda.gov/psdonline/downloads/
"Oil, Sunflowerseed",World,1970,Imports,(1000 MT),111.0,1,8,agg,"USDA FAS PS&D (Production, Supply & Distribution)",https://apps.fas.usda.gov/psdonline/downloads/
"Oil, Sunflowerseed",World,1971,Imports,(1000 MT),132.0,1,9,agg,"USDA FAS PS&D (Production, Supply & Distribution)",https://apps.fas.usda.gov/psdonline/downloads/
"Oil, Sunflowerseed",World,1972,Imports,(1000 MT),673.0,1,40,agg,"USDA FAS PS&D (Production, Supply & Distribution)",https://apps.fas.usda.gov/psdonline/downloads/
"Oil, Sunflowerseed",World,1973,Imports,(1000 MT),657.0,1,38,agg,"USDA FAS PS&D (Production, Supply & Distribution)",https://apps.fas.usda.gov/psdonline/downloads/
"Oil, Sunflowerseed",World,1974,Imports,(1000 MT),657.0,1,39,agg,"USDA FAS PS&D (Production, Supply & Distribution)",https://apps.fas.usda.gov/psdonline/downloads/
"Oil, Sunflowerseed",World,1975,Imports,(1000 MT),580.0,1,41,agg,"USDA FAS PS&D (Production, Supply & Distribution)",https://apps.fas.usda.gov/psdonline/downloads/
"Oil, Sunflowerseed",World,1976,Imports,(1000 MT),561.0,1,41,agg,"USDA FAS PS&D (Production, Supply & Distribution)",https://apps.fas.usda.gov/psdonline/downloads/
"Oil, Sunflowerseed",World,1977,Imports,(1000 MT),663.0,1,42,agg,"USDA FAS PS&D (Production, Supply & Distribution)",https://apps.fas.usda.gov/psdonline/downloads/
"Oil, Sunflowerseed",World,1978,Imports,(1000 MT),752.0,1,43,agg,"USDA FAS PS&D (Production, Supply & Distribution)",https://apps.fas.usda.gov/psdonline/downloads/
"Oil, Sunflowerseed",World,1979,Imports,(1000 MT),912.0,1,45,agg,"USDA FAS PS&D (Production, Supply & Distribution)",https://apps.fas.usda.gov/psdonline/downloads/
"Oil, Sunflowerseed",World,1980,Imports,(1000 MT),989.0,1,46,agg,"USDA FAS PS&D (Production, Supply & Distribution)",https://apps.fas.usda.gov/psdonline/downloads/
"Oil, Sunflowerseed",World,1981,Imports,(1000 MT),1053.0,1,46,agg,"USDA FAS PS&D (Production, Supply & Distribution)",https://apps.fas.usda.gov/psdonline/downloads/
"Oil, Sunflowerseed",World,1982,Imports,(1000 MT),1524.0,1,48,agg,"USDA FAS PS&D (Production, Supply & Distribution)",https://apps.fas.usda.gov/psdonline/downloads/
"Oil, Sunflowerseed",World,1983,Imports,(1000 MT),1799.0,1,47,agg,"USDA FAS PS&D (Production, Supply & Distribution)",https://apps.fas.usda.gov/psdonline/downloads/
"Oil, Sunflowerseed",World,1984,Imports,(1000 MT),1898.0,1,47,agg,"USDA FAS PS&D (Production, Supply & Distribution)",https://apps.fas.usda.gov/psdonline/downloads/
"Oil, Sunflowerseed",World,1985,Imports,(1000 MT),2131.0,1,49,agg,"USDA FAS PS&D (Production, Supply & Distribution)",https://apps.fas.usda.gov/psdonline/downloads/
"Oil, Sunflowerseed",World,1986,Imports,(1000 MT),1962.0,1,49,agg,"USDA FAS PS&D (Production, Supply & Distribution)",https://apps.fas.usda.gov/psdonline/downloads/
"Oil, Sunflowerseed",World,1987,Imports,(1000 MT),2970.0,1,58,agg,"USDA FAS PS&D (Production, Supply & Distribution)",https://apps.fas.usda.gov/psdonline/downloads/
"Oil, Sunflowerseed",World,1988,Imports,(1000 MT),2793.0,1,58,agg,"USDA FAS PS&D (Production, Supply & Distribution)",https://apps.fas.usda.gov/psdonline/downloads/
"Oil, Sunflowerseed",World,1989,Imports,(1000 MT),2854.0,1,58,agg,"USDA FAS PS&D (Production, Supply & Distribution)",https://apps.fas.usda.gov/psdonline/downloads/
"Oil, Sunflowerseed",World,1990,Imports,(1000 MT),2916.0,1,63,agg,"USDA FAS PS&D (Production, Supply & Distribution)",https://apps.fas.usda.gov/psdonline/downloads/
"Oil, Sunflowerseed",World,1991,Imports,(1000 MT),2078.0,1,50,agg,"USDA FAS PS&D (Production, Supply & Distribution)",https://apps.fas.usda.gov/psdonline/downloads/
"Oil, Sunflowerseed",World,1992,Imports,(1000 MT),1703.0,1,50,agg,"USDA FAS PS&D (Production, Supply & Distribution)",https://apps.fas.usda.gov/psdonline/downloads/
"Oil, Sunflowerseed",World,1993,Imports,(1000 MT),1804.0,1,50,agg,"USDA FAS PS&D (Production, Supply & Distribution)",https://apps.fas.usda.gov/psdonline/downloads/
"Oil, Sunflowerseed",World,1994,Imports,(1000 MT),2644.0,1,51,agg,"USDA FAS PS&D (Production, Supply & Distribution)",https://apps.fas.usda.gov/psdonline/downloads/
"Oil, Sunflowerseed",World,1995,Imports,(1000 MT),2533.0,1,51,agg,"USDA FAS PS&D (Production, Supply & Distribution)",https://apps.fas.usda.gov/psdonline/downloads/
"Oil, Sunflowerseed",World,1996,Imports,(1000 MT),3046.0,1,51,agg,"USDA FAS PS&D (Production, Supply & Distribution)",https://apps.fas.usda.gov/psdonline/downloads/
"Oil, Sunflowerseed",World,1997,Imports,(1000 MT),2634.0,1,51,agg,"USDA FAS PS&D (Production, Supply & Distribution)",https://apps.fas.usda.gov/psdonline/downloads/
"Oil, Sunflowerseed",World,1998,Imports,(1000 MT),2902.0,1,51,agg,"USDA FAS PS&D (Production, Supply & Distribution)",https://apps.fas.usda.gov/psdonline/downloads/
"Oil, Sunflowerseed",World,1999,Imports,(1000 MT),2341.0,1,41,agg,"USDA FAS PS&D (Production, Supply & Distribution)",https://apps.fas.usda.gov/psdonline/downloads/
"Oil, Sunflowerseed",World,2000,Imports,(1000 MT),1907.0,1,40,agg,"USDA FAS PS&D (Production, Supply & Distribution)",https://apps.fas.usda.gov/psdonline/downloads/
"Oil, Sunflowerseed",World,2001,Imports,(1000 MT),1828.0,1,42,agg,"USDA FAS PS&D (Production, Supply & Distribution)",https://apps.fas.usda.gov/psdonline/downloads/
"Oil, Sunflowerseed",World,2002,Imports,(1000 MT),1937.0,1,42,agg,"USDA FAS PS&D (Production, Supply & Distribution)",https://apps.fas.usda.gov/psdonline/downloads/
"Oil, Sunflowerseed",World,2003,Imports,(1000 MT),1982.0,1,42,agg,"USDA FAS PS&D (Production, Supply & Distribution)",https://apps.fas.usda.gov/psdonline/downloads/
"Oil, Sunflowerseed",World,2004,Imports,(1000 MT),2176.0,1,42,agg,"USDA FAS PS&D (Production, Supply & Distribution)",https://apps.fas.usda.gov/psdonline/downloads/
"Oil, Sunflowerseed",World,2005,Imports,(1000 MT),3316.0,1,47,agg,"USDA FAS PS&D (Production, Supply & Distribution)",https://apps.fas.usda.gov/psdonline/downloads/
"Oil, Sunflowerseed",World,2006,Imports,(1000 MT),3472.0,1,47,agg,"USDA FAS PS&D (Production, Supply & Distribution)",https://apps.fas.usda.gov/psdonline/downloads/
"Oil, Sunflowerseed",World,2007,Imports,(1000 MT),2783.0,1,47,agg,"USDA FAS PS&D (Production, Supply & Distribution)",https://apps.fas.usda.gov/psdonline/downloads/
"Oil, Sunflowerseed",World,2008,Imports,(1000 MT),4181.0,1,47,agg,"USDA FAS PS&D (Production, Supply & Distribution)",https://apps.fas.usda.gov/psdonline/downloads/
"Oil, Sunflowerseed",World,2009,Imports,(1000 MT),3835.0,1,47,agg,"USDA FAS PS&D (Production, Supply & Distribution)",https://apps.fas.usda.gov/psdonline/downloads/
"Oil, Sunflowerseed",World,2010,Imports,(1000 MT),3726.0,1,47,agg,"USDA FAS PS&D (Production, Supply & Distribution)",https://apps.fas.usda.gov/psdonline/downloads/
"Oil, Sunflowerseed",World,2011,Imports,(1000 MT),5889.0,1,47,agg,"USDA FAS PS&D (Production, Supply & Distribution)",https://apps.fas.usda.gov/psdonline/downloads/
"Oil, Sunflowerseed",World,2012,Imports,(1000 MT),5089.0,1,47,agg,"USDA FAS PS&D (Production, Supply & Distribution)",https://apps.fas.usda.gov/psdonline/downloads/
"Oil, Sunflowerseed",World,2013,Imports,(1000 MT),7046.0,1,47,agg,"USDA FAS PS&D (Production, Supply & Distribution)",https://apps.fas.usda.gov/psdonline/downloads/
"Oil, Sunflowerseed",World,2014,Imports,(1000 MT),6328.0,1,47,agg,"USDA FAS PS&D (Production, Supply & Distribution)",https://apps.fas.usda.gov/psdonline/downloads/
"Oil, Sunflowerseed",World,2015,Imports,(1000 MT),7323.0,1,47,agg,"USDA FAS PS&D (Production, Supply & Distribution)",https://apps.fas.usda.gov/psdonline/downloads/
"Oil, Sunflowerseed",World,2016,Imports,(1000 MT),9314.0,1,48,agg,"USDA FAS PS&D (Production, Supply & Distribution)",https://apps.fas.usda.gov/psdonline/downloads/
"Oil, Sunflowerseed",World,2017,Imports,(1000 MT),9149.0,1,48,agg,"USDA FAS PS&D (Production, Supply & Distribution)",https://apps.fas.usda.gov/psdonline/downloads/
"Oil, Sunflowerseed",World,2018,Imports,(1000 MT),9752.0,1,48,agg,"USDA FAS PS&D (Production, Supply & Distribution)",https://apps.fas.usda.gov/psdonline/downloads/
"Oil, Sunflowerseed",World,2019,Imports,(1000 MT),11746.0,1,48,agg,"USDA FAS PS&D (Production, Supply & Distribution)",https://apps.fas.usda.gov/psdonline/downloads/
"Oil, Sunflowerseed",World,2020,Imports,(1000 MT),9707.0,1,48,agg,"USDA FAS PS&D (Production, Supply & Distribution)",https://apps.fas.usda.gov/psdonline/downloads/
"Oil, Sunflowerseed",World,2021,Imports,(1000 MT),9714.0,1,48,agg,"USDA FAS PS&D (Production, Supply & Distribution)",https://apps.fas.usda.gov/psdonline/downloads/
"Oil, Sunflowerseed",World,2022,Imports,(1000 MT),12613.0,1,48,agg,"USDA FAS PS&D (Production, Supply & Distribution)",https://apps.fas.usda.gov/psdonline/downloads/
"Oil, Sunflowerseed",World,2023,Imports,(1000 MT),13961.0,1,48,agg,"USDA FAS PS&D (Production, Supply & Distribution)",https://apps.fas.usda.gov/psdonline/downloads/
"Oil, Sunflowerseed",World,2024,Imports,(1000 MT),12007.0,1,48,agg,"USDA FAS PS&D (Production, Supply & Distribution)",https://apps.fas.usda.gov/psdonline/downloads/
"Oil, Sunflowerseed",World,2025,Imports,(1000 MT),11628.0,1,48,agg,"USDA FAS PS&D (Production, Supply & Distribution)",https://apps.fas.usda.gov/psdonline/downloads/
"Oil, Sunflowerseed",World,2026,Imports,(1000 MT),14243.0,1,48,agg,"USDA FAS PS&D (Production, Supply & Distribution)",https://apps.fas.usda.gov/psdonline/downloads/
"Oil, Sunflowerseed",World,1964,Industrial Dom. Cons.,(1000 MT),0.0,1,8,agg,"USDA FAS PS&D (Production, Supply & Distribution)",https://apps.fas.usda.gov/psdonline/downloads/
"Oil, Sunflowerseed",World,1965,Industrial Dom. Cons.,(1000 MT),0.0,1,8,agg,"USDA FAS PS&D (Production, Supply & Distribution)",https://apps.fas.usda.gov/psdonline/downloads/
"Oil, Sunflowerseed",World,1966,Industrial Dom. Cons.,(1000 MT),0.0,1,9,agg,"USDA FAS PS&D (Production, Supply & Distribution)",https://apps.fas.usda.gov/psdonline/downloads/
"Oil, Sunflowerseed",World,1967,Industrial Dom. Cons.,(1000 MT),0.0,1,9,agg,"USDA FAS PS&D (Production, Supply & Distribution)",https://apps.fas.usda.gov/psdonline/downloads/
"Oil, Sunflowerseed",World,1968,Industrial Dom. Cons.,(1000 MT),0.0,1,9,agg,"USDA FAS PS&D (Production, Supply & Distribution)",https://apps.fas.usda.gov/psdonline/downloads/
"Oil, Sunflowerseed",World,1969,Industrial Dom. Cons.,(1000 MT),0.0,1,9,agg,"USDA FAS PS&D (Production, Supply & Distribution)",https://apps.fas.usda.gov/psdonline/downloads/
"Oil, Sunflowerseed",World,1970,Industrial Dom. Cons.,(1000 MT),0.0,1,8,agg,"USDA FAS PS&D (Production, Supply & Distribution)",https://apps.fas.usda.gov/psdonline/downloads/
"Oil, Sunflowerseed",World,1971,Industrial Dom. Cons.,(1000 MT),0.0,1,9,agg,"USDA FAS PS&D (Production, Supply & Distribution)",https://apps.fas.usda.gov/psdonline/downloads/
"Oil, Sunflowerseed",World,1972,Industrial Dom. Cons.,(1000 MT),29.0,1,40,agg,"USDA FAS PS&D (Production, Supply & Distribution)",https://apps.fas.usda.gov/psdonline/downloads/
"Oil, Sunflowerseed",World,1973,Industrial Dom. Cons.,(1000 MT),26.0,1,38,agg,"USDA FAS PS&D (Production, Supply & Distribution)",https://apps.fas.usda.gov/psdonline/downloads/
"Oil, Sunflowerseed",World,1974,Industrial Dom. Cons.,(1000 MT),25.0,1,39,agg,"USDA FAS PS&D (Production, Supply & Distribution)",https://apps.fas.usda.gov/psdonline/downloads/
"Oil, Sunflowerseed",World,1975,Industrial Dom. Cons.,(1000 MT),1.0,1,41,agg,"USDA FAS PS&D (Production, Supply & Distribution)",https://apps.fas.usda.gov/psdonline/downloads/
"Oil, Sunflowerseed",World,1976,Industrial Dom. Cons.,(1000 MT),2.0,1,41,agg,"USDA FAS PS&D (Production, Supply & Distribution)",https://apps.fas.usda.gov/psdonline/downloads/
"Oil, Sunflowerseed",World,1977,Industrial Dom. Cons.,(1000 MT),2.0,1,42,agg,"USDA FAS PS&D (Production, Supply & Distribution)",https://apps.fas.usda.gov/psdonline/downloads/
"Oil, Sunflowerseed",World,1978,Industrial Dom. Cons.,(1000 MT),2.0,1,43,agg,"USDA FAS PS&D (Production, Supply & Distribution)",https://apps.fas.usda.gov/psdonline/downloads/
"Oil, Sunflowerseed",World,1979,Industrial Dom. Cons.,(1000 MT),3.0,1,45,agg,"USDA FAS PS&D (Production, Supply & Distribution)",https://apps.fas.usda.gov/psdonline/downloads/
"Oil, Sunflowerseed",World,1980,Industrial Dom. Cons.,(1000 MT),6.0,1,46,agg,"USDA FAS PS&D (Production, Supply & Distribution)",https://apps.fas.usda.gov/psdonline/downloads/
"Oil, Sunflowerseed",World,1981,Industrial Dom. Cons.,(1000 MT),15.0,1,46,agg,"USDA FAS PS&D (Production, Supply & Distribution)",https://apps.fas.usda.gov/psdonline/downloads/
"Oil, Sunflowerseed",World,1982,Industrial Dom. Cons.,(1000 MT),55.0,1,48,agg,"USDA FAS PS&D (Production, Supply & Distribution)",https://apps.fas.usda.gov/psdonline/downloads/
"Oil, Sunflowerseed",World,1983,Industrial Dom. Cons.,(1000 MT),49.0,1,47,agg,"USDA FAS PS&D (Production, Supply & Distribution)",https://apps.fas.usda.gov/psdonline/downloads/
"Oil, Sunflowerseed",World,1984,Industrial Dom. Cons.,(1000 MT),53.0,1,47,agg,"USDA FAS PS&D (Production, Supply & Distribution)",https://apps.fas.usda.gov/psdonline/downloads/
"Oil, Sunflowerseed",World,1985,Industrial Dom. Cons.,(1000 MT),78.0,1,49,agg,"USDA FAS PS&D (Production, Supply & Distribution)",https://apps.fas.usda.gov/psdonline/downloads/
"Oil, Sunflowerseed",World,1986,Industrial Dom. Cons.,(1000 MT),53.0,1,49,agg,"USDA FAS PS&D (Production, Supply & Distribution)",https://apps.fas.usda.gov/psdonline/downloads/
"Oil, Sunflowerseed",World,1987,Industrial Dom. Cons.,(1000 MT),132.0,1,58,agg,"USDA FAS PS&D (Production, Supply & Distribution)",https://apps.fas.usda.gov/psdonline/downloads/
"Oil, Sunflowerseed",World,1988,Industrial Dom. Cons.,(1000 MT),140.0,1,58,agg,"USDA FAS PS&D (Production, Supply & Distribution)",https://apps.fas.usda.gov/psdonline/downloads/
"Oil, Sunflowerseed",World,1989,Industrial Dom. Cons.,(1000 MT),167.0,1,58,agg,"USDA FAS PS&D (Production, Supply & Distribution)",https://apps.fas.usda.gov/psdonline/downloads/
"Oil, Sunflowerseed",World,1990,Industrial Dom. Cons.,(1000 MT),184.0,1,63,agg,"USDA FAS PS&D (Production, Supply & Distribution)",https://apps.fas.usda.gov/psdonline/downloads/
"Oil, Sunflowerseed",World,1991,Industrial Dom. Cons.,(1000 MT),207.0,1,50,agg,"USDA FAS PS&D (Production, Supply & Distribution)",https://apps.fas.usda.gov/psdonline/downloads/
"Oil, Sunflowerseed",World,1992,Industrial Dom. Cons.,(1000 MT),246.0,1,50,agg,"USDA FAS PS&D (Production, Supply & Distribution)",https://apps.fas.usda.gov/psdonline/downloads/
"Oil, Sunflowerseed",World,1993,Industrial Dom. Cons.,(1000 MT),289.0,1,50,agg,"USDA FAS PS&D (Production, Supply & Distribution)",https://apps.fas.usda.gov/psdonline/downloads/
"Oil, Sunflowerseed",World,1994,Industrial Dom. Cons.,(1000 MT),359.0,1,51,agg,"USDA FAS PS&D (Production, Supply & Distribution)",https://apps.fas.usda.gov/psdonline/downloads/
"Oil, Sunflowerseed",World,1995,Industrial Dom. Cons.,(1000 MT),355.0,1,51,agg,"USDA FAS PS&D (Production, Supply & Distribution)",https://apps.fas.usda.gov/psdonline/downloads/
"Oil, Sunflowerseed",World,1996,Industrial Dom. Cons.,(1000 MT),415.0,1,51,agg,"USDA FAS PS&D (Production, Supply & Distribution)",https://apps.fas.usda.gov/psdonline/downloads/
"Oil, Sunflowerseed",World,1997,Industrial Dom. Cons.,(1000 MT),343.0,1,51,agg,"USDA FAS PS&D (Production, Supply & Distribution)",https://apps.fas.usda.gov/psdonline/downloads/
"Oil, Sunflowerseed",World,1998,Industrial Dom. Cons.,(1000 MT),344.0,1,51,agg,"USDA FAS PS&D (Production, Supply & Distribution)",https://apps.fas.usda.gov/psdonline/downloads/
"Oil, Sunflowerseed",World,1999,Industrial Dom. Cons.,(1000 MT),378.0,1,41,agg,"USDA FAS PS&D (Production, Supply & Distribution)",https://apps.fas.usda.gov/psdonline/downloads/
"Oil, Sunflowerseed",World,2000,Industrial Dom. Cons.,(1000 MT),422.0,1,40,agg,"USDA FAS PS&D (Production, Supply & Distribution)",https://apps.fas.usda.gov/psdonline/downloads/
"Oil, Sunflowerseed",World,2001,Industrial Dom. Cons.,(1000 MT),333.0,1,42,agg,"USDA FAS PS&D (Production, Supply & Distribution)",https://apps.fas.usda.gov/psdonline/downloads/
"Oil, Sunflowerseed",World,2002,Industrial Dom. Cons.,(1000 MT),373.0,1,42,agg,"USDA FAS PS&D (Production, Supply & Distribution)",https://apps.fas.usda.gov/psdonline/downloads/
"Oil, Sunflowerseed",World,2003,Industrial Dom. Cons.,(1000 MT),440.0,1,42,agg,"USDA FAS PS&D (Production, Supply & Distribution)",https://apps.fas.usda.gov/psdonline/downloads/
"Oil, Sunflowerseed",World,2004,Industrial Dom. Cons.,(1000 MT),503.0,1,42,agg,"USDA FAS PS&D (Production, Supply & Distribution)",https://apps.fas.usda.gov/psdonline/downloads/
"Oil, Sunflowerseed",World,2005,Industrial Dom. Cons.,(1000 MT),496.0,1,47,agg,"USDA FAS PS&D (Production, Supply & Distribution)",https://apps.fas.usda.gov/psdonline/downloads/
"Oil, Sunflowerseed",World,2006,Industrial Dom. Cons.,(1000 MT),557.0,1,47,agg,"USDA FAS PS&D (Production, Supply & Distribution)",https://apps.fas.usda.gov/psdonline/downloads/
"Oil, Sunflowerseed",World,2007,Industrial Dom. Cons.,(1000 MT),660.0,1,47,agg,"USDA FAS PS&D (Production, Supply & Distribution)",https://apps.fas.usda.gov/psdonline/downloads/
"Oil, Sunflowerseed",World,2008,Industrial Dom. Cons.,(1000 MT),589.0,1,47,agg,"USDA FAS PS&D (Production, Supply & Distribution)",https://apps.fas.usda.gov/psdonline/downloads/
"Oil, Sunflowerseed",World,2009,Industrial Dom. Cons.,(1000 MT),574.0,1,47,agg,"USDA FAS PS&D (Production, Supply & Distribution)",https://apps.fas.usda.gov/psdonline/downloads/
"Oil, Sunflowerseed",World,2010,Industrial Dom. Cons.,(1000 MT),608.0,1,47,agg,"USDA FAS PS&D (Production, Supply & Distribution)",https://apps.fas.usda.gov/psdonline/downloads/
"Oil, Sunflowerseed",World,2011,Industrial Dom. Cons.,(1000 MT),642.0,1,47,agg,"USDA FAS PS&D (Production, Supply & Distribution)",https://apps.fas.usda.gov/psdonline/downloads/
"Oil, Sunflowerseed",World,2012,Industrial Dom. Cons.,(1000 MT),712.0,1,47,agg,"USDA FAS PS&D (Production, Supply & Distribution)",https://apps.fas.usda.gov/psdonline/downloads/
"Oil, Sunflowerseed",World,2013,Industrial Dom. Cons.,(1000 MT),732.0,1,47,agg,"USDA FAS PS&D (Production, Supply & Distribution)",https://apps.fas.usda.gov/psdonline/downloads/
"Oil, Sunflowerseed",World,2014,Industrial Dom. Cons.,(1000 MT),732.0,1,47,agg,"USDA FAS PS&D (Production, Supply & Distribution)",https://apps.fas.usda.gov/psdonline/downloads/
"Oil, Sunflowerseed",World,2015,Industrial Dom. Cons.,(1000 MT),847.0,1,47,agg,"USDA FAS PS&D (Production, Supply & Distribution)",https://apps.fas.usda.gov/psdonline/downloads/
"Oil, Sunflowerseed",World,2016,Industrial Dom. Cons.,(1000 MT),880.0,1,48,agg,"USDA FAS PS&D (Production, Supply & Distribution)",https://apps.fas.usda.gov/psdonline/downloads/
"Oil, Sunflowerseed",World,2017,Industrial Dom. Cons.,(1000 MT),905.0,1,48,agg,"USDA FAS PS&D (Production, Supply & Distribution)",https://apps.fas.usda.gov/psdonline/downloads/
"Oil, Sunflowerseed",World,2018,Industrial Dom. Cons.,(1000 MT),938.0,1,48,agg,"USDA FAS PS&D (Production, Supply & Distribution)",https://apps.fas.usda.gov/psdonline/downloads/
"Oil, Sunflowerseed",World,2019,Industrial Dom. Cons.,(1000 MT),928.0,1,48,agg,"USDA FAS PS&D (Production, Supply & Distribution)",https://apps.fas.usda.gov/psdonline/downloads/
"Oil, Sunflowerseed",World,2020,Industrial Dom. Cons.,(1000 MT),955.0,1,48,agg,"USDA FAS PS&D (Production, Supply & Distribution)",https://apps.fas.usda.gov/psdonline/downloads/
"Oil, Sunflowerseed",World,2021,Industrial Dom. Cons.,(1000 MT),1017.0,1,48,agg,"USDA FAS PS&D (Production, Supply & Distribution)",https://apps.fas.usda.gov/psdonline/downloads/
"Oil, Sunflowerseed",World,2022,Industrial Dom. Cons.,(1000 MT),1076.0,1,48,agg,"USDA FAS PS&D (Production, Supply & Distribution)",https://apps.fas.usda.gov/psdonline/downloads/
"Oil, Sunflowerseed",World,2023,Industrial Dom. Cons.,(1000 MT),1087.0,1,48,agg,"USDA FAS PS&D (Production, Supply & Distribution)",https://apps.fas.usda.gov/psdonline/downloads/
"Oil, Sunflowerseed",World,2024,Industrial Dom. Cons.,(1000 MT),1012.0,1,48,agg,"USDA FAS PS&D (Production, Supply & Distribution)",https://apps.fas.usda.gov/psdonline/downloads/
"Oil, Sunflowerseed",World,2025,Industrial Dom. Cons.,(1000 MT),1037.0,1,48,agg,"USDA FAS PS&D (Production, Supply & Distribution)",https://apps.fas.usda.gov/psdonline/downloads/
"Oil, Sunflowerseed",World,2026,Industrial Dom. Cons.,(1000 MT),1062.0,1,48,agg,"USDA FAS PS&D (Production, Supply & Distribution)",https://apps.fas.usda.gov/psdonline/downloads/
"Oil, Sunflowerseed",World,1964,Production,(1000 MT),1.0,1,8,agg,"USDA FAS PS&D (Production, Supply & Distribution)",https://apps.fas.usda.gov/psdonline/downloads/
"Oil, Sunflowerseed",World,1965,Production,(1000 MT),1.0,1,8,agg,"USDA FAS PS&D (Production, Supply & Distribution)",https://apps.fas.usda.gov/psdonline/downloads/
"Oil, Sunflowerseed",World,1966,Production,(1000 MT),34.0,1,9,agg,"USDA FAS PS&D (Production, Supply & Distribution)",https://apps.fas.usda.gov/psdonline/downloads/
"Oil, Sunflowerseed",World,1967,Production,(1000 MT),27.0,1,9,agg,"USDA FAS PS&D (Production, Supply & Distribution)",https://apps.fas.usda.gov/psdonline/downloads/
"Oil, Sunflowerseed",World,1968,Production,(1000 MT),32.0,1,9,agg,"USDA FAS PS&D (Production, Supply & Distribution)",https://apps.fas.usda.gov/psdonline/downloads/
"Oil, Sunflowerseed",World,1969,Production,(1000 MT),16.0,1,9,agg,"USDA FAS PS&D (Production, Supply & Distribution)",https://apps.fas.usda.gov/psdonline/downloads/
"Oil, Sunflowerseed",World,1970,Production,(1000 MT),13.0,1,8,agg,"USDA FAS PS&D (Production, Supply & Distribution)",https://apps.fas.usda.gov/psdonline/downloads/
"Oil, Sunflowerseed",World,1971,Production,(1000 MT),29.0,1,9,agg,"USDA FAS PS&D (Production, Supply & Distribution)",https://apps.fas.usda.gov/psdonline/downloads/
"Oil, Sunflowerseed",World,1972,Production,(1000 MT),3477.0,1,40,agg,"USDA FAS PS&D (Production, Supply & Distribution)",https://apps.fas.usda.gov/psdonline/downloads/
"Oil, Sunflowerseed",World,1973,Production,(1000 MT),4282.0,1,38,agg,"USDA FAS PS&D (Production, Supply & Distribution)",https://apps.fas.usda.gov/psdonline/downloads/
"Oil, Sunflowerseed",World,1974,Production,(1000 MT),3868.0,1,39,agg,"USDA FAS PS&D (Production, Supply & Distribution)",https://apps.fas.usda.gov/psdonline/downloads/
"Oil, Sunflowerseed",World,1975,Production,(1000 MT),3430.0,1,41,agg,"USDA FAS PS&D (Production, Supply & Distribution)",https://apps.fas.usda.gov/psdonline/downloads/
"Oil, Sunflowerseed",World,1976,Production,(1000 MT),3568.0,1,41,agg,"USDA FAS PS&D (Production, Supply & Distribution)",https://apps.fas.usda.gov/psdonline/downloads/
"Oil, Sunflowerseed",World,1977,Production,(1000 MT),4297.0,1,42,agg,"USDA FAS PS&D (Production, Supply & Distribution)",https://apps.fas.usda.gov/psdonline/downloads/
"Oil, Sunflowerseed",World,1978,Production,(1000 MT),4533.0,1,43,agg,"USDA FAS PS&D (Production, Supply & Distribution)",https://apps.fas.usda.gov/psdonline/downloads/
"Oil, Sunflowerseed",World,1979,Production,(1000 MT),4962.0,1,45,agg,"USDA FAS PS&D (Production, Supply & Distribution)",https://apps.fas.usda.gov/psdonline/downloads/
"Oil, Sunflowerseed",World,1980,Production,(1000 MT),4636.0,1,46,agg,"USDA FAS PS&D (Production, Supply & Distribution)",https://apps.fas.usda.gov/psdonline/downloads/
"Oil, Sunflowerseed",World,1981,Production,(1000 MT),4973.0,1,46,agg,"USDA FAS PS&D (Production, Supply & Distribution)",https://apps.fas.usda.gov/psdonline/downloads/
"Oil, Sunflowerseed",World,1982,Production,(1000 MT),5625.0,1,48,agg,"USDA FAS PS&D (Production, Supply & Distribution)",https://apps.fas.usda.gov/psdonline/downloads/
"Oil, Sunflowerseed",World,1983,Production,(1000 MT),5447.0,1,47,agg,"USDA FAS PS&D (Production, Supply & Distribution)",https://apps.fas.usda.gov/psdonline/downloads/
"Oil, Sunflowerseed",World,1984,Production,(1000 MT),6161.0,1,47,agg,"USDA FAS PS&D (Production, Supply & Distribution)",https://apps.fas.usda.gov/psdonline/downloads/
"Oil, Sunflowerseed",World,1985,Production,(1000 MT),6606.0,1,49,agg,"USDA FAS PS&D (Production, Supply & Distribution)",https://apps.fas.usda.gov/psdonline/downloads/
"Oil, Sunflowerseed",World,1986,Production,(1000 MT),6496.0,1,49,agg,"USDA FAS PS&D (Production, Supply & Distribution)",https://apps.fas.usda.gov/psdonline/downloads/
"Oil, Sunflowerseed",World,1987,Production,(1000 MT),7303.0,1,58,agg,"USDA FAS PS&D (Production, Supply & Distribution)",https://apps.fas.usda.gov/psdonline/downloads/
"Oil, Sunflowerseed",World,1988,Production,(1000 MT),7306.0,1,58,agg,"USDA FAS PS&D (Production, Supply & Distribution)",https://apps.fas.usda.gov/psdonline/downloads/
"Oil, Sunflowerseed",World,1989,Production,(1000 MT),7787.0,1,58,agg,"USDA FAS PS&D (Production, Supply & Distribution)",https://apps.fas.usda.gov/psdonline/downloads/
"Oil, Sunflowerseed",World,1990,Production,(1000 MT),8071.0,1,63,agg,"USDA FAS PS&D (Production, Supply & Distribution)",https://apps.fas.usda.gov/psdonline/downloads/
"Oil, Sunflowerseed",World,1991,Production,(1000 MT),7810.0,1,50,agg,"USDA FAS PS&D (Production, Supply & Distribution)",https://apps.fas.usda.gov/psdonline/downloads/
"Oil, Sunflowerseed",World,1992,Production,(1000 MT),7441.0,1,50,agg,"USDA FAS PS&D (Production, Supply & Distribution)",https://apps.fas.usda.gov/psdonline/downloads/
"Oil, Sunflowerseed",World,1993,Production,(1000 MT),7147.0,1,50,agg,"USDA FAS PS&D (Production, Supply & Distribution)",https://apps.fas.usda.gov/psdonline/downloads/
"Oil, Sunflowerseed",World,1994,Production,(1000 MT),8313.0,1,51,agg,"USDA FAS PS&D (Production, Supply & Distribution)",https://apps.fas.usda.gov/psdonline/downloads/
"Oil, Sunflowerseed",World,1995,Production,(1000 MT),9084.0,1,51,agg,"USDA FAS PS&D (Production, Supply & Distribution)",https://apps.fas.usda.gov/psdonline/downloads/
"Oil, Sunflowerseed",World,1996,Production,(1000 MT),8659.0,1,51,agg,"USDA FAS PS&D (Production, Supply & Distribution)",https://apps.fas.usda.gov/psdonline/downloads/
"Oil, Sunflowerseed",World,1997,Production,(1000 MT),8466.0,1,51,agg,"USDA FAS PS&D (Production, Supply & Distribution)",https://apps.fas.usda.gov/psdonline/downloads/
"Oil, Sunflowerseed",World,1998,Production,(1000 MT),9266.0,1,51,agg,"USDA FAS PS&D (Production, Supply & Distribution)",https://apps.fas.usda.gov/psdonline/downloads/
"Oil, Sunflowerseed",World,1999,Production,(1000 MT),9251.0,1,41,agg,"USDA FAS PS&D (Production, Supply & Distribution)",https://apps.fas.usda.gov/psdonline/downloads/
"Oil, Sunflowerseed",World,2000,Production,(1000 MT),8002.0,1,40,agg,"USDA FAS PS&D (Production, Supply & Distribution)",https://apps.fas.usda.gov/psdonline/downloads/
"Oil, Sunflowerseed",World,2001,Production,(1000 MT),7352.0,1,42,agg,"USDA FAS PS&D (Production, Supply & Distribution)",https://apps.fas.usda.gov/psdonline/downloads/
"Oil, Sunflowerseed",World,2002,Production,(1000 MT),8020.0,1,42,agg,"USDA FAS PS&D (Production, Supply & Distribution)",https://apps.fas.usda.gov/psdonline/downloads/
"Oil, Sunflowerseed",World,2003,Production,(1000 MT),9117.0,1,42,agg,"USDA FAS PS&D (Production, Supply & Distribution)",https://apps.fas.usda.gov/psdonline/downloads/
"Oil, Sunflowerseed",World,2004,Production,(1000 MT),9196.0,1,42,agg,"USDA FAS PS&D (Production, Supply & Distribution)",https://apps.fas.usda.gov/psdonline/downloads/
"Oil, Sunflowerseed",World,2005,Production,(1000 MT),10571.0,1,47,agg,"USDA FAS PS&D (Production, Supply & Distribution)",https://apps.fas.usda.gov/psdonline/downloads/
"Oil, Sunflowerseed",World,2006,Production,(1000 MT),10731.0,1,47,agg,"USDA FAS PS&D (Production, Supply & Distribution)",https://apps.fas.usda.gov/psdonline/downloads/
"Oil, Sunflowerseed",World,2007,Production,(1000 MT),10266.0,1,47,agg,"USDA FAS PS&D (Production, Supply & Distribution)",https://apps.fas.usda.gov/psdonline/downloads/
"Oil, Sunflowerseed",World,2008,Production,(1000 MT),11898.0,1,47,agg,"USDA FAS PS&D (Production, Supply & Distribution)",https://apps.fas.usda.gov/psdonline/downloads/
"Oil, Sunflowerseed",World,2009,Production,(1000 MT),12136.0,1,47,agg,"USDA FAS PS&D (Production, Supply & Distribution)",https://apps.fas.usda.gov/psdonline/downloads/
"Oil, Sunflowerseed",World,2010,Production,(1000 MT),12107.0,1,47,agg,"USDA FAS PS&D (Production, Supply & Distribution)",https://apps.fas.usda.gov/psdonline/downloads/
"Oil, Sunflowerseed",World,2011,Production,(1000 MT),14367.0,1,47,agg,"USDA FAS PS&D (Production, Supply & Distribution)",https://apps.fas.usda.gov/psdonline/downloads/
"Oil, Sunflowerseed",World,2012,Production,(1000 MT),12849.0,1,47,agg,"USDA FAS PS&D (Production, Supply & Distribution)",https://apps.fas.usda.gov/psdonline/downloads/
"Oil, Sunflowerseed",World,2013,Production,(1000 MT),15648.0,1,47,agg,"USDA FAS PS&D (Production, Supply & Distribution)",https://apps.fas.usda.gov/psdonline/downloads/
"Oil, Sunflowerseed",World,2014,Production,(1000 MT),14967.0,1,47,agg,"USDA FAS PS&D (Production, Supply & Distribution)",https://apps.fas.usda.gov/psdonline/downloads/
"Oil, Sunflowerseed",World,2015,Production,(1000 MT),15404.0,1,47,agg,"USDA FAS PS&D (Production, Supply & Distribution)",https://apps.fas.usda.gov/psdonline/downloads/
"Oil, Sunflowerseed",World,2016,Production,(1000 MT),18298.0,1,48,agg,"USDA FAS PS&D (Production, Supply & Distribution)",https://apps.fas.usda.gov/psdonline/downloads/
"Oil, Sunflowerseed",World,2017,Production,(1000 MT),18568.0,1,48,agg,"USDA FAS PS&D (Production, Supply & Distribution)",https://apps.fas.usda.gov/psdonline/downloads/
"Oil, Sunflowerseed",World,2018,Production,(1000 MT),19618.0,1,48,agg,"USDA FAS PS&D (Production, Supply & Distribution)",https://apps.fas.usda.gov/psdonline/downloads/
"Oil, Sunflowerseed",World,2019,Production,(1000 MT),21205.0,1,48,agg,"USDA FAS PS&D (Production, Supply & Distribution)",https://apps.fas.usda.gov/psdonline/downloads/
"Oil, Sunflowerseed",World,2020,Production,(1000 MT),19005.0,1,48,agg,"USDA FAS PS&D (Production, Supply & Distribution)",https://apps.fas.usda.gov/psdonline/downloads/
"Oil, Sunflowerseed",World,2021,Production,(1000 MT),19679.0,1,48,agg,"USDA FAS PS&D (Production, Supply & Distribution)",https://apps.fas.usda.gov/psdonline/downloads/
"Oil, Sunflowerseed",World,2022,Production,(1000 MT),21712.0,1,48,agg,"USDA FAS PS&D (Production, Supply & Distribution)",https://apps.fas.usda.gov/psdonline/downloads/
"Oil, Sunflowerseed",World,2023,Production,(1000 MT),22119.0,1,48,agg,"USDA FAS PS&D (Production, Supply & Distribution)",https://apps.fas.usda.gov/psdonline/downloads/
"Oil, Sunflowerseed",World,2024,Production,(1000 MT),20410.0,1,48,agg,"USDA FAS PS&D (Production, Supply & Distribution)",https://apps.fas.usda.gov/psdonline/downloads/
"Oil, Sunflowerseed",World,2025,Production,(1000 MT),21114.0,1,48,agg,"USDA FAS PS&D (Production, Supply & Distribution)",https://apps.fas.usda.gov/psdonline/downloads/
"Oil, Sunflowerseed",World,2026,Production,(1000 MT),23513.0,1,48,agg,"USDA FAS PS&D (Production, Supply & Distribution)",https://apps.fas.usda.gov/psdonline/downloads/
"Oil, Sunflowerseed",World,1964,Total Distribution,(1000 MT),49.0,1,8,agg,"USDA FAS PS&D (Production, Supply & Distribution)",https://apps.fas.usda.gov/psdonline/downloads/
"Oil, Sunflowerseed",World,1965,Total Distribution,(1000 MT),104.0,1,8,agg,"USDA FAS PS&D (Production, Supply & Distribution)",https://apps.fas.usda.gov/psdonline/downloads/
"Oil, Sunflowerseed",World,1966,Total Distribution,(1000 MT),196.0,1,9,agg,"USDA FAS PS&D (Production, Supply & Distribution)",https://apps.fas.usda.gov/psdonline/downloads/
"Oil, Sunflowerseed",World,1967,Total Distribution,(1000 MT),245.0,1,9,agg,"USDA FAS PS&D (Production, Supply & Distribution)",https://apps.fas.usda.gov/psdonline/downloads/
"Oil, Sunflowerseed",World,1968,Total Distribution,(1000 MT),270.0,1,9,agg,"USDA FAS PS&D (Production, Supply & Distribution)",https://apps.fas.usda.gov/psdonline/downloads/
"Oil, Sunflowerseed",World,1969,Total Distribution,(1000 MT),144.0,1,9,agg,"USDA FAS PS&D (Production, Supply & Distribution)",https://apps.fas.usda.gov/psdonline/downloads/
"Oil, Sunflowerseed",World,1970,Total Distribution,(1000 MT),124.0,1,8,agg,"USDA FAS PS&D (Production, Supply & Distribution)",https://apps.fas.usda.gov/psdonline/downloads/
"Oil, Sunflowerseed",World,1971,Total Distribution,(1000 MT),161.0,1,9,agg,"USDA FAS PS&D (Production, Supply & Distribution)",https://apps.fas.usda.gov/psdonline/downloads/
"Oil, Sunflowerseed",World,1972,Total Distribution,(1000 MT),4193.0,1,40,agg,"USDA FAS PS&D (Production, Supply & Distribution)",https://apps.fas.usda.gov/psdonline/downloads/
"Oil, Sunflowerseed",World,1973,Total Distribution,(1000 MT),4970.0,1,38,agg,"USDA FAS PS&D (Production, Supply & Distribution)",https://apps.fas.usda.gov/psdonline/downloads/
"Oil, Sunflowerseed",World,1974,Total Distribution,(1000 MT),4577.0,1,39,agg,"USDA FAS PS&D (Production, Supply & Distribution)",https://apps.fas.usda.gov/psdonline/downloads/
"Oil, Sunflowerseed",World,1975,Total Distribution,(1000 MT),4042.0,1,41,agg,"USDA FAS PS&D (Production, Supply & Distribution)",https://apps.fas.usda.gov/psdonline/downloads/
"Oil, Sunflowerseed",World,1976,Total Distribution,(1000 MT),4171.0,1,41,agg,"USDA FAS PS&D (Production, Supply & Distribution)",https://apps.fas.usda.gov/psdonline/downloads/
"Oil, Sunflowerseed",World,1977,Total Distribution,(1000 MT),5022.0,1,42,agg,"USDA FAS PS&D (Production, Supply & Distribution)",https://apps.fas.usda.gov/psdonline/downloads/
"Oil, Sunflowerseed",World,1978,Total Distribution,(1000 MT),5375.0,1,43,agg,"USDA FAS PS&D (Production, Supply & Distribution)",https://apps.fas.usda.gov/psdonline/downloads/
"Oil, Sunflowerseed",World,1979,Total Distribution,(1000 MT),5994.0,1,45,agg,"USDA FAS PS&D (Production, Supply & Distribution)",https://apps.fas.usda.gov/psdonline/downloads/
"Oil, Sunflowerseed",World,1980,Total Distribution,(1000 MT),5864.0,1,46,agg,"USDA FAS PS&D (Production, Supply & Distribution)",https://apps.fas.usda.gov/psdonline/downloads/
"Oil, Sunflowerseed",World,1981,Total Distribution,(1000 MT),6310.0,1,46,agg,"USDA FAS PS&D (Production, Supply & Distribution)",https://apps.fas.usda.gov/psdonline/downloads/
"Oil, Sunflowerseed",World,1982,Total Distribution,(1000 MT),7359.0,1,48,agg,"USDA FAS PS&D (Production, Supply & Distribution)",https://apps.fas.usda.gov/psdonline/downloads/
"Oil, Sunflowerseed",World,1983,Total Distribution,(1000 MT),7507.0,1,47,agg,"USDA FAS PS&D (Production, Supply & Distribution)",https://apps.fas.usda.gov/psdonline/downloads/
"Oil, Sunflowerseed",World,1984,Total Distribution,(1000 MT),8261.0,1,47,agg,"USDA FAS PS&D (Production, Supply & Distribution)",https://apps.fas.usda.gov/psdonline/downloads/
"Oil, Sunflowerseed",World,1985,Total Distribution,(1000 MT),9151.0,1,49,agg,"USDA FAS PS&D (Production, Supply & Distribution)",https://apps.fas.usda.gov/psdonline/downloads/
"Oil, Sunflowerseed",World,1986,Total Distribution,(1000 MT),8970.0,1,49,agg,"USDA FAS PS&D (Production, Supply & Distribution)",https://apps.fas.usda.gov/psdonline/downloads/
"Oil, Sunflowerseed",World,1987,Total Distribution,(1000 MT),10860.0,1,58,agg,"USDA FAS PS&D (Production, Supply & Distribution)",https://apps.fas.usda.gov/psdonline/downloads/
"Oil, Sunflowerseed",World,1988,Total Distribution,(1000 MT),10912.0,1,58,agg,"USDA FAS PS&D (Production, Supply & Distribution)",https://apps.fas.usda.gov/psdonline/downloads/
"Oil, Sunflowerseed",World,1989,Total Distribution,(1000 MT),11526.0,1,58,agg,"USDA FAS PS&D (Production, Supply & Distribution)",https://apps.fas.usda.gov/psdonline/downloads/
"Oil, Sunflowerseed",World,1990,Total Distribution,(1000 MT),11991.0,1,63,agg,"USDA FAS PS&D (Production, Supply & Distribution)",https://apps.fas.usda.gov/psdonline/downloads/
"Oil, Sunflowerseed",World,1991,Total Distribution,(1000 MT),11072.0,1,50,agg,"USDA FAS PS&D (Production, Supply & Distribution)",https://apps.fas.usda.gov/psdonline/downloads/
"Oil, Sunflowerseed",World,1992,Total Distribution,(1000 MT),10101.0,1,50,agg,"USDA FAS PS&D (Production, Supply & Distribution)",https://apps.fas.usda.gov/psdonline/downloads/
"Oil, Sunflowerseed",World,1993,Total Distribution,(1000 MT),9767.0,1,50,agg,"USDA FAS PS&D (Production, Supply & Distribution)",https://apps.fas.usda.gov/psdonline/downloads/
"Oil, Sunflowerseed",World,1994,Total Distribution,(1000 MT),11651.0,1,51,agg,"USDA FAS PS&D (Production, Supply & Distribution)",https://apps.fas.usda.gov/psdonline/downloads/
"Oil, Sunflowerseed",World,1995,Total Distribution,(1000 MT),12329.0,1,51,agg,"USDA FAS PS&D (Production, Supply & Distribution)",https://apps.fas.usda.gov/psdonline/downloads/
"Oil, Sunflowerseed",World,1996,Total Distribution,(1000 MT),13031.0,1,51,agg,"USDA FAS PS&D (Production, Supply & Distribution)",https://apps.fas.usda.gov/psdonline/downloads/
"Oil, Sunflowerseed",World,1997,Total Distribution,(1000 MT),12124.0,1,51,agg,"USDA FAS PS&D (Production, Supply & Distribution)",https://apps.fas.usda.gov/psdonline/downloads/
"Oil, Sunflowerseed",World,1998,Total Distribution,(1000 MT),13017.0,1,51,agg,"USDA FAS PS&D (Production, Supply & Distribution)",https://apps.fas.usda.gov/psdonline/downloads/
"Oil, Sunflowerseed",World,1999,Total Distribution,(1000 MT),12805.0,1,41,agg,"USDA FAS PS&D (Production, Supply & Distribution)",https://apps.fas.usda.gov/psdonline/downloads/
"Oil, Sunflowerseed",World,2000,Total Distribution,(1000 MT),11201.0,1,40,agg,"USDA FAS PS&D (Production, Supply & Distribution)",https://apps.fas.usda.gov/psdonline/downloads/
"Oil, Sunflowerseed",World,2001,Total Distribution,(1000 MT),10163.0,1,42,agg,"USDA FAS PS&D (Production, Supply & Distribution)",https://apps.fas.usda.gov/psdonline/downloads/
"Oil, Sunflowerseed",World,2002,Total Distribution,(1000 MT),10706.0,1,42,agg,"USDA FAS PS&D (Production, Supply & Distribution)",https://apps.fas.usda.gov/psdonline/downloads/
"Oil, Sunflowerseed",World,2003,Total Distribution,(1000 MT),11917.0,1,42,agg,"USDA FAS PS&D (Production, Supply & Distribution)",https://apps.fas.usda.gov/psdonline/downloads/
"Oil, Sunflowerseed",World,2004,Total Distribution,(1000 MT),12207.0,1,42,agg,"USDA FAS PS&D (Production, Supply & Distribution)",https://apps.fas.usda.gov/psdonline/downloads/
"Oil, Sunflowerseed",World,2005,Total Distribution,(1000 MT),14917.0,1,47,agg,"USDA FAS PS&D (Production, Supply & Distribution)",https://apps.fas.usda.gov/psdonline/downloads/
"Oil, Sunflowerseed",World,2006,Total Distribution,(1000 MT),15426.0,1,47,agg,"USDA FAS PS&D (Production, Supply & Distribution)",https://apps.fas.usda.gov/psdonline/downloads/
"Oil, Sunflowerseed",World,2007,Total Distribution,(1000 MT),14245.0,1,47,agg,"USDA FAS PS&D (Production, Supply & Distribution)",https://apps.fas.usda.gov/psdonline/downloads/
"Oil, Sunflowerseed",World,2008,Total Distribution,(1000 MT),17324.0,1,47,agg,"USDA FAS PS&D (Production, Supply & Distribution)",https://apps.fas.usda.gov/psdonline/downloads/
"Oil, Sunflowerseed",World,2009,Total Distribution,(1000 MT),17968.0,1,47,agg,"USDA FAS PS&D (Production, Supply & Distribution)",https://apps.fas.usda.gov/psdonline/downloads/
"Oil, Sunflowerseed",World,2010,Total Distribution,(1000 MT),17837.0,1,47,agg,"USDA FAS PS&D (Production, Supply & Distribution)",https://apps.fas.usda.gov/psdonline/downloads/
"Oil, Sunflowerseed",World,2011,Total Distribution,(1000 MT),22191.0,1,47,agg,"USDA FAS PS&D (Production, Supply & Distribution)",https://apps.fas.usda.gov/psdonline/downloads/
"Oil, Sunflowerseed",World,2012,Total Distribution,(1000 MT),20992.0,1,47,agg,"USDA FAS PS&D (Production, Supply & Distribution)",https://apps.fas.usda.gov/psdonline/downloads/
"Oil, Sunflowerseed",World,2013,Total Distribution,(1000 MT),24938.0,1,47,agg,"USDA FAS PS&D (Production, Supply & Distribution)",https://apps.fas.usda.gov/psdonline/downloads/
"Oil, Sunflowerseed",World,2014,Total Distribution,(1000 MT),24239.0,1,47,agg,"USDA FAS PS&D (Production, Supply & Distribution)",https://apps.fas.usda.gov/psdonline/downloads/
"Oil, Sunflowerseed",World,2015,Total Distribution,(1000 MT),25317.0,1,47,agg,"USDA FAS PS&D (Production, Supply & Distribution)",https://apps.fas.usda.gov/psdonline/downloads/
"Oil, Sunflowerseed",World,2016,Total Distribution,(1000 MT),29734.0,1,48,agg,"USDA FAS PS&D (Production, Supply & Distribution)",https://apps.fas.usda.gov/psdonline/downloads/
"Oil, Sunflowerseed",World,2017,Total Distribution,(1000 MT),30333.0,1,48,agg,"USDA FAS PS&D (Production, Supply & Distribution)",https://apps.fas.usda.gov/psdonline/downloads/
"Oil, Sunflowerseed",World,2018,Total Distribution,(1000 MT),31976.0,1,48,agg,"USDA FAS PS&D (Production, Supply & Distribution)",https://apps.fas.usda.gov/psdonline/downloads/
"Oil, Sunflowerseed",World,2019,Total Distribution,(1000 MT),35394.0,1,48,agg,"USDA FAS PS&D (Production, Supply & Distribution)",https://apps.fas.usda.gov/psdonline/downloads/
"Oil, Sunflowerseed",World,2020,Total Distribution,(1000 MT),31709.0,1,48,agg,"USDA FAS PS&D (Production, Supply & Distribution)",https://apps.fas.usda.gov/psdonline/downloads/
"Oil, Sunflowerseed",World,2021,Total Distribution,(1000 MT),31505.0,1,48,agg,"USDA FAS PS&D (Production, Supply & Distribution)",https://apps.fas.usda.gov/psdonline/downloads/
"Oil, Sunflowerseed",World,2022,Total Distribution,(1000 MT),37086.0,1,48,agg,"USDA FAS PS&D (Production, Supply & Distribution)",https://apps.fas.usda.gov/psdonline/downloads/
"Oil, Sunflowerseed",World,2023,Total Distribution,(1000 MT),39303.0,1,48,agg,"USDA FAS PS&D (Production, Supply & Distribution)",https://apps.fas.usda.gov/psdonline/downloads/
"Oil, Sunflowerseed",World,2024,Total Distribution,(1000 MT),35309.0,1,48,agg,"USDA FAS PS&D (Production, Supply & Distribution)",https://apps.fas.usda.gov/psdonline/downloads/
"Oil, Sunflowerseed",World,2025,Total Distribution,(1000 MT),35288.0,1,48,agg,"USDA FAS PS&D (Production, Supply & Distribution)",https://apps.fas.usda.gov/psdonline/downloads/
"Oil, Sunflowerseed",World,2026,Total Distribution,(1000 MT),40185.0,1,48,agg,"USDA FAS PS&D (Production, Supply & Distribution)",https://apps.fas.usda.gov/psdonline/downloads/
"Oil, Sunflowerseed",World,1964,Total Supply,(1000 MT),49.0,1,8,agg,"USDA FAS PS&D (Production, Supply & Distribution)",https://apps.fas.usda.gov/psdonline/downloads/
"Oil, Sunflowerseed",World,1965,Total Supply,(1000 MT),104.0,1,8,agg,"USDA FAS PS&D (Production, Supply & Distribution)",https://apps.fas.usda.gov/psdonline/downloads/
"Oil, Sunflowerseed",World,1966,Total Supply,(1000 MT),196.0,1,9,agg,"USDA FAS PS&D (Production, Supply & Distribution)",https://apps.fas.usda.gov/psdonline/downloads/
"Oil, Sunflowerseed",World,1967,Total Supply,(1000 MT),245.0,1,9,agg,"USDA FAS PS&D (Production, Supply & Distribution)",https://apps.fas.usda.gov/psdonline/downloads/
"Oil, Sunflowerseed",World,1968,Total Supply,(1000 MT),270.0,1,9,agg,"USDA FAS PS&D (Production, Supply & Distribution)",https://apps.fas.usda.gov/psdonline/downloads/
"Oil, Sunflowerseed",World,1969,Total Supply,(1000 MT),144.0,1,9,agg,"USDA FAS PS&D (Production, Supply & Distribution)",https://apps.fas.usda.gov/psdonline/downloads/
"Oil, Sunflowerseed",World,1970,Total Supply,(1000 MT),124.0,1,8,agg,"USDA FAS PS&D (Production, Supply & Distribution)",https://apps.fas.usda.gov/psdonline/downloads/
"Oil, Sunflowerseed",World,1971,Total Supply,(1000 MT),161.0,1,9,agg,"USDA FAS PS&D (Production, Supply & Distribution)",https://apps.fas.usda.gov/psdonline/downloads/
"Oil, Sunflowerseed",World,1972,Total Supply,(1000 MT),4193.0,1,40,agg,"USDA FAS PS&D (Production, Supply & Distribution)",https://apps.fas.usda.gov/psdonline/downloads/
"Oil, Sunflowerseed",World,1973,Total Supply,(1000 MT),4970.0,1,38,agg,"USDA FAS PS&D (Production, Supply & Distribution)",https://apps.fas.usda.gov/psdonline/downloads/
"Oil, Sunflowerseed",World,1974,Total Supply,(1000 MT),4577.0,1,39,agg,"USDA FAS PS&D (Production, Supply & Distribution)",https://apps.fas.usda.gov/psdonline/downloads/
"Oil, Sunflowerseed",World,1975,Total Supply,(1000 MT),4042.0,1,41,agg,"USDA FAS PS&D (Production, Supply & Distribution)",https://apps.fas.usda.gov/psdonline/downloads/
"Oil, Sunflowerseed",World,1976,Total Supply,(1000 MT),4171.0,1,41,agg,"USDA FAS PS&D (Production, Supply & Distribution)",https://apps.fas.usda.gov/psdonline/downloads/
"Oil, Sunflowerseed",World,1977,Total Supply,(1000 MT),5022.0,1,42,agg,"USDA FAS PS&D (Production, Supply & Distribution)",https://apps.fas.usda.gov/psdonline/downloads/
"Oil, Sunflowerseed",World,1978,Total Supply,(1000 MT),5375.0,1,43,agg,"USDA FAS PS&D (Production, Supply & Distribution)",https://apps.fas.usda.gov/psdonline/downloads/
"Oil, Sunflowerseed",World,1979,Total Supply,(1000 MT),5994.0,1,45,agg,"USDA FAS PS&D (Production, Supply & Distribution)",https://apps.fas.usda.gov/psdonline/downloads/
"Oil, Sunflowerseed",World,1980,Total Supply,(1000 MT),5864.0,1,46,agg,"USDA FAS PS&D (Production, Supply & Distribution)",https://apps.fas.usda.gov/psdonline/downloads/
"Oil, Sunflowerseed",World,1981,Total Supply,(1000 MT),6310.0,1,46,agg,"USDA FAS PS&D (Production, Supply & Distribution)",https://apps.fas.usda.gov/psdonline/downloads/
"Oil, Sunflowerseed",World,1982,Total Supply,(1000 MT),7359.0,1,48,agg,"USDA FAS PS&D (Production, Supply & Distribution)",https://apps.fas.usda.gov/psdonline/downloads/
"Oil, Sunflowerseed",World,1983,Total Supply,(1000 MT),7507.0,1,47,agg,"USDA FAS PS&D (Production, Supply & Distribution)",https://apps.fas.usda.gov/psdonline/downloads/
"Oil, Sunflowerseed",World,1984,Total Supply,(1000 MT),8261.0,1,47,agg,"USDA FAS PS&D (Production, Supply & Distribution)",https://apps.fas.usda.gov/psdonline/downloads/
"Oil, Sunflowerseed",World,1985,Total Supply,(1000 MT),9151.0,1,49,agg,"USDA FAS PS&D (Production, Supply & Distribution)",https://apps.fas.usda.gov/psdonline/downloads/
"Oil, Sunflowerseed",World,1986,Total Supply,(1000 MT),8970.0,1,49,agg,"USDA FAS PS&D (Production, Supply & Distribution)",https://apps.fas.usda.gov/psdonline/downloads/
"Oil, Sunflowerseed",World,1987,Total Supply,(1000 MT),10860.0,1,58,agg,"USDA FAS PS&D (Production, Supply & Distribution)",https://apps.fas.usda.gov/psdonline/downloads/
"Oil, Sunflowerseed",World,1988,Total Supply,(1000 MT),10912.0,1,58,agg,"USDA FAS PS&D (Production, Supply & Distribution)",https://apps.fas.usda.gov/psdonline/downloads/
"Oil, Sunflowerseed",World,1989,Total Supply,(1000 MT),11526.0,1,58,agg,"USDA FAS PS&D (Production, Supply & Distribution)",https://apps.fas.usda.gov/psdonline/downloads/
"Oil, Sunflowerseed",World,1990,Total Supply,(1000 MT),11991.0,1,63,agg,"USDA FAS PS&D (Production, Supply & Distribution)",https://apps.fas.usda.gov/psdonline/downloads/
"Oil, Sunflowerseed",World,1991,Total Supply,(1000 MT),11072.0,1,50,agg,"USDA FAS PS&D (Production, Supply & Distribution)",https://apps.fas.usda.gov/psdonline/downloads/
"Oil, Sunflowerseed",World,1992,Total Supply,(1000 MT),10101.0,1,50,agg,"USDA FAS PS&D (Production, Supply & Distribution)",https://apps.fas.usda.gov/psdonline/downloads/
"Oil, Sunflowerseed",World,1993,Total Supply,(1000 MT),9767.0,1,50,agg,"USDA FAS PS&D (Production, Supply & Distribution)",https://apps.fas.usda.gov/psdonline/downloads/
"Oil, Sunflowerseed",World,1994,Total Supply,(1000 MT),11651.0,1,51,agg,"USDA FAS PS&D (Production, Supply & Distribution)",https://apps.fas.usda.gov/psdonline/downloads/
"Oil, Sunflowerseed",World,1995,Total Supply,(1000 MT),12329.0,1,51,agg,"USDA FAS PS&D (Production, Supply & Distribution)",https://apps.fas.usda.gov/psdonline/downloads/
"Oil, Sunflowerseed",World,1996,Total Supply,(1000 MT),13031.0,1,51,agg,"USDA FAS PS&D (Production, Supply & Distribution)",https://apps.fas.usda.gov/psdonline/downloads/
"Oil, Sunflowerseed",World,1997,Total Supply,(1000 MT),12124.0,1,51,agg,"USDA FAS PS&D (Production, Supply & Distribution)",https://apps.fas.usda.gov/psdonline/downloads/
"Oil, Sunflowerseed",World,1998,Total Supply,(1000 MT),13017.0,1,51,agg,"USDA FAS PS&D (Production, Supply & Distribution)",https://apps.fas.usda.gov/psdonline/downloads/
"Oil, Sunflowerseed",World,1999,Total Supply,(1000 MT),12805.0,1,41,agg,"USDA FAS PS&D (Production, Supply & Distribution)",https://apps.fas.usda.gov/psdonline/downloads/
"Oil, Sunflowerseed",World,2000,Total Supply,(1000 MT),11201.0,1,40,agg,"USDA FAS PS&D (Production, Supply & Distribution)",https://apps.fas.usda.gov/psdonline/downloads/
"Oil, Sunflowerseed",World,2001,Total Supply,(1000 MT),10163.0,1,42,agg,"USDA FAS PS&D (Production, Supply & Distribution)",https://apps.fas.usda.gov/psdonline/downloads/
"Oil, Sunflowerseed",World,2002,Total Supply,(1000 MT),10706.0,1,42,agg,"USDA FAS PS&D (Production, Supply & Distribution)",https://apps.fas.usda.gov/psdonline/downloads/
"Oil, Sunflowerseed",World,2003,Total Supply,(1000 MT),11917.0,1,42,agg,"USDA FAS PS&D (Production, Supply & Distribution)",https://apps.fas.usda.gov/psdonline/downloads/
"Oil, Sunflowerseed",World,2004,Total Supply,(1000 MT),12207.0,1,42,agg,"USDA FAS PS&D (Production, Supply & Distribution)",https://apps.fas.usda.gov/psdonline/downloads/
"Oil, Sunflowerseed",World,2005,Total Supply,(1000 MT),14917.0,1,47,agg,"USDA FAS PS&D (Production, Supply & Distribution)",https://apps.fas.usda.gov/psdonline/downloads/
"Oil, Sunflowerseed",World,2006,Total Supply,(1000 MT),15426.0,1,47,agg,"USDA FAS PS&D (Production, Supply & Distribution)",https://apps.fas.usda.gov/psdonline/downloads/
"Oil, Sunflowerseed",World,2007,Total Supply,(1000 MT),14245.0,1,47,agg,"USDA FAS PS&D (Production, Supply & Distribution)",https://apps.fas.usda.gov/psdonline/downloads/
"Oil, Sunflowerseed",World,2008,Total Supply,(1000 MT),17324.0,1,47,agg,"USDA FAS PS&D (Production, Supply & Distribution)",https://apps.fas.usda.gov/psdonline/downloads/
"Oil, Sunflowerseed",World,2009,Total Supply,(1000 MT),17968.0,1,47,agg,"USDA FAS PS&D (Production, Supply & Distribution)",https://apps.fas.usda.gov/psdonline/downloads/
"Oil, Sunflowerseed",World,2010,Total Supply,(1000 MT),17837.0,1,47,agg,"USDA FAS PS&D (Production, Supply & Distribution)",https://apps.fas.usda.gov/psdonline/downloads/
"Oil, Sunflowerseed",World,2011,Total Supply,(1000 MT),22191.0,1,47,agg,"USDA FAS PS&D (Production, Supply & Distribution)",https://apps.fas.usda.gov/psdonline/downloads/
"Oil, Sunflowerseed",World,2012,Total Supply,(1000 MT),20992.0,1,47,agg,"USDA FAS PS&D (Production, Supply & Distribution)",https://apps.fas.usda.gov/psdonline/downloads/
"Oil, Sunflowerseed",World,2013,Total Supply,(1000 MT),24938.0,1,47,agg,"USDA FAS PS&D (Production, Supply & Distribution)",https://apps.fas.usda.gov/psdonline/downloads/
"Oil, Sunflowerseed",World,2014,Total Supply,(1000 MT),24239.0,1,47,agg,"USDA FAS PS&D (Production, Supply & Distribution)",https://apps.fas.usda.gov/psdonline/downloads/
"Oil, Sunflowerseed",World,2015,Total Supply,(1000 MT),25317.0,1,47,agg,"USDA FAS PS&D (Production, Supply & Distribution)",https://apps.fas.usda.gov/psdonline/downloads/
"Oil, Sunflowerseed",World,2016,Total Supply,(1000 MT),29734.0,1,48,agg,"USDA FAS PS&D (Production, Supply & Distribution)",https://apps.fas.usda.gov/psdonline/downloads/
"Oil, Sunflowerseed",World,2017,Total Supply,(1000 MT),30333.0,1,48,agg,"USDA FAS PS&D (Production, Supply & Distribution)",https://apps.fas.usda.gov/psdonline/downloads/
"Oil, Sunflowerseed",World,2018,Total Supply,(1000 MT),31976.0,1,48,agg,"USDA FAS PS&D (Production, Supply & Distribution)",https://apps.fas.usda.gov/psdonline/downloads/
"Oil, Sunflowerseed",World,2019,Total Supply,(1000 MT),35394.0,1,48,agg,"USDA FAS PS&D (Production, Supply & Distribution)",https://apps.fas.usda.gov/psdonline/downloads/
"Oil, Sunflowerseed",World,2020,Total Supply,(1000 MT),31709.0,1,48,agg,"USDA FAS PS&D (Production, Supply & Distribution)",https://apps.fas.usda.gov/psdonline/downloads/
"Oil, Sunflowerseed",World,2021,Total Supply,(1000 MT),31505.0,1,48,agg,"USDA FAS PS&D (Production, Supply & Distribution)",https://apps.fas.usda.gov/psdonline/downloads/
"Oil, Sunflowerseed",World,2022,Total Supply,(1000 MT),37086.0,1,48,agg,"USDA FAS PS&D (Production, Supply & Distribution)",https://apps.fas.usda.gov/psdonline/downloads/
"Oil, Sunflowerseed",World,2023,Total Supply,(1000 MT),39303.0,1,48,agg,"USDA FAS PS&D (Production, Supply & Distribution)",https://apps.fas.usda.gov/psdonline/downloads/
"Oil, Sunflowerseed",World,2024,Total Supply,(1000 MT),35309.0,1,48,agg,"USDA FAS PS&D (Production, Supply & Distribution)",https://apps.fas.usda.gov/psdonline/downloads/
"Oil, Sunflowerseed",World,2025,Total Supply,(1000 MT),35288.0,1,48,agg,"USDA FAS PS&D (Production, Supply & Distribution)",https://apps.fas.usda.gov/psdonline/downloads/
"Oil, Sunflowerseed",World,2026,Total Supply,(1000 MT),40185.0,1,48,agg,"USDA FAS PS&D (Production, Supply & Distribution)",https://apps.fas.usda.gov/psdonline/downloads/
