commodity,country,market_year,attribute,unit,value,is_aggregate,n_countries,vintage_month,source,source_url
"Oil, Rapeseed",United States,1964,Beginning Stocks,(1000 MT),0.0,0,1,06,"USDA FAS PS&D (Production, Supply & Distribution)",https://apps.fas.usda.gov/psdonline/downloads/
"Oil, Rapeseed",United States,1965,Beginning Stocks,(1000 MT),0.0,0,1,06,"USDA FAS PS&D (Production, Supply & Distribution)",https://apps.fas.usda.gov/psdonline/downloads/
"Oil, Rapeseed",United States,1966,Beginning Stocks,(1000 MT),0.0,0,1,06,"USDA FAS PS&D (Production, Supply & Distribution)",https://apps.fas.usda.gov/psdonline/downloads/
"Oil, Rapeseed",United States,1967,Beginning Stocks,(1000 MT),0.0,0,1,06,"USDA FAS PS&D (Production, Supply & Distribution)",https://apps.fas.usda.gov/psdonline/downloads/
"Oil, Rapeseed",United States,1968,Beginning Stocks,(1000 MT),0.0,0,1,06,"USDA FAS PS&D (Production, Supply & Distribution)",https://apps.fas.usda.gov/psdonline/downloads/
"Oil, Rapeseed",United States,1969,Beginning Stocks,(1000 MT),0.0,0,1,06,"USDA FAS PS&D (Production, Supply & Distribution)",https://apps.fas.usda.gov/psdonline/downloads/
"Oil, Rapeseed",United States,1970,Beginning Stocks,(1000 MT),0.0,0,1,06,"USDA FAS PS&D (Production, Supply & Distribution)",https://apps.fas.usda.gov/psdonline/downloads/
"Oil, Rapeseed",United States,1971,Beginning Stocks,(1000 MT),0.0,0,1,06,"USDA FAS PS&D (Production, Supply & Distribution)",https://apps.fas.usda.gov/psdonline/downloads/
"Oil, Rapeseed",United States,1972,Beginning Stocks,(1000 MT),0.0,0,1,06,"USDA FAS PS&D (Production, Supply & Distribution)",https://apps.fas.usda.gov/psdonline/downloads/
"Oil, Rapeseed",United States,1973,Beginning Stocks,(1000 MT),0.0,0,1,06,"USDA FAS PS&D (Production, Supply & Distribution)",https://apps.fas.usda.gov/psdonline/downloads/
"Oil, Rapeseed",United States,1974,Beginning Stocks,(1000 MT),0.0,0,1,06,"USDA FAS PS&D (Production, Supply & Distribution)",https://apps.fas.usda.gov/psdonline/downloads/
"Oil, Rapeseed",United States,1975,Beginning Stocks,(1000 MT),0.0,0,1,06,"USDA FAS PS&D (Production, Supply & Distribution)",https://apps.fas.usda.gov/psdonline/downloads/
"Oil, Rapeseed",United States,1976,Beginning Stocks,(1000 MT),0.0,0,1,06,"USDA FAS PS&D (Production, Supply & Distribution)",https://apps.fas.usda.gov/psdonline/downloads/
"Oil, Rapeseed",United States,1977,Beginning Stocks,(1000 MT),0.0,0,1,06,"USDA FAS PS&D (Production, Supply & Distribution)",https://apps.fas.usda.gov/psdonline/downloads/
"Oil, Rapeseed",United States,1978,Beginning Stocks,(1000 MT),0.0,0,1,06,"USDA FAS PS&D (Production, Supply & Distribution)",https://apps.fas.usda.gov/psdonline/downloads/
"Oil, Rapeseed",United States,1979,Beginning Stocks,(1000 MT),0.0,0,1,06,"USDA FAS PS&D (Production, Supply & Distribution)",https://apps.fas.usda.gov/psdonline/downloads/
"Oil, Rapeseed",United States,1980,Beginning Stocks,(1000 MT),0.0,0,1,06,"USDA FAS PS&D (Production, Supply & Distribution)",https://apps.fas.usda.gov/psdonline/downloads/
"Oil, Rapeseed",United States,1981,Beginning Stocks,(1000 MT),0.0,0,1,06,"USDA FAS PS&D (Production, Supply & Distribution)",https://apps.fas.usda.gov/psdonline/downloads/
"Oil, Rapeseed",United States,1982,Beginning Stocks,(1000 MT),0.0,0,1,06,"USDA FAS PS&D (Production, Supply & Distribution)",https://apps.fas.usda.gov/psdonline/downloads/
"Oil, Rapeseed",United States,1983,Beginning Stocks,(1000 MT),0.0,0,1,06,"USDA FAS PS&D (Production, Supply & Distribution)",https://apps.fas.usda.gov/psdonline/downloads/
"Oil, Rapeseed",United States,1984,Beginning Stocks,(1000 MT),0.0,0,1,06,"USDA FAS PS&D (Production, Supply & Distribution)",https://apps.fas.usda.gov/psdonline/downloads/
"Oil, Rapeseed",United States,1985,Beginning Stocks,(1000 MT),0.0,0,1,06,"USDA FAS PS&D (Production, Supply & Distribution)",https://apps.fas.usda.gov/psdonline/downloads/
"Oil, Rapeseed",United States,1986,Beginning Stocks,(1000 MT),0.0,0,1,06,"USDA FAS PS&D (Production, Supply & Distribution)",https://apps.fas.usda.gov/psdonline/downloads/
"Oil, Rapeseed",United States,1987,Beginning Stocks,(1000 MT),2.0,0,1,07,"USDA FAS PS&D (Production, Supply & Distribution)",https://apps.fas.usda.gov/psdonline/downloads/
"Oil, Rapeseed",United States,1988,Beginning Stocks,(1000 MT),15.0,0,1,07,"USDA FAS PS&D (Production, Supply & Distribution)",https://apps.fas.usda.gov/psdonline/downloads/
"Oil, Rapeseed",United States,1989,Beginning Stocks,(1000 MT),10.0,0,1,07,"USDA FAS PS&D (Production, Supply & Distribution)",https://apps.fas.usda.gov/psdonline/downloads/
"Oil, Rapeseed",United States,1990,Beginning Stocks,(1000 MT),12.0,0,1,07,"USDA FAS PS&D (Production, Supply & Distribution)",https://apps.fas.usda.gov/psdonline/downloads/
"Oil, Rapeseed",United States,1991,Beginning Stocks,(1000 MT),19.0,0,1,08,"USDA FAS PS&D (Production, Supply & Distribution)",https://apps.fas.usda.gov/psdonline/downloads/
"Oil, Rapeseed",United States,1992,Beginning Stocks,(1000 MT),33.0,0,1,07,"USDA FAS PS&D (Production, Supply & Distribution)",https://apps.fas.usda.gov/psdonline/downloads/
"Oil, Rapeseed",United States,1993,Beginning Stocks,(1000 MT),31.0,0,1,07,"USDA FAS PS&D (Production, Supply & Distribution)",https://apps.fas.usda.gov/psdonline/downloads/
"Oil, Rapeseed",United States,1994,Beginning Stocks,(1000 MT),62.0,0,1,07,"USDA FAS PS&D (Production, Supply & Distribution)",https://apps.fas.usda.gov/psdonline/downloads/
"Oil, Rapeseed",United States,1995,Beginning Stocks,(1000 MT),25.0,0,1,07,"USDA FAS PS&D (Production, Supply & Distribution)",https://apps.fas.usda.gov/psdonline/downloads/
"Oil, Rapeseed",United States,1996,Beginning Stocks,(1000 MT),35.0,0,1,07,"USDA FAS PS&D (Production, Supply & Distribution)",https://apps.fas.usda.gov/psdonline/downloads/
"Oil, Rapeseed",United States,1997,Beginning Stocks,(1000 MT),29.0,0,1,07,"USDA FAS PS&D (Production, Supply & Distribution)",https://apps.fas.usda.gov/psdonline/downloads/
"Oil, Rapeseed",United States,1998,Beginning Stocks,(1000 MT),51.0,0,1,05,"USDA FAS PS&D (Production, Supply & Distribution)",https://apps.fas.usda.gov/psdonline/downloads/
"Oil, Rapeseed",United States,1999,Beginning Stocks,(1000 MT),77.0,0,1,05,"USDA FAS PS&D (Production, Supply & Distribution)",https://apps.fas.usda.gov/psdonline/downloads/
"Oil, Rapeseed",United States,2000,Beginning Stocks,(1000 MT),94.0,0,1,07,"USDA FAS PS&D (Production, Supply & Distribution)",https://apps.fas.usda.gov/psdonline/downloads/
"Oil, Rapeseed",United States,2001,Beginning Stocks,(1000 MT),50.0,0,1,08,"USDA FAS PS&D (Production, Supply & Distribution)",https://apps.fas.usda.gov/psdonline/downloads/
"Oil, Rapeseed",United States,2002,Beginning Stocks,(1000 MT),24.0,0,1,05,"USDA FAS PS&D (Production, Supply & Distribution)",https://apps.fas.usda.gov/psdonline/downloads/
"Oil, Rapeseed",United States,2003,Beginning Stocks,(1000 MT),35.0,0,1,08,"USDA FAS PS&D (Production, Supply & Distribution)",https://apps.fas.usda.gov/psdonline/downloads/
"Oil, Rapeseed",United States,2004,Beginning Stocks,(1000 MT),42.0,0,1,08,"USDA FAS PS&D (Production, Supply & Distribution)",https://apps.fas.usda.gov/psdonline/downloads/
"Oil, Rapeseed",United States,2005,Beginning Stocks,(1000 MT),58.0,0,1,08,"USDA FAS PS&D (Production, Supply & Distribution)",https://apps.fas.usda.gov/psdonline/downloads/
"Oil, Rapeseed",United States,2006,Beginning Stocks,(1000 MT),120.0,0,1,04,"USDA FAS PS&D (Production, Supply & Distribution)",https://apps.fas.usda.gov/psdonline/downloads/
"Oil, Rapeseed",United States,2007,Beginning Stocks,(1000 MT),68.0,0,1,12,"USDA FAS PS&D (Production, Supply & Distribution)",https://apps.fas.usda.gov/psdonline/downloads/
"Oil, Rapeseed",United States,2008,Beginning Stocks,(1000 MT),60.0,0,1,02,"USDA FAS PS&D (Production, Supply & Distribution)",https://apps.fas.usda.gov/psdonline/downloads/
"Oil, Rapeseed",United States,2009,Beginning Stocks,(1000 MT),78.0,0,1,08,"USDA FAS PS&D (Production, Supply & Distribution)",https://apps.fas.usda.gov/psdonline/downloads/
"Oil, Rapeseed",United States,2010,Beginning Stocks,(1000 MT),88.0,0,1,08,"USDA FAS PS&D (Production, Supply & Distribution)",https://apps.fas.usda.gov/psdonline/downloads/
"Oil, Rapeseed",United States,2011,Beginning Stocks,(1000 MT),136.0,0,1,08,"USDA FAS PS&D (Production, Supply & Distribution)",https://apps.fas.usda.gov/psdonline/downloads/
"Oil, Rapeseed",United States,2012,Beginning Stocks,(1000 MT),85.0,0,1,04,"USDA FAS PS&D (Production, Supply & Distribution)",https://apps.fas.usda.gov/psdonline/downloads/
"Oil, Rapeseed",United States,2013,Beginning Stocks,(1000 MT),64.0,0,1,02,"USDA FAS PS&D (Production, Supply & Distribution)",https://apps.fas.usda.gov/psdonline/downloads/
"Oil, Rapeseed",United States,2014,Beginning Stocks,(1000 MT),125.0,0,1,02,"USDA FAS PS&D (Production, Supply & Distribution)",https://apps.fas.usda.gov/psdonline/downloads/
"Oil, Rapeseed",United States,2015,Beginning Stocks,(1000 MT),121.0,0,1,07,"USDA FAS PS&D (Production, Supply & Distribution)",https://apps.fas.usda.gov/psdonline/downloads/
"Oil, Rapeseed",United States,2016,Beginning Stocks,(1000 MT),115.0,0,1,07,"USDA FAS PS&D (Production, Supply & Distribution)",https://apps.fas.usda.gov/psdonline/downloads/
"Oil, Rapeseed",United States,2017,Beginning Stocks,(1000 MT),134.0,0,1,07,"USDA FAS PS&D (Production, Supply & Distribution)",https://apps.fas.usda.gov/psdonline/downloads/
"Oil, Rapeseed",United States,2018,Beginning Stocks,(1000 MT),88.0,0,1,01,"USDA FAS PS&D (Production, Supply & Distribution)",https://apps.fas.usda.gov/psdonline/downloads/
"Oil, Rapeseed",United States,2019,Beginning Stocks,(1000 MT),72.0,0,1,12,"USDA FAS PS&D (Production, Supply & Distribution)",https://apps.fas.usda.gov/psdonline/downloads/
"Oil, Rapeseed",United States,2020,Beginning Stocks,(1000 MT),60.0,0,1,07,"USDA FAS PS&D (Production, Supply & Distribution)",https://apps.fas.usda.gov/psdonline/downloads/
"Oil, Rapeseed",United States,2021,Beginning Stocks,(1000 MT),63.0,0,1,04,"USDA FAS PS&D (Production, Supply & Distribution)",https://apps.fas.usda.gov/psdonline/downloads/
"Oil, Rapeseed",United States,2022,Beginning Stocks,(1000 MT),77.0,0,1,04,"USDA FAS PS&D (Production, Supply & Distribution)",https://apps.fas.usda.gov/psdonline/downloads/
"Oil, Rapeseed",United States,2023,Beginning Stocks,(1000 MT),72.0,0,1,04,"USDA FAS PS&D (Production, Supply & Distribution)",https://apps.fas.usda.gov/psdonline/downloads/
"Oil, Rapeseed",United States,2024,Beginning Stocks,(1000 MT),55.0,0,1,04,"USDA FAS PS&D (Production, Supply & Distribution)",https://apps.fas.usda.gov/psdonline/downloads/
"Oil, Rapeseed",United States,2025,Beginning Stocks,(1000 MT),66.0,0,1,06,"USDA FAS PS&D (Production, Supply & Distribution)",https://apps.fas.usda.gov/psdonline/downloads/
"Oil, Rapeseed",United States,2026,Beginning Stocks,(1000 MT),65.0,0,1,06,"USDA FAS PS&D (Production, Supply & Distribution)",https://apps.fas.usda.gov/psdonline/downloads/
"Oil, Rapeseed",United States,1964,Crush,(1000 MT),2.0,0,1,06,"USDA FAS PS&D (Production, Supply & Distribution)",https://apps.fas.usda.gov/psdonline/downloads/
"Oil, Rapeseed",United States,1965,Crush,(1000 MT),0.0,0,1,06,"USDA FAS PS&D (Production, Supply & Distribution)",https://apps.fas.usda.gov/psdonline/downloads/
"Oil, Rapeseed",United States,1966,Crush,(1000 MT),0.0,0,1,06,"USDA FAS PS&D (Production, Supply & Distribution)",https://apps.fas.usda.gov/psdonline/downloads/
"Oil, Rapeseed",United States,1967,Crush,(1000 MT),2.0,0,1,06,"USDA FAS PS&D (Production, Supply & Distribution)",https://apps.fas.usda.gov/psdonline/downloads/
"Oil, Rapeseed",United States,1968,Crush,(1000 MT),2.0,0,1,06,"USDA FAS PS&D (Production, Supply & Distribution)",https://apps.fas.usda.gov/psdonline/downloads/
"Oil, Rapeseed",United States,1969,Crush,(1000 MT),0.0,0,1,06,"USDA FAS PS&D (Production, Supply & Distribution)",https://apps.fas.usda.gov/psdonline/downloads/
"Oil, Rapeseed",United States,1970,Crush,(1000 MT),0.0,0,1,06,"USDA FAS PS&D (Production, Supply & Distribution)",https://apps.fas.usda.gov/psdonline/downloads/
"Oil, Rapeseed",United States,1971,Crush,(1000 MT),2.0,0,1,06,"USDA FAS PS&D (Production, Supply & Distribution)",https://apps.fas.usda.gov/psdonline/downloads/
"Oil, Rapeseed",United States,1972,Crush,(1000 MT),0.0,0,1,06,"USDA FAS PS&D (Production, Supply & Distribution)",https://apps.fas.usda.gov/psdonline/downloads/
"Oil, Rapeseed",United States,1973,Crush,(1000 MT),0.0,0,1,06,"USDA FAS PS&D (Production, Supply & Distribution)",https://apps.fas.usda.gov/psdonline/downloads/
"Oil, Rapeseed",United States,1974,Crush,(1000 MT),5.0,0,1,06,"USDA FAS PS&D (Production, Supply & Distribution)",https://apps.fas.usda.gov/psdonline/downloads/
"Oil, Rapeseed",United States,1975,Crush,(1000 MT),2.0,0,1,06,"USDA FAS PS&D (Production, Supply & Distribution)",https://apps.fas.usda.gov/psdonline/downloads/
"Oil, Rapeseed",United States,1976,Crush,(1000 MT),0.0,0,1,06,"USDA FAS PS&D (Production, Supply & Distribution)",https://apps.fas.usda.gov/psdonline/downloads/
"Oil, Rapeseed",United States,1977,Crush,(1000 MT),0.0,0,1,06,"USDA FAS PS&D (Production, Supply & Distribution)",https://apps.fas.usda.gov/psdonline/downloads/
"Oil, Rapeseed",United States,1978,Crush,(1000 MT),2.0,0,1,06,"USDA FAS PS&D (Production, Supply & Distribution)",https://apps.fas.usda.gov/psdonline/downloads/
"Oil, Rapeseed",United States,1979,Crush,(1000 MT),0.0,0,1,06,"USDA FAS PS&D (Production, Supply & Distribution)",https://apps.fas.usda.gov/psdonline/downloads/
"Oil, Rapeseed",United States,1980,Crush,(1000 MT),0.0,0,1,06,"USDA FAS PS&D (Production, Supply & Distribution)",https://apps.fas.usda.gov/psdonline/downloads/
"Oil, Rapeseed",United States,1981,Crush,(1000 MT),0.0,0,1,06,"USDA FAS PS&D (Production, Supply & Distribution)",https://apps.fas.usda.gov/psdonline/downloads/
"Oil, Rapeseed",United States,1982,Crush,(1000 MT),0.0,0,1,06,"USDA FAS PS&D (Production, Supply & Distribution)",https://apps.fas.usda.gov/psdonline/downloads/
"Oil, Rapeseed",United States,1983,Crush,(1000 MT),0.0,0,1,06,"USDA FAS PS&D (Production, Supply & Distribution)",https://apps.fas.usda.gov/psdonline/downloads/
"Oil, Rapeseed",United States,1984,Crush,(1000 MT),0.0,0,1,06,"USDA FAS PS&D (Production, Supply & Distribution)",https://apps.fas.usda.gov/psdonline/downloads/
"Oil, Rapeseed",United States,1985,Crush,(1000 MT),0.0,0,1,06,"USDA FAS PS&D (Production, Supply & Distribution)",https://apps.fas.usda.gov/psdonline/downloads/
"Oil, Rapeseed",United States,1986,Crush,(1000 MT),0.0,0,1,06,"USDA FAS PS&D (Production, Supply & Distribution)",https://apps.fas.usda.gov/psdonline/downloads/
"Oil, Rapeseed",United States,1987,Crush,(1000 MT),23.0,0,1,07,"USDA FAS PS&D (Production, Supply & Distribution)",https://apps.fas.usda.gov/psdonline/downloads/
"Oil, Rapeseed",United States,1988,Crush,(1000 MT),39.0,0,1,07,"USDA FAS PS&D (Production, Supply & Distribution)",https://apps.fas.usda.gov/psdonline/downloads/
"Oil, Rapeseed",United States,1989,Crush,(1000 MT),141.0,0,1,07,"USDA FAS PS&D (Production, Supply & Distribution)",https://apps.fas.usda.gov/psdonline/downloads/
"Oil, Rapeseed",United States,1990,Crush,(1000 MT),97.0,0,1,07,"USDA FAS PS&D (Production, Supply & Distribution)",https://apps.fas.usda.gov/psdonline/downloads/
"Oil, Rapeseed",United States,1991,Crush,(1000 MT),58.0,0,1,08,"USDA FAS PS&D (Production, Supply & Distribution)",https://apps.fas.usda.gov/psdonline/downloads/
"Oil, Rapeseed",United States,1992,Crush,(1000 MT),36.0,0,1,07,"USDA FAS PS&D (Production, Supply & Distribution)",https://apps.fas.usda.gov/psdonline/downloads/
"Oil, Rapeseed",United States,1993,Crush,(1000 MT),387.0,0,1,07,"USDA FAS PS&D (Production, Supply & Distribution)",https://apps.fas.usda.gov/psdonline/downloads/
"Oil, Rapeseed",United States,1994,Crush,(1000 MT),410.0,0,1,07,"USDA FAS PS&D (Production, Supply & Distribution)",https://apps.fas.usda.gov/psdonline/downloads/
"Oil, Rapeseed",United States,1995,Crush,(1000 MT),406.0,0,1,07,"USDA FAS PS&D (Production, Supply & Distribution)",https://apps.fas.usda.gov/psdonline/downloads/
"Oil, Rapeseed",United States,1996,Crush,(1000 MT),386.0,0,1,07,"USDA FAS PS&D (Production, Supply & Distribution)",https://apps.fas.usda.gov/psdonline/downloads/
"Oil, Rapeseed",United States,1997,Crush,(1000 MT),587.0,0,1,07,"USDA FAS PS&D (Production, Supply & Distribution)",https://apps.fas.usda.gov/psdonline/downloads/
"Oil, Rapeseed",United States,1998,Crush,(1000 MT),697.0,0,1,05,"USDA FAS PS&D (Production, Supply & Distribution)",https://apps.fas.usda.gov/psdonline/downloads/
"Oil, Rapeseed",United States,1999,Crush,(1000 MT),736.0,0,1,05,"USDA FAS PS&D (Production, Supply & Distribution)",https://apps.fas.usda.gov/psdonline/downloads/
"Oil, Rapeseed",United States,2000,Crush,(1000 MT),896.0,0,1,07,"USDA FAS PS&D (Production, Supply & Distribution)",https://apps.fas.usda.gov/psdonline/downloads/
"Oil, Rapeseed",United States,2001,Crush,(1000 MT),766.0,0,1,08,"USDA FAS PS&D (Production, Supply & Distribution)",https://apps.fas.usda.gov/psdonline/downloads/
"Oil, Rapeseed",United States,2002,Crush,(1000 MT),586.0,0,1,05,"USDA FAS PS&D (Production, Supply & Distribution)",https://apps.fas.usda.gov/psdonline/downloads/
"Oil, Rapeseed",United States,2003,Crush,(1000 MT),640.0,0,1,08,"USDA FAS PS&D (Production, Supply & Distribution)",https://apps.fas.usda.gov/psdonline/downloads/
"Oil, Rapeseed",United States,2004,Crush,(1000 MT),901.0,0,1,08,"USDA FAS PS&D (Production, Supply & Distribution)",https://apps.fas.usda.gov/psdonline/downloads/
"Oil, Rapeseed",United States,2005,Crush,(1000 MT),1030.0,0,1,08,"USDA FAS PS&D (Production, Supply & Distribution)",https://apps.fas.usda.gov/psdonline/downloads/
"Oil, Rapeseed",United States,2006,Crush,(1000 MT),963.0,0,1,04,"USDA FAS PS&D (Production, Supply & Distribution)",https://apps.fas.usda.gov/psdonline/downloads/
"Oil, Rapeseed",United States,2007,Crush,(1000 MT),1050.0,0,1,12,"USDA FAS PS&D (Production, Supply & Distribution)",https://apps.fas.usda.gov/psdonline/downloads/
"Oil, Rapeseed",United States,2008,Crush,(1000 MT),1217.0,0,1,02,"USDA FAS PS&D (Production, Supply & Distribution)",https://apps.fas.usda.gov/psdonline/downloads/
"Oil, Rapeseed",United States,2009,Crush,(1000 MT),1113.0,0,1,08,"USDA FAS PS&D (Production, Supply & Distribution)",https://apps.fas.usda.gov/psdonline/downloads/
"Oil, Rapeseed",United States,2010,Crush,(1000 MT),1292.0,0,1,08,"USDA FAS PS&D (Production, Supply & Distribution)",https://apps.fas.usda.gov/psdonline/downloads/
"Oil, Rapeseed",United States,2011,Crush,(1000 MT),1168.0,0,1,08,"USDA FAS PS&D (Production, Supply & Distribution)",https://apps.fas.usda.gov/psdonline/downloads/
"Oil, Rapeseed",United States,2012,Crush,(1000 MT),1266.0,0,1,04,"USDA FAS PS&D (Production, Supply & Distribution)",https://apps.fas.usda.gov/psdonline/downloads/
"Oil, Rapeseed",United States,2013,Crush,(1000 MT),1685.0,0,1,02,"USDA FAS PS&D (Production, Supply & Distribution)",https://apps.fas.usda.gov/psdonline/downloads/
"Oil, Rapeseed",United States,2014,Crush,(1000 MT),1737.0,0,1,02,"USDA FAS PS&D (Production, Supply & Distribution)",https://apps.fas.usda.gov/psdonline/downloads/
"Oil, Rapeseed",United States,2015,Crush,(1000 MT),1542.0,0,1,07,"USDA FAS PS&D (Production, Supply & Distribution)",https://apps.fas.usda.gov/psdonline/downloads/
"Oil, Rapeseed",United States,2016,Crush,(1000 MT),2003.0,0,1,07,"USDA FAS PS&D (Production, Supply & Distribution)",https://apps.fas.usda.gov/psdonline/downloads/
"Oil, Rapeseed",United States,2017,Crush,(1000 MT),1765.0,0,1,07,"USDA FAS PS&D (Production, Supply & Distribution)",https://apps.fas.usda.gov/psdonline/downloads/
"Oil, Rapeseed",United States,2018,Crush,(1000 MT),1723.0,0,1,01,"USDA FAS PS&D (Production, Supply & Distribution)",https://apps.fas.usda.gov/psdonline/downloads/
"Oil, Rapeseed",United States,2019,Crush,(1000 MT),1834.0,0,1,12,"USDA FAS PS&D (Production, Supply & Distribution)",https://apps.fas.usda.gov/psdonline/downloads/
"Oil, Rapeseed",United States,2020,Crush,(1000 MT),2080.0,0,1,07,"USDA FAS PS&D (Production, Supply & Distribution)",https://apps.fas.usda.gov/psdonline/downloads/
"Oil, Rapeseed",United States,2021,Crush,(1000 MT),1659.0,0,1,04,"USDA FAS PS&D (Production, Supply & Distribution)",https://apps.fas.usda.gov/psdonline/downloads/
"Oil, Rapeseed",United States,2022,Crush,(1000 MT),1930.0,0,1,04,"USDA FAS PS&D (Production, Supply & Distribution)",https://apps.fas.usda.gov/psdonline/downloads/
"Oil, Rapeseed",United States,2023,Crush,(1000 MT),2109.0,0,1,04,"USDA FAS PS&D (Production, Supply & Distribution)",https://apps.fas.usda.gov/psdonline/downloads/
"Oil, Rapeseed",United States,2024,Crush,(1000 MT),2113.0,0,1,04,"USDA FAS PS&D (Production, Supply & Distribution)",https://apps.fas.usda.gov/psdonline/downloads/
"Oil, Rapeseed",United States,2025,Crush,(1000 MT),2170.0,0,1,06,"USDA FAS PS&D (Production, Supply & Distribution)",https://apps.fas.usda.gov/psdonline/downloads/
"Oil, Rapeseed",United States,2026,Crush,(1000 MT),2284.0,0,1,06,"USDA FAS PS&D (Production, Supply & Distribution)",https://apps.fas.usda.gov/psdonline/downloads/
"Oil, Rapeseed",United States,1964,Domestic Consumption,(1000 MT),3.0,0,1,06,"USDA FAS PS&D (Production, Supply & Distribution)",https://apps.fas.usda.gov/psdonline/downloads/
"Oil, Rapeseed",United States,1965,Domestic Consumption,(1000 MT),3.0,0,1,06,"USDA FAS PS&D (Production, Supply & Distribution)",https://apps.fas.usda.gov/psdonline/downloads/
"Oil, Rapeseed",United States,1966,Domestic Consumption,(1000 MT),4.0,0,1,06,"USDA FAS PS&D (Production, Supply & Distribution)",https://apps.fas.usda.gov/psdonline/downloads/
"Oil, Rapeseed",United States,1967,Domestic Consumption,(1000 MT),5.0,0,1,06,"USDA FAS PS&D (Production, Supply & Distribution)",https://apps.fas.usda.gov/psdonline/downloads/
"Oil, Rapeseed",United States,1968,Domestic Consumption,(1000 MT),6.0,0,1,06,"USDA FAS PS&D (Production, Supply & Distribution)",https://apps.fas.usda.gov/psdonline/downloads/
"Oil, Rapeseed",United States,1969,Domestic Consumption,(1000 MT),3.0,0,1,06,"USDA FAS PS&D (Production, Supply & Distribution)",https://apps.fas.usda.gov/psdonline/downloads/
"Oil, Rapeseed",United States,1970,Domestic Consumption,(1000 MT),5.0,0,1,06,"USDA FAS PS&D (Production, Supply & Distribution)",https://apps.fas.usda.gov/psdonline/downloads/
"Oil, Rapeseed",United States,1971,Domestic Consumption,(1000 MT),6.0,0,1,06,"USDA FAS PS&D (Production, Supply & Distribution)",https://apps.fas.usda.gov/psdonline/downloads/
"Oil, Rapeseed",United States,1972,Domestic Consumption,(1000 MT),6.0,0,1,06,"USDA FAS PS&D (Production, Supply & Distribution)",https://apps.fas.usda.gov/psdonline/downloads/
"Oil, Rapeseed",United States,1973,Domestic Consumption,(1000 MT),8.0,0,1,06,"USDA FAS PS&D (Production, Supply & Distribution)",https://apps.fas.usda.gov/psdonline/downloads/
"Oil, Rapeseed",United States,1974,Domestic Consumption,(1000 MT),5.0,0,1,06,"USDA FAS PS&D (Production, Supply & Distribution)",https://apps.fas.usda.gov/psdonline/downloads/
"Oil, Rapeseed",United States,1975,Domestic Consumption,(1000 MT),7.0,0,1,06,"USDA FAS PS&D (Production, Supply & Distribution)",https://apps.fas.usda.gov/psdonline/downloads/
"Oil, Rapeseed",United States,1976,Domestic Consumption,(1000 MT),7.0,0,1,06,"USDA FAS PS&D (Production, Supply & Distribution)",https://apps.fas.usda.gov/psdonline/downloads/
"Oil, Rapeseed",United States,1977,Domestic Consumption,(1000 MT),6.0,0,1,06,"USDA FAS PS&D (Production, Supply & Distribution)",https://apps.fas.usda.gov/psdonline/downloads/
"Oil, Rapeseed",United States,1978,Domestic Consumption,(1000 MT),7.0,0,1,06,"USDA FAS PS&D (Production, Supply & Distribution)",https://apps.fas.usda.gov/psdonline/downloads/
"Oil, Rapeseed",United States,1979,Domestic Consumption,(1000 MT),6.0,0,1,06,"USDA FAS PS&D (Production, Supply & Distribution)",https://apps.fas.usda.gov/psdonline/downloads/
"Oil, Rapeseed",United States,1980,Domestic Consumption,(1000 MT),6.0,0,1,06,"USDA FAS PS&D (Production, Supply & Distribution)",https://apps.fas.usda.gov/psdonline/downloads/
"Oil, Rapeseed",United States,1981,Domestic Consumption,(1000 MT),7.0,0,1,06,"USDA FAS PS&D (Production, Supply & Distribution)",https://apps.fas.usda.gov/psdonline/downloads/
"Oil, Rapeseed",United States,1982,Domestic Consumption,(1000 MT),5.0,0,1,06,"USDA FAS PS&D (Production, Supply & Distribution)",https://apps.fas.usda.gov/psdonline/downloads/
"Oil, Rapeseed",United States,1983,Domestic Consumption,(1000 MT),5.0,0,1,06,"USDA FAS PS&D (Production, Supply & Distribution)",https://apps.fas.usda.gov/psdonline/downloads/
"Oil, Rapeseed",United States,1984,Domestic Consumption,(1000 MT),15.0,0,1,06,"USDA FAS PS&D (Production, Supply & Distribution)",https://apps.fas.usda.gov/psdonline/downloads/
"Oil, Rapeseed",United States,1985,Domestic Consumption,(1000 MT),42.0,0,1,06,"USDA FAS PS&D (Production, Supply & Distribution)",https://apps.fas.usda.gov/psdonline/downloads/
"Oil, Rapeseed",United States,1986,Domestic Consumption,(1000 MT),82.0,0,1,06,"USDA FAS PS&D (Production, Supply & Distribution)",https://apps.fas.usda.gov/psdonline/downloads/
"Oil, Rapeseed",United States,1987,Domestic Consumption,(1000 MT),130.0,0,1,07,"USDA FAS PS&D (Production, Supply & Distribution)",https://apps.fas.usda.gov/psdonline/downloads/
"Oil, Rapeseed",United States,1988,Domestic Consumption,(1000 MT),241.0,0,1,07,"USDA FAS PS&D (Production, Supply & Distribution)",https://apps.fas.usda.gov/psdonline/downloads/
"Oil, Rapeseed",United States,1989,Domestic Consumption,(1000 MT),235.0,0,1,07,"USDA FAS PS&D (Production, Supply & Distribution)",https://apps.fas.usda.gov/psdonline/downloads/
"Oil, Rapeseed",United States,1990,Domestic Consumption,(1000 MT),297.0,0,1,07,"USDA FAS PS&D (Production, Supply & Distribution)",https://apps.fas.usda.gov/psdonline/downloads/
"Oil, Rapeseed",United States,1991,Domestic Consumption,(1000 MT),372.0,0,1,08,"USDA FAS PS&D (Production, Supply & Distribution)",https://apps.fas.usda.gov/psdonline/downloads/
"Oil, Rapeseed",United States,1992,Domestic Consumption,(1000 MT),450.0,0,1,07,"USDA FAS PS&D (Production, Supply & Distribution)",https://apps.fas.usda.gov/psdonline/downloads/
"Oil, Rapeseed",United States,1993,Domestic Consumption,(1000 MT),507.0,0,1,07,"USDA FAS PS&D (Production, Supply & Distribution)",https://apps.fas.usda.gov/psdonline/downloads/
"Oil, Rapeseed",United States,1994,Domestic Consumption,(1000 MT),566.0,0,1,07,"USDA FAS PS&D (Production, Supply & Distribution)",https://apps.fas.usda.gov/psdonline/downloads/
"Oil, Rapeseed",United States,1995,Domestic Consumption,(1000 MT),584.0,0,1,07,"USDA FAS PS&D (Production, Supply & Distribution)",https://apps.fas.usda.gov/psdonline/downloads/
"Oil, Rapeseed",United States,1996,Domestic Consumption,(1000 MT),561.0,0,1,07,"USDA FAS PS&D (Production, Supply & Distribution)",https://apps.fas.usda.gov/psdonline/downloads/
"Oil, Rapeseed",United States,1997,Domestic Consumption,(1000 MT),582.0,0,1,07,"USDA FAS PS&D (Production, Supply & Distribution)",https://apps.fas.usda.gov/psdonline/downloads/
"Oil, Rapeseed",United States,1998,Domestic Consumption,(1000 MT),644.0,0,1,05,"USDA FAS PS&D (Production, Supply & Distribution)",https://apps.fas.usda.gov/psdonline/downloads/
"Oil, Rapeseed",United States,1999,Domestic Consumption,(1000 MT),707.0,0,1,05,"USDA FAS PS&D (Production, Supply & Distribution)",https://apps.fas.usda.gov/psdonline/downloads/
"Oil, Rapeseed",United States,2000,Domestic Consumption,(1000 MT),849.0,0,1,07,"USDA FAS PS&D (Production, Supply & Distribution)",https://apps.fas.usda.gov/psdonline/downloads/
"Oil, Rapeseed",United States,2001,Domestic Consumption,(1000 MT),700.0,0,1,08,"USDA FAS PS&D (Production, Supply & Distribution)",https://apps.fas.usda.gov/psdonline/downloads/
"Oil, Rapeseed",United States,2002,Domestic Consumption,(1000 MT),604.0,0,1,05,"USDA FAS PS&D (Production, Supply & Distribution)",https://apps.fas.usda.gov/psdonline/downloads/
"Oil, Rapeseed",United States,2003,Domestic Consumption,(1000 MT),713.0,0,1,08,"USDA FAS PS&D (Production, Supply & Distribution)",https://apps.fas.usda.gov/psdonline/downloads/
"Oil, Rapeseed",United States,2004,Domestic Consumption,(1000 MT),754.0,0,1,08,"USDA FAS PS&D (Production, Supply & Distribution)",https://apps.fas.usda.gov/psdonline/downloads/
"Oil, Rapeseed",United States,2005,Domestic Consumption,(1000 MT),871.0,0,1,08,"USDA FAS PS&D (Production, Supply & Distribution)",https://apps.fas.usda.gov/psdonline/downloads/
"Oil, Rapeseed",United States,2006,Domestic Consumption,(1000 MT),901.0,0,1,04,"USDA FAS PS&D (Production, Supply & Distribution)",https://apps.fas.usda.gov/psdonline/downloads/
"Oil, Rapeseed",United States,2007,Domestic Consumption,(1000 MT),1327.0,0,1,12,"USDA FAS PS&D (Production, Supply & Distribution)",https://apps.fas.usda.gov/psdonline/downloads/
"Oil, Rapeseed",United States,2008,Domestic Consumption,(1000 MT),1284.0,0,1,02,"USDA FAS PS&D (Production, Supply & Distribution)",https://apps.fas.usda.gov/psdonline/downloads/
"Oil, Rapeseed",United States,2009,Domestic Consumption,(1000 MT),1293.0,0,1,08,"USDA FAS PS&D (Production, Supply & Distribution)",https://apps.fas.usda.gov/psdonline/downloads/
"Oil, Rapeseed",United States,2010,Domestic Consumption,(1000 MT),1657.0,0,1,08,"USDA FAS PS&D (Production, Supply & Distribution)",https://apps.fas.usda.gov/psdonline/downloads/
"Oil, Rapeseed",United States,2011,Domestic Consumption,(1000 MT),1741.0,0,1,08,"USDA FAS PS&D (Production, Supply & Distribution)",https://apps.fas.usda.gov/psdonline/downloads/
"Oil, Rapeseed",United States,2012,Domestic Consumption,(1000 MT),1635.0,0,1,04,"USDA FAS PS&D (Production, Supply & Distribution)",https://apps.fas.usda.gov/psdonline/downloads/
"Oil, Rapeseed",United States,2013,Domestic Consumption,(1000 MT),2064.0,0,1,02,"USDA FAS PS&D (Production, Supply & Distribution)",https://apps.fas.usda.gov/psdonline/downloads/
"Oil, Rapeseed",United States,2014,Domestic Consumption,(1000 MT),2273.0,0,1,02,"USDA FAS PS&D (Production, Supply & Distribution)",https://apps.fas.usda.gov/psdonline/downloads/
"Oil, Rapeseed",United States,2015,Domestic Consumption,(1000 MT),2413.0,0,1,07,"USDA FAS PS&D (Production, Supply & Distribution)",https://apps.fas.usda.gov/psdonline/downloads/
"Oil, Rapeseed",United States,2016,Domestic Consumption,(1000 MT),2656.0,0,1,07,"USDA FAS PS&D (Production, Supply & Distribution)",https://apps.fas.usda.gov/psdonline/downloads/
"Oil, Rapeseed",United States,2017,Domestic Consumption,(1000 MT),2546.0,0,1,07,"USDA FAS PS&D (Production, Supply & Distribution)",https://apps.fas.usda.gov/psdonline/downloads/
"Oil, Rapeseed",United States,2018,Domestic Consumption,(1000 MT),2397.0,0,1,01,"USDA FAS PS&D (Production, Supply & Distribution)",https://apps.fas.usda.gov/psdonline/downloads/
"Oil, Rapeseed",United States,2019,Domestic Consumption,(1000 MT),2559.0,0,1,12,"USDA FAS PS&D (Production, Supply & Distribution)",https://apps.fas.usda.gov/psdonline/downloads/
"Oil, Rapeseed",United States,2020,Domestic Consumption,(1000 MT),2536.0,0,1,07,"USDA FAS PS&D (Production, Supply & Distribution)",https://apps.fas.usda.gov/psdonline/downloads/
"Oil, Rapeseed",United States,2021,Domestic Consumption,(1000 MT),2564.0,0,1,04,"USDA FAS PS&D (Production, Supply & Distribution)",https://apps.fas.usda.gov/psdonline/downloads/
"Oil, Rapeseed",United States,2022,Domestic Consumption,(1000 MT),3596.0,0,1,04,"USDA FAS PS&D (Production, Supply & Distribution)",https://apps.fas.usda.gov/psdonline/downloads/
"Oil, Rapeseed",United States,2023,Domestic Consumption,(1000 MT),4119.0,0,1,04,"USDA FAS PS&D (Production, Supply & Distribution)",https://apps.fas.usda.gov/psdonline/downloads/
"Oil, Rapeseed",United States,2024,Domestic Consumption,(1000 MT),3485.0,0,1,04,"USDA FAS PS&D (Production, Supply & Distribution)",https://apps.fas.usda.gov/psdonline/downloads/
"Oil, Rapeseed",United States,2025,Domestic Consumption,(1000 MT),3864.0,0,1,06,"USDA FAS PS&D (Production, Supply & Distribution)",https://apps.fas.usda.gov/psdonline/downloads/
"Oil, Rapeseed",United States,2026,Domestic Consumption,(1000 MT),4723.0,0,1,06,"USDA FAS PS&D (Production, Supply & Distribution)",https://apps.fas.usda.gov/psdonline/downloads/
"Oil, Rapeseed",United States,1964,Ending Stocks,(1000 MT),0.0,0,1,06,"USDA FAS PS&D (Production, Supply & Distribution)",https://apps.fas.usda.gov/psdonline/downloads/
"Oil, Rapeseed",United States,1965,Ending Stocks,(1000 MT),0.0,0,1,06,"USDA FAS PS&D (Production, Supply & Distribution)",https://apps.fas.usda.gov/psdonline/downloads/
"Oil, Rapeseed",United States,1966,Ending Stocks,(1000 MT),0.0,0,1,06,"USDA FAS PS&D (Production, Supply & Distribution)",https://apps.fas.usda.gov/psdonline/downloads/
"Oil, Rapeseed",United States,1967,Ending Stocks,(1000 MT),0.0,0,1,06,"USDA FAS PS&D (Production, Supply & Distribution)",https://apps.fas.usda.gov/psdonline/downloads/
"Oil, Rapeseed",United States,1968,Ending Stocks,(1000 MT),0.0,0,1,06,"USDA FAS PS&D (Production, Supply & Distribution)",https://apps.fas.usda.gov/psdonline/downloads/
"Oil, Rapeseed",United States,1969,Ending Stocks,(1000 MT),0.0,0,1,06,"USDA FAS PS&D (Production, Supply & Distribution)",https://apps.fas.usda.gov/psdonline/downloads/
"Oil, Rapeseed",United States,1970,Ending Stocks,(1000 MT),0.0,0,1,06,"USDA FAS PS&D (Production, Supply & Distribution)",https://apps.fas.usda.gov/psdonline/downloads/
"Oil, Rapeseed",United States,1971,Ending Stocks,(1000 MT),0.0,0,1,06,"USDA FAS PS&D (Production, Supply & Distribution)",https://apps.fas.usda.gov/psdonline/downloads/
"Oil, Rapeseed",United States,1972,Ending Stocks,(1000 MT),0.0,0,1,06,"USDA FAS PS&D (Production, Supply & Distribution)",https://apps.fas.usda.gov/psdonline/downloads/
"Oil, Rapeseed",United States,1973,Ending Stocks,(1000 MT),0.0,0,1,06,"USDA FAS PS&D (Production, Supply & Distribution)",https://apps.fas.usda.gov/psdonline/downloads/
"Oil, Rapeseed",United States,1974,Ending Stocks,(1000 MT),0.0,0,1,06,"USDA FAS PS&D (Production, Supply & Distribution)",https://apps.fas.usda.gov/psdonline/downloads/
"Oil, Rapeseed",United States,1975,Ending Stocks,(1000 MT),0.0,0,1,06,"USDA FAS PS&D (Production, Supply & Distribution)",https://apps.fas.usda.gov/psdonline/downloads/
"Oil, Rapeseed",United States,1976,Ending Stocks,(1000 MT),0.0,0,1,06,"USDA FAS PS&D (Production, Supply & Distribution)",https://apps.fas.usda.gov/psdonline/downloads/
"Oil, Rapeseed",United States,1977,Ending Stocks,(1000 MT),0.0,0,1,06,"USDA FAS PS&D (Production, Supply & Distribution)",https://apps.fas.usda.gov/psdonline/downloads/
"Oil, Rapeseed",United States,1978,Ending Stocks,(1000 MT),0.0,0,1,06,"USDA FAS PS&D (Production, Supply & Distribution)",https://apps.fas.usda.gov/psdonline/downloads/
"Oil, Rapeseed",United States,1979,Ending Stocks,(1000 MT),0.0,0,1,06,"USDA FAS PS&D (Production, Supply & Distribution)",https://apps.fas.usda.gov/psdonline/downloads/
"Oil, Rapeseed",United States,1980,Ending Stocks,(1000 MT),0.0,0,1,06,"USDA FAS PS&D (Production, Supply & Distribution)",https://apps.fas.usda.gov/psdonline/downloads/
"Oil, Rapeseed",United States,1981,Ending Stocks,(1000 MT),0.0,0,1,06,"USDA FAS PS&D (Production, Supply & Distribution)",https://apps.fas.usda.gov/psdonline/downloads/
"Oil, Rapeseed",United States,1982,Ending Stocks,(1000 MT),0.0,0,1,06,"USDA FAS PS&D (Production, Supply & Distribution)",https://apps.fas.usda.gov/psdonline/downloads/
"Oil, Rapeseed",United States,1983,Ending Stocks,(1000 MT),0.0,0,1,06,"USDA FAS PS&D (Production, Supply & Distribution)",https://apps.fas.usda.gov/psdonline/downloads/
"Oil, Rapeseed",United States,1984,Ending Stocks,(1000 MT),0.0,0,1,06,"USDA FAS PS&D (Production, Supply & Distribution)",https://apps.fas.usda.gov/psdonline/downloads/
"Oil, Rapeseed",United States,1985,Ending Stocks,(1000 MT),0.0,0,1,06,"USDA FAS PS&D (Production, Supply & Distribution)",https://apps.fas.usda.gov/psdonline/downloads/
"Oil, Rapeseed",United States,1986,Ending Stocks,(1000 MT),2.0,0,1,06,"USDA FAS PS&D (Production, Supply & Distribution)",https://apps.fas.usda.gov/psdonline/downloads/
"Oil, Rapeseed",United States,1987,Ending Stocks,(1000 MT),15.0,0,1,07,"USDA FAS PS&D (Production, Supply & Distribution)",https://apps.fas.usda.gov/psdonline/downloads/
"Oil, Rapeseed",United States,1988,Ending Stocks,(1000 MT),10.0,0,1,07,"USDA FAS PS&D (Production, Supply & Distribution)",https://apps.fas.usda.gov/psdonline/downloads/
"Oil, Rapeseed",United States,1989,Ending Stocks,(1000 MT),12.0,0,1,07,"USDA FAS PS&D (Production, Supply & Distribution)",https://apps.fas.usda.gov/psdonline/downloads/
"Oil, Rapeseed",United States,1990,Ending Stocks,(1000 MT),19.0,0,1,07,"USDA FAS PS&D (Production, Supply & Distribution)",https://apps.fas.usda.gov/psdonline/downloads/
"Oil, Rapeseed",United States,1991,Ending Stocks,(1000 MT),33.0,0,1,08,"USDA FAS PS&D (Production, Supply & Distribution)",https://apps.fas.usda.gov/psdonline/downloads/
"Oil, Rapeseed",United States,1992,Ending Stocks,(1000 MT),31.0,0,1,07,"USDA FAS PS&D (Production, Supply & Distribution)",https://apps.fas.usda.gov/psdonline/downloads/
"Oil, Rapeseed",United States,1993,Ending Stocks,(1000 MT),62.0,0,1,07,"USDA FAS PS&D (Production, Supply & Distribution)",https://apps.fas.usda.gov/psdonline/downloads/
"Oil, Rapeseed",United States,1994,Ending Stocks,(1000 MT),25.0,0,1,07,"USDA FAS PS&D (Production, Supply & Distribution)",https://apps.fas.usda.gov/psdonline/downloads/
"Oil, Rapeseed",United States,1995,Ending Stocks,(1000 MT),35.0,0,1,07,"USDA FAS PS&D (Production, Supply & Distribution)",https://apps.fas.usda.gov/psdonline/downloads/
"Oil, Rapeseed",United States,1996,Ending Stocks,(1000 MT),29.0,0,1,07,"USDA FAS PS&D (Production, Supply & Distribution)",https://apps.fas.usda.gov/psdonline/downloads/
"Oil, Rapeseed",United States,1997,Ending Stocks,(1000 MT),51.0,0,1,07,"USDA FAS PS&D (Production, Supply & Distribution)",https://apps.fas.usda.gov/psdonline/downloads/
"Oil, Rapeseed",United States,1998,Ending Stocks,(1000 MT),77.0,0,1,05,"USDA FAS PS&D (Production, Supply & Distribution)",https://apps.fas.usda.gov/psdonline/downloads/
"Oil, Rapeseed",United States,1999,Ending Stocks,(1000 MT),94.0,0,1,05,"USDA FAS PS&D (Production, Supply & Distribution)",https://apps.fas.usda.gov/psdonline/downloads/
"Oil, Rapeseed",United States,2000,Ending Stocks,(1000 MT),50.0,0,1,07,"USDA FAS PS&D (Production, Supply & Distribution)",https://apps.fas.usda.gov/psdonline/downloads/
"Oil, Rapeseed",United States,2001,Ending Stocks,(1000 MT),24.0,0,1,08,"USDA FAS PS&D (Production, Supply & Distribution)",https://apps.fas.usda.gov/psdonline/downloads/
"Oil, Rapeseed",United States,2002,Ending Stocks,(1000 MT),35.0,0,1,05,"USDA FAS PS&D (Production, Supply & Distribution)",https://apps.fas.usda.gov/psdonline/downloads/
"Oil, Rapeseed",United States,2003,Ending Stocks,(1000 MT),42.0,0,1,08,"USDA FAS PS&D (Production, Supply & Distribution)",https://apps.fas.usda.gov/psdonline/downloads/
"Oil, Rapeseed",United States,2004,Ending Stocks,(1000 MT),58.0,0,1,08,"USDA FAS PS&D (Production, Supply & Distribution)",https://apps.fas.usda.gov/psdonline/downloads/
"Oil, Rapeseed",United States,2005,Ending Stocks,(1000 MT),120.0,0,1,08,"USDA FAS PS&D (Production, Supply & Distribution)",https://apps.fas.usda.gov/psdonline/downloads/
"Oil, Rapeseed",United States,2006,Ending Stocks,(1000 MT),68.0,0,1,04,"USDA FAS PS&D (Production, Supply & Distribution)",https://apps.fas.usda.gov/psdonline/downloads/
"Oil, Rapeseed",United States,2007,Ending Stocks,(1000 MT),60.0,0,1,12,"USDA FAS PS&D (Production, Supply & Distribution)",https://apps.fas.usda.gov/psdonline/downloads/
"Oil, Rapeseed",United States,2008,Ending Stocks,(1000 MT),78.0,0,1,02,"USDA FAS PS&D (Production, Supply & Distribution)",https://apps.fas.usda.gov/psdonline/downloads/
"Oil, Rapeseed",United States,2009,Ending Stocks,(1000 MT),88.0,0,1,08,"USDA FAS PS&D (Production, Supply & Distribution)",https://apps.fas.usda.gov/psdonline/downloads/
"Oil, Rapeseed",United States,2010,Ending Stocks,(1000 MT),136.0,0,1,08,"USDA FAS PS&D (Production, Supply & Distribution)",https://apps.fas.usda.gov/psdonline/downloads/
"Oil, Rapeseed",United States,2011,Ending Stocks,(1000 MT),85.0,0,1,08,"USDA FAS PS&D (Production, Supply & Distribution)",https://apps.fas.usda.gov/psdonline/downloads/
"Oil, Rapeseed",United States,2012,Ending Stocks,(1000 MT),64.0,0,1,04,"USDA FAS PS&D (Production, Supply & Distribution)",https://apps.fas.usda.gov/psdonline/downloads/
"Oil, Rapeseed",United States,2013,Ending Stocks,(1000 MT),125.0,0,1,02,"USDA FAS PS&D (Production, Supply & Distribution)",https://apps.fas.usda.gov/psdonline/downloads/
"Oil, Rapeseed",United States,2014,Ending Stocks,(1000 MT),121.0,0,1,02,"USDA FAS PS&D (Production, Supply & Distribution)",https://apps.fas.usda.gov/psdonline/downloads/
"Oil, Rapeseed",United States,2015,Ending Stocks,(1000 MT),115.0,0,1,07,"USDA FAS PS&D (Production, Supply & Distribution)",https://apps.fas.usda.gov/psdonline/downloads/
"Oil, Rapeseed",United States,2016,Ending Stocks,(1000 MT),134.0,0,1,07,"USDA FAS PS&D (Production, Supply & Distribution)",https://apps.fas.usda.gov/psdonline/downloads/
"Oil, Rapeseed",United States,2017,Ending Stocks,(1000 MT),88.0,0,1,07,"USDA FAS PS&D (Production, Supply & Distribution)",https://apps.fas.usda.gov/psdonline/downloads/
"Oil, Rapeseed",United States,2018,Ending Stocks,(1000 MT),72.0,0,1,01,"USDA FAS PS&D (Production, Supply & Distribution)",https://apps.fas.usda.gov/psdonline/downloads/
"Oil, Rapeseed",United States,2019,Ending Stocks,(1000 MT),60.0,0,1,12,"USDA FAS PS&D (Production, Supply & Distribution)",https://apps.fas.usda.gov/psdonline/downloads/
"Oil, Rapeseed",United States,2020,Ending Stocks,(1000 MT),63.0,0,1,07,"USDA FAS PS&D (Production, Supply & Distribution)",https://apps.fas.usda.gov/psdonline/downloads/
"Oil, Rapeseed",United States,2021,Ending Stocks,(1000 MT),77.0,0,1,04,"USDA FAS PS&D (Production, Supply & Distribution)",https://apps.fas.usda.gov/psdonline/downloads/
"Oil, Rapeseed",United States,2022,Ending Stocks,(1000 MT),72.0,0,1,04,"USDA FAS PS&D (Production, Supply & Distribution)",https://apps.fas.usda.gov/psdonline/downloads/
"Oil, Rapeseed",United States,2023,Ending Stocks,(1000 MT),55.0,0,1,04,"USDA FAS PS&D (Production, Supply & Distribution)",https://apps.fas.usda.gov/psdonline/downloads/
"Oil, Rapeseed",United States,2024,Ending Stocks,(1000 MT),66.0,0,1,04,"USDA FAS PS&D (Production, Supply & Distribution)",https://apps.fas.usda.gov/psdonline/downloads/
"Oil, Rapeseed",United States,2025,Ending Stocks,(1000 MT),65.0,0,1,06,"USDA FAS PS&D (Production, Supply & Distribution)",https://apps.fas.usda.gov/psdonline/downloads/
"Oil, Rapeseed",United States,2026,Ending Stocks,(1000 MT),66.0,0,1,06,"USDA FAS PS&D (Production, Supply & Distribution)",https://apps.fas.usda.gov/psdonline/downloads/
"Oil, Rapeseed",United States,1964,Exports,(1000 MT),0.0,0,1,06,"USDA FAS PS&D (Production, Supply & Distribution)",https://apps.fas.usda.gov/psdonline/downloads/
"Oil, Rapeseed",United States,1965,Exports,(1000 MT),0.0,0,1,06,"USDA FAS PS&D (Production, Supply & Distribution)",https://apps.fas.usda.gov/psdonline/downloads/
"Oil, Rapeseed",United States,1966,Exports,(1000 MT),0.0,0,1,06,"USDA FAS PS&D (Production, Supply & Distribution)",https://apps.fas.usda.gov/psdonline/downloads/
"Oil, Rapeseed",United States,1967,Exports,(1000 MT),0.0,0,1,06,"USDA FAS PS&D (Production, Supply & Distribution)",https://apps.fas.usda.gov/psdonline/downloads/
"Oil, Rapeseed",United States,1968,Exports,(1000 MT),0.0,0,1,06,"USDA FAS PS&D (Production, Supply & Distribution)",https://apps.fas.usda.gov/psdonline/downloads/
"Oil, Rapeseed",United States,1969,Exports,(1000 MT),0.0,0,1,06,"USDA FAS PS&D (Production, Supply & Distribution)",https://apps.fas.usda.gov/psdonline/downloads/
"Oil, Rapeseed",United States,1970,Exports,(1000 MT),0.0,0,1,06,"USDA FAS PS&D (Production, Supply & Distribution)",https://apps.fas.usda.gov/psdonline/downloads/
"Oil, Rapeseed",United States,1971,Exports,(1000 MT),0.0,0,1,06,"USDA FAS PS&D (Production, Supply & Distribution)",https://apps.fas.usda.gov/psdonline/downloads/
"Oil, Rapeseed",United States,1972,Exports,(1000 MT),0.0,0,1,06,"USDA FAS PS&D (Production, Supply & Distribution)",https://apps.fas.usda.gov/psdonline/downloads/
"Oil, Rapeseed",United States,1973,Exports,(1000 MT),0.0,0,1,06,"USDA FAS PS&D (Production, Supply & Distribution)",https://apps.fas.usda.gov/psdonline/downloads/
"Oil, Rapeseed",United States,1974,Exports,(1000 MT),0.0,0,1,06,"USDA FAS PS&D (Production, Supply & Distribution)",https://apps.fas.usda.gov/psdonline/downloads/
"Oil, Rapeseed",United States,1975,Exports,(1000 MT),0.0,0,1,06,"USDA FAS PS&D (Production, Supply & Distribution)",https://apps.fas.usda.gov/psdonline/downloads/
"Oil, Rapeseed",United States,1976,Exports,(1000 MT),0.0,0,1,06,"USDA FAS PS&D (Production, Supply & Distribution)",https://apps.fas.usda.gov/psdonline/downloads/
"Oil, Rapeseed",United States,1977,Exports,(1000 MT),0.0,0,1,06,"USDA FAS PS&D (Production, Supply & Distribution)",https://apps.fas.usda.gov/psdonline/downloads/
"Oil, Rapeseed",United States,1978,Exports,(1000 MT),0.0,0,1,06,"USDA FAS PS&D (Production, Supply & Distribution)",https://apps.fas.usda.gov/psdonline/downloads/
"Oil, Rapeseed",United States,1979,Exports,(1000 MT),0.0,0,1,06,"USDA FAS PS&D (Production, Supply & Distribution)",https://apps.fas.usda.gov/psdonline/downloads/
"Oil, Rapeseed",United States,1980,Exports,(1000 MT),0.0,0,1,06,"USDA FAS PS&D (Production, Supply & Distribution)",https://apps.fas.usda.gov/psdonline/downloads/
"Oil, Rapeseed",United States,1981,Exports,(1000 MT),0.0,0,1,06,"USDA FAS PS&D (Production, Supply & Distribution)",https://apps.fas.usda.gov/psdonline/downloads/
"Oil, Rapeseed",United States,1982,Exports,(1000 MT),0.0,0,1,06,"USDA FAS PS&D (Production, Supply & Distribution)",https://apps.fas.usda.gov/psdonline/downloads/
"Oil, Rapeseed",United States,1983,Exports,(1000 MT),0.0,0,1,06,"USDA FAS PS&D (Production, Supply & Distribution)",https://apps.fas.usda.gov/psdonline/downloads/
"Oil, Rapeseed",United States,1984,Exports,(1000 MT),0.0,0,1,06,"USDA FAS PS&D (Production, Supply & Distribution)",https://apps.fas.usda.gov/psdonline/downloads/
"Oil, Rapeseed",United States,1985,Exports,(1000 MT),0.0,0,1,06,"USDA FAS PS&D (Production, Supply & Distribution)",https://apps.fas.usda.gov/psdonline/downloads/
"Oil, Rapeseed",United States,1986,Exports,(1000 MT),0.0,0,1,06,"USDA FAS PS&D (Production, Supply & Distribution)",https://apps.fas.usda.gov/psdonline/downloads/
"Oil, Rapeseed",United States,1987,Exports,(1000 MT),0.0,0,1,07,"USDA FAS PS&D (Production, Supply & Distribution)",https://apps.fas.usda.gov/psdonline/downloads/
"Oil, Rapeseed",United States,1988,Exports,(1000 MT),4.0,0,1,07,"USDA FAS PS&D (Production, Supply & Distribution)",https://apps.fas.usda.gov/psdonline/downloads/
"Oil, Rapeseed",United States,1989,Exports,(1000 MT),3.0,0,1,07,"USDA FAS PS&D (Production, Supply & Distribution)",https://apps.fas.usda.gov/psdonline/downloads/
"Oil, Rapeseed",United States,1990,Exports,(1000 MT),3.0,0,1,07,"USDA FAS PS&D (Production, Supply & Distribution)",https://apps.fas.usda.gov/psdonline/downloads/
"Oil, Rapeseed",United States,1991,Exports,(1000 MT),7.0,0,1,08,"USDA FAS PS&D (Production, Supply & Distribution)",https://apps.fas.usda.gov/psdonline/downloads/
"Oil, Rapeseed",United States,1992,Exports,(1000 MT),7.0,0,1,07,"USDA FAS PS&D (Production, Supply & Distribution)",https://apps.fas.usda.gov/psdonline/downloads/
"Oil, Rapeseed",United States,1993,Exports,(1000 MT),35.0,0,1,07,"USDA FAS PS&D (Production, Supply & Distribution)",https://apps.fas.usda.gov/psdonline/downloads/
"Oil, Rapeseed",United States,1994,Exports,(1000 MT),70.0,0,1,07,"USDA FAS PS&D (Production, Supply & Distribution)",https://apps.fas.usda.gov/psdonline/downloads/
"Oil, Rapeseed",United States,1995,Exports,(1000 MT),67.0,0,1,07,"USDA FAS PS&D (Production, Supply & Distribution)",https://apps.fas.usda.gov/psdonline/downloads/
"Oil, Rapeseed",United States,1996,Exports,(1000 MT),134.0,0,1,07,"USDA FAS PS&D (Production, Supply & Distribution)",https://apps.fas.usda.gov/psdonline/downloads/
"Oil, Rapeseed",United States,1997,Exports,(1000 MT),158.0,0,1,07,"USDA FAS PS&D (Production, Supply & Distribution)",https://apps.fas.usda.gov/psdonline/downloads/
"Oil, Rapeseed",United States,1998,Exports,(1000 MT),123.0,0,1,05,"USDA FAS PS&D (Production, Supply & Distribution)",https://apps.fas.usda.gov/psdonline/downloads/
"Oil, Rapeseed",United States,1999,Exports,(1000 MT),129.0,0,1,05,"USDA FAS PS&D (Production, Supply & Distribution)",https://apps.fas.usda.gov/psdonline/downloads/
"Oil, Rapeseed",United States,2000,Exports,(1000 MT),85.0,0,1,07,"USDA FAS PS&D (Production, Supply & Distribution)",https://apps.fas.usda.gov/psdonline/downloads/
"Oil, Rapeseed",United States,2001,Exports,(1000 MT),116.0,0,1,08,"USDA FAS PS&D (Production, Supply & Distribution)",https://apps.fas.usda.gov/psdonline/downloads/
"Oil, Rapeseed",United States,2002,Exports,(1000 MT),73.0,0,1,05,"USDA FAS PS&D (Production, Supply & Distribution)",https://apps.fas.usda.gov/psdonline/downloads/
"Oil, Rapeseed",United States,2003,Exports,(1000 MT),126.0,0,1,08,"USDA FAS PS&D (Production, Supply & Distribution)",https://apps.fas.usda.gov/psdonline/downloads/
"Oil, Rapeseed",United States,2004,Exports,(1000 MT),122.0,0,1,08,"USDA FAS PS&D (Production, Supply & Distribution)",https://apps.fas.usda.gov/psdonline/downloads/
"Oil, Rapeseed",United States,2005,Exports,(1000 MT),214.0,0,1,08,"USDA FAS PS&D (Production, Supply & Distribution)",https://apps.fas.usda.gov/psdonline/downloads/
"Oil, Rapeseed",United States,2006,Exports,(1000 MT),286.0,0,1,04,"USDA FAS PS&D (Production, Supply & Distribution)",https://apps.fas.usda.gov/psdonline/downloads/
"Oil, Rapeseed",United States,2007,Exports,(1000 MT),158.0,0,1,12,"USDA FAS PS&D (Production, Supply & Distribution)",https://apps.fas.usda.gov/psdonline/downloads/
"Oil, Rapeseed",United States,2008,Exports,(1000 MT),249.0,0,1,02,"USDA FAS PS&D (Production, Supply & Distribution)",https://apps.fas.usda.gov/psdonline/downloads/
"Oil, Rapeseed",United States,2009,Exports,(1000 MT),251.0,0,1,08,"USDA FAS PS&D (Production, Supply & Distribution)",https://apps.fas.usda.gov/psdonline/downloads/
"Oil, Rapeseed",United States,2010,Exports,(1000 MT),232.0,0,1,08,"USDA FAS PS&D (Production, Supply & Distribution)",https://apps.fas.usda.gov/psdonline/downloads/
"Oil, Rapeseed",United States,2011,Exports,(1000 MT),301.0,0,1,08,"USDA FAS PS&D (Production, Supply & Distribution)",https://apps.fas.usda.gov/psdonline/downloads/
"Oil, Rapeseed",United States,2012,Exports,(1000 MT),216.0,0,1,04,"USDA FAS PS&D (Production, Supply & Distribution)",https://apps.fas.usda.gov/psdonline/downloads/
"Oil, Rapeseed",United States,2013,Exports,(1000 MT),119.0,0,1,02,"USDA FAS PS&D (Production, Supply & Distribution)",https://apps.fas.usda.gov/psdonline/downloads/
"Oil, Rapeseed",United States,2014,Exports,(1000 MT),110.0,0,1,02,"USDA FAS PS&D (Production, Supply & Distribution)",https://apps.fas.usda.gov/psdonline/downloads/
"Oil, Rapeseed",United States,2015,Exports,(1000 MT),111.0,0,1,07,"USDA FAS PS&D (Production, Supply & Distribution)",https://apps.fas.usda.gov/psdonline/downloads/
"Oil, Rapeseed",United States,2016,Exports,(1000 MT),123.0,0,1,07,"USDA FAS PS&D (Production, Supply & Distribution)",https://apps.fas.usda.gov/psdonline/downloads/
"Oil, Rapeseed",United States,2017,Exports,(1000 MT),105.0,0,1,07,"USDA FAS PS&D (Production, Supply & Distribution)",https://apps.fas.usda.gov/psdonline/downloads/
"Oil, Rapeseed",United States,2018,Exports,(1000 MT),90.0,0,1,01,"USDA FAS PS&D (Production, Supply & Distribution)",https://apps.fas.usda.gov/psdonline/downloads/
"Oil, Rapeseed",United States,2019,Exports,(1000 MT),106.0,0,1,12,"USDA FAS PS&D (Production, Supply & Distribution)",https://apps.fas.usda.gov/psdonline/downloads/
"Oil, Rapeseed",United States,2020,Exports,(1000 MT),142.0,0,1,07,"USDA FAS PS&D (Production, Supply & Distribution)",https://apps.fas.usda.gov/psdonline/downloads/
"Oil, Rapeseed",United States,2021,Exports,(1000 MT),99.0,0,1,04,"USDA FAS PS&D (Production, Supply & Distribution)",https://apps.fas.usda.gov/psdonline/downloads/
"Oil, Rapeseed",United States,2022,Exports,(1000 MT),67.0,0,1,04,"USDA FAS PS&D (Production, Supply & Distribution)",https://apps.fas.usda.gov/psdonline/downloads/
"Oil, Rapeseed",United States,2023,Exports,(1000 MT),65.0,0,1,04,"USDA FAS PS&D (Production, Supply & Distribution)",https://apps.fas.usda.gov/psdonline/downloads/
"Oil, Rapeseed",United States,2024,Exports,(1000 MT),72.0,0,1,04,"USDA FAS PS&D (Production, Supply & Distribution)",https://apps.fas.usda.gov/psdonline/downloads/
"Oil, Rapeseed",United States,2025,Exports,(1000 MT),70.0,0,1,06,"USDA FAS PS&D (Production, Supply & Distribution)",https://apps.fas.usda.gov/psdonline/downloads/
"Oil, Rapeseed",United States,2026,Exports,(1000 MT),60.0,0,1,06,"USDA FAS PS&D (Production, Supply & Distribution)",https://apps.fas.usda.gov/psdonline/downloads/
"Oil, Rapeseed",United States,1964,"Extr. Rate, 999.9999",(PERCENT),5000.0,0,1,06,"USDA FAS PS&D (Production, Supply & Distribution)",https://apps.fas.usda.gov/psdonline/downloads/
"Oil, Rapeseed",United States,1965,"Extr. Rate, 999.9999",(PERCENT),0.0,0,1,06,"USDA FAS PS&D (Production, Supply & Distribution)",https://apps.fas.usda.gov/psdonline/downloads/
"Oil, Rapeseed",United States,1966,"Extr. Rate, 999.9999",(PERCENT),0.0,0,1,06,"USDA FAS PS&D (Production, Supply & Distribution)",https://apps.fas.usda.gov/psdonline/downloads/
"Oil, Rapeseed",United States,1967,"Extr. Rate, 999.9999",(PERCENT),5000.0,0,1,06,"USDA FAS PS&D (Production, Supply & Distribution)",https://apps.fas.usda.gov/psdonline/downloads/
"Oil, Rapeseed",United States,1968,"Extr. Rate, 999.9999",(PERCENT),5000.0,0,1,06,"USDA FAS PS&D (Production, Supply & Distribution)",https://apps.fas.usda.gov/psdonline/downloads/
"Oil, Rapeseed",United States,1969,"Extr. Rate, 999.9999",(PERCENT),0.0,0,1,06,"USDA FAS PS&D (Production, Supply & Distribution)",https://apps.fas.usda.gov/psdonline/downloads/
"Oil, Rapeseed",United States,1970,"Extr. Rate, 999.9999",(PERCENT),0.0,0,1,06,"USDA FAS PS&D (Production, Supply & Distribution)",https://apps.fas.usda.gov/psdonline/downloads/
"Oil, Rapeseed",United States,1971,"Extr. Rate, 999.9999",(PERCENT),5000.0,0,1,06,"USDA FAS PS&D (Production, Supply & Distribution)",https://apps.fas.usda.gov/psdonline/downloads/
"Oil, Rapeseed",United States,1972,"Extr. Rate, 999.9999",(PERCENT),0.0,0,1,06,"USDA FAS PS&D (Production, Supply & Distribution)",https://apps.fas.usda.gov/psdonline/downloads/
"Oil, Rapeseed",United States,1973,"Extr. Rate, 999.9999",(PERCENT),0.0,0,1,06,"USDA FAS PS&D (Production, Supply & Distribution)",https://apps.fas.usda.gov/psdonline/downloads/
"Oil, Rapeseed",United States,1974,"Extr. Rate, 999.9999",(PERCENT),4000.0,0,1,06,"USDA FAS PS&D (Production, Supply & Distribution)",https://apps.fas.usda.gov/psdonline/downloads/
"Oil, Rapeseed",United States,1975,"Extr. Rate, 999.9999",(PERCENT),5000.0,0,1,06,"USDA FAS PS&D (Production, Supply & Distribution)",https://apps.fas.usda.gov/psdonline/downloads/
"Oil, Rapeseed",United States,1976,"Extr. Rate, 999.9999",(PERCENT),0.0,0,1,06,"USDA FAS PS&D (Production, Supply & Distribution)",https://apps.fas.usda.gov/psdonline/downloads/
"Oil, Rapeseed",United States,1977,"Extr. Rate, 999.9999",(PERCENT),0.0,0,1,06,"USDA FAS PS&D (Production, Supply & Distribution)",https://apps.fas.usda.gov/psdonline/downloads/
"Oil, Rapeseed",United States,1978,"Extr. Rate, 999.9999",(PERCENT),5000.0,0,1,06,"USDA FAS PS&D (Production, Supply & Distribution)",https://apps.fas.usda.gov/psdonline/downloads/
"Oil, Rapeseed",United States,1979,"Extr. Rate, 999.9999",(PERCENT),0.0,0,1,06,"USDA FAS PS&D (Production, Supply & Distribution)",https://apps.fas.usda.gov/psdonline/downloads/
"Oil, Rapeseed",United States,1980,"Extr. Rate, 999.9999",(PERCENT),0.0,0,1,06,"USDA FAS PS&D (Production, Supply & Distribution)",https://apps.fas.usda.gov/psdonline/downloads/
"Oil, Rapeseed",United States,1981,"Extr. Rate, 999.9999",(PERCENT),0.0,0,1,06,"USDA FAS PS&D (Production, Supply & Distribution)",https://apps.fas.usda.gov/psdonline/downloads/
"Oil, Rapeseed",United States,1982,"Extr. Rate, 999.9999",(PERCENT),0.0,0,1,06,"USDA FAS PS&D (Production, Supply & Distribution)",https://apps.fas.usda.gov/psdonline/downloads/
"Oil, Rapeseed",United States,1983,"Extr. Rate, 999.9999",(PERCENT),0.0,0,1,06,"USDA FAS PS&D (Production, Supply & Distribution)",https://apps.fas.usda.gov/psdonline/downloads/
"Oil, Rapeseed",United States,1984,"Extr. Rate, 999.9999",(PERCENT),0.0,0,1,06,"USDA FAS PS&D (Production, Supply & Distribution)",https://apps.fas.usda.gov/psdonline/downloads/
"Oil, Rapeseed",United States,1985,"Extr. Rate, 999.9999",(PERCENT),0.0,0,1,06,"USDA FAS PS&D (Production, Supply & Distribution)",https://apps.fas.usda.gov/psdonline/downloads/
"Oil, Rapeseed",United States,1986,"Extr. Rate, 999.9999",(PERCENT),0.0,0,1,06,"USDA FAS PS&D (Production, Supply & Distribution)",https://apps.fas.usda.gov/psdonline/downloads/
"Oil, Rapeseed",United States,1987,"Extr. Rate, 999.9999",(PERCENT),0.48,0,1,07,"USDA FAS PS&D (Production, Supply & Distribution)",https://apps.fas.usda.gov/psdonline/downloads/
"Oil, Rapeseed",United States,1988,"Extr. Rate, 999.9999",(PERCENT),0.74,0,1,07,"USDA FAS PS&D (Production, Supply & Distribution)",https://apps.fas.usda.gov/psdonline/downloads/
"Oil, Rapeseed",United States,1989,"Extr. Rate, 999.9999",(PERCENT),0.35,0,1,07,"USDA FAS PS&D (Production, Supply & Distribution)",https://apps.fas.usda.gov/psdonline/downloads/
"Oil, Rapeseed",United States,1990,"Extr. Rate, 999.9999",(PERCENT),0.34,0,1,07,"USDA FAS PS&D (Production, Supply & Distribution)",https://apps.fas.usda.gov/psdonline/downloads/
"Oil, Rapeseed",United States,1991,"Extr. Rate, 999.9999",(PERCENT),0.33,0,1,08,"USDA FAS PS&D (Production, Supply & Distribution)",https://apps.fas.usda.gov/psdonline/downloads/
"Oil, Rapeseed",United States,1992,"Extr. Rate, 999.9999",(PERCENT),1.64,0,1,07,"USDA FAS PS&D (Production, Supply & Distribution)",https://apps.fas.usda.gov/psdonline/downloads/
"Oil, Rapeseed",United States,1993,"Extr. Rate, 999.9999",(PERCENT),0.42,0,1,07,"USDA FAS PS&D (Production, Supply & Distribution)",https://apps.fas.usda.gov/psdonline/downloads/
"Oil, Rapeseed",United States,1994,"Extr. Rate, 999.9999",(PERCENT),0.41,0,1,07,"USDA FAS PS&D (Production, Supply & Distribution)",https://apps.fas.usda.gov/psdonline/downloads/
"Oil, Rapeseed",United States,1995,"Extr. Rate, 999.9999",(PERCENT),0.4,0,1,07,"USDA FAS PS&D (Production, Supply & Distribution)",https://apps.fas.usda.gov/psdonline/downloads/
"Oil, Rapeseed",United States,1996,"Extr. Rate, 999.9999",(PERCENT),0.48,0,1,07,"USDA FAS PS&D (Production, Supply & Distribution)",https://apps.fas.usda.gov/psdonline/downloads/
"Oil, Rapeseed",United States,1997,"Extr. Rate, 999.9999",(PERCENT),0.44,0,1,07,"USDA FAS PS&D (Production, Supply & Distribution)",https://apps.fas.usda.gov/psdonline/downloads/
"Oil, Rapeseed",United States,1998,"Extr. Rate, 999.9999",(PERCENT),0.42,0,1,05,"USDA FAS PS&D (Production, Supply & Distribution)",https://apps.fas.usda.gov/psdonline/downloads/
"Oil, Rapeseed",United States,1999,"Extr. Rate, 999.9999",(PERCENT),0.43,0,1,05,"USDA FAS PS&D (Production, Supply & Distribution)",https://apps.fas.usda.gov/psdonline/downloads/
"Oil, Rapeseed",United States,2000,"Extr. Rate, 999.9999",(PERCENT),0.39,0,1,07,"USDA FAS PS&D (Production, Supply & Distribution)",https://apps.fas.usda.gov/psdonline/downloads/
"Oil, Rapeseed",United States,2001,"Extr. Rate, 999.9999",(PERCENT),0.37,0,1,08,"USDA FAS PS&D (Production, Supply & Distribution)",https://apps.fas.usda.gov/psdonline/downloads/
"Oil, Rapeseed",United States,2002,"Extr. Rate, 999.9999",(PERCENT),0.41,0,1,05,"USDA FAS PS&D (Production, Supply & Distribution)",https://apps.fas.usda.gov/psdonline/downloads/
"Oil, Rapeseed",United States,2003,"Extr. Rate, 999.9999",(PERCENT),0.45,0,1,08,"USDA FAS PS&D (Production, Supply & Distribution)",https://apps.fas.usda.gov/psdonline/downloads/
"Oil, Rapeseed",United States,2004,"Extr. Rate, 999.9999",(PERCENT),0.42,0,1,08,"USDA FAS PS&D (Production, Supply & Distribution)",https://apps.fas.usda.gov/psdonline/downloads/
"Oil, Rapeseed",United States,2005,"Extr. Rate, 999.9999",(PERCENT),0.41,0,1,08,"USDA FAS PS&D (Production, Supply & Distribution)",https://apps.fas.usda.gov/psdonline/downloads/
"Oil, Rapeseed",United States,2006,"Extr. Rate, 999.9999",(PERCENT),0.44,0,1,04,"USDA FAS PS&D (Production, Supply & Distribution)",https://apps.fas.usda.gov/psdonline/downloads/
"Oil, Rapeseed",United States,2007,"Extr. Rate, 999.9999",(PERCENT),0.44,0,1,12,"USDA FAS PS&D (Production, Supply & Distribution)",https://apps.fas.usda.gov/psdonline/downloads/
"Oil, Rapeseed",United States,2008,"Extr. Rate, 999.9999",(PERCENT),0.41,0,1,02,"USDA FAS PS&D (Production, Supply & Distribution)",https://apps.fas.usda.gov/psdonline/downloads/
"Oil, Rapeseed",United States,2009,"Extr. Rate, 999.9999",(PERCENT),0.44,0,1,08,"USDA FAS PS&D (Production, Supply & Distribution)",https://apps.fas.usda.gov/psdonline/downloads/
"Oil, Rapeseed",United States,2010,"Extr. Rate, 999.9999",(PERCENT),0.4,0,1,08,"USDA FAS PS&D (Production, Supply & Distribution)",https://apps.fas.usda.gov/psdonline/downloads/
"Oil, Rapeseed",United States,2011,"Extr. Rate, 999.9999",(PERCENT),0.43,0,1,08,"USDA FAS PS&D (Production, Supply & Distribution)",https://apps.fas.usda.gov/psdonline/downloads/
"Oil, Rapeseed",United States,2012,"Extr. Rate, 999.9999",(PERCENT),0.46,0,1,04,"USDA FAS PS&D (Production, Supply & Distribution)",https://apps.fas.usda.gov/psdonline/downloads/
"Oil, Rapeseed",United States,2013,"Extr. Rate, 999.9999",(PERCENT),0.42,0,1,02,"USDA FAS PS&D (Production, Supply & Distribution)",https://apps.fas.usda.gov/psdonline/downloads/
"Oil, Rapeseed",United States,2014,"Extr. Rate, 999.9999",(PERCENT),0.41,0,1,02,"USDA FAS PS&D (Production, Supply & Distribution)",https://apps.fas.usda.gov/psdonline/downloads/
"Oil, Rapeseed",United States,2015,"Extr. Rate, 999.9999",(PERCENT),0.47,0,1,07,"USDA FAS PS&D (Production, Supply & Distribution)",https://apps.fas.usda.gov/psdonline/downloads/
"Oil, Rapeseed",United States,2016,"Extr. Rate, 999.9999",(PERCENT),0.4,0,1,07,"USDA FAS PS&D (Production, Supply & Distribution)",https://apps.fas.usda.gov/psdonline/downloads/
"Oil, Rapeseed",United States,2017,"Extr. Rate, 999.9999",(PERCENT),0.43,0,1,07,"USDA FAS PS&D (Production, Supply & Distribution)",https://apps.fas.usda.gov/psdonline/downloads/
"Oil, Rapeseed",United States,2018,"Extr. Rate, 999.9999",(PERCENT),0.4,0,1,01,"USDA FAS PS&D (Production, Supply & Distribution)",https://apps.fas.usda.gov/psdonline/downloads/
"Oil, Rapeseed",United States,2019,"Extr. Rate, 999.9999",(PERCENT),0.45,0,1,12,"USDA FAS PS&D (Production, Supply & Distribution)",https://apps.fas.usda.gov/psdonline/downloads/
"Oil, Rapeseed",United States,2020,"Extr. Rate, 999.9999",(PERCENT),0.39,0,1,07,"USDA FAS PS&D (Production, Supply & Distribution)",https://apps.fas.usda.gov/psdonline/downloads/
"Oil, Rapeseed",United States,2021,"Extr. Rate, 999.9999",(PERCENT),0.41,0,1,04,"USDA FAS PS&D (Production, Supply & Distribution)",https://apps.fas.usda.gov/psdonline/downloads/
"Oil, Rapeseed",United States,2022,"Extr. Rate, 999.9999",(PERCENT),0.42,0,1,04,"USDA FAS PS&D (Production, Supply & Distribution)",https://apps.fas.usda.gov/psdonline/downloads/
"Oil, Rapeseed",United States,2023,"Extr. Rate, 999.9999",(PERCENT),0.41,0,1,04,"USDA FAS PS&D (Production, Supply & Distribution)",https://apps.fas.usda.gov/psdonline/downloads/
"Oil, Rapeseed",United States,2024,"Extr. Rate, 999.9999",(PERCENT),0.39,0,1,04,"USDA FAS PS&D (Production, Supply & Distribution)",https://apps.fas.usda.gov/psdonline/downloads/
"Oil, Rapeseed",United States,2025,"Extr. Rate, 999.9999",(PERCENT),0.41,0,1,06,"USDA FAS PS&D (Production, Supply & Distribution)",https://apps.fas.usda.gov/psdonline/downloads/
"Oil, Rapeseed",United States,2026,"Extr. Rate, 999.9999",(PERCENT),0.41,0,1,06,"USDA FAS PS&D (Production, Supply & Distribution)",https://apps.fas.usda.gov/psdonline/downloads/
"Oil, Rapeseed",United States,1964,Feed Waste Dom. Cons.,(1000 MT),0.0,0,1,06,"USDA FAS PS&D (Production, Supply & Distribution)",https://apps.fas.usda.gov/psdonline/downloads/
"Oil, Rapeseed",United States,1965,Feed Waste Dom. Cons.,(1000 MT),0.0,0,1,06,"USDA FAS PS&D (Production, Supply & Distribution)",https://apps.fas.usda.gov/psdonline/downloads/
"Oil, Rapeseed",United States,1966,Feed Waste Dom. Cons.,(1000 MT),0.0,0,1,06,"USDA FAS PS&D (Production, Supply & Distribution)",https://apps.fas.usda.gov/psdonline/downloads/
"Oil, Rapeseed",United States,1967,Feed Waste Dom. Cons.,(1000 MT),0.0,0,1,06,"USDA FAS PS&D (Production, Supply & Distribution)",https://apps.fas.usda.gov/psdonline/downloads/
"Oil, Rapeseed",United States,1968,Feed Waste Dom. Cons.,(1000 MT),0.0,0,1,06,"USDA FAS PS&D (Production, Supply & Distribution)",https://apps.fas.usda.gov/psdonline/downloads/
"Oil, Rapeseed",United States,1969,Feed Waste Dom. Cons.,(1000 MT),0.0,0,1,06,"USDA FAS PS&D (Production, Supply & Distribution)",https://apps.fas.usda.gov/psdonline/downloads/
"Oil, Rapeseed",United States,1970,Feed Waste Dom. Cons.,(1000 MT),0.0,0,1,06,"USDA FAS PS&D (Production, Supply & Distribution)",https://apps.fas.usda.gov/psdonline/downloads/
"Oil, Rapeseed",United States,1971,Feed Waste Dom. Cons.,(1000 MT),0.0,0,1,06,"USDA FAS PS&D (Production, Supply & Distribution)",https://apps.fas.usda.gov/psdonline/downloads/
"Oil, Rapeseed",United States,1972,Feed Waste Dom. Cons.,(1000 MT),0.0,0,1,06,"USDA FAS PS&D (Production, Supply & Distribution)",https://apps.fas.usda.gov/psdonline/downloads/
"Oil, Rapeseed",United States,1973,Feed Waste Dom. Cons.,(1000 MT),0.0,0,1,06,"USDA FAS PS&D (Production, Supply & Distribution)",https://apps.fas.usda.gov/psdonline/downloads/
"Oil, Rapeseed",United States,1974,Feed Waste Dom. Cons.,(1000 MT),0.0,0,1,06,"USDA FAS PS&D (Production, Supply & Distribution)",https://apps.fas.usda.gov/psdonline/downloads/
"Oil, Rapeseed",United States,1975,Feed Waste Dom. Cons.,(1000 MT),0.0,0,1,06,"USDA FAS PS&D (Production, Supply & Distribution)",https://apps.fas.usda.gov/psdonline/downloads/
"Oil, Rapeseed",United States,1976,Feed Waste Dom. Cons.,(1000 MT),0.0,0,1,06,"USDA FAS PS&D (Production, Supply & Distribution)",https://apps.fas.usda.gov/psdonline/downloads/
"Oil, Rapeseed",United States,1977,Feed Waste Dom. Cons.,(1000 MT),0.0,0,1,06,"USDA FAS PS&D (Production, Supply & Distribution)",https://apps.fas.usda.gov/psdonline/downloads/
"Oil, Rapeseed",United States,1978,Feed Waste Dom. Cons.,(1000 MT),0.0,0,1,06,"USDA FAS PS&D (Production, Supply & Distribution)",https://apps.fas.usda.gov/psdonline/downloads/
"Oil, Rapeseed",United States,1979,Feed Waste Dom. Cons.,(1000 MT),0.0,0,1,06,"USDA FAS PS&D (Production, Supply & Distribution)",https://apps.fas.usda.gov/psdonline/downloads/
"Oil, Rapeseed",United States,1980,Feed Waste Dom. Cons.,(1000 MT),0.0,0,1,06,"USDA FAS PS&D (Production, Supply & Distribution)",https://apps.fas.usda.gov/psdonline/downloads/
"Oil, Rapeseed",United States,1981,Feed Waste Dom. Cons.,(1000 MT),0.0,0,1,06,"USDA FAS PS&D (Production, Supply & Distribution)",https://apps.fas.usda.gov/psdonline/downloads/
"Oil, Rapeseed",United States,1982,Feed Waste Dom. Cons.,(1000 MT),0.0,0,1,06,"USDA FAS PS&D (Production, Supply & Distribution)",https://apps.fas.usda.gov/psdonline/downloads/
"Oil, Rapeseed",United States,1983,Feed Waste Dom. Cons.,(1000 MT),0.0,0,1,06,"USDA FAS PS&D (Production, Supply & Distribution)",https://apps.fas.usda.gov/psdonline/downloads/
"Oil, Rapeseed",United States,1984,Feed Waste Dom. Cons.,(1000 MT),0.0,0,1,06,"USDA FAS PS&D (Production, Supply & Distribution)",https://apps.fas.usda.gov/psdonline/downloads/
"Oil, Rapeseed",United States,1985,Feed Waste Dom. Cons.,(1000 MT),0.0,0,1,06,"USDA FAS PS&D (Production, Supply & Distribution)",https://apps.fas.usda.gov/psdonline/downloads/
"Oil, Rapeseed",United States,1986,Feed Waste Dom. Cons.,(1000 MT),0.0,0,1,06,"USDA FAS PS&D (Production, Supply & Distribution)",https://apps.fas.usda.gov/psdonline/downloads/
"Oil, Rapeseed",United States,1987,Feed Waste Dom. Cons.,(1000 MT),0.0,0,1,07,"USDA FAS PS&D (Production, Supply & Distribution)",https://apps.fas.usda.gov/psdonline/downloads/
"Oil, Rapeseed",United States,1988,Feed Waste Dom. Cons.,(1000 MT),0.0,0,1,07,"USDA FAS PS&D (Production, Supply & Distribution)",https://apps.fas.usda.gov/psdonline/downloads/
"Oil, Rapeseed",United States,1989,Feed Waste Dom. Cons.,(1000 MT),0.0,0,1,07,"USDA FAS PS&D (Production, Supply & Distribution)",https://apps.fas.usda.gov/psdonline/downloads/
"Oil, Rapeseed",United States,1990,Feed Waste Dom. Cons.,(1000 MT),0.0,0,1,07,"USDA FAS PS&D (Production, Supply & Distribution)",https://apps.fas.usda.gov/psdonline/downloads/
"Oil, Rapeseed",United States,1991,Feed Waste Dom. Cons.,(1000 MT),0.0,0,1,08,"USDA FAS PS&D (Production, Supply & Distribution)",https://apps.fas.usda.gov/psdonline/downloads/
"Oil, Rapeseed",United States,1992,Feed Waste Dom. Cons.,(1000 MT),0.0,0,1,07,"USDA FAS PS&D (Production, Supply & Distribution)",https://apps.fas.usda.gov/psdonline/downloads/
"Oil, Rapeseed",United States,1993,Feed Waste Dom. Cons.,(1000 MT),0.0,0,1,07,"USDA FAS PS&D (Production, Supply & Distribution)",https://apps.fas.usda.gov/psdonline/downloads/
"Oil, Rapeseed",United States,1994,Feed Waste Dom. Cons.,(1000 MT),0.0,0,1,07,"USDA FAS PS&D (Production, Supply & Distribution)",https://apps.fas.usda.gov/psdonline/downloads/
"Oil, Rapeseed",United States,1995,Feed Waste Dom. Cons.,(1000 MT),0.0,0,1,07,"USDA FAS PS&D (Production, Supply & Distribution)",https://apps.fas.usda.gov/psdonline/downloads/
"Oil, Rapeseed",United States,1996,Feed Waste Dom. Cons.,(1000 MT),0.0,0,1,07,"USDA FAS PS&D (Production, Supply & Distribution)",https://apps.fas.usda.gov/psdonline/downloads/
"Oil, Rapeseed",United States,1997,Feed Waste Dom. Cons.,(1000 MT),0.0,0,1,07,"USDA FAS PS&D (Production, Supply & Distribution)",https://apps.fas.usda.gov/psdonline/downloads/
"Oil, Rapeseed",United States,1998,Feed Waste Dom. Cons.,(1000 MT),0.0,0,1,05,"USDA FAS PS&D (Production, Supply & Distribution)",https://apps.fas.usda.gov/psdonline/downloads/
"Oil, Rapeseed",United States,1999,Feed Waste Dom. Cons.,(1000 MT),0.0,0,1,05,"USDA FAS PS&D (Production, Supply & Distribution)",https://apps.fas.usda.gov/psdonline/downloads/
"Oil, Rapeseed",United States,2000,Feed Waste Dom. Cons.,(1000 MT),0.0,0,1,07,"USDA FAS PS&D (Production, Supply & Distribution)",https://apps.fas.usda.gov/psdonline/downloads/
"Oil, Rapeseed",United States,2001,Feed Waste Dom. Cons.,(1000 MT),0.0,0,1,08,"USDA FAS PS&D (Production, Supply & Distribution)",https://apps.fas.usda.gov/psdonline/downloads/
"Oil, Rapeseed",United States,2002,Feed Waste Dom. Cons.,(1000 MT),0.0,0,1,05,"USDA FAS PS&D (Production, Supply & Distribution)",https://apps.fas.usda.gov/psdonline/downloads/
"Oil, Rapeseed",United States,2003,Feed Waste Dom. Cons.,(1000 MT),0.0,0,1,08,"USDA FAS PS&D (Production, Supply & Distribution)",https://apps.fas.usda.gov/psdonline/downloads/
"Oil, Rapeseed",United States,2004,Feed Waste Dom. Cons.,(1000 MT),0.0,0,1,08,"USDA FAS PS&D (Production, Supply & Distribution)",https://apps.fas.usda.gov/psdonline/downloads/
"Oil, Rapeseed",United States,2005,Feed Waste Dom. Cons.,(1000 MT),0.0,0,1,08,"USDA FAS PS&D (Production, Supply & Distribution)",https://apps.fas.usda.gov/psdonline/downloads/
"Oil, Rapeseed",United States,2006,Feed Waste Dom. Cons.,(1000 MT),0.0,0,1,04,"USDA FAS PS&D (Production, Supply & Distribution)",https://apps.fas.usda.gov/psdonline/downloads/
"Oil, Rapeseed",United States,2007,Feed Waste Dom. Cons.,(1000 MT),0.0,0,1,12,"USDA FAS PS&D (Production, Supply & Distribution)",https://apps.fas.usda.gov/psdonline/downloads/
"Oil, Rapeseed",United States,2008,Feed Waste Dom. Cons.,(1000 MT),0.0,0,1,02,"USDA FAS PS&D (Production, Supply & Distribution)",https://apps.fas.usda.gov/psdonline/downloads/
"Oil, Rapeseed",United States,2009,Feed Waste Dom. Cons.,(1000 MT),0.0,0,1,08,"USDA FAS PS&D (Production, Supply & Distribution)",https://apps.fas.usda.gov/psdonline/downloads/
"Oil, Rapeseed",United States,2010,Feed Waste Dom. Cons.,(1000 MT),0.0,0,1,08,"USDA FAS PS&D (Production, Supply & Distribution)",https://apps.fas.usda.gov/psdonline/downloads/
"Oil, Rapeseed",United States,2011,Feed Waste Dom. Cons.,(1000 MT),0.0,0,1,08,"USDA FAS PS&D (Production, Supply & Distribution)",https://apps.fas.usda.gov/psdonline/downloads/
"Oil, Rapeseed",United States,2012,Feed Waste Dom. Cons.,(1000 MT),0.0,0,1,04,"USDA FAS PS&D (Production, Supply & Distribution)",https://apps.fas.usda.gov/psdonline/downloads/
"Oil, Rapeseed",United States,2013,Feed Waste Dom. Cons.,(1000 MT),0.0,0,1,02,"USDA FAS PS&D (Production, Supply & Distribution)",https://apps.fas.usda.gov/psdonline/downloads/
"Oil, Rapeseed",United States,2014,Feed Waste Dom. Cons.,(1000 MT),0.0,0,1,02,"USDA FAS PS&D (Production, Supply & Distribution)",https://apps.fas.usda.gov/psdonline/downloads/
"Oil, Rapeseed",United States,2015,Feed Waste Dom. Cons.,(1000 MT),0.0,0,1,07,"USDA FAS PS&D (Production, Supply & Distribution)",https://apps.fas.usda.gov/psdonline/downloads/
"Oil, Rapeseed",United States,2016,Feed Waste Dom. Cons.,(1000 MT),0.0,0,1,07,"USDA FAS PS&D (Production, Supply & Distribution)",https://apps.fas.usda.gov/psdonline/downloads/
"Oil, Rapeseed",United States,2017,Feed Waste Dom. Cons.,(1000 MT),0.0,0,1,07,"USDA FAS PS&D (Production, Supply & Distribution)",https://apps.fas.usda.gov/psdonline/downloads/
"Oil, Rapeseed",United States,2018,Feed Waste Dom. Cons.,(1000 MT),0.0,0,1,01,"USDA FAS PS&D (Production, Supply & Distribution)",https://apps.fas.usda.gov/psdonline/downloads/
"Oil, Rapeseed",United States,2019,Feed Waste Dom. Cons.,(1000 MT),0.0,0,1,12,"USDA FAS PS&D (Production, Supply & Distribution)",https://apps.fas.usda.gov/psdonline/downloads/
"Oil, Rapeseed",United States,2020,Feed Waste Dom. Cons.,(1000 MT),0.0,0,1,07,"USDA FAS PS&D (Production, Supply & Distribution)",https://apps.fas.usda.gov/psdonline/downloads/
"Oil, Rapeseed",United States,2021,Feed Waste Dom. Cons.,(1000 MT),0.0,0,1,04,"USDA FAS PS&D (Production, Supply & Distribution)",https://apps.fas.usda.gov/psdonline/downloads/
"Oil, Rapeseed",United States,2022,Feed Waste Dom. Cons.,(1000 MT),0.0,0,1,04,"USDA FAS PS&D (Production, Supply & Distribution)",https://apps.fas.usda.gov/psdonline/downloads/
"Oil, Rapeseed",United States,2023,Feed Waste Dom. Cons.,(1000 MT),0.0,0,1,04,"USDA FAS PS&D (Production, Supply & Distribution)",https://apps.fas.usda.gov/psdonline/downloads/
"Oil, Rapeseed",United States,2024,Feed Waste Dom. Cons.,(1000 MT),0.0,0,1,04,"USDA FAS PS&D (Production, Supply & Distribution)",https://apps.fas.usda.gov/psdonline/downloads/
"Oil, Rapeseed",United States,2025,Feed Waste Dom. Cons.,(1000 MT),0.0,0,1,06,"USDA FAS PS&D (Production, Supply & Distribution)",https://apps.fas.usda.gov/psdonline/downloads/
"Oil, Rapeseed",United States,2026,Feed Waste Dom. Cons.,(1000 MT),0.0,0,1,06,"USDA FAS PS&D (Production, Supply & Distribution)",https://apps.fas.usda.gov/psdonline/downloads/
"Oil, Rapeseed",United States,1964,Food Use Dom. Cons.,(1000 MT),0.0,0,1,06,"USDA FAS PS&D (Production, Supply & Distribution)",https://apps.fas.usda.gov/psdonline/downloads/
"Oil, Rapeseed",United States,1965,Food Use Dom. Cons.,(1000 MT),0.0,0,1,06,"USDA FAS PS&D (Production, Supply & Distribution)",https://apps.fas.usda.gov/psdonline/downloads/
"Oil, Rapeseed",United States,1966,Food Use Dom. Cons.,(1000 MT),0.0,0,1,06,"USDA FAS PS&D (Production, Supply & Distribution)",https://apps.fas.usda.gov/psdonline/downloads/
"Oil, Rapeseed",United States,1967,Food Use Dom. Cons.,(1000 MT),0.0,0,1,06,"USDA FAS PS&D (Production, Supply & Distribution)",https://apps.fas.usda.gov/psdonline/downloads/
"Oil, Rapeseed",United States,1968,Food Use Dom. Cons.,(1000 MT),0.0,0,1,06,"USDA FAS PS&D (Production, Supply & Distribution)",https://apps.fas.usda.gov/psdonline/downloads/
"Oil, Rapeseed",United States,1969,Food Use Dom. Cons.,(1000 MT),0.0,0,1,06,"USDA FAS PS&D (Production, Supply & Distribution)",https://apps.fas.usda.gov/psdonline/downloads/
"Oil, Rapeseed",United States,1970,Food Use Dom. Cons.,(1000 MT),0.0,0,1,06,"USDA FAS PS&D (Production, Supply & Distribution)",https://apps.fas.usda.gov/psdonline/downloads/
"Oil, Rapeseed",United States,1971,Food Use Dom. Cons.,(1000 MT),0.0,0,1,06,"USDA FAS PS&D (Production, Supply & Distribution)",https://apps.fas.usda.gov/psdonline/downloads/
"Oil, Rapeseed",United States,1972,Food Use Dom. Cons.,(1000 MT),0.0,0,1,06,"USDA FAS PS&D (Production, Supply & Distribution)",https://apps.fas.usda.gov/psdonline/downloads/
"Oil, Rapeseed",United States,1973,Food Use Dom. Cons.,(1000 MT),0.0,0,1,06,"USDA FAS PS&D (Production, Supply & Distribution)",https://apps.fas.usda.gov/psdonline/downloads/
"Oil, Rapeseed",United States,1974,Food Use Dom. Cons.,(1000 MT),0.0,0,1,06,"USDA FAS PS&D (Production, Supply & Distribution)",https://apps.fas.usda.gov/psdonline/downloads/
"Oil, Rapeseed",United States,1975,Food Use Dom. Cons.,(1000 MT),0.0,0,1,06,"USDA FAS PS&D (Production, Supply & Distribution)",https://apps.fas.usda.gov/psdonline/downloads/
"Oil, Rapeseed",United States,1976,Food Use Dom. Cons.,(1000 MT),0.0,0,1,06,"USDA FAS PS&D (Production, Supply & Distribution)",https://apps.fas.usda.gov/psdonline/downloads/
"Oil, Rapeseed",United States,1977,Food Use Dom. Cons.,(1000 MT),0.0,0,1,06,"USDA FAS PS&D (Production, Supply & Distribution)",https://apps.fas.usda.gov/psdonline/downloads/
"Oil, Rapeseed",United States,1978,Food Use Dom. Cons.,(1000 MT),0.0,0,1,06,"USDA FAS PS&D (Production, Supply & Distribution)",https://apps.fas.usda.gov/psdonline/downloads/
"Oil, Rapeseed",United States,1979,Food Use Dom. Cons.,(1000 MT),0.0,0,1,06,"USDA FAS PS&D (Production, Supply & Distribution)",https://apps.fas.usda.gov/psdonline/downloads/
"Oil, Rapeseed",United States,1980,Food Use Dom. Cons.,(1000 MT),6.0,0,1,06,"USDA FAS PS&D (Production, Supply & Distribution)",https://apps.fas.usda.gov/psdonline/downloads/
"Oil, Rapeseed",United States,1981,Food Use Dom. Cons.,(1000 MT),7.0,0,1,06,"USDA FAS PS&D (Production, Supply & Distribution)",https://apps.fas.usda.gov/psdonline/downloads/
"Oil, Rapeseed",United States,1982,Food Use Dom. Cons.,(1000 MT),5.0,0,1,06,"USDA FAS PS&D (Production, Supply & Distribution)",https://apps.fas.usda.gov/psdonline/downloads/
"Oil, Rapeseed",United States,1983,Food Use Dom. Cons.,(1000 MT),5.0,0,1,06,"USDA FAS PS&D (Production, Supply & Distribution)",https://apps.fas.usda.gov/psdonline/downloads/
"Oil, Rapeseed",United States,1984,Food Use Dom. Cons.,(1000 MT),15.0,0,1,06,"USDA FAS PS&D (Production, Supply & Distribution)",https://apps.fas.usda.gov/psdonline/downloads/
"Oil, Rapeseed",United States,1985,Food Use Dom. Cons.,(1000 MT),42.0,0,1,06,"USDA FAS PS&D (Production, Supply & Distribution)",https://apps.fas.usda.gov/psdonline/downloads/
"Oil, Rapeseed",United States,1986,Food Use Dom. Cons.,(1000 MT),82.0,0,1,06,"USDA FAS PS&D (Production, Supply & Distribution)",https://apps.fas.usda.gov/psdonline/downloads/
"Oil, Rapeseed",United States,1987,Food Use Dom. Cons.,(1000 MT),130.0,0,1,07,"USDA FAS PS&D (Production, Supply & Distribution)",https://apps.fas.usda.gov/psdonline/downloads/
"Oil, Rapeseed",United States,1988,Food Use Dom. Cons.,(1000 MT),241.0,0,1,07,"USDA FAS PS&D (Production, Supply & Distribution)",https://apps.fas.usda.gov/psdonline/downloads/
"Oil, Rapeseed",United States,1989,Food Use Dom. Cons.,(1000 MT),217.0,0,1,07,"USDA FAS PS&D (Production, Supply & Distribution)",https://apps.fas.usda.gov/psdonline/downloads/
"Oil, Rapeseed",United States,1990,Food Use Dom. Cons.,(1000 MT),283.0,0,1,07,"USDA FAS PS&D (Production, Supply & Distribution)",https://apps.fas.usda.gov/psdonline/downloads/
"Oil, Rapeseed",United States,1991,Food Use Dom. Cons.,(1000 MT),359.0,0,1,08,"USDA FAS PS&D (Production, Supply & Distribution)",https://apps.fas.usda.gov/psdonline/downloads/
"Oil, Rapeseed",United States,1992,Food Use Dom. Cons.,(1000 MT),436.0,0,1,07,"USDA FAS PS&D (Production, Supply & Distribution)",https://apps.fas.usda.gov/psdonline/downloads/
"Oil, Rapeseed",United States,1993,Food Use Dom. Cons.,(1000 MT),493.0,0,1,07,"USDA FAS PS&D (Production, Supply & Distribution)",https://apps.fas.usda.gov/psdonline/downloads/
"Oil, Rapeseed",United States,1994,Food Use Dom. Cons.,(1000 MT),551.0,0,1,07,"USDA FAS PS&D (Production, Supply & Distribution)",https://apps.fas.usda.gov/psdonline/downloads/
"Oil, Rapeseed",United States,1995,Food Use Dom. Cons.,(1000 MT),570.0,0,1,07,"USDA FAS PS&D (Production, Supply & Distribution)",https://apps.fas.usda.gov/psdonline/downloads/
"Oil, Rapeseed",United States,1996,Food Use Dom. Cons.,(1000 MT),546.0,0,1,07,"USDA FAS PS&D (Production, Supply & Distribution)",https://apps.fas.usda.gov/psdonline/downloads/
"Oil, Rapeseed",United States,1997,Food Use Dom. Cons.,(1000 MT),567.0,0,1,07,"USDA FAS PS&D (Production, Supply & Distribution)",https://apps.fas.usda.gov/psdonline/downloads/
"Oil, Rapeseed",United States,1998,Food Use Dom. Cons.,(1000 MT),620.0,0,1,05,"USDA FAS PS&D (Production, Supply & Distribution)",https://apps.fas.usda.gov/psdonline/downloads/
"Oil, Rapeseed",United States,1999,Food Use Dom. Cons.,(1000 MT),673.0,0,1,05,"USDA FAS PS&D (Production, Supply & Distribution)",https://apps.fas.usda.gov/psdonline/downloads/
"Oil, Rapeseed",United States,2000,Food Use Dom. Cons.,(1000 MT),802.0,0,1,07,"USDA FAS PS&D (Production, Supply & Distribution)",https://apps.fas.usda.gov/psdonline/downloads/
"Oil, Rapeseed",United States,2001,Food Use Dom. Cons.,(1000 MT),681.0,0,1,08,"USDA FAS PS&D (Production, Supply & Distribution)",https://apps.fas.usda.gov/psdonline/downloads/
"Oil, Rapeseed",United States,2002,Food Use Dom. Cons.,(1000 MT),588.0,0,1,05,"USDA FAS PS&D (Production, Supply & Distribution)",https://apps.fas.usda.gov/psdonline/downloads/
"Oil, Rapeseed",United States,2003,Food Use Dom. Cons.,(1000 MT),698.0,0,1,08,"USDA FAS PS&D (Production, Supply & Distribution)",https://apps.fas.usda.gov/psdonline/downloads/
"Oil, Rapeseed",United States,2004,Food Use Dom. Cons.,(1000 MT),739.0,0,1,08,"USDA FAS PS&D (Production, Supply & Distribution)",https://apps.fas.usda.gov/psdonline/downloads/
"Oil, Rapeseed",United States,2005,Food Use Dom. Cons.,(1000 MT),853.0,0,1,08,"USDA FAS PS&D (Production, Supply & Distribution)",https://apps.fas.usda.gov/psdonline/downloads/
"Oil, Rapeseed",United States,2006,Food Use Dom. Cons.,(1000 MT),871.0,0,1,04,"USDA FAS PS&D (Production, Supply & Distribution)",https://apps.fas.usda.gov/psdonline/downloads/
"Oil, Rapeseed",United States,2007,Food Use Dom. Cons.,(1000 MT),1267.0,0,1,12,"USDA FAS PS&D (Production, Supply & Distribution)",https://apps.fas.usda.gov/psdonline/downloads/
"Oil, Rapeseed",United States,2008,Food Use Dom. Cons.,(1000 MT),1216.0,0,1,02,"USDA FAS PS&D (Production, Supply & Distribution)",https://apps.fas.usda.gov/psdonline/downloads/
"Oil, Rapeseed",United States,2009,Food Use Dom. Cons.,(1000 MT),1152.0,0,1,08,"USDA FAS PS&D (Production, Supply & Distribution)",https://apps.fas.usda.gov/psdonline/downloads/
"Oil, Rapeseed",United States,2010,Food Use Dom. Cons.,(1000 MT),1364.0,0,1,08,"USDA FAS PS&D (Production, Supply & Distribution)",https://apps.fas.usda.gov/psdonline/downloads/
"Oil, Rapeseed",United States,2011,Food Use Dom. Cons.,(1000 MT),1304.0,0,1,08,"USDA FAS PS&D (Production, Supply & Distribution)",https://apps.fas.usda.gov/psdonline/downloads/
"Oil, Rapeseed",United States,2012,Food Use Dom. Cons.,(1000 MT),1440.0,0,1,04,"USDA FAS PS&D (Production, Supply & Distribution)",https://apps.fas.usda.gov/psdonline/downloads/
"Oil, Rapeseed",United States,2013,Food Use Dom. Cons.,(1000 MT),1622.0,0,1,02,"USDA FAS PS&D (Production, Supply & Distribution)",https://apps.fas.usda.gov/psdonline/downloads/
"Oil, Rapeseed",United States,2014,Food Use Dom. Cons.,(1000 MT),1849.0,0,1,02,"USDA FAS PS&D (Production, Supply & Distribution)",https://apps.fas.usda.gov/psdonline/downloads/
"Oil, Rapeseed",United States,2015,Food Use Dom. Cons.,(1000 MT),1956.0,0,1,07,"USDA FAS PS&D (Production, Supply & Distribution)",https://apps.fas.usda.gov/psdonline/downloads/
"Oil, Rapeseed",United States,2016,Food Use Dom. Cons.,(1000 MT),2069.0,0,1,07,"USDA FAS PS&D (Production, Supply & Distribution)",https://apps.fas.usda.gov/psdonline/downloads/
"Oil, Rapeseed",United States,2017,Food Use Dom. Cons.,(1000 MT),1918.0,0,1,07,"USDA FAS PS&D (Production, Supply & Distribution)",https://apps.fas.usda.gov/psdonline/downloads/
"Oil, Rapeseed",United States,2018,Food Use Dom. Cons.,(1000 MT),1898.0,0,1,01,"USDA FAS PS&D (Production, Supply & Distribution)",https://apps.fas.usda.gov/psdonline/downloads/
"Oil, Rapeseed",United States,2019,Food Use Dom. Cons.,(1000 MT),1961.0,0,1,12,"USDA FAS PS&D (Production, Supply & Distribution)",https://apps.fas.usda.gov/psdonline/downloads/
"Oil, Rapeseed",United States,2020,Food Use Dom. Cons.,(1000 MT),2014.0,0,1,07,"USDA FAS PS&D (Production, Supply & Distribution)",https://apps.fas.usda.gov/psdonline/downloads/
"Oil, Rapeseed",United States,2021,Food Use Dom. Cons.,(1000 MT),1958.0,0,1,04,"USDA FAS PS&D (Production, Supply & Distribution)",https://apps.fas.usda.gov/psdonline/downloads/
"Oil, Rapeseed",United States,2022,Food Use Dom. Cons.,(1000 MT),2274.0,0,1,04,"USDA FAS PS&D (Production, Supply & Distribution)",https://apps.fas.usda.gov/psdonline/downloads/
"Oil, Rapeseed",United States,2023,Food Use Dom. Cons.,(1000 MT),2153.0,0,1,04,"USDA FAS PS&D (Production, Supply & Distribution)",https://apps.fas.usda.gov/psdonline/downloads/
"Oil, Rapeseed",United States,2024,Food Use Dom. Cons.,(1000 MT),2028.0,0,1,04,"USDA FAS PS&D (Production, Supply & Distribution)",https://apps.fas.usda.gov/psdonline/downloads/
"Oil, Rapeseed",United States,2025,Food Use Dom. Cons.,(1000 MT),2140.0,0,1,06,"USDA FAS PS&D (Production, Supply & Distribution)",https://apps.fas.usda.gov/psdonline/downloads/
"Oil, Rapeseed",United States,2026,Food Use Dom. Cons.,(1000 MT),2183.0,0,1,06,"USDA FAS PS&D (Production, Supply & Distribution)",https://apps.fas.usda.gov/psdonline/downloads/
"Oil, Rapeseed",United States,1964,Imports,(1000 MT),2.0,0,1,06,"USDA FAS PS&D (Production, Supply & Distribution)",https://apps.fas.usda.gov/psdonline/downloads/
"Oil, Rapeseed",United States,1965,Imports,(1000 MT),3.0,0,1,06,"USDA FAS PS&D (Production, Supply & Distribution)",https://apps.fas.usda.gov/psdonline/downloads/
"Oil, Rapeseed",United States,1966,Imports,(1000 MT),4.0,0,1,06,"USDA FAS PS&D (Production, Supply & Distribution)",https://apps.fas.usda.gov/psdonline/downloads/
"Oil, Rapeseed",United States,1967,Imports,(1000 MT),4.0,0,1,06,"USDA FAS PS&D (Production, Supply & Distribution)",https://apps.fas.usda.gov/psdonline/downloads/
"Oil, Rapeseed",United States,1968,Imports,(1000 MT),5.0,0,1,06,"USDA FAS PS&D (Production, Supply & Distribution)",https://apps.fas.usda.gov/psdonline/downloads/
"Oil, Rapeseed",United States,1969,Imports,(1000 MT),3.0,0,1,06,"USDA FAS PS&D (Production, Supply & Distribution)",https://apps.fas.usda.gov/psdonline/downloads/
"Oil, Rapeseed",United States,1970,Imports,(1000 MT),5.0,0,1,06,"USDA FAS PS&D (Production, Supply & Distribution)",https://apps.fas.usda.gov/psdonline/downloads/
"Oil, Rapeseed",United States,1971,Imports,(1000 MT),5.0,0,1,06,"USDA FAS PS&D (Production, Supply & Distribution)",https://apps.fas.usda.gov/psdonline/downloads/
"Oil, Rapeseed",United States,1972,Imports,(1000 MT),6.0,0,1,06,"USDA FAS PS&D (Production, Supply & Distribution)",https://apps.fas.usda.gov/psdonline/downloads/
"Oil, Rapeseed",United States,1973,Imports,(1000 MT),8.0,0,1,06,"USDA FAS PS&D (Production, Supply & Distribution)",https://apps.fas.usda.gov/psdonline/downloads/
"Oil, Rapeseed",United States,1974,Imports,(1000 MT),3.0,0,1,06,"USDA FAS PS&D (Production, Supply & Distribution)",https://apps.fas.usda.gov/psdonline/downloads/
"Oil, Rapeseed",United States,1975,Imports,(1000 MT),6.0,0,1,06,"USDA FAS PS&D (Production, Supply & Distribution)",https://apps.fas.usda.gov/psdonline/downloads/
"Oil, Rapeseed",United States,1976,Imports,(1000 MT),7.0,0,1,06,"USDA FAS PS&D (Production, Supply & Distribution)",https://apps.fas.usda.gov/psdonline/downloads/
"Oil, Rapeseed",United States,1977,Imports,(1000 MT),6.0,0,1,06,"USDA FAS PS&D (Production, Supply & Distribution)",https://apps.fas.usda.gov/psdonline/downloads/
"Oil, Rapeseed",United States,1978,Imports,(1000 MT),6.0,0,1,06,"USDA FAS PS&D (Production, Supply & Distribution)",https://apps.fas.usda.gov/psdonline/downloads/
"Oil, Rapeseed",United States,1979,Imports,(1000 MT),6.0,0,1,06,"USDA FAS PS&D (Production, Supply & Distribution)",https://apps.fas.usda.gov/psdonline/downloads/
"Oil, Rapeseed",United States,1980,Imports,(1000 MT),6.0,0,1,06,"USDA FAS PS&D (Production, Supply & Distribution)",https://apps.fas.usda.gov/psdonline/downloads/
"Oil, Rapeseed",United States,1981,Imports,(1000 MT),7.0,0,1,06,"USDA FAS PS&D (Production, Supply & Distribution)",https://apps.fas.usda.gov/psdonline/downloads/
"Oil, Rapeseed",United States,1982,Imports,(1000 MT),5.0,0,1,06,"USDA FAS PS&D (Production, Supply & Distribution)",https://apps.fas.usda.gov/psdonline/downloads/
"Oil, Rapeseed",United States,1983,Imports,(1000 MT),5.0,0,1,06,"USDA FAS PS&D (Production, Supply & Distribution)",https://apps.fas.usda.gov/psdonline/downloads/
"Oil, Rapeseed",United States,1984,Imports,(1000 MT),15.0,0,1,06,"USDA FAS PS&D (Production, Supply & Distribution)",https://apps.fas.usda.gov/psdonline/downloads/
"Oil, Rapeseed",United States,1985,Imports,(1000 MT),42.0,0,1,06,"USDA FAS PS&D (Production, Supply & Distribution)",https://apps.fas.usda.gov/psdonline/downloads/
"Oil, Rapeseed",United States,1986,Imports,(1000 MT),84.0,0,1,06,"USDA FAS PS&D (Production, Supply & Distribution)",https://apps.fas.usda.gov/psdonline/downloads/
"Oil, Rapeseed",United States,1987,Imports,(1000 MT),132.0,0,1,07,"USDA FAS PS&D (Production, Supply & Distribution)",https://apps.fas.usda.gov/psdonline/downloads/
"Oil, Rapeseed",United States,1988,Imports,(1000 MT),211.0,0,1,07,"USDA FAS PS&D (Production, Supply & Distribution)",https://apps.fas.usda.gov/psdonline/downloads/
"Oil, Rapeseed",United States,1989,Imports,(1000 MT),191.0,0,1,07,"USDA FAS PS&D (Production, Supply & Distribution)",https://apps.fas.usda.gov/psdonline/downloads/
"Oil, Rapeseed",United States,1990,Imports,(1000 MT),274.0,0,1,07,"USDA FAS PS&D (Production, Supply & Distribution)",https://apps.fas.usda.gov/psdonline/downloads/
"Oil, Rapeseed",United States,1991,Imports,(1000 MT),374.0,0,1,08,"USDA FAS PS&D (Production, Supply & Distribution)",https://apps.fas.usda.gov/psdonline/downloads/
"Oil, Rapeseed",United States,1992,Imports,(1000 MT),396.0,0,1,07,"USDA FAS PS&D (Production, Supply & Distribution)",https://apps.fas.usda.gov/psdonline/downloads/
"Oil, Rapeseed",United States,1993,Imports,(1000 MT),412.0,0,1,07,"USDA FAS PS&D (Production, Supply & Distribution)",https://apps.fas.usda.gov/psdonline/downloads/
"Oil, Rapeseed",United States,1994,Imports,(1000 MT),430.0,0,1,07,"USDA FAS PS&D (Production, Supply & Distribution)",https://apps.fas.usda.gov/psdonline/downloads/
"Oil, Rapeseed",United States,1995,Imports,(1000 MT),497.0,0,1,07,"USDA FAS PS&D (Production, Supply & Distribution)",https://apps.fas.usda.gov/psdonline/downloads/
"Oil, Rapeseed",United States,1996,Imports,(1000 MT),502.0,0,1,07,"USDA FAS PS&D (Production, Supply & Distribution)",https://apps.fas.usda.gov/psdonline/downloads/
"Oil, Rapeseed",United States,1997,Imports,(1000 MT),504.0,0,1,07,"USDA FAS PS&D (Production, Supply & Distribution)",https://apps.fas.usda.gov/psdonline/downloads/
"Oil, Rapeseed",United States,1998,Imports,(1000 MT),503.0,0,1,05,"USDA FAS PS&D (Production, Supply & Distribution)",https://apps.fas.usda.gov/psdonline/downloads/
"Oil, Rapeseed",United States,1999,Imports,(1000 MT),534.0,0,1,05,"USDA FAS PS&D (Production, Supply & Distribution)",https://apps.fas.usda.gov/psdonline/downloads/
"Oil, Rapeseed",United States,2000,Imports,(1000 MT),545.0,0,1,07,"USDA FAS PS&D (Production, Supply & Distribution)",https://apps.fas.usda.gov/psdonline/downloads/
"Oil, Rapeseed",United States,2001,Imports,(1000 MT),503.0,0,1,08,"USDA FAS PS&D (Production, Supply & Distribution)",https://apps.fas.usda.gov/psdonline/downloads/
"Oil, Rapeseed",United States,2002,Imports,(1000 MT),445.0,0,1,05,"USDA FAS PS&D (Production, Supply & Distribution)",https://apps.fas.usda.gov/psdonline/downloads/
"Oil, Rapeseed",United States,2003,Imports,(1000 MT),555.0,0,1,08,"USDA FAS PS&D (Production, Supply & Distribution)",https://apps.fas.usda.gov/psdonline/downloads/
"Oil, Rapeseed",United States,2004,Imports,(1000 MT),514.0,0,1,08,"USDA FAS PS&D (Production, Supply & Distribution)",https://apps.fas.usda.gov/psdonline/downloads/
"Oil, Rapeseed",United States,2005,Imports,(1000 MT),726.0,0,1,08,"USDA FAS PS&D (Production, Supply & Distribution)",https://apps.fas.usda.gov/psdonline/downloads/
"Oil, Rapeseed",United States,2006,Imports,(1000 MT),712.0,0,1,04,"USDA FAS PS&D (Production, Supply & Distribution)",https://apps.fas.usda.gov/psdonline/downloads/
"Oil, Rapeseed",United States,2007,Imports,(1000 MT),1017.0,0,1,12,"USDA FAS PS&D (Production, Supply & Distribution)",https://apps.fas.usda.gov/psdonline/downloads/
"Oil, Rapeseed",United States,2008,Imports,(1000 MT),1050.0,0,1,02,"USDA FAS PS&D (Production, Supply & Distribution)",https://apps.fas.usda.gov/psdonline/downloads/
"Oil, Rapeseed",United States,2009,Imports,(1000 MT),1067.0,0,1,08,"USDA FAS PS&D (Production, Supply & Distribution)",https://apps.fas.usda.gov/psdonline/downloads/
"Oil, Rapeseed",United States,2010,Imports,(1000 MT),1421.0,0,1,08,"USDA FAS PS&D (Production, Supply & Distribution)",https://apps.fas.usda.gov/psdonline/downloads/
"Oil, Rapeseed",United States,2011,Imports,(1000 MT),1492.0,0,1,08,"USDA FAS PS&D (Production, Supply & Distribution)",https://apps.fas.usda.gov/psdonline/downloads/
"Oil, Rapeseed",United States,2012,Imports,(1000 MT),1252.0,0,1,04,"USDA FAS PS&D (Production, Supply & Distribution)",https://apps.fas.usda.gov/psdonline/downloads/
"Oil, Rapeseed",United States,2013,Imports,(1000 MT),1536.0,0,1,02,"USDA FAS PS&D (Production, Supply & Distribution)",https://apps.fas.usda.gov/psdonline/downloads/
"Oil, Rapeseed",United States,2014,Imports,(1000 MT),1675.0,0,1,02,"USDA FAS PS&D (Production, Supply & Distribution)",https://apps.fas.usda.gov/psdonline/downloads/
"Oil, Rapeseed",United States,2015,Imports,(1000 MT),1797.0,0,1,07,"USDA FAS PS&D (Production, Supply & Distribution)",https://apps.fas.usda.gov/psdonline/downloads/
"Oil, Rapeseed",United States,2016,Imports,(1000 MT),2000.0,0,1,07,"USDA FAS PS&D (Production, Supply & Distribution)",https://apps.fas.usda.gov/psdonline/downloads/
"Oil, Rapeseed",United States,2017,Imports,(1000 MT),1852.0,0,1,07,"USDA FAS PS&D (Production, Supply & Distribution)",https://apps.fas.usda.gov/psdonline/downloads/
"Oil, Rapeseed",United States,2018,Imports,(1000 MT),1774.0,0,1,01,"USDA FAS PS&D (Production, Supply & Distribution)",https://apps.fas.usda.gov/psdonline/downloads/
"Oil, Rapeseed",United States,2019,Imports,(1000 MT),1828.0,0,1,12,"USDA FAS PS&D (Production, Supply & Distribution)",https://apps.fas.usda.gov/psdonline/downloads/
"Oil, Rapeseed",United States,2020,Imports,(1000 MT),1867.0,0,1,07,"USDA FAS PS&D (Production, Supply & Distribution)",https://apps.fas.usda.gov/psdonline/downloads/
"Oil, Rapeseed",United States,2021,Imports,(1000 MT),2004.0,0,1,04,"USDA FAS PS&D (Production, Supply & Distribution)",https://apps.fas.usda.gov/psdonline/downloads/
"Oil, Rapeseed",United States,2022,Imports,(1000 MT),2844.0,0,1,04,"USDA FAS PS&D (Production, Supply & Distribution)",https://apps.fas.usda.gov/psdonline/downloads/
"Oil, Rapeseed",United States,2023,Imports,(1000 MT),3295.0,0,1,04,"USDA FAS PS&D (Production, Supply & Distribution)",https://apps.fas.usda.gov/psdonline/downloads/
"Oil, Rapeseed",United States,2024,Imports,(1000 MT),2741.0,0,1,04,"USDA FAS PS&D (Production, Supply & Distribution)",https://apps.fas.usda.gov/psdonline/downloads/
"Oil, Rapeseed",United States,2025,Imports,(1000 MT),3045.0,0,1,06,"USDA FAS PS&D (Production, Supply & Distribution)",https://apps.fas.usda.gov/psdonline/downloads/
"Oil, Rapeseed",United States,2026,Imports,(1000 MT),3850.0,0,1,06,"USDA FAS PS&D (Production, Supply & Distribution)",https://apps.fas.usda.gov/psdonline/downloads/
"Oil, Rapeseed",United States,1964,Industrial Dom. Cons.,(1000 MT),0.0,0,1,06,"USDA FAS PS&D (Production, Supply & Distribution)",https://apps.fas.usda.gov/psdonline/downloads/
"Oil, Rapeseed",United States,1965,Industrial Dom. Cons.,(1000 MT),0.0,0,1,06,"USDA FAS PS&D (Production, Supply & Distribution)",https://apps.fas.usda.gov/psdonline/downloads/
"Oil, Rapeseed",United States,1966,Industrial Dom. Cons.,(1000 MT),0.0,0,1,06,"USDA FAS PS&D (Production, Supply & Distribution)",https://apps.fas.usda.gov/psdonline/downloads/
"Oil, Rapeseed",United States,1967,Industrial Dom. Cons.,(1000 MT),0.0,0,1,06,"USDA FAS PS&D (Production, Supply & Distribution)",https://apps.fas.usda.gov/psdonline/downloads/
"Oil, Rapeseed",United States,1968,Industrial Dom. Cons.,(1000 MT),0.0,0,1,06,"USDA FAS PS&D (Production, Supply & Distribution)",https://apps.fas.usda.gov/psdonline/downloads/
"Oil, Rapeseed",United States,1969,Industrial Dom. Cons.,(1000 MT),0.0,0,1,06,"USDA FAS PS&D (Production, Supply & Distribution)",https://apps.fas.usda.gov/psdonline/downloads/
"Oil, Rapeseed",United States,1970,Industrial Dom. Cons.,(1000 MT),0.0,0,1,06,"USDA FAS PS&D (Production, Supply & Distribution)",https://apps.fas.usda.gov/psdonline/downloads/
"Oil, Rapeseed",United States,1971,Industrial Dom. Cons.,(1000 MT),0.0,0,1,06,"USDA FAS PS&D (Production, Supply & Distribution)",https://apps.fas.usda.gov/psdonline/downloads/
"Oil, Rapeseed",United States,1972,Industrial Dom. Cons.,(1000 MT),0.0,0,1,06,"USDA FAS PS&D (Production, Supply & Distribution)",https://apps.fas.usda.gov/psdonline/downloads/
"Oil, Rapeseed",United States,1973,Industrial Dom. Cons.,(1000 MT),0.0,0,1,06,"USDA FAS PS&D (Production, Supply & Distribution)",https://apps.fas.usda.gov/psdonline/downloads/
"Oil, Rapeseed",United States,1974,Industrial Dom. Cons.,(1000 MT),0.0,0,1,06,"USDA FAS PS&D (Production, Supply & Distribution)",https://apps.fas.usda.gov/psdonline/downloads/
"Oil, Rapeseed",United States,1975,Industrial Dom. Cons.,(1000 MT),0.0,0,1,06,"USDA FAS PS&D (Production, Supply & Distribution)",https://apps.fas.usda.gov/psdonline/downloads/
"Oil, Rapeseed",United States,1976,Industrial Dom. Cons.,(1000 MT),0.0,0,1,06,"USDA FAS PS&D (Production, Supply & Distribution)",https://apps.fas.usda.gov/psdonline/downloads/
"Oil, Rapeseed",United States,1977,Industrial Dom. Cons.,(1000 MT),0.0,0,1,06,"USDA FAS PS&D (Production, Supply & Distribution)",https://apps.fas.usda.gov/psdonline/downloads/
"Oil, Rapeseed",United States,1978,Industrial Dom. Cons.,(1000 MT),0.0,0,1,06,"USDA FAS PS&D (Production, Supply & Distribution)",https://apps.fas.usda.gov/psdonline/downloads/
"Oil, Rapeseed",United States,1979,Industrial Dom. Cons.,(1000 MT),0.0,0,1,06,"USDA FAS PS&D (Production, Supply & Distribution)",https://apps.fas.usda.gov/psdonline/downloads/
"Oil, Rapeseed",United States,1980,Industrial Dom. Cons.,(1000 MT),0.0,0,1,06,"USDA FAS PS&D (Production, Supply & Distribution)",https://apps.fas.usda.gov/psdonline/downloads/
"Oil, Rapeseed",United States,1981,Industrial Dom. Cons.,(1000 MT),0.0,0,1,06,"USDA FAS PS&D (Production, Supply & Distribution)",https://apps.fas.usda.gov/psdonline/downloads/
"Oil, Rapeseed",United States,1982,Industrial Dom. Cons.,(1000 MT),0.0,0,1,06,"USDA FAS PS&D (Production, Supply & Distribution)",https://apps.fas.usda.gov/psdonline/downloads/
"Oil, Rapeseed",United States,1983,Industrial Dom. Cons.,(1000 MT),0.0,0,1,06,"USDA FAS PS&D (Production, Supply & Distribution)",https://apps.fas.usda.gov/psdonline/downloads/
"Oil, Rapeseed",United States,1984,Industrial Dom. Cons.,(1000 MT),0.0,0,1,06,"USDA FAS PS&D (Production, Supply & Distribution)",https://apps.fas.usda.gov/psdonline/downloads/
"Oil, Rapeseed",United States,1985,Industrial Dom. Cons.,(1000 MT),0.0,0,1,06,"USDA FAS PS&D (Production, Supply & Distribution)",https://apps.fas.usda.gov/psdonline/downloads/
"Oil, Rapeseed",United States,1986,Industrial Dom. Cons.,(1000 MT),0.0,0,1,06,"USDA FAS PS&D (Production, Supply & Distribution)",https://apps.fas.usda.gov/psdonline/downloads/
"Oil, Rapeseed",United States,1987,Industrial Dom. Cons.,(1000 MT),0.0,0,1,07,"USDA FAS PS&D (Production, Supply & Distribution)",https://apps.fas.usda.gov/psdonline/downloads/
"Oil, Rapeseed",United States,1988,Industrial Dom. Cons.,(1000 MT),0.0,0,1,07,"USDA FAS PS&D (Production, Supply & Distribution)",https://apps.fas.usda.gov/psdonline/downloads/
"Oil, Rapeseed",United States,1989,Industrial Dom. Cons.,(1000 MT),18.0,0,1,07,"USDA FAS PS&D (Production, Supply & Distribution)",https://apps.fas.usda.gov/psdonline/downloads/
"Oil, Rapeseed",United States,1990,Industrial Dom. Cons.,(1000 MT),14.0,0,1,07,"USDA FAS PS&D (Production, Supply & Distribution)",https://apps.fas.usda.gov/psdonline/downloads/
"Oil, Rapeseed",United States,1991,Industrial Dom. Cons.,(1000 MT),13.0,0,1,08,"USDA FAS PS&D (Production, Supply & Distribution)",https://apps.fas.usda.gov/psdonline/downloads/
"Oil, Rapeseed",United States,1992,Industrial Dom. Cons.,(1000 MT),14.0,0,1,07,"USDA FAS PS&D (Production, Supply & Distribution)",https://apps.fas.usda.gov/psdonline/downloads/
"Oil, Rapeseed",United States,1993,Industrial Dom. Cons.,(1000 MT),14.0,0,1,07,"USDA FAS PS&D (Production, Supply & Distribution)",https://apps.fas.usda.gov/psdonline/downloads/
"Oil, Rapeseed",United States,1994,Industrial Dom. Cons.,(1000 MT),15.0,0,1,07,"USDA FAS PS&D (Production, Supply & Distribution)",https://apps.fas.usda.gov/psdonline/downloads/
"Oil, Rapeseed",United States,1995,Industrial Dom. Cons.,(1000 MT),14.0,0,1,07,"USDA FAS PS&D (Production, Supply & Distribution)",https://apps.fas.usda.gov/psdonline/downloads/
"Oil, Rapeseed",United States,1996,Industrial Dom. Cons.,(1000 MT),15.0,0,1,07,"USDA FAS PS&D (Production, Supply & Distribution)",https://apps.fas.usda.gov/psdonline/downloads/
"Oil, Rapeseed",United States,1997,Industrial Dom. Cons.,(1000 MT),15.0,0,1,07,"USDA FAS PS&D (Production, Supply & Distribution)",https://apps.fas.usda.gov/psdonline/downloads/
"Oil, Rapeseed",United States,1998,Industrial Dom. Cons.,(1000 MT),24.0,0,1,05,"USDA FAS PS&D (Production, Supply & Distribution)",https://apps.fas.usda.gov/psdonline/downloads/
"Oil, Rapeseed",United States,1999,Industrial Dom. Cons.,(1000 MT),34.0,0,1,05,"USDA FAS PS&D (Production, Supply & Distribution)",https://apps.fas.usda.gov/psdonline/downloads/
"Oil, Rapeseed",United States,2000,Industrial Dom. Cons.,(1000 MT),47.0,0,1,07,"USDA FAS PS&D (Production, Supply & Distribution)",https://apps.fas.usda.gov/psdonline/downloads/
"Oil, Rapeseed",United States,2001,Industrial Dom. Cons.,(1000 MT),19.0,0,1,08,"USDA FAS PS&D (Production, Supply & Distribution)",https://apps.fas.usda.gov/psdonline/downloads/
"Oil, Rapeseed",United States,2002,Industrial Dom. Cons.,(1000 MT),16.0,0,1,05,"USDA FAS PS&D (Production, Supply & Distribution)",https://apps.fas.usda.gov/psdonline/downloads/
"Oil, Rapeseed",United States,2003,Industrial Dom. Cons.,(1000 MT),15.0,0,1,08,"USDA FAS PS&D (Production, Supply & Distribution)",https://apps.fas.usda.gov/psdonline/downloads/
"Oil, Rapeseed",United States,2004,Industrial Dom. Cons.,(1000 MT),15.0,0,1,08,"USDA FAS PS&D (Production, Supply & Distribution)",https://apps.fas.usda.gov/psdonline/downloads/
"Oil, Rapeseed",United States,2005,Industrial Dom. Cons.,(1000 MT),18.0,0,1,08,"USDA FAS PS&D (Production, Supply & Distribution)",https://apps.fas.usda.gov/psdonline/downloads/
"Oil, Rapeseed",United States,2006,Industrial Dom. Cons.,(1000 MT),30.0,0,1,04,"USDA FAS PS&D (Production, Supply & Distribution)",https://apps.fas.usda.gov/psdonline/downloads/
"Oil, Rapeseed",United States,2007,Industrial Dom. Cons.,(1000 MT),60.0,0,1,12,"USDA FAS PS&D (Production, Supply & Distribution)",https://apps.fas.usda.gov/psdonline/downloads/
"Oil, Rapeseed",United States,2008,Industrial Dom. Cons.,(1000 MT),68.0,0,1,02,"USDA FAS PS&D (Production, Supply & Distribution)",https://apps.fas.usda.gov/psdonline/downloads/
"Oil, Rapeseed",United States,2009,Industrial Dom. Cons.,(1000 MT),141.0,0,1,08,"USDA FAS PS&D (Production, Supply & Distribution)",https://apps.fas.usda.gov/psdonline/downloads/
"Oil, Rapeseed",United States,2010,Industrial Dom. Cons.,(1000 MT),293.0,0,1,08,"USDA FAS PS&D (Production, Supply & Distribution)",https://apps.fas.usda.gov/psdonline/downloads/
"Oil, Rapeseed",United States,2011,Industrial Dom. Cons.,(1000 MT),437.0,0,1,08,"USDA FAS PS&D (Production, Supply & Distribution)",https://apps.fas.usda.gov/psdonline/downloads/
"Oil, Rapeseed",United States,2012,Industrial Dom. Cons.,(1000 MT),195.0,0,1,04,"USDA FAS PS&D (Production, Supply & Distribution)",https://apps.fas.usda.gov/psdonline/downloads/
"Oil, Rapeseed",United States,2013,Industrial Dom. Cons.,(1000 MT),442.0,0,1,02,"USDA FAS PS&D (Production, Supply & Distribution)",https://apps.fas.usda.gov/psdonline/downloads/
"Oil, Rapeseed",United States,2014,Industrial Dom. Cons.,(1000 MT),424.0,0,1,02,"USDA FAS PS&D (Production, Supply & Distribution)",https://apps.fas.usda.gov/psdonline/downloads/
"Oil, Rapeseed",United States,2015,Industrial Dom. Cons.,(1000 MT),457.0,0,1,07,"USDA FAS PS&D (Production, Supply & Distribution)",https://apps.fas.usda.gov/psdonline/downloads/
"Oil, Rapeseed",United States,2016,Industrial Dom. Cons.,(1000 MT),587.0,0,1,07,"USDA FAS PS&D (Production, Supply & Distribution)",https://apps.fas.usda.gov/psdonline/downloads/
"Oil, Rapeseed",United States,2017,Industrial Dom. Cons.,(1000 MT),628.0,0,1,07,"USDA FAS PS&D (Production, Supply & Distribution)",https://apps.fas.usda.gov/psdonline/downloads/
"Oil, Rapeseed",United States,2018,Industrial Dom. Cons.,(1000 MT),499.0,0,1,01,"USDA FAS PS&D (Production, Supply & Distribution)",https://apps.fas.usda.gov/psdonline/downloads/
"Oil, Rapeseed",United States,2019,Industrial Dom. Cons.,(1000 MT),598.0,0,1,12,"USDA FAS PS&D (Production, Supply & Distribution)",https://apps.fas.usda.gov/psdonline/downloads/
"Oil, Rapeseed",United States,2020,Industrial Dom. Cons.,(1000 MT),522.0,0,1,07,"USDA FAS PS&D (Production, Supply & Distribution)",https://apps.fas.usda.gov/psdonline/downloads/
"Oil, Rapeseed",United States,2021,Industrial Dom. Cons.,(1000 MT),606.0,0,1,04,"USDA FAS PS&D (Production, Supply & Distribution)",https://apps.fas.usda.gov/psdonline/downloads/
"Oil, Rapeseed",United States,2022,Industrial Dom. Cons.,(1000 MT),1322.0,0,1,04,"USDA FAS PS&D (Production, Supply & Distribution)",https://apps.fas.usda.gov/psdonline/downloads/
"Oil, Rapeseed",United States,2023,Industrial Dom. Cons.,(1000 MT),1966.0,0,1,04,"USDA FAS PS&D (Production, Supply & Distribution)",https://apps.fas.usda.gov/psdonline/downloads/
"Oil, Rapeseed",United States,2024,Industrial Dom. Cons.,(1000 MT),1457.0,0,1,04,"USDA FAS PS&D (Production, Supply & Distribution)",https://apps.fas.usda.gov/psdonline/downloads/
"Oil, Rapeseed",United States,2025,Industrial Dom. Cons.,(1000 MT),1724.0,0,1,06,"USDA FAS PS&D (Production, Supply & Distribution)",https://apps.fas.usda.gov/psdonline/downloads/
"Oil, Rapeseed",United States,2026,Industrial Dom. Cons.,(1000 MT),2540.0,0,1,06,"USDA FAS PS&D (Production, Supply & Distribution)",https://apps.fas.usda.gov/psdonline/downloads/
"Oil, Rapeseed",United States,1964,Production,(1000 MT),1.0,0,1,06,"USDA FAS PS&D (Production, Supply & Distribution)",https://apps.fas.usda.gov/psdonline/downloads/
"Oil, Rapeseed",United States,1965,Production,(1000 MT),0.0,0,1,06,"USDA FAS PS&D (Production, Supply & Distribution)",https://apps.fas.usda.gov/psdonline/downloads/
"Oil, Rapeseed",United States,1966,Production,(1000 MT),0.0,0,1,06,"USDA FAS PS&D (Production, Supply & Distribution)",https://apps.fas.usda.gov/psdonline/downloads/
"Oil, Rapeseed",United States,1967,Production,(1000 MT),1.0,0,1,06,"USDA FAS PS&D (Production, Supply & Distribution)",https://apps.fas.usda.gov/psdonline/downloads/
"Oil, Rapeseed",United States,1968,Production,(1000 MT),1.0,0,1,06,"USDA FAS PS&D (Production, Supply & Distribution)",https://apps.fas.usda.gov/psdonline/downloads/
"Oil, Rapeseed",United States,1969,Production,(1000 MT),0.0,0,1,06,"USDA FAS PS&D (Production, Supply & Distribution)",https://apps.fas.usda.gov/psdonline/downloads/
"Oil, Rapeseed",United States,1970,Production,(1000 MT),0.0,0,1,06,"USDA FAS PS&D (Production, Supply & Distribution)",https://apps.fas.usda.gov/psdonline/downloads/
"Oil, Rapeseed",United States,1971,Production,(1000 MT),1.0,0,1,06,"USDA FAS PS&D (Production, Supply & Distribution)",https://apps.fas.usda.gov/psdonline/downloads/
"Oil, Rapeseed",United States,1972,Production,(1000 MT),0.0,0,1,06,"USDA FAS PS&D (Production, Supply & Distribution)",https://apps.fas.usda.gov/psdonline/downloads/
"Oil, Rapeseed",United States,1973,Production,(1000 MT),0.0,0,1,06,"USDA FAS PS&D (Production, Supply & Distribution)",https://apps.fas.usda.gov/psdonline/downloads/
"Oil, Rapeseed",United States,1974,Production,(1000 MT),2.0,0,1,06,"USDA FAS PS&D (Production, Supply & Distribution)",https://apps.fas.usda.gov/psdonline/downloads/
"Oil, Rapeseed",United States,1975,Production,(1000 MT),1.0,0,1,06,"USDA FAS PS&D (Production, Supply & Distribution)",https://apps.fas.usda.gov/psdonline/downloads/
"Oil, Rapeseed",United States,1976,Production,(1000 MT),0.0,0,1,06,"USDA FAS PS&D (Production, Supply & Distribution)",https://apps.fas.usda.gov/psdonline/downloads/
"Oil, Rapeseed",United States,1977,Production,(1000 MT),0.0,0,1,06,"USDA FAS PS&D (Production, Supply & Distribution)",https://apps.fas.usda.gov/psdonline/downloads/
"Oil, Rapeseed",United States,1978,Production,(1000 MT),1.0,0,1,06,"USDA FAS PS&D (Production, Supply & Distribution)",https://apps.fas.usda.gov/psdonline/downloads/
"Oil, Rapeseed",United States,1979,Production,(1000 MT),0.0,0,1,06,"USDA FAS PS&D (Production, Supply & Distribution)",https://apps.fas.usda.gov/psdonline/downloads/
"Oil, Rapeseed",United States,1980,Production,(1000 MT),0.0,0,1,06,"USDA FAS PS&D (Production, Supply & Distribution)",https://apps.fas.usda.gov/psdonline/downloads/
"Oil, Rapeseed",United States,1981,Production,(1000 MT),0.0,0,1,06,"USDA FAS PS&D (Production, Supply & Distribution)",https://apps.fas.usda.gov/psdonline/downloads/
"Oil, Rapeseed",United States,1982,Production,(1000 MT),0.0,0,1,06,"USDA FAS PS&D (Production, Supply & Distribution)",https://apps.fas.usda.gov/psdonline/downloads/
"Oil, Rapeseed",United States,1983,Production,(1000 MT),0.0,0,1,06,"USDA FAS PS&D (Production, Supply & Distribution)",https://apps.fas.usda.gov/psdonline/downloads/
"Oil, Rapeseed",United States,1984,Production,(1000 MT),0.0,0,1,06,"USDA FAS PS&D (Production, Supply & Distribution)",https://apps.fas.usda.gov/psdonline/downloads/
"Oil, Rapeseed",United States,1985,Production,(1000 MT),0.0,0,1,06,"USDA FAS PS&D (Production, Supply & Distribution)",https://apps.fas.usda.gov/psdonline/downloads/
"Oil, Rapeseed",United States,1986,Production,(1000 MT),0.0,0,1,06,"USDA FAS PS&D (Production, Supply & Distribution)",https://apps.fas.usda.gov/psdonline/downloads/
"Oil, Rapeseed",United States,1987,Production,(1000 MT),11.0,0,1,07,"USDA FAS PS&D (Production, Supply & Distribution)",https://apps.fas.usda.gov/psdonline/downloads/
"Oil, Rapeseed",United States,1988,Production,(1000 MT),29.0,0,1,07,"USDA FAS PS&D (Production, Supply & Distribution)",https://apps.fas.usda.gov/psdonline/downloads/
"Oil, Rapeseed",United States,1989,Production,(1000 MT),49.0,0,1,07,"USDA FAS PS&D (Production, Supply & Distribution)",https://apps.fas.usda.gov/psdonline/downloads/
"Oil, Rapeseed",United States,1990,Production,(1000 MT),33.0,0,1,07,"USDA FAS PS&D (Production, Supply & Distribution)",https://apps.fas.usda.gov/psdonline/downloads/
"Oil, Rapeseed",United States,1991,Production,(1000 MT),19.0,0,1,08,"USDA FAS PS&D (Production, Supply & Distribution)",https://apps.fas.usda.gov/psdonline/downloads/
"Oil, Rapeseed",United States,1992,Production,(1000 MT),59.0,0,1,07,"USDA FAS PS&D (Production, Supply & Distribution)",https://apps.fas.usda.gov/psdonline/downloads/
"Oil, Rapeseed",United States,1993,Production,(1000 MT),161.0,0,1,07,"USDA FAS PS&D (Production, Supply & Distribution)",https://apps.fas.usda.gov/psdonline/downloads/
"Oil, Rapeseed",United States,1994,Production,(1000 MT),169.0,0,1,07,"USDA FAS PS&D (Production, Supply & Distribution)",https://apps.fas.usda.gov/psdonline/downloads/
"Oil, Rapeseed",United States,1995,Production,(1000 MT),164.0,0,1,07,"USDA FAS PS&D (Production, Supply & Distribution)",https://apps.fas.usda.gov/psdonline/downloads/
"Oil, Rapeseed",United States,1996,Production,(1000 MT),187.0,0,1,07,"USDA FAS PS&D (Production, Supply & Distribution)",https://apps.fas.usda.gov/psdonline/downloads/
"Oil, Rapeseed",United States,1997,Production,(1000 MT),258.0,0,1,07,"USDA FAS PS&D (Production, Supply & Distribution)",https://apps.fas.usda.gov/psdonline/downloads/
"Oil, Rapeseed",United States,1998,Production,(1000 MT),290.0,0,1,05,"USDA FAS PS&D (Production, Supply & Distribution)",https://apps.fas.usda.gov/psdonline/downloads/
"Oil, Rapeseed",United States,1999,Production,(1000 MT),319.0,0,1,05,"USDA FAS PS&D (Production, Supply & Distribution)",https://apps.fas.usda.gov/psdonline/downloads/
"Oil, Rapeseed",United States,2000,Production,(1000 MT),345.0,0,1,07,"USDA FAS PS&D (Production, Supply & Distribution)",https://apps.fas.usda.gov/psdonline/downloads/
"Oil, Rapeseed",United States,2001,Production,(1000 MT),287.0,0,1,08,"USDA FAS PS&D (Production, Supply & Distribution)",https://apps.fas.usda.gov/psdonline/downloads/
"Oil, Rapeseed",United States,2002,Production,(1000 MT),243.0,0,1,05,"USDA FAS PS&D (Production, Supply & Distribution)",https://apps.fas.usda.gov/psdonline/downloads/
"Oil, Rapeseed",United States,2003,Production,(1000 MT),291.0,0,1,08,"USDA FAS PS&D (Production, Supply & Distribution)",https://apps.fas.usda.gov/psdonline/downloads/
"Oil, Rapeseed",United States,2004,Production,(1000 MT),378.0,0,1,08,"USDA FAS PS&D (Production, Supply & Distribution)",https://apps.fas.usda.gov/psdonline/downloads/
"Oil, Rapeseed",United States,2005,Production,(1000 MT),421.0,0,1,08,"USDA FAS PS&D (Production, Supply & Distribution)",https://apps.fas.usda.gov/psdonline/downloads/
"Oil, Rapeseed",United States,2006,Production,(1000 MT),423.0,0,1,04,"USDA FAS PS&D (Production, Supply & Distribution)",https://apps.fas.usda.gov/psdonline/downloads/
"Oil, Rapeseed",United States,2007,Production,(1000 MT),460.0,0,1,12,"USDA FAS PS&D (Production, Supply & Distribution)",https://apps.fas.usda.gov/psdonline/downloads/
"Oil, Rapeseed",United States,2008,Production,(1000 MT),501.0,0,1,02,"USDA FAS PS&D (Production, Supply & Distribution)",https://apps.fas.usda.gov/psdonline/downloads/
"Oil, Rapeseed",United States,2009,Production,(1000 MT),487.0,0,1,08,"USDA FAS PS&D (Production, Supply & Distribution)",https://apps.fas.usda.gov/psdonline/downloads/
"Oil, Rapeseed",United States,2010,Production,(1000 MT),516.0,0,1,08,"USDA FAS PS&D (Production, Supply & Distribution)",https://apps.fas.usda.gov/psdonline/downloads/
"Oil, Rapeseed",United States,2011,Production,(1000 MT),499.0,0,1,08,"USDA FAS PS&D (Production, Supply & Distribution)",https://apps.fas.usda.gov/psdonline/downloads/
"Oil, Rapeseed",United States,2012,Production,(1000 MT),578.0,0,1,04,"USDA FAS PS&D (Production, Supply & Distribution)",https://apps.fas.usda.gov/psdonline/downloads/
"Oil, Rapeseed",United States,2013,Production,(1000 MT),708.0,0,1,02,"USDA FAS PS&D (Production, Supply & Distribution)",https://apps.fas.usda.gov/psdonline/downloads/
"Oil, Rapeseed",United States,2014,Production,(1000 MT),704.0,0,1,02,"USDA FAS PS&D (Production, Supply & Distribution)",https://apps.fas.usda.gov/psdonline/downloads/
"Oil, Rapeseed",United States,2015,Production,(1000 MT),721.0,0,1,07,"USDA FAS PS&D (Production, Supply & Distribution)",https://apps.fas.usda.gov/psdonline/downloads/
"Oil, Rapeseed",United States,2016,Production,(1000 MT),798.0,0,1,07,"USDA FAS PS&D (Production, Supply & Distribution)",https://apps.fas.usda.gov/psdonline/downloads/
"Oil, Rapeseed",United States,2017,Production,(1000 MT),753.0,0,1,07,"USDA FAS PS&D (Production, Supply & Distribution)",https://apps.fas.usda.gov/psdonline/downloads/
"Oil, Rapeseed",United States,2018,Production,(1000 MT),697.0,0,1,01,"USDA FAS PS&D (Production, Supply & Distribution)",https://apps.fas.usda.gov/psdonline/downloads/
"Oil, Rapeseed",United States,2019,Production,(1000 MT),825.0,0,1,12,"USDA FAS PS&D (Production, Supply & Distribution)",https://apps.fas.usda.gov/psdonline/downloads/
"Oil, Rapeseed",United States,2020,Production,(1000 MT),814.0,0,1,07,"USDA FAS PS&D (Production, Supply & Distribution)",https://apps.fas.usda.gov/psdonline/downloads/
"Oil, Rapeseed",United States,2021,Production,(1000 MT),673.0,0,1,04,"USDA FAS PS&D (Production, Supply & Distribution)",https://apps.fas.usda.gov/psdonline/downloads/
"Oil, Rapeseed",United States,2022,Production,(1000 MT),814.0,0,1,04,"USDA FAS PS&D (Production, Supply & Distribution)",https://apps.fas.usda.gov/psdonline/downloads/
"Oil, Rapeseed",United States,2023,Production,(1000 MT),872.0,0,1,04,"USDA FAS PS&D (Production, Supply & Distribution)",https://apps.fas.usda.gov/psdonline/downloads/
"Oil, Rapeseed",United States,2024,Production,(1000 MT),827.0,0,1,04,"USDA FAS PS&D (Production, Supply & Distribution)",https://apps.fas.usda.gov/psdonline/downloads/
"Oil, Rapeseed",United States,2025,Production,(1000 MT),888.0,0,1,06,"USDA FAS PS&D (Production, Supply & Distribution)",https://apps.fas.usda.gov/psdonline/downloads/
"Oil, Rapeseed",United States,2026,Production,(1000 MT),934.0,0,1,06,"USDA FAS PS&D (Production, Supply & Distribution)",https://apps.fas.usda.gov/psdonline/downloads/
"Oil, Rapeseed",United States,1964,Total Distribution,(1000 MT),3.0,0,1,06,"USDA FAS PS&D (Production, Supply & Distribution)",https://apps.fas.usda.gov/psdonline/downloads/
"Oil, Rapeseed",United States,1965,Total Distribution,(1000 MT),3.0,0,1,06,"USDA FAS PS&D (Production, Supply & Distribution)",https://apps.fas.usda.gov/psdonline/downloads/
"Oil, Rapeseed",United States,1966,Total Distribution,(1000 MT),4.0,0,1,06,"USDA FAS PS&D (Production, Supply & Distribution)",https://apps.fas.usda.gov/psdonline/downloads/
"Oil, Rapeseed",United States,1967,Total Distribution,(1000 MT),5.0,0,1,06,"USDA FAS PS&D (Production, Supply & Distribution)",https://apps.fas.usda.gov/psdonline/downloads/
"Oil, Rapeseed",United States,1968,Total Distribution,(1000 MT),6.0,0,1,06,"USDA FAS PS&D (Production, Supply & Distribution)",https://apps.fas.usda.gov/psdonline/downloads/
"Oil, Rapeseed",United States,1969,Total Distribution,(1000 MT),3.0,0,1,06,"USDA FAS PS&D (Production, Supply & Distribution)",https://apps.fas.usda.gov/psdonline/downloads/
"Oil, Rapeseed",United States,1970,Total Distribution,(1000 MT),5.0,0,1,06,"USDA FAS PS&D (Production, Supply & Distribution)",https://apps.fas.usda.gov/psdonline/downloads/
"Oil, Rapeseed",United States,1971,Total Distribution,(1000 MT),6.0,0,1,06,"USDA FAS PS&D (Production, Supply & Distribution)",https://apps.fas.usda.gov/psdonline/downloads/
"Oil, Rapeseed",United States,1972,Total Distribution,(1000 MT),6.0,0,1,06,"USDA FAS PS&D (Production, Supply & Distribution)",https://apps.fas.usda.gov/psdonline/downloads/
"Oil, Rapeseed",United States,1973,Total Distribution,(1000 MT),8.0,0,1,06,"USDA FAS PS&D (Production, Supply & Distribution)",https://apps.fas.usda.gov/psdonline/downloads/
"Oil, Rapeseed",United States,1974,Total Distribution,(1000 MT),5.0,0,1,06,"USDA FAS PS&D (Production, Supply & Distribution)",https://apps.fas.usda.gov/psdonline/downloads/
"Oil, Rapeseed",United States,1975,Total Distribution,(1000 MT),7.0,0,1,06,"USDA FAS PS&D (Production, Supply & Distribution)",https://apps.fas.usda.gov/psdonline/downloads/
"Oil, Rapeseed",United States,1976,Total Distribution,(1000 MT),7.0,0,1,06,"USDA FAS PS&D (Production, Supply & Distribution)",https://apps.fas.usda.gov/psdonline/downloads/
"Oil, Rapeseed",United States,1977,Total Distribution,(1000 MT),6.0,0,1,06,"USDA FAS PS&D (Production, Supply & Distribution)",https://apps.fas.usda.gov/psdonline/downloads/
"Oil, Rapeseed",United States,1978,Total Distribution,(1000 MT),7.0,0,1,06,"USDA FAS PS&D (Production, Supply & Distribution)",https://apps.fas.usda.gov/psdonline/downloads/
"Oil, Rapeseed",United States,1979,Total Distribution,(1000 MT),6.0,0,1,06,"USDA FAS PS&D (Production, Supply & Distribution)",https://apps.fas.usda.gov/psdonline/downloads/
"Oil, Rapeseed",United States,1980,Total Distribution,(1000 MT),6.0,0,1,06,"USDA FAS PS&D (Production, Supply & Distribution)",https://apps.fas.usda.gov/psdonline/downloads/
"Oil, Rapeseed",United States,1981,Total Distribution,(1000 MT),7.0,0,1,06,"USDA FAS PS&D (Production, Supply & Distribution)",https://apps.fas.usda.gov/psdonline/downloads/
"Oil, Rapeseed",United States,1982,Total Distribution,(1000 MT),5.0,0,1,06,"USDA FAS PS&D (Production, Supply & Distribution)",https://apps.fas.usda.gov/psdonline/downloads/
"Oil, Rapeseed",United States,1983,Total Distribution,(1000 MT),5.0,0,1,06,"USDA FAS PS&D (Production, Supply & Distribution)",https://apps.fas.usda.gov/psdonline/downloads/
"Oil, Rapeseed",United States,1984,Total Distribution,(1000 MT),15.0,0,1,06,"USDA FAS PS&D (Production, Supply & Distribution)",https://apps.fas.usda.gov/psdonline/downloads/
"Oil, Rapeseed",United States,1985,Total Distribution,(1000 MT),42.0,0,1,06,"USDA FAS PS&D (Production, Supply & Distribution)",https://apps.fas.usda.gov/psdonline/downloads/
"Oil, Rapeseed",United States,1986,Total Distribution,(1000 MT),84.0,0,1,06,"USDA FAS PS&D (Production, Supply & Distribution)",https://apps.fas.usda.gov/psdonline/downloads/
"Oil, Rapeseed",United States,1987,Total Distribution,(1000 MT),145.0,0,1,07,"USDA FAS PS&D (Production, Supply & Distribution)",https://apps.fas.usda.gov/psdonline/downloads/
"Oil, Rapeseed",United States,1988,Total Distribution,(1000 MT),255.0,0,1,07,"USDA FAS PS&D (Production, Supply & Distribution)",https://apps.fas.usda.gov/psdonline/downloads/
"Oil, Rapeseed",United States,1989,Total Distribution,(1000 MT),250.0,0,1,07,"USDA FAS PS&D (Production, Supply & Distribution)",https://apps.fas.usda.gov/psdonline/downloads/
"Oil, Rapeseed",United States,1990,Total Distribution,(1000 MT),319.0,0,1,07,"USDA FAS PS&D (Production, Supply & Distribution)",https://apps.fas.usda.gov/psdonline/downloads/
"Oil, Rapeseed",United States,1991,Total Distribution,(1000 MT),412.0,0,1,08,"USDA FAS PS&D (Production, Supply & Distribution)",https://apps.fas.usda.gov/psdonline/downloads/
"Oil, Rapeseed",United States,1992,Total Distribution,(1000 MT),488.0,0,1,07,"USDA FAS PS&D (Production, Supply & Distribution)",https://apps.fas.usda.gov/psdonline/downloads/
"Oil, Rapeseed",United States,1993,Total Distribution,(1000 MT),604.0,0,1,07,"USDA FAS PS&D (Production, Supply & Distribution)",https://apps.fas.usda.gov/psdonline/downloads/
"Oil, Rapeseed",United States,1994,Total Distribution,(1000 MT),661.0,0,1,07,"USDA FAS PS&D (Production, Supply & Distribution)",https://apps.fas.usda.gov/psdonline/downloads/
"Oil, Rapeseed",United States,1995,Total Distribution,(1000 MT),686.0,0,1,07,"USDA FAS PS&D (Production, Supply & Distribution)",https://apps.fas.usda.gov/psdonline/downloads/
"Oil, Rapeseed",United States,1996,Total Distribution,(1000 MT),724.0,0,1,07,"USDA FAS PS&D (Production, Supply & Distribution)",https://apps.fas.usda.gov/psdonline/downloads/
"Oil, Rapeseed",United States,1997,Total Distribution,(1000 MT),791.0,0,1,07,"USDA FAS PS&D (Production, Supply & Distribution)",https://apps.fas.usda.gov/psdonline/downloads/
"Oil, Rapeseed",United States,1998,Total Distribution,(1000 MT),844.0,0,1,05,"USDA FAS PS&D (Production, Supply & Distribution)",https://apps.fas.usda.gov/psdonline/downloads/
"Oil, Rapeseed",United States,1999,Total Distribution,(1000 MT),930.0,0,1,05,"USDA FAS PS&D (Production, Supply & Distribution)",https://apps.fas.usda.gov/psdonline/downloads/
"Oil, Rapeseed",United States,2000,Total Distribution,(1000 MT),984.0,0,1,07,"USDA FAS PS&D (Production, Supply & Distribution)",https://apps.fas.usda.gov/psdonline/downloads/
"Oil, Rapeseed",United States,2001,Total Distribution,(1000 MT),840.0,0,1,08,"USDA FAS PS&D (Production, Supply & Distribution)",https://apps.fas.usda.gov/psdonline/downloads/
"Oil, Rapeseed",United States,2002,Total Distribution,(1000 MT),712.0,0,1,05,"USDA FAS PS&D (Production, Supply & Distribution)",https://apps.fas.usda.gov/psdonline/downloads/
"Oil, Rapeseed",United States,2003,Total Distribution,(1000 MT),881.0,0,1,08,"USDA FAS PS&D (Production, Supply & Distribution)",https://apps.fas.usda.gov/psdonline/downloads/
"Oil, Rapeseed",United States,2004,Total Distribution,(1000 MT),934.0,0,1,08,"USDA FAS PS&D (Production, Supply & Distribution)",https://apps.fas.usda.gov/psdonline/downloads/
"Oil, Rapeseed",United States,2005,Total Distribution,(1000 MT),1205.0,0,1,08,"USDA FAS PS&D (Production, Supply & Distribution)",https://apps.fas.usda.gov/psdonline/downloads/
"Oil, Rapeseed",United States,2006,Total Distribution,(1000 MT),1255.0,0,1,04,"USDA FAS PS&D (Production, Supply & Distribution)",https://apps.fas.usda.gov/psdonline/downloads/
"Oil, Rapeseed",United States,2007,Total Distribution,(1000 MT),1545.0,0,1,12,"USDA FAS PS&D (Production, Supply & Distribution)",https://apps.fas.usda.gov/psdonline/downloads/
"Oil, Rapeseed",United States,2008,Total Distribution,(1000 MT),1611.0,0,1,02,"USDA FAS PS&D (Production, Supply & Distribution)",https://apps.fas.usda.gov/psdonline/downloads/
"Oil, Rapeseed",United States,2009,Total Distribution,(1000 MT),1632.0,0,1,08,"USDA FAS PS&D (Production, Supply & Distribution)",https://apps.fas.usda.gov/psdonline/downloads/
"Oil, Rapeseed",United States,2010,Total Distribution,(1000 MT),2025.0,0,1,08,"USDA FAS PS&D (Production, Supply & Distribution)",https://apps.fas.usda.gov/psdonline/downloads/
"Oil, Rapeseed",United States,2011,Total Distribution,(1000 MT),2127.0,0,1,08,"USDA FAS PS&D (Production, Supply & Distribution)",https://apps.fas.usda.gov/psdonline/downloads/
"Oil, Rapeseed",United States,2012,Total Distribution,(1000 MT),1915.0,0,1,04,"USDA FAS PS&D (Production, Supply & Distribution)",https://apps.fas.usda.gov/psdonline/downloads/
"Oil, Rapeseed",United States,2013,Total Distribution,(1000 MT),2308.0,0,1,02,"USDA FAS PS&D (Production, Supply & Distribution)",https://apps.fas.usda.gov/psdonline/downloads/
"Oil, Rapeseed",United States,2014,Total Distribution,(1000 MT),2504.0,0,1,02,"USDA FAS PS&D (Production, Supply & Distribution)",https://apps.fas.usda.gov/psdonline/downloads/
"Oil, Rapeseed",United States,2015,Total Distribution,(1000 MT),2639.0,0,1,07,"USDA FAS PS&D (Production, Supply & Distribution)",https://apps.fas.usda.gov/psdonline/downloads/
"Oil, Rapeseed",United States,2016,Total Distribution,(1000 MT),2913.0,0,1,07,"USDA FAS PS&D (Production, Supply & Distribution)",https://apps.fas.usda.gov/psdonline/downloads/
"Oil, Rapeseed",United States,2017,Total Distribution,(1000 MT),2739.0,0,1,07,"USDA FAS PS&D (Production, Supply & Distribution)",https://apps.fas.usda.gov/psdonline/downloads/
"Oil, Rapeseed",United States,2018,Total Distribution,(1000 MT),2559.0,0,1,01,"USDA FAS PS&D (Production, Supply & Distribution)",https://apps.fas.usda.gov/psdonline/downloads/
"Oil, Rapeseed",United States,2019,Total Distribution,(1000 MT),2725.0,0,1,12,"USDA FAS PS&D (Production, Supply & Distribution)",https://apps.fas.usda.gov/psdonline/downloads/
"Oil, Rapeseed",United States,2020,Total Distribution,(1000 MT),2741.0,0,1,07,"USDA FAS PS&D (Production, Supply & Distribution)",https://apps.fas.usda.gov/psdonline/downloads/
"Oil, Rapeseed",United States,2021,Total Distribution,(1000 MT),2740.0,0,1,04,"USDA FAS PS&D (Production, Supply & Distribution)",https://apps.fas.usda.gov/psdonline/downloads/
"Oil, Rapeseed",United States,2022,Total Distribution,(1000 MT),3735.0,0,1,04,"USDA FAS PS&D (Production, Supply & Distribution)",https://apps.fas.usda.gov/psdonline/downloads/
"Oil, Rapeseed",United States,2023,Total Distribution,(1000 MT),4239.0,0,1,04,"USDA FAS PS&D (Production, Supply & Distribution)",https://apps.fas.usda.gov/psdonline/downloads/
"Oil, Rapeseed",United States,2024,Total Distribution,(1000 MT),3623.0,0,1,04,"USDA FAS PS&D (Production, Supply & Distribution)",https://apps.fas.usda.gov/psdonline/downloads/
"Oil, Rapeseed",United States,2025,Total Distribution,(1000 MT),3999.0,0,1,06,"USDA FAS PS&D (Production, Supply & Distribution)",https://apps.fas.usda.gov/psdonline/downloads/
"Oil, Rapeseed",United States,2026,Total Distribution,(1000 MT),4849.0,0,1,06,"USDA FAS PS&D (Production, Supply & Distribution)",https://apps.fas.usda.gov/psdonline/downloads/
"Oil, Rapeseed",United States,1964,Total Supply,(1000 MT),3.0,0,1,06,"USDA FAS PS&D (Production, Supply & Distribution)",https://apps.fas.usda.gov/psdonline/downloads/
"Oil, Rapeseed",United States,1965,Total Supply,(1000 MT),3.0,0,1,06,"USDA FAS PS&D (Production, Supply & Distribution)",https://apps.fas.usda.gov/psdonline/downloads/
"Oil, Rapeseed",United States,1966,Total Supply,(1000 MT),4.0,0,1,06,"USDA FAS PS&D (Production, Supply & Distribution)",https://apps.fas.usda.gov/psdonline/downloads/
"Oil, Rapeseed",United States,1967,Total Supply,(1000 MT),5.0,0,1,06,"USDA FAS PS&D (Production, Supply & Distribution)",https://apps.fas.usda.gov/psdonline/downloads/
"Oil, Rapeseed",United States,1968,Total Supply,(1000 MT),6.0,0,1,06,"USDA FAS PS&D (Production, Supply & Distribution)",https://apps.fas.usda.gov/psdonline/downloads/
"Oil, Rapeseed",United States,1969,Total Supply,(1000 MT),3.0,0,1,06,"USDA FAS PS&D (Production, Supply & Distribution)",https://apps.fas.usda.gov/psdonline/downloads/
"Oil, Rapeseed",United States,1970,Total Supply,(1000 MT),5.0,0,1,06,"USDA FAS PS&D (Production, Supply & Distribution)",https://apps.fas.usda.gov/psdonline/downloads/
"Oil, Rapeseed",United States,1971,Total Supply,(1000 MT),6.0,0,1,06,"USDA FAS PS&D (Production, Supply & Distribution)",https://apps.fas.usda.gov/psdonline/downloads/
"Oil, Rapeseed",United States,1972,Total Supply,(1000 MT),6.0,0,1,06,"USDA FAS PS&D (Production, Supply & Distribution)",https://apps.fas.usda.gov/psdonline/downloads/
"Oil, Rapeseed",United States,1973,Total Supply,(1000 MT),8.0,0,1,06,"USDA FAS PS&D (Production, Supply & Distribution)",https://apps.fas.usda.gov/psdonline/downloads/
"Oil, Rapeseed",United States,1974,Total Supply,(1000 MT),5.0,0,1,06,"USDA FAS PS&D (Production, Supply & Distribution)",https://apps.fas.usda.gov/psdonline/downloads/
"Oil, Rapeseed",United States,1975,Total Supply,(1000 MT),7.0,0,1,06,"USDA FAS PS&D (Production, Supply & Distribution)",https://apps.fas.usda.gov/psdonline/downloads/
"Oil, Rapeseed",United States,1976,Total Supply,(1000 MT),7.0,0,1,06,"USDA FAS PS&D (Production, Supply & Distribution)",https://apps.fas.usda.gov/psdonline/downloads/
"Oil, Rapeseed",United States,1977,Total Supply,(1000 MT),6.0,0,1,06,"USDA FAS PS&D (Production, Supply & Distribution)",https://apps.fas.usda.gov/psdonline/downloads/
"Oil, Rapeseed",United States,1978,Total Supply,(1000 MT),7.0,0,1,06,"USDA FAS PS&D (Production, Supply & Distribution)",https://apps.fas.usda.gov/psdonline/downloads/
"Oil, Rapeseed",United States,1979,Total Supply,(1000 MT),6.0,0,1,06,"USDA FAS PS&D (Production, Supply & Distribution)",https://apps.fas.usda.gov/psdonline/downloads/
"Oil, Rapeseed",United States,1980,Total Supply,(1000 MT),6.0,0,1,06,"USDA FAS PS&D (Production, Supply & Distribution)",https://apps.fas.usda.gov/psdonline/downloads/
"Oil, Rapeseed",United States,1981,Total Supply,(1000 MT),7.0,0,1,06,"USDA FAS PS&D (Production, Supply & Distribution)",https://apps.fas.usda.gov/psdonline/downloads/
"Oil, Rapeseed",United States,1982,Total Supply,(1000 MT),5.0,0,1,06,"USDA FAS PS&D (Production, Supply & Distribution)",https://apps.fas.usda.gov/psdonline/downloads/
"Oil, Rapeseed",United States,1983,Total Supply,(1000 MT),5.0,0,1,06,"USDA FAS PS&D (Production, Supply & Distribution)",https://apps.fas.usda.gov/psdonline/downloads/
"Oil, Rapeseed",United States,1984,Total Supply,(1000 MT),15.0,0,1,06,"USDA FAS PS&D (Production, Supply & Distribution)",https://apps.fas.usda.gov/psdonline/downloads/
"Oil, Rapeseed",United States,1985,Total Supply,(1000 MT),42.0,0,1,06,"USDA FAS PS&D (Production, Supply & Distribution)",https://apps.fas.usda.gov/psdonline/downloads/
"Oil, Rapeseed",United States,1986,Total Supply,(1000 MT),84.0,0,1,06,"USDA FAS PS&D (Production, Supply & Distribution)",https://apps.fas.usda.gov/psdonline/downloads/
"Oil, Rapeseed",United States,1987,Total Supply,(1000 MT),145.0,0,1,07,"USDA FAS PS&D (Production, Supply & Distribution)",https://apps.fas.usda.gov/psdonline/downloads/
"Oil, Rapeseed",United States,1988,Total Supply,(1000 MT),255.0,0,1,07,"USDA FAS PS&D (Production, Supply & Distribution)",https://apps.fas.usda.gov/psdonline/downloads/
"Oil, Rapeseed",United States,1989,Total Supply,(1000 MT),250.0,0,1,07,"USDA FAS PS&D (Production, Supply & Distribution)",https://apps.fas.usda.gov/psdonline/downloads/
"Oil, Rapeseed",United States,1990,Total Supply,(1000 MT),319.0,0,1,07,"USDA FAS PS&D (Production, Supply & Distribution)",https://apps.fas.usda.gov/psdonline/downloads/
"Oil, Rapeseed",United States,1991,Total Supply,(1000 MT),412.0,0,1,08,"USDA FAS PS&D (Production, Supply & Distribution)",https://apps.fas.usda.gov/psdonline/downloads/
"Oil, Rapeseed",United States,1992,Total Supply,(1000 MT),488.0,0,1,07,"USDA FAS PS&D (Production, Supply & Distribution)",https://apps.fas.usda.gov/psdonline/downloads/
"Oil, Rapeseed",United States,1993,Total Supply,(1000 MT),604.0,0,1,07,"USDA FAS PS&D (Production, Supply & Distribution)",https://apps.fas.usda.gov/psdonline/downloads/
"Oil, Rapeseed",United States,1994,Total Supply,(1000 MT),661.0,0,1,07,"USDA FAS PS&D (Production, Supply & Distribution)",https://apps.fas.usda.gov/psdonline/downloads/
"Oil, Rapeseed",United States,1995,Total Supply,(1000 MT),686.0,0,1,07,"USDA FAS PS&D (Production, Supply & Distribution)",https://apps.fas.usda.gov/psdonline/downloads/
"Oil, Rapeseed",United States,1996,Total Supply,(1000 MT),724.0,0,1,07,"USDA FAS PS&D (Production, Supply & Distribution)",https://apps.fas.usda.gov/psdonline/downloads/
"Oil, Rapeseed",United States,1997,Total Supply,(1000 MT),791.0,0,1,07,"USDA FAS PS&D (Production, Supply & Distribution)",https://apps.fas.usda.gov/psdonline/downloads/
"Oil, Rapeseed",United States,1998,Total Supply,(1000 MT),844.0,0,1,05,"USDA FAS PS&D (Production, Supply & Distribution)",https://apps.fas.usda.gov/psdonline/downloads/
"Oil, Rapeseed",United States,1999,Total Supply,(1000 MT),930.0,0,1,05,"USDA FAS PS&D (Production, Supply & Distribution)",https://apps.fas.usda.gov/psdonline/downloads/
"Oil, Rapeseed",United States,2000,Total Supply,(1000 MT),984.0,0,1,07,"USDA FAS PS&D (Production, Supply & Distribution)",https://apps.fas.usda.gov/psdonline/downloads/
"Oil, Rapeseed",United States,2001,Total Supply,(1000 MT),840.0,0,1,08,"USDA FAS PS&D (Production, Supply & Distribution)",https://apps.fas.usda.gov/psdonline/downloads/
"Oil, Rapeseed",United States,2002,Total Supply,(1000 MT),712.0,0,1,05,"USDA FAS PS&D (Production, Supply & Distribution)",https://apps.fas.usda.gov/psdonline/downloads/
"Oil, Rapeseed",United States,2003,Total Supply,(1000 MT),881.0,0,1,08,"USDA FAS PS&D (Production, Supply & Distribution)",https://apps.fas.usda.gov/psdonline/downloads/
"Oil, Rapeseed",United States,2004,Total Supply,(1000 MT),934.0,0,1,08,"USDA FAS PS&D (Production, Supply & Distribution)",https://apps.fas.usda.gov/psdonline/downloads/
"Oil, Rapeseed",United States,2005,Total Supply,(1000 MT),1205.0,0,1,08,"USDA FAS PS&D (Production, Supply & Distribution)",https://apps.fas.usda.gov/psdonline/downloads/
"Oil, Rapeseed",United States,2006,Total Supply,(1000 MT),1255.0,0,1,04,"USDA FAS PS&D (Production, Supply & Distribution)",https://apps.fas.usda.gov/psdonline/downloads/
"Oil, Rapeseed",United States,2007,Total Supply,(1000 MT),1545.0,0,1,12,"USDA FAS PS&D (Production, Supply & Distribution)",https://apps.fas.usda.gov/psdonline/downloads/
"Oil, Rapeseed",United States,2008,Total Supply,(1000 MT),1611.0,0,1,02,"USDA FAS PS&D (Production, Supply & Distribution)",https://apps.fas.usda.gov/psdonline/downloads/
"Oil, Rapeseed",United States,2009,Total Supply,(1000 MT),1632.0,0,1,08,"USDA FAS PS&D (Production, Supply & Distribution)",https://apps.fas.usda.gov/psdonline/downloads/
"Oil, Rapeseed",United States,2010,Total Supply,(1000 MT),2025.0,0,1,08,"USDA FAS PS&D (Production, Supply & Distribution)",https://apps.fas.usda.gov/psdonline/downloads/
"Oil, Rapeseed",United States,2011,Total Supply,(1000 MT),2127.0,0,1,08,"USDA FAS PS&D (Production, Supply & Distribution)",https://apps.fas.usda.gov/psdonline/downloads/
"Oil, Rapeseed",United States,2012,Total Supply,(1000 MT),1915.0,0,1,04,"USDA FAS PS&D (Production, Supply & Distribution)",https://apps.fas.usda.gov/psdonline/downloads/
"Oil, Rapeseed",United States,2013,Total Supply,(1000 MT),2308.0,0,1,02,"USDA FAS PS&D (Production, Supply & Distribution)",https://apps.fas.usda.gov/psdonline/downloads/
"Oil, Rapeseed",United States,2014,Total Supply,(1000 MT),2504.0,0,1,02,"USDA FAS PS&D (Production, Supply & Distribution)",https://apps.fas.usda.gov/psdonline/downloads/
"Oil, Rapeseed",United States,2015,Total Supply,(1000 MT),2639.0,0,1,07,"USDA FAS PS&D (Production, Supply & Distribution)",https://apps.fas.usda.gov/psdonline/downloads/
"Oil, Rapeseed",United States,2016,Total Supply,(1000 MT),2913.0,0,1,07,"USDA FAS PS&D (Production, Supply & Distribution)",https://apps.fas.usda.gov/psdonline/downloads/
"Oil, Rapeseed",United States,2017,Total Supply,(1000 MT),2739.0,0,1,07,"USDA FAS PS&D (Production, Supply & Distribution)",https://apps.fas.usda.gov/psdonline/downloads/
"Oil, Rapeseed",United States,2018,Total Supply,(1000 MT),2559.0,0,1,01,"USDA FAS PS&D (Production, Supply & Distribution)",https://apps.fas.usda.gov/psdonline/downloads/
"Oil, Rapeseed",United States,2019,Total Supply,(1000 MT),2725.0,0,1,12,"USDA FAS PS&D (Production, Supply & Distribution)",https://apps.fas.usda.gov/psdonline/downloads/
"Oil, Rapeseed",United States,2020,Total Supply,(1000 MT),2741.0,0,1,07,"USDA FAS PS&D (Production, Supply & Distribution)",https://apps.fas.usda.gov/psdonline/downloads/
"Oil, Rapeseed",United States,2021,Total Supply,(1000 MT),2740.0,0,1,04,"USDA FAS PS&D (Production, Supply & Distribution)",https://apps.fas.usda.gov/psdonline/downloads/
"Oil, Rapeseed",United States,2022,Total Supply,(1000 MT),3735.0,0,1,04,"USDA FAS PS&D (Production, Supply & Distribution)",https://apps.fas.usda.gov/psdonline/downloads/
"Oil, Rapeseed",United States,2023,Total Supply,(1000 MT),4239.0,0,1,04,"USDA FAS PS&D (Production, Supply & Distribution)",https://apps.fas.usda.gov/psdonline/downloads/
"Oil, Rapeseed",United States,2024,Total Supply,(1000 MT),3623.0,0,1,04,"USDA FAS PS&D (Production, Supply & Distribution)",https://apps.fas.usda.gov/psdonline/downloads/
"Oil, Rapeseed",United States,2025,Total Supply,(1000 MT),3999.0,0,1,06,"USDA FAS PS&D (Production, Supply & Distribution)",https://apps.fas.usda.gov/psdonline/downloads/
"Oil, Rapeseed",United States,2026,Total Supply,(1000 MT),4849.0,0,1,06,"USDA FAS PS&D (Production, Supply & Distribution)",https://apps.fas.usda.gov/psdonline/downloads/
