commodity,country,market_year,attribute,unit,value,is_aggregate,n_countries,vintage_month,source,source_url
"Oilseed, Peanut",United States,1972,Area Harvested,(1000 HA),601.0,0,1,06,"USDA FAS PS&D (Production, Supply & Distribution)",https://apps.fas.usda.gov/psdonline/downloads/
"Oilseed, Peanut",United States,1973,Area Harvested,(1000 HA),605.0,0,1,06,"USDA FAS PS&D (Production, Supply & Distribution)",https://apps.fas.usda.gov/psdonline/downloads/
"Oilseed, Peanut",United States,1974,Area Harvested,(1000 HA),596.0,0,1,06,"USDA FAS PS&D (Production, Supply & Distribution)",https://apps.fas.usda.gov/psdonline/downloads/
"Oilseed, Peanut",United States,1975,Area Harvested,(1000 HA),609.0,0,1,06,"USDA FAS PS&D (Production, Supply & Distribution)",https://apps.fas.usda.gov/psdonline/downloads/
"Oilseed, Peanut",United States,1976,Area Harvested,(1000 HA),616.0,0,1,06,"USDA FAS PS&D (Production, Supply & Distribution)",https://apps.fas.usda.gov/psdonline/downloads/
"Oilseed, Peanut",United States,1977,Area Harvested,(1000 HA),614.0,0,1,06,"USDA FAS PS&D (Production, Supply & Distribution)",https://apps.fas.usda.gov/psdonline/downloads/
"Oilseed, Peanut",United States,1978,Area Harvested,(1000 HA),611.0,0,1,06,"USDA FAS PS&D (Production, Supply & Distribution)",https://apps.fas.usda.gov/psdonline/downloads/
"Oilseed, Peanut",United States,1979,Area Harvested,(1000 HA),615.0,0,1,06,"USDA FAS PS&D (Production, Supply & Distribution)",https://apps.fas.usda.gov/psdonline/downloads/
"Oilseed, Peanut",United States,1980,Area Harvested,(1000 HA),566.0,0,1,06,"USDA FAS PS&D (Production, Supply & Distribution)",https://apps.fas.usda.gov/psdonline/downloads/
"Oilseed, Peanut",United States,1981,Area Harvested,(1000 HA),602.0,0,1,06,"USDA FAS PS&D (Production, Supply & Distribution)",https://apps.fas.usda.gov/psdonline/downloads/
"Oilseed, Peanut",United States,1982,Area Harvested,(1000 HA),517.0,0,1,06,"USDA FAS PS&D (Production, Supply & Distribution)",https://apps.fas.usda.gov/psdonline/downloads/
"Oilseed, Peanut",United States,1983,Area Harvested,(1000 HA),556.0,0,1,06,"USDA FAS PS&D (Production, Supply & Distribution)",https://apps.fas.usda.gov/psdonline/downloads/
"Oilseed, Peanut",United States,1984,Area Harvested,(1000 HA),618.0,0,1,06,"USDA FAS PS&D (Production, Supply & Distribution)",https://apps.fas.usda.gov/psdonline/downloads/
"Oilseed, Peanut",United States,1985,Area Harvested,(1000 HA),594.0,0,1,06,"USDA FAS PS&D (Production, Supply & Distribution)",https://apps.fas.usda.gov/psdonline/downloads/
"Oilseed, Peanut",United States,1986,Area Harvested,(1000 HA),621.0,0,1,06,"USDA FAS PS&D (Production, Supply & Distribution)",https://apps.fas.usda.gov/psdonline/downloads/
"Oilseed, Peanut",United States,1987,Area Harvested,(1000 HA),626.0,0,1,06,"USDA FAS PS&D (Production, Supply & Distribution)",https://apps.fas.usda.gov/psdonline/downloads/
"Oilseed, Peanut",United States,1988,Area Harvested,(1000 HA),659.0,0,1,06,"USDA FAS PS&D (Production, Supply & Distribution)",https://apps.fas.usda.gov/psdonline/downloads/
"Oilseed, Peanut",United States,1989,Area Harvested,(1000 HA),666.0,0,1,06,"USDA FAS PS&D (Production, Supply & Distribution)",https://apps.fas.usda.gov/psdonline/downloads/
"Oilseed, Peanut",United States,1990,Area Harvested,(1000 HA),732.0,0,1,06,"USDA FAS PS&D (Production, Supply & Distribution)",https://apps.fas.usda.gov/psdonline/downloads/
"Oilseed, Peanut",United States,1991,Area Harvested,(1000 HA),816.0,0,1,06,"USDA FAS PS&D (Production, Supply & Distribution)",https://apps.fas.usda.gov/psdonline/downloads/
"Oilseed, Peanut",United States,1992,Area Harvested,(1000 HA),675.0,0,1,06,"USDA FAS PS&D (Production, Supply & Distribution)",https://apps.fas.usda.gov/psdonline/downloads/
"Oilseed, Peanut",United States,1993,Area Harvested,(1000 HA),684.0,0,1,06,"USDA FAS PS&D (Production, Supply & Distribution)",https://apps.fas.usda.gov/psdonline/downloads/
"Oilseed, Peanut",United States,1994,Area Harvested,(1000 HA),655.0,0,1,06,"USDA FAS PS&D (Production, Supply & Distribution)",https://apps.fas.usda.gov/psdonline/downloads/
"Oilseed, Peanut",United States,1995,Area Harvested,(1000 HA),614.0,0,1,06,"USDA FAS PS&D (Production, Supply & Distribution)",https://apps.fas.usda.gov/psdonline/downloads/
"Oilseed, Peanut",United States,1996,Area Harvested,(1000 HA),558.0,0,1,06,"USDA FAS PS&D (Production, Supply & Distribution)",https://apps.fas.usda.gov/psdonline/downloads/
"Oilseed, Peanut",United States,1997,Area Harvested,(1000 HA),572.0,0,1,06,"USDA FAS PS&D (Production, Supply & Distribution)",https://apps.fas.usda.gov/psdonline/downloads/
"Oilseed, Peanut",United States,1998,Area Harvested,(1000 HA),594.0,0,1,06,"USDA FAS PS&D (Production, Supply & Distribution)",https://apps.fas.usda.gov/psdonline/downloads/
"Oilseed, Peanut",United States,1999,Area Harvested,(1000 HA),581.0,0,1,07,"USDA FAS PS&D (Production, Supply & Distribution)",https://apps.fas.usda.gov/psdonline/downloads/
"Oilseed, Peanut",United States,2000,Area Harvested,(1000 HA),541.0,0,1,07,"USDA FAS PS&D (Production, Supply & Distribution)",https://apps.fas.usda.gov/psdonline/downloads/
"Oilseed, Peanut",United States,2001,Area Harvested,(1000 HA),571.0,0,1,07,"USDA FAS PS&D (Production, Supply & Distribution)",https://apps.fas.usda.gov/psdonline/downloads/
"Oilseed, Peanut",United States,2002,Area Harvested,(1000 HA),523.0,0,1,07,"USDA FAS PS&D (Production, Supply & Distribution)",https://apps.fas.usda.gov/psdonline/downloads/
"Oilseed, Peanut",United States,2003,Area Harvested,(1000 HA),531.0,0,1,07,"USDA FAS PS&D (Production, Supply & Distribution)",https://apps.fas.usda.gov/psdonline/downloads/
"Oilseed, Peanut",United States,2004,Area Harvested,(1000 HA),564.0,0,1,10,"USDA FAS PS&D (Production, Supply & Distribution)",https://apps.fas.usda.gov/psdonline/downloads/
"Oilseed, Peanut",United States,2005,Area Harvested,(1000 HA),659.0,0,1,10,"USDA FAS PS&D (Production, Supply & Distribution)",https://apps.fas.usda.gov/psdonline/downloads/
"Oilseed, Peanut",United States,2006,Area Harvested,(1000 HA),490.0,0,1,10,"USDA FAS PS&D (Production, Supply & Distribution)",https://apps.fas.usda.gov/psdonline/downloads/
"Oilseed, Peanut",United States,2007,Area Harvested,(1000 HA),484.0,0,1,10,"USDA FAS PS&D (Production, Supply & Distribution)",https://apps.fas.usda.gov/psdonline/downloads/
"Oilseed, Peanut",United States,2008,Area Harvested,(1000 HA),610.0,0,1,10,"USDA FAS PS&D (Production, Supply & Distribution)",https://apps.fas.usda.gov/psdonline/downloads/
"Oilseed, Peanut",United States,2009,Area Harvested,(1000 HA),437.0,0,1,10,"USDA FAS PS&D (Production, Supply & Distribution)",https://apps.fas.usda.gov/psdonline/downloads/
"Oilseed, Peanut",United States,2010,Area Harvested,(1000 HA),508.0,0,1,10,"USDA FAS PS&D (Production, Supply & Distribution)",https://apps.fas.usda.gov/psdonline/downloads/
"Oilseed, Peanut",United States,2011,Area Harvested,(1000 HA),437.0,0,1,10,"USDA FAS PS&D (Production, Supply & Distribution)",https://apps.fas.usda.gov/psdonline/downloads/
"Oilseed, Peanut",United States,2012,Area Harvested,(1000 HA),649.0,0,1,10,"USDA FAS PS&D (Production, Supply & Distribution)",https://apps.fas.usda.gov/psdonline/downloads/
"Oilseed, Peanut",United States,2013,Area Harvested,(1000 HA),422.0,0,1,10,"USDA FAS PS&D (Production, Supply & Distribution)",https://apps.fas.usda.gov/psdonline/downloads/
"Oilseed, Peanut",United States,2014,Area Harvested,(1000 HA),535.0,0,1,10,"USDA FAS PS&D (Production, Supply & Distribution)",https://apps.fas.usda.gov/psdonline/downloads/
"Oilseed, Peanut",United States,2015,Area Harvested,(1000 HA),632.0,0,1,10,"USDA FAS PS&D (Production, Supply & Distribution)",https://apps.fas.usda.gov/psdonline/downloads/
"Oilseed, Peanut",United States,2016,Area Harvested,(1000 HA),622.0,0,1,10,"USDA FAS PS&D (Production, Supply & Distribution)",https://apps.fas.usda.gov/psdonline/downloads/
"Oilseed, Peanut",United States,2017,Area Harvested,(1000 HA),719.0,0,1,10,"USDA FAS PS&D (Production, Supply & Distribution)",https://apps.fas.usda.gov/psdonline/downloads/
"Oilseed, Peanut",United States,2018,Area Harvested,(1000 HA),554.0,0,1,10,"USDA FAS PS&D (Production, Supply & Distribution)",https://apps.fas.usda.gov/psdonline/downloads/
"Oilseed, Peanut",United States,2019,Area Harvested,(1000 HA),561.0,0,1,10,"USDA FAS PS&D (Production, Supply & Distribution)",https://apps.fas.usda.gov/psdonline/downloads/
"Oilseed, Peanut",United States,2020,Area Harvested,(1000 HA),652.0,0,1,10,"USDA FAS PS&D (Production, Supply & Distribution)",https://apps.fas.usda.gov/psdonline/downloads/
"Oilseed, Peanut",United States,2021,Area Harvested,(1000 HA),622.0,0,1,04,"USDA FAS PS&D (Production, Supply & Distribution)",https://apps.fas.usda.gov/psdonline/downloads/
"Oilseed, Peanut",United States,2022,Area Harvested,(1000 HA),559.0,0,1,04,"USDA FAS PS&D (Production, Supply & Distribution)",https://apps.fas.usda.gov/psdonline/downloads/
"Oilseed, Peanut",United States,2023,Area Harvested,(1000 HA),630.0,0,1,04,"USDA FAS PS&D (Production, Supply & Distribution)",https://apps.fas.usda.gov/psdonline/downloads/
"Oilseed, Peanut",United States,2024,Area Harvested,(1000 HA),705.0,0,1,04,"USDA FAS PS&D (Production, Supply & Distribution)",https://apps.fas.usda.gov/psdonline/downloads/
"Oilseed, Peanut",United States,2025,Area Harvested,(1000 HA),771.0,0,1,06,"USDA FAS PS&D (Production, Supply & Distribution)",https://apps.fas.usda.gov/psdonline/downloads/
"Oilseed, Peanut",United States,2026,Area Harvested,(1000 HA),650.0,0,1,06,"USDA FAS PS&D (Production, Supply & Distribution)",https://apps.fas.usda.gov/psdonline/downloads/
"Oilseed, Peanut",United States,1972,Beginning Stocks,(1000 MT),178.0,0,1,06,"USDA FAS PS&D (Production, Supply & Distribution)",https://apps.fas.usda.gov/psdonline/downloads/
"Oilseed, Peanut",United States,1973,Beginning Stocks,(1000 MT),195.0,0,1,06,"USDA FAS PS&D (Production, Supply & Distribution)",https://apps.fas.usda.gov/psdonline/downloads/
"Oilseed, Peanut",United States,1974,Beginning Stocks,(1000 MT),250.0,0,1,06,"USDA FAS PS&D (Production, Supply & Distribution)",https://apps.fas.usda.gov/psdonline/downloads/
"Oilseed, Peanut",United States,1975,Beginning Stocks,(1000 MT),520.0,0,1,06,"USDA FAS PS&D (Production, Supply & Distribution)",https://apps.fas.usda.gov/psdonline/downloads/
"Oilseed, Peanut",United States,1976,Beginning Stocks,(1000 MT),481.0,0,1,06,"USDA FAS PS&D (Production, Supply & Distribution)",https://apps.fas.usda.gov/psdonline/downloads/
"Oilseed, Peanut",United States,1977,Beginning Stocks,(1000 MT),275.0,0,1,06,"USDA FAS PS&D (Production, Supply & Distribution)",https://apps.fas.usda.gov/psdonline/downloads/
"Oilseed, Peanut",United States,1978,Beginning Stocks,(1000 MT),264.0,0,1,06,"USDA FAS PS&D (Production, Supply & Distribution)",https://apps.fas.usda.gov/psdonline/downloads/
"Oilseed, Peanut",United States,1979,Beginning Stocks,(1000 MT),266.0,0,1,06,"USDA FAS PS&D (Production, Supply & Distribution)",https://apps.fas.usda.gov/psdonline/downloads/
"Oilseed, Peanut",United States,1980,Beginning Stocks,(1000 MT),285.0,0,1,06,"USDA FAS PS&D (Production, Supply & Distribution)",https://apps.fas.usda.gov/psdonline/downloads/
"Oilseed, Peanut",United States,1981,Beginning Stocks,(1000 MT),187.0,0,1,06,"USDA FAS PS&D (Production, Supply & Distribution)",https://apps.fas.usda.gov/psdonline/downloads/
"Oilseed, Peanut",United States,1982,Beginning Stocks,(1000 MT),343.0,0,1,06,"USDA FAS PS&D (Production, Supply & Distribution)",https://apps.fas.usda.gov/psdonline/downloads/
"Oilseed, Peanut",United States,1983,Beginning Stocks,(1000 MT),392.0,0,1,06,"USDA FAS PS&D (Production, Supply & Distribution)",https://apps.fas.usda.gov/psdonline/downloads/
"Oilseed, Peanut",United States,1984,Beginning Stocks,(1000 MT),277.0,0,1,06,"USDA FAS PS&D (Production, Supply & Distribution)",https://apps.fas.usda.gov/psdonline/downloads/
"Oilseed, Peanut",United States,1985,Beginning Stocks,(1000 MT),646.0,0,1,06,"USDA FAS PS&D (Production, Supply & Distribution)",https://apps.fas.usda.gov/psdonline/downloads/
"Oilseed, Peanut",United States,1986,Beginning Stocks,(1000 MT),383.0,0,1,06,"USDA FAS PS&D (Production, Supply & Distribution)",https://apps.fas.usda.gov/psdonline/downloads/
"Oilseed, Peanut",United States,1987,Beginning Stocks,(1000 MT),455.0,0,1,06,"USDA FAS PS&D (Production, Supply & Distribution)",https://apps.fas.usda.gov/psdonline/downloads/
"Oilseed, Peanut",United States,1988,Beginning Stocks,(1000 MT),378.0,0,1,06,"USDA FAS PS&D (Production, Supply & Distribution)",https://apps.fas.usda.gov/psdonline/downloads/
"Oilseed, Peanut",United States,1989,Beginning Stocks,(1000 MT),382.0,0,1,06,"USDA FAS PS&D (Production, Supply & Distribution)",https://apps.fas.usda.gov/psdonline/downloads/
"Oilseed, Peanut",United States,1990,Beginning Stocks,(1000 MT),318.0,0,1,06,"USDA FAS PS&D (Production, Supply & Distribution)",https://apps.fas.usda.gov/psdonline/downloads/
"Oilseed, Peanut",United States,1991,Beginning Stocks,(1000 MT),310.0,0,1,06,"USDA FAS PS&D (Production, Supply & Distribution)",https://apps.fas.usda.gov/psdonline/downloads/
"Oilseed, Peanut",United States,1992,Beginning Stocks,(1000 MT),479.0,0,1,06,"USDA FAS PS&D (Production, Supply & Distribution)",https://apps.fas.usda.gov/psdonline/downloads/
"Oilseed, Peanut",United States,1993,Beginning Stocks,(1000 MT),612.0,0,1,06,"USDA FAS PS&D (Production, Supply & Distribution)",https://apps.fas.usda.gov/psdonline/downloads/
"Oilseed, Peanut",United States,1994,Beginning Stocks,(1000 MT),481.0,0,1,06,"USDA FAS PS&D (Production, Supply & Distribution)",https://apps.fas.usda.gov/psdonline/downloads/
"Oilseed, Peanut",United States,1995,Beginning Stocks,(1000 MT),543.0,0,1,06,"USDA FAS PS&D (Production, Supply & Distribution)",https://apps.fas.usda.gov/psdonline/downloads/
"Oilseed, Peanut",United States,1996,Beginning Stocks,(1000 MT),344.0,0,1,06,"USDA FAS PS&D (Production, Supply & Distribution)",https://apps.fas.usda.gov/psdonline/downloads/
"Oilseed, Peanut",United States,1997,Beginning Stocks,(1000 MT),360.0,0,1,06,"USDA FAS PS&D (Production, Supply & Distribution)",https://apps.fas.usda.gov/psdonline/downloads/
"Oilseed, Peanut",United States,1998,Beginning Stocks,(1000 MT),385.0,0,1,06,"USDA FAS PS&D (Production, Supply & Distribution)",https://apps.fas.usda.gov/psdonline/downloads/
"Oilseed, Peanut",United States,1999,Beginning Stocks,(1000 MT),631.0,0,1,07,"USDA FAS PS&D (Production, Supply & Distribution)",https://apps.fas.usda.gov/psdonline/downloads/
"Oilseed, Peanut",United States,2000,Beginning Stocks,(1000 MT),559.0,0,1,07,"USDA FAS PS&D (Production, Supply & Distribution)",https://apps.fas.usda.gov/psdonline/downloads/
"Oilseed, Peanut",United States,2001,Beginning Stocks,(1000 MT),497.0,0,1,07,"USDA FAS PS&D (Production, Supply & Distribution)",https://apps.fas.usda.gov/psdonline/downloads/
"Oilseed, Peanut",United States,2002,Beginning Stocks,(1000 MT),670.0,0,1,07,"USDA FAS PS&D (Production, Supply & Distribution)",https://apps.fas.usda.gov/psdonline/downloads/
"Oilseed, Peanut",United States,2003,Beginning Stocks,(1000 MT),397.0,0,1,07,"USDA FAS PS&D (Production, Supply & Distribution)",https://apps.fas.usda.gov/psdonline/downloads/
"Oilseed, Peanut",United States,2004,Beginning Stocks,(1000 MT),508.0,0,1,10,"USDA FAS PS&D (Production, Supply & Distribution)",https://apps.fas.usda.gov/psdonline/downloads/
"Oilseed, Peanut",United States,2005,Beginning Stocks,(1000 MT),642.0,0,1,10,"USDA FAS PS&D (Production, Supply & Distribution)",https://apps.fas.usda.gov/psdonline/downloads/
"Oilseed, Peanut",United States,2006,Beginning Stocks,(1000 MT),983.0,0,1,10,"USDA FAS PS&D (Production, Supply & Distribution)",https://apps.fas.usda.gov/psdonline/downloads/
"Oilseed, Peanut",United States,2007,Beginning Stocks,(1000 MT),690.0,0,1,10,"USDA FAS PS&D (Production, Supply & Distribution)",https://apps.fas.usda.gov/psdonline/downloads/
"Oilseed, Peanut",United States,2008,Beginning Stocks,(1000 MT),468.0,0,1,10,"USDA FAS PS&D (Production, Supply & Distribution)",https://apps.fas.usda.gov/psdonline/downloads/
"Oilseed, Peanut",United States,2009,Beginning Stocks,(1000 MT),966.0,0,1,10,"USDA FAS PS&D (Production, Supply & Distribution)",https://apps.fas.usda.gov/psdonline/downloads/
"Oilseed, Peanut",United States,2010,Beginning Stocks,(1000 MT),830.0,0,1,10,"USDA FAS PS&D (Production, Supply & Distribution)",https://apps.fas.usda.gov/psdonline/downloads/
"Oilseed, Peanut",United States,2011,Beginning Stocks,(1000 MT),688.0,0,1,10,"USDA FAS PS&D (Production, Supply & Distribution)",https://apps.fas.usda.gov/psdonline/downloads/
"Oilseed, Peanut",United States,2012,Beginning Stocks,(1000 MT),455.0,0,1,10,"USDA FAS PS&D (Production, Supply & Distribution)",https://apps.fas.usda.gov/psdonline/downloads/
"Oilseed, Peanut",United States,2013,Beginning Stocks,(1000 MT),1257.0,0,1,10,"USDA FAS PS&D (Production, Supply & Distribution)",https://apps.fas.usda.gov/psdonline/downloads/
"Oilseed, Peanut",United States,2014,Beginning Stocks,(1000 MT),843.0,0,1,10,"USDA FAS PS&D (Production, Supply & Distribution)",https://apps.fas.usda.gov/psdonline/downloads/
"Oilseed, Peanut",United States,2015,Beginning Stocks,(1000 MT),953.0,0,1,10,"USDA FAS PS&D (Production, Supply & Distribution)",https://apps.fas.usda.gov/psdonline/downloads/
"Oilseed, Peanut",United States,2016,Beginning Stocks,(1000 MT),812.0,0,1,10,"USDA FAS PS&D (Production, Supply & Distribution)",https://apps.fas.usda.gov/psdonline/downloads/
"Oilseed, Peanut",United States,2017,Beginning Stocks,(1000 MT),654.0,0,1,10,"USDA FAS PS&D (Production, Supply & Distribution)",https://apps.fas.usda.gov/psdonline/downloads/
"Oilseed, Peanut",United States,2018,Beginning Stocks,(1000 MT),1232.0,0,1,10,"USDA FAS PS&D (Production, Supply & Distribution)",https://apps.fas.usda.gov/psdonline/downloads/
"Oilseed, Peanut",United States,2019,Beginning Stocks,(1000 MT),1098.0,0,1,10,"USDA FAS PS&D (Production, Supply & Distribution)",https://apps.fas.usda.gov/psdonline/downloads/
"Oilseed, Peanut",United States,2020,Beginning Stocks,(1000 MT),961.0,0,1,10,"USDA FAS PS&D (Production, Supply & Distribution)",https://apps.fas.usda.gov/psdonline/downloads/
"Oilseed, Peanut",United States,2021,Beginning Stocks,(1000 MT),893.0,0,1,04,"USDA FAS PS&D (Production, Supply & Distribution)",https://apps.fas.usda.gov/psdonline/downloads/
"Oilseed, Peanut",United States,2022,Beginning Stocks,(1000 MT),1071.0,0,1,04,"USDA FAS PS&D (Production, Supply & Distribution)",https://apps.fas.usda.gov/psdonline/downloads/
"Oilseed, Peanut",United States,2023,Beginning Stocks,(1000 MT),922.0,0,1,04,"USDA FAS PS&D (Production, Supply & Distribution)",https://apps.fas.usda.gov/psdonline/downloads/
"Oilseed, Peanut",United States,2024,Beginning Stocks,(1000 MT),672.0,0,1,04,"USDA FAS PS&D (Production, Supply & Distribution)",https://apps.fas.usda.gov/psdonline/downloads/
"Oilseed, Peanut",United States,2025,Beginning Stocks,(1000 MT),709.0,0,1,06,"USDA FAS PS&D (Production, Supply & Distribution)",https://apps.fas.usda.gov/psdonline/downloads/
"Oilseed, Peanut",United States,2026,Beginning Stocks,(1000 MT),1283.0,0,1,06,"USDA FAS PS&D (Production, Supply & Distribution)",https://apps.fas.usda.gov/psdonline/downloads/
"Oilseed, Peanut",United States,1972,Crush,(1000 MT),386.0,0,1,06,"USDA FAS PS&D (Production, Supply & Distribution)",https://apps.fas.usda.gov/psdonline/downloads/
"Oilseed, Peanut",United States,1973,Crush,(1000 MT),310.0,0,1,06,"USDA FAS PS&D (Production, Supply & Distribution)",https://apps.fas.usda.gov/psdonline/downloads/
"Oilseed, Peanut",United States,1974,Crush,(1000 MT),267.0,0,1,06,"USDA FAS PS&D (Production, Supply & Distribution)",https://apps.fas.usda.gov/psdonline/downloads/
"Oilseed, Peanut",United States,1975,Crush,(1000 MT),656.0,0,1,06,"USDA FAS PS&D (Production, Supply & Distribution)",https://apps.fas.usda.gov/psdonline/downloads/
"Oilseed, Peanut",United States,1976,Crush,(1000 MT),503.0,0,1,06,"USDA FAS PS&D (Production, Supply & Distribution)",https://apps.fas.usda.gov/psdonline/downloads/
"Oilseed, Peanut",United States,1977,Crush,(1000 MT),220.0,0,1,06,"USDA FAS PS&D (Production, Supply & Distribution)",https://apps.fas.usda.gov/psdonline/downloads/
"Oilseed, Peanut",United States,1978,Crush,(1000 MT),239.0,0,1,06,"USDA FAS PS&D (Production, Supply & Distribution)",https://apps.fas.usda.gov/psdonline/downloads/
"Oilseed, Peanut",United States,1979,Crush,(1000 MT),259.0,0,1,06,"USDA FAS PS&D (Production, Supply & Distribution)",https://apps.fas.usda.gov/psdonline/downloads/
"Oilseed, Peanut",United States,1980,Crush,(1000 MT),202.0,0,1,06,"USDA FAS PS&D (Production, Supply & Distribution)",https://apps.fas.usda.gov/psdonline/downloads/
"Oilseed, Peanut",United States,1981,Crush,(1000 MT),260.0,0,1,06,"USDA FAS PS&D (Production, Supply & Distribution)",https://apps.fas.usda.gov/psdonline/downloads/
"Oilseed, Peanut",United States,1982,Crush,(1000 MT),155.0,0,1,06,"USDA FAS PS&D (Production, Supply & Distribution)",https://apps.fas.usda.gov/psdonline/downloads/
"Oilseed, Peanut",United States,1983,Crush,(1000 MT),176.0,0,1,06,"USDA FAS PS&D (Production, Supply & Distribution)",https://apps.fas.usda.gov/psdonline/downloads/
"Oilseed, Peanut",United States,1984,Crush,(1000 MT),283.0,0,1,06,"USDA FAS PS&D (Production, Supply & Distribution)",https://apps.fas.usda.gov/psdonline/downloads/
"Oilseed, Peanut",United States,1985,Crush,(1000 MT),369.0,0,1,06,"USDA FAS PS&D (Production, Supply & Distribution)",https://apps.fas.usda.gov/psdonline/downloads/
"Oilseed, Peanut",United States,1986,Crush,(1000 MT),233.0,0,1,06,"USDA FAS PS&D (Production, Supply & Distribution)",https://apps.fas.usda.gov/psdonline/downloads/
"Oilseed, Peanut",United States,1987,Crush,(1000 MT),254.0,0,1,06,"USDA FAS PS&D (Production, Supply & Distribution)",https://apps.fas.usda.gov/psdonline/downloads/
"Oilseed, Peanut",United States,1988,Crush,(1000 MT),369.0,0,1,06,"USDA FAS PS&D (Production, Supply & Distribution)",https://apps.fas.usda.gov/psdonline/downloads/
"Oilseed, Peanut",United States,1989,Crush,(1000 MT),283.0,0,1,06,"USDA FAS PS&D (Production, Supply & Distribution)",https://apps.fas.usda.gov/psdonline/downloads/
"Oilseed, Peanut",United States,1990,Crush,(1000 MT),313.0,0,1,06,"USDA FAS PS&D (Production, Supply & Distribution)",https://apps.fas.usda.gov/psdonline/downloads/
"Oilseed, Peanut",United States,1991,Crush,(1000 MT),500.0,0,1,06,"USDA FAS PS&D (Production, Supply & Distribution)",https://apps.fas.usda.gov/psdonline/downloads/
"Oilseed, Peanut",United States,1992,Crush,(1000 MT),404.0,0,1,06,"USDA FAS PS&D (Production, Supply & Distribution)",https://apps.fas.usda.gov/psdonline/downloads/
"Oilseed, Peanut",United States,1993,Crush,(1000 MT),304.0,0,1,06,"USDA FAS PS&D (Production, Supply & Distribution)",https://apps.fas.usda.gov/psdonline/downloads/
"Oilseed, Peanut",United States,1994,Crush,(1000 MT),445.0,0,1,06,"USDA FAS PS&D (Production, Supply & Distribution)",https://apps.fas.usda.gov/psdonline/downloads/
"Oilseed, Peanut",United States,1995,Crush,(1000 MT),453.0,0,1,06,"USDA FAS PS&D (Production, Supply & Distribution)",https://apps.fas.usda.gov/psdonline/downloads/
"Oilseed, Peanut",United States,1996,Crush,(1000 MT),314.0,0,1,06,"USDA FAS PS&D (Production, Supply & Distribution)",https://apps.fas.usda.gov/psdonline/downloads/
"Oilseed, Peanut",United States,1997,Crush,(1000 MT),247.0,0,1,06,"USDA FAS PS&D (Production, Supply & Distribution)",https://apps.fas.usda.gov/psdonline/downloads/
"Oilseed, Peanut",United States,1998,Crush,(1000 MT),209.0,0,1,06,"USDA FAS PS&D (Production, Supply & Distribution)",https://apps.fas.usda.gov/psdonline/downloads/
"Oilseed, Peanut",United States,1999,Crush,(1000 MT),323.0,0,1,07,"USDA FAS PS&D (Production, Supply & Distribution)",https://apps.fas.usda.gov/psdonline/downloads/
"Oilseed, Peanut",United States,2000,Crush,(1000 MT),249.0,0,1,07,"USDA FAS PS&D (Production, Supply & Distribution)",https://apps.fas.usda.gov/psdonline/downloads/
"Oilseed, Peanut",United States,2001,Crush,(1000 MT),317.0,0,1,07,"USDA FAS PS&D (Production, Supply & Distribution)",https://apps.fas.usda.gov/psdonline/downloads/
"Oilseed, Peanut",United States,2002,Crush,(1000 MT),390.0,0,1,07,"USDA FAS PS&D (Production, Supply & Distribution)",https://apps.fas.usda.gov/psdonline/downloads/
"Oilseed, Peanut",United States,2003,Crush,(1000 MT),244.0,0,1,07,"USDA FAS PS&D (Production, Supply & Distribution)",https://apps.fas.usda.gov/psdonline/downloads/
"Oilseed, Peanut",United States,2004,Crush,(1000 MT),179.0,0,1,10,"USDA FAS PS&D (Production, Supply & Distribution)",https://apps.fas.usda.gov/psdonline/downloads/
"Oilseed, Peanut",United States,2005,Crush,(1000 MT),247.0,0,1,10,"USDA FAS PS&D (Production, Supply & Distribution)",https://apps.fas.usda.gov/psdonline/downloads/
"Oilseed, Peanut",United States,2006,Crush,(1000 MT),233.0,0,1,10,"USDA FAS PS&D (Production, Supply & Distribution)",https://apps.fas.usda.gov/psdonline/downloads/
"Oilseed, Peanut",United States,2007,Crush,(1000 MT),226.0,0,1,10,"USDA FAS PS&D (Production, Supply & Distribution)",https://apps.fas.usda.gov/psdonline/downloads/
"Oilseed, Peanut",United States,2008,Crush,(1000 MT),202.0,0,1,10,"USDA FAS PS&D (Production, Supply & Distribution)",https://apps.fas.usda.gov/psdonline/downloads/
"Oilseed, Peanut",United States,2009,Crush,(1000 MT),198.0,0,1,10,"USDA FAS PS&D (Production, Supply & Distribution)",https://apps.fas.usda.gov/psdonline/downloads/
"Oilseed, Peanut",United States,2010,Crush,(1000 MT),267.0,0,1,10,"USDA FAS PS&D (Production, Supply & Distribution)",https://apps.fas.usda.gov/psdonline/downloads/
"Oilseed, Peanut",United States,2011,Crush,(1000 MT),274.0,0,1,10,"USDA FAS PS&D (Production, Supply & Distribution)",https://apps.fas.usda.gov/psdonline/downloads/
"Oilseed, Peanut",United States,2012,Crush,(1000 MT),298.0,0,1,10,"USDA FAS PS&D (Production, Supply & Distribution)",https://apps.fas.usda.gov/psdonline/downloads/
"Oilseed, Peanut",United States,2013,Crush,(1000 MT),301.0,0,1,10,"USDA FAS PS&D (Production, Supply & Distribution)",https://apps.fas.usda.gov/psdonline/downloads/
"Oilseed, Peanut",United States,2014,Crush,(1000 MT),306.0,0,1,10,"USDA FAS PS&D (Production, Supply & Distribution)",https://apps.fas.usda.gov/psdonline/downloads/
"Oilseed, Peanut",United States,2015,Crush,(1000 MT),322.0,0,1,10,"USDA FAS PS&D (Production, Supply & Distribution)",https://apps.fas.usda.gov/psdonline/downloads/
"Oilseed, Peanut",United States,2016,Crush,(1000 MT),399.0,0,1,10,"USDA FAS PS&D (Production, Supply & Distribution)",https://apps.fas.usda.gov/psdonline/downloads/
"Oilseed, Peanut",United States,2017,Crush,(1000 MT),320.0,0,1,10,"USDA FAS PS&D (Production, Supply & Distribution)",https://apps.fas.usda.gov/psdonline/downloads/
"Oilseed, Peanut",United States,2018,Crush,(1000 MT),294.0,0,1,10,"USDA FAS PS&D (Production, Supply & Distribution)",https://apps.fas.usda.gov/psdonline/downloads/
"Oilseed, Peanut",United States,2019,Crush,(1000 MT),351.0,0,1,10,"USDA FAS PS&D (Production, Supply & Distribution)",https://apps.fas.usda.gov/psdonline/downloads/
"Oilseed, Peanut",United States,2020,Crush,(1000 MT),396.0,0,1,10,"USDA FAS PS&D (Production, Supply & Distribution)",https://apps.fas.usda.gov/psdonline/downloads/
"Oilseed, Peanut",United States,2021,Crush,(1000 MT),382.0,0,1,04,"USDA FAS PS&D (Production, Supply & Distribution)",https://apps.fas.usda.gov/psdonline/downloads/
"Oilseed, Peanut",United States,2022,Crush,(1000 MT),360.0,0,1,04,"USDA FAS PS&D (Production, Supply & Distribution)",https://apps.fas.usda.gov/psdonline/downloads/
"Oilseed, Peanut",United States,2023,Crush,(1000 MT),297.0,0,1,04,"USDA FAS PS&D (Production, Supply & Distribution)",https://apps.fas.usda.gov/psdonline/downloads/
"Oilseed, Peanut",United States,2024,Crush,(1000 MT),326.0,0,1,04,"USDA FAS PS&D (Production, Supply & Distribution)",https://apps.fas.usda.gov/psdonline/downloads/
"Oilseed, Peanut",United States,2025,Crush,(1000 MT),392.0,0,1,06,"USDA FAS PS&D (Production, Supply & Distribution)",https://apps.fas.usda.gov/psdonline/downloads/
"Oilseed, Peanut",United States,2026,Crush,(1000 MT),397.0,0,1,06,"USDA FAS PS&D (Production, Supply & Distribution)",https://apps.fas.usda.gov/psdonline/downloads/
"Oilseed, Peanut",United States,1972,Domestic Consumption,(1000 MT),1232.0,0,1,06,"USDA FAS PS&D (Production, Supply & Distribution)",https://apps.fas.usda.gov/psdonline/downloads/
"Oilseed, Peanut",United States,1973,Domestic Consumption,(1000 MT),1199.0,0,1,06,"USDA FAS PS&D (Production, Supply & Distribution)",https://apps.fas.usda.gov/psdonline/downloads/
"Oilseed, Peanut",United States,1974,Domestic Consumption,(1000 MT),1058.0,0,1,06,"USDA FAS PS&D (Production, Supply & Distribution)",https://apps.fas.usda.gov/psdonline/downloads/
"Oilseed, Peanut",United States,1975,Domestic Consumption,(1000 MT),1587.0,0,1,06,"USDA FAS PS&D (Production, Supply & Distribution)",https://apps.fas.usda.gov/psdonline/downloads/
"Oilseed, Peanut",United States,1976,Domestic Consumption,(1000 MT),1547.0,0,1,06,"USDA FAS PS&D (Production, Supply & Distribution)",https://apps.fas.usda.gov/psdonline/downloads/
"Oilseed, Peanut",United States,1977,Domestic Consumption,(1000 MT),1231.0,0,1,06,"USDA FAS PS&D (Production, Supply & Distribution)",https://apps.fas.usda.gov/psdonline/downloads/
"Oilseed, Peanut",United States,1978,Domestic Consumption,(1000 MT),1273.0,0,1,06,"USDA FAS PS&D (Production, Supply & Distribution)",https://apps.fas.usda.gov/psdonline/downloads/
"Oilseed, Peanut",United States,1979,Domestic Consumption,(1000 MT),1303.0,0,1,06,"USDA FAS PS&D (Production, Supply & Distribution)",https://apps.fas.usda.gov/psdonline/downloads/
"Oilseed, Peanut",United States,1980,Domestic Consumption,(1000 MT),1097.0,0,1,06,"USDA FAS PS&D (Production, Supply & Distribution)",https://apps.fas.usda.gov/psdonline/downloads/
"Oilseed, Peanut",United States,1981,Domestic Consumption,(1000 MT),1390.0,0,1,06,"USDA FAS PS&D (Production, Supply & Distribution)",https://apps.fas.usda.gov/psdonline/downloads/
"Oilseed, Peanut",United States,1982,Domestic Consumption,(1000 MT),1203.0,0,1,06,"USDA FAS PS&D (Production, Supply & Distribution)",https://apps.fas.usda.gov/psdonline/downloads/
"Oilseed, Peanut",United States,1983,Domestic Consumption,(1000 MT),1274.0,0,1,06,"USDA FAS PS&D (Production, Supply & Distribution)",https://apps.fas.usda.gov/psdonline/downloads/
"Oilseed, Peanut",United States,1984,Domestic Consumption,(1000 MT),1241.0,0,1,06,"USDA FAS PS&D (Production, Supply & Distribution)",https://apps.fas.usda.gov/psdonline/downloads/
"Oilseed, Peanut",United States,1985,Domestic Consumption,(1000 MT),1661.0,0,1,06,"USDA FAS PS&D (Production, Supply & Distribution)",https://apps.fas.usda.gov/psdonline/downloads/
"Oilseed, Peanut",United States,1986,Domestic Consumption,(1000 MT),1305.0,0,1,06,"USDA FAS PS&D (Production, Supply & Distribution)",https://apps.fas.usda.gov/psdonline/downloads/
"Oilseed, Peanut",United States,1987,Domestic Consumption,(1000 MT),1438.0,0,1,06,"USDA FAS PS&D (Production, Supply & Distribution)",https://apps.fas.usda.gov/psdonline/downloads/
"Oilseed, Peanut",United States,1988,Domestic Consumption,(1000 MT),1491.0,0,1,06,"USDA FAS PS&D (Production, Supply & Distribution)",https://apps.fas.usda.gov/psdonline/downloads/
"Oilseed, Peanut",United States,1989,Domestic Consumption,(1000 MT),1427.0,0,1,06,"USDA FAS PS&D (Production, Supply & Distribution)",https://apps.fas.usda.gov/psdonline/downloads/
"Oilseed, Peanut",United States,1990,Domestic Consumption,(1000 MT),1358.0,0,1,06,"USDA FAS PS&D (Production, Supply & Distribution)",https://apps.fas.usda.gov/psdonline/downloads/
"Oilseed, Peanut",United States,1991,Domestic Consumption,(1000 MT),1616.0,0,1,06,"USDA FAS PS&D (Production, Supply & Distribution)",https://apps.fas.usda.gov/psdonline/downloads/
"Oilseed, Peanut",United States,1992,Domestic Consumption,(1000 MT),1380.0,0,1,06,"USDA FAS PS&D (Production, Supply & Distribution)",https://apps.fas.usda.gov/psdonline/downloads/
"Oilseed, Peanut",United States,1993,Domestic Consumption,(1000 MT),1430.0,0,1,06,"USDA FAS PS&D (Production, Supply & Distribution)",https://apps.fas.usda.gov/psdonline/downloads/
"Oilseed, Peanut",United States,1994,Domestic Consumption,(1000 MT),1500.0,0,1,06,"USDA FAS PS&D (Production, Supply & Distribution)",https://apps.fas.usda.gov/psdonline/downloads/
"Oilseed, Peanut",United States,1995,Domestic Consumption,(1000 MT),1464.0,0,1,06,"USDA FAS PS&D (Production, Supply & Distribution)",https://apps.fas.usda.gov/psdonline/downloads/
"Oilseed, Peanut",United States,1996,Domestic Consumption,(1000 MT),1399.0,0,1,06,"USDA FAS PS&D (Production, Supply & Distribution)",https://apps.fas.usda.gov/psdonline/downloads/
"Oilseed, Peanut",United States,1997,Domestic Consumption,(1000 MT),1335.0,0,1,06,"USDA FAS PS&D (Production, Supply & Distribution)",https://apps.fas.usda.gov/psdonline/downloads/
"Oilseed, Peanut",United States,1998,Domestic Consumption,(1000 MT),1367.0,0,1,06,"USDA FAS PS&D (Production, Supply & Distribution)",https://apps.fas.usda.gov/psdonline/downloads/
"Oilseed, Peanut",United States,1999,Domestic Consumption,(1000 MT),1555.0,0,1,07,"USDA FAS PS&D (Production, Supply & Distribution)",https://apps.fas.usda.gov/psdonline/downloads/
"Oilseed, Peanut",United States,2000,Domestic Consumption,(1000 MT),1402.0,0,1,07,"USDA FAS PS&D (Production, Supply & Distribution)",https://apps.fas.usda.gov/psdonline/downloads/
"Oilseed, Peanut",United States,2001,Domestic Consumption,(1000 MT),1542.0,0,1,07,"USDA FAS PS&D (Production, Supply & Distribution)",https://apps.fas.usda.gov/psdonline/downloads/
"Oilseed, Peanut",United States,2002,Domestic Consumption,(1000 MT),1591.0,0,1,07,"USDA FAS PS&D (Production, Supply & Distribution)",https://apps.fas.usda.gov/psdonline/downloads/
"Oilseed, Peanut",United States,2003,Domestic Consumption,(1000 MT),1552.0,0,1,07,"USDA FAS PS&D (Production, Supply & Distribution)",https://apps.fas.usda.gov/psdonline/downloads/
"Oilseed, Peanut",United States,2004,Domestic Consumption,(1000 MT),1605.0,0,1,10,"USDA FAS PS&D (Production, Supply & Distribution)",https://apps.fas.usda.gov/psdonline/downloads/
"Oilseed, Peanut",United States,2005,Domestic Consumption,(1000 MT),1660.0,0,1,10,"USDA FAS PS&D (Production, Supply & Distribution)",https://apps.fas.usda.gov/psdonline/downloads/
"Oilseed, Peanut",United States,2006,Domestic Consumption,(1000 MT),1618.0,0,1,10,"USDA FAS PS&D (Production, Supply & Distribution)",https://apps.fas.usda.gov/psdonline/downloads/
"Oilseed, Peanut",United States,2007,Domestic Consumption,(1000 MT),1581.0,0,1,10,"USDA FAS PS&D (Production, Supply & Distribution)",https://apps.fas.usda.gov/psdonline/downloads/
"Oilseed, Peanut",United States,2008,Domestic Consumption,(1000 MT),1553.0,0,1,10,"USDA FAS PS&D (Production, Supply & Distribution)",https://apps.fas.usda.gov/psdonline/downloads/
"Oilseed, Peanut",United States,2009,Domestic Consumption,(1000 MT),1575.0,0,1,10,"USDA FAS PS&D (Production, Supply & Distribution)",https://apps.fas.usda.gov/psdonline/downloads/
"Oilseed, Peanut",United States,2010,Domestic Consumption,(1000 MT),1782.0,0,1,10,"USDA FAS PS&D (Production, Supply & Distribution)",https://apps.fas.usda.gov/psdonline/downloads/
"Oilseed, Peanut",United States,2011,Domestic Consumption,(1000 MT),1760.0,0,1,10,"USDA FAS PS&D (Production, Supply & Distribution)",https://apps.fas.usda.gov/psdonline/downloads/
"Oilseed, Peanut",United States,2012,Domestic Consumption,(1000 MT),1776.0,0,1,10,"USDA FAS PS&D (Production, Supply & Distribution)",https://apps.fas.usda.gov/psdonline/downloads/
"Oilseed, Peanut",United States,2013,Domestic Consumption,(1000 MT),1850.0,0,1,10,"USDA FAS PS&D (Production, Supply & Distribution)",https://apps.fas.usda.gov/psdonline/downloads/
"Oilseed, Peanut",United States,2014,Domestic Consumption,(1000 MT),1795.0,0,1,10,"USDA FAS PS&D (Production, Supply & Distribution)",https://apps.fas.usda.gov/psdonline/downloads/
"Oilseed, Peanut",United States,2015,Domestic Consumption,(1000 MT),2206.0,0,1,10,"USDA FAS PS&D (Production, Supply & Distribution)",https://apps.fas.usda.gov/psdonline/downloads/
"Oilseed, Peanut",United States,2016,Domestic Consumption,(1000 MT),2161.0,0,1,10,"USDA FAS PS&D (Production, Supply & Distribution)",https://apps.fas.usda.gov/psdonline/downloads/
"Oilseed, Peanut",United States,2017,Domestic Consumption,(1000 MT),2150.0,0,1,10,"USDA FAS PS&D (Production, Supply & Distribution)",https://apps.fas.usda.gov/psdonline/downloads/
"Oilseed, Peanut",United States,2018,Domestic Consumption,(1000 MT),2134.0,0,1,10,"USDA FAS PS&D (Production, Supply & Distribution)",https://apps.fas.usda.gov/psdonline/downloads/
"Oilseed, Peanut",United States,2019,Domestic Consumption,(1000 MT),1938.0,0,1,10,"USDA FAS PS&D (Production, Supply & Distribution)",https://apps.fas.usda.gov/psdonline/downloads/
"Oilseed, Peanut",United States,2020,Domestic Consumption,(1000 MT),2270.0,0,1,10,"USDA FAS PS&D (Production, Supply & Distribution)",https://apps.fas.usda.gov/psdonline/downloads/
"Oilseed, Peanut",United States,2021,Domestic Consumption,(1000 MT),2219.0,0,1,04,"USDA FAS PS&D (Production, Supply & Distribution)",https://apps.fas.usda.gov/psdonline/downloads/
"Oilseed, Peanut",United States,2022,Domestic Consumption,(1000 MT),2167.0,0,1,04,"USDA FAS PS&D (Production, Supply & Distribution)",https://apps.fas.usda.gov/psdonline/downloads/
"Oilseed, Peanut",United States,2023,Domestic Consumption,(1000 MT),2302.0,0,1,04,"USDA FAS PS&D (Production, Supply & Distribution)",https://apps.fas.usda.gov/psdonline/downloads/
"Oilseed, Peanut",United States,2024,Domestic Consumption,(1000 MT),2420.0,0,1,04,"USDA FAS PS&D (Production, Supply & Distribution)",https://apps.fas.usda.gov/psdonline/downloads/
"Oilseed, Peanut",United States,2025,Domestic Consumption,(1000 MT),2168.0,0,1,06,"USDA FAS PS&D (Production, Supply & Distribution)",https://apps.fas.usda.gov/psdonline/downloads/
"Oilseed, Peanut",United States,2026,Domestic Consumption,(1000 MT),2237.0,0,1,06,"USDA FAS PS&D (Production, Supply & Distribution)",https://apps.fas.usda.gov/psdonline/downloads/
"Oilseed, Peanut",United States,1972,Ending Stocks,(1000 MT),195.0,0,1,06,"USDA FAS PS&D (Production, Supply & Distribution)",https://apps.fas.usda.gov/psdonline/downloads/
"Oilseed, Peanut",United States,1973,Ending Stocks,(1000 MT),250.0,0,1,06,"USDA FAS PS&D (Production, Supply & Distribution)",https://apps.fas.usda.gov/psdonline/downloads/
"Oilseed, Peanut",United States,1974,Ending Stocks,(1000 MT),520.0,0,1,06,"USDA FAS PS&D (Production, Supply & Distribution)",https://apps.fas.usda.gov/psdonline/downloads/
"Oilseed, Peanut",United States,1975,Ending Stocks,(1000 MT),481.0,0,1,06,"USDA FAS PS&D (Production, Supply & Distribution)",https://apps.fas.usda.gov/psdonline/downloads/
"Oilseed, Peanut",United States,1976,Ending Stocks,(1000 MT),275.0,0,1,06,"USDA FAS PS&D (Production, Supply & Distribution)",https://apps.fas.usda.gov/psdonline/downloads/
"Oilseed, Peanut",United States,1977,Ending Stocks,(1000 MT),264.0,0,1,06,"USDA FAS PS&D (Production, Supply & Distribution)",https://apps.fas.usda.gov/psdonline/downloads/
"Oilseed, Peanut",United States,1978,Ending Stocks,(1000 MT),266.0,0,1,06,"USDA FAS PS&D (Production, Supply & Distribution)",https://apps.fas.usda.gov/psdonline/downloads/
"Oilseed, Peanut",United States,1979,Ending Stocks,(1000 MT),285.0,0,1,06,"USDA FAS PS&D (Production, Supply & Distribution)",https://apps.fas.usda.gov/psdonline/downloads/
"Oilseed, Peanut",United States,1980,Ending Stocks,(1000 MT),187.0,0,1,06,"USDA FAS PS&D (Production, Supply & Distribution)",https://apps.fas.usda.gov/psdonline/downloads/
"Oilseed, Peanut",United States,1981,Ending Stocks,(1000 MT),343.0,0,1,06,"USDA FAS PS&D (Production, Supply & Distribution)",https://apps.fas.usda.gov/psdonline/downloads/
"Oilseed, Peanut",United States,1982,Ending Stocks,(1000 MT),392.0,0,1,06,"USDA FAS PS&D (Production, Supply & Distribution)",https://apps.fas.usda.gov/psdonline/downloads/
"Oilseed, Peanut",United States,1983,Ending Stocks,(1000 MT),277.0,0,1,06,"USDA FAS PS&D (Production, Supply & Distribution)",https://apps.fas.usda.gov/psdonline/downloads/
"Oilseed, Peanut",United States,1984,Ending Stocks,(1000 MT),646.0,0,1,06,"USDA FAS PS&D (Production, Supply & Distribution)",https://apps.fas.usda.gov/psdonline/downloads/
"Oilseed, Peanut",United States,1985,Ending Stocks,(1000 MT),383.0,0,1,06,"USDA FAS PS&D (Production, Supply & Distribution)",https://apps.fas.usda.gov/psdonline/downloads/
"Oilseed, Peanut",United States,1986,Ending Stocks,(1000 MT),455.0,0,1,06,"USDA FAS PS&D (Production, Supply & Distribution)",https://apps.fas.usda.gov/psdonline/downloads/
"Oilseed, Peanut",United States,1987,Ending Stocks,(1000 MT),378.0,0,1,06,"USDA FAS PS&D (Production, Supply & Distribution)",https://apps.fas.usda.gov/psdonline/downloads/
"Oilseed, Peanut",United States,1988,Ending Stocks,(1000 MT),382.0,0,1,06,"USDA FAS PS&D (Production, Supply & Distribution)",https://apps.fas.usda.gov/psdonline/downloads/
"Oilseed, Peanut",United States,1989,Ending Stocks,(1000 MT),318.0,0,1,06,"USDA FAS PS&D (Production, Supply & Distribution)",https://apps.fas.usda.gov/psdonline/downloads/
"Oilseed, Peanut",United States,1990,Ending Stocks,(1000 MT),310.0,0,1,06,"USDA FAS PS&D (Production, Supply & Distribution)",https://apps.fas.usda.gov/psdonline/downloads/
"Oilseed, Peanut",United States,1991,Ending Stocks,(1000 MT),479.0,0,1,06,"USDA FAS PS&D (Production, Supply & Distribution)",https://apps.fas.usda.gov/psdonline/downloads/
"Oilseed, Peanut",United States,1992,Ending Stocks,(1000 MT),612.0,0,1,06,"USDA FAS PS&D (Production, Supply & Distribution)",https://apps.fas.usda.gov/psdonline/downloads/
"Oilseed, Peanut",United States,1993,Ending Stocks,(1000 MT),481.0,0,1,06,"USDA FAS PS&D (Production, Supply & Distribution)",https://apps.fas.usda.gov/psdonline/downloads/
"Oilseed, Peanut",United States,1994,Ending Stocks,(1000 MT),543.0,0,1,06,"USDA FAS PS&D (Production, Supply & Distribution)",https://apps.fas.usda.gov/psdonline/downloads/
"Oilseed, Peanut",United States,1995,Ending Stocks,(1000 MT),344.0,0,1,06,"USDA FAS PS&D (Production, Supply & Distribution)",https://apps.fas.usda.gov/psdonline/downloads/
"Oilseed, Peanut",United States,1996,Ending Stocks,(1000 MT),360.0,0,1,06,"USDA FAS PS&D (Production, Supply & Distribution)",https://apps.fas.usda.gov/psdonline/downloads/
"Oilseed, Peanut",United States,1997,Ending Stocks,(1000 MT),385.0,0,1,06,"USDA FAS PS&D (Production, Supply & Distribution)",https://apps.fas.usda.gov/psdonline/downloads/
"Oilseed, Peanut",United States,1998,Ending Stocks,(1000 MT),631.0,0,1,06,"USDA FAS PS&D (Production, Supply & Distribution)",https://apps.fas.usda.gov/psdonline/downloads/
"Oilseed, Peanut",United States,1999,Ending Stocks,(1000 MT),559.0,0,1,07,"USDA FAS PS&D (Production, Supply & Distribution)",https://apps.fas.usda.gov/psdonline/downloads/
"Oilseed, Peanut",United States,2000,Ending Stocks,(1000 MT),497.0,0,1,07,"USDA FAS PS&D (Production, Supply & Distribution)",https://apps.fas.usda.gov/psdonline/downloads/
"Oilseed, Peanut",United States,2001,Ending Stocks,(1000 MT),670.0,0,1,07,"USDA FAS PS&D (Production, Supply & Distribution)",https://apps.fas.usda.gov/psdonline/downloads/
"Oilseed, Peanut",United States,2002,Ending Stocks,(1000 MT),397.0,0,1,07,"USDA FAS PS&D (Production, Supply & Distribution)",https://apps.fas.usda.gov/psdonline/downloads/
"Oilseed, Peanut",United States,2003,Ending Stocks,(1000 MT),508.0,0,1,07,"USDA FAS PS&D (Production, Supply & Distribution)",https://apps.fas.usda.gov/psdonline/downloads/
"Oilseed, Peanut",United States,2004,Ending Stocks,(1000 MT),642.0,0,1,10,"USDA FAS PS&D (Production, Supply & Distribution)",https://apps.fas.usda.gov/psdonline/downloads/
"Oilseed, Peanut",United States,2005,Ending Stocks,(1000 MT),983.0,0,1,10,"USDA FAS PS&D (Production, Supply & Distribution)",https://apps.fas.usda.gov/psdonline/downloads/
"Oilseed, Peanut",United States,2006,Ending Stocks,(1000 MT),690.0,0,1,10,"USDA FAS PS&D (Production, Supply & Distribution)",https://apps.fas.usda.gov/psdonline/downloads/
"Oilseed, Peanut",United States,2007,Ending Stocks,(1000 MT),468.0,0,1,10,"USDA FAS PS&D (Production, Supply & Distribution)",https://apps.fas.usda.gov/psdonline/downloads/
"Oilseed, Peanut",United States,2008,Ending Stocks,(1000 MT),966.0,0,1,10,"USDA FAS PS&D (Production, Supply & Distribution)",https://apps.fas.usda.gov/psdonline/downloads/
"Oilseed, Peanut",United States,2009,Ending Stocks,(1000 MT),830.0,0,1,10,"USDA FAS PS&D (Production, Supply & Distribution)",https://apps.fas.usda.gov/psdonline/downloads/
"Oilseed, Peanut",United States,2010,Ending Stocks,(1000 MT),688.0,0,1,10,"USDA FAS PS&D (Production, Supply & Distribution)",https://apps.fas.usda.gov/psdonline/downloads/
"Oilseed, Peanut",United States,2011,Ending Stocks,(1000 MT),455.0,0,1,10,"USDA FAS PS&D (Production, Supply & Distribution)",https://apps.fas.usda.gov/psdonline/downloads/
"Oilseed, Peanut",United States,2012,Ending Stocks,(1000 MT),1257.0,0,1,10,"USDA FAS PS&D (Production, Supply & Distribution)",https://apps.fas.usda.gov/psdonline/downloads/
"Oilseed, Peanut",United States,2013,Ending Stocks,(1000 MT),843.0,0,1,10,"USDA FAS PS&D (Production, Supply & Distribution)",https://apps.fas.usda.gov/psdonline/downloads/
"Oilseed, Peanut",United States,2014,Ending Stocks,(1000 MT),953.0,0,1,10,"USDA FAS PS&D (Production, Supply & Distribution)",https://apps.fas.usda.gov/psdonline/downloads/
"Oilseed, Peanut",United States,2015,Ending Stocks,(1000 MT),812.0,0,1,10,"USDA FAS PS&D (Production, Supply & Distribution)",https://apps.fas.usda.gov/psdonline/downloads/
"Oilseed, Peanut",United States,2016,Ending Stocks,(1000 MT),654.0,0,1,10,"USDA FAS PS&D (Production, Supply & Distribution)",https://apps.fas.usda.gov/psdonline/downloads/
"Oilseed, Peanut",United States,2017,Ending Stocks,(1000 MT),1232.0,0,1,10,"USDA FAS PS&D (Production, Supply & Distribution)",https://apps.fas.usda.gov/psdonline/downloads/
"Oilseed, Peanut",United States,2018,Ending Stocks,(1000 MT),1098.0,0,1,10,"USDA FAS PS&D (Production, Supply & Distribution)",https://apps.fas.usda.gov/psdonline/downloads/
"Oilseed, Peanut",United States,2019,Ending Stocks,(1000 MT),961.0,0,1,10,"USDA FAS PS&D (Production, Supply & Distribution)",https://apps.fas.usda.gov/psdonline/downloads/
"Oilseed, Peanut",United States,2020,Ending Stocks,(1000 MT),893.0,0,1,10,"USDA FAS PS&D (Production, Supply & Distribution)",https://apps.fas.usda.gov/psdonline/downloads/
"Oilseed, Peanut",United States,2021,Ending Stocks,(1000 MT),1071.0,0,1,04,"USDA FAS PS&D (Production, Supply & Distribution)",https://apps.fas.usda.gov/psdonline/downloads/
"Oilseed, Peanut",United States,2022,Ending Stocks,(1000 MT),922.0,0,1,04,"USDA FAS PS&D (Production, Supply & Distribution)",https://apps.fas.usda.gov/psdonline/downloads/
"Oilseed, Peanut",United States,2023,Ending Stocks,(1000 MT),672.0,0,1,04,"USDA FAS PS&D (Production, Supply & Distribution)",https://apps.fas.usda.gov/psdonline/downloads/
"Oilseed, Peanut",United States,2024,Ending Stocks,(1000 MT),709.0,0,1,04,"USDA FAS PS&D (Production, Supply & Distribution)",https://apps.fas.usda.gov/psdonline/downloads/
"Oilseed, Peanut",United States,2025,Ending Stocks,(1000 MT),1283.0,0,1,06,"USDA FAS PS&D (Production, Supply & Distribution)",https://apps.fas.usda.gov/psdonline/downloads/
"Oilseed, Peanut",United States,2026,Ending Stocks,(1000 MT),1192.0,0,1,06,"USDA FAS PS&D (Production, Supply & Distribution)",https://apps.fas.usda.gov/psdonline/downloads/
"Oilseed, Peanut",United States,1972,Exports,(1000 MT),236.0,0,1,06,"USDA FAS PS&D (Production, Supply & Distribution)",https://apps.fas.usda.gov/psdonline/downloads/
"Oilseed, Peanut",United States,1973,Exports,(1000 MT),322.0,0,1,06,"USDA FAS PS&D (Production, Supply & Distribution)",https://apps.fas.usda.gov/psdonline/downloads/
"Oilseed, Peanut",United States,1974,Exports,(1000 MT),336.0,0,1,06,"USDA FAS PS&D (Production, Supply & Distribution)",https://apps.fas.usda.gov/psdonline/downloads/
"Oilseed, Peanut",United States,1975,Exports,(1000 MT),197.0,0,1,06,"USDA FAS PS&D (Production, Supply & Distribution)",https://apps.fas.usda.gov/psdonline/downloads/
"Oilseed, Peanut",United States,1976,Exports,(1000 MT),355.0,0,1,06,"USDA FAS PS&D (Production, Supply & Distribution)",https://apps.fas.usda.gov/psdonline/downloads/
"Oilseed, Peanut",United States,1977,Exports,(1000 MT),465.0,0,1,06,"USDA FAS PS&D (Production, Supply & Distribution)",https://apps.fas.usda.gov/psdonline/downloads/
"Oilseed, Peanut",United States,1978,Exports,(1000 MT),518.0,0,1,06,"USDA FAS PS&D (Production, Supply & Distribution)",https://apps.fas.usda.gov/psdonline/downloads/
"Oilseed, Peanut",United States,1979,Exports,(1000 MT),479.0,0,1,06,"USDA FAS PS&D (Production, Supply & Distribution)",https://apps.fas.usda.gov/psdonline/downloads/
"Oilseed, Peanut",United States,1980,Exports,(1000 MT),228.0,0,1,06,"USDA FAS PS&D (Production, Supply & Distribution)",https://apps.fas.usda.gov/psdonline/downloads/
"Oilseed, Peanut",United States,1981,Exports,(1000 MT),261.0,0,1,06,"USDA FAS PS&D (Production, Supply & Distribution)",https://apps.fas.usda.gov/psdonline/downloads/
"Oilseed, Peanut",United States,1982,Exports,(1000 MT),309.0,0,1,06,"USDA FAS PS&D (Production, Supply & Distribution)",https://apps.fas.usda.gov/psdonline/downloads/
"Oilseed, Peanut",United States,1983,Exports,(1000 MT),337.0,0,1,06,"USDA FAS PS&D (Production, Supply & Distribution)",https://apps.fas.usda.gov/psdonline/downloads/
"Oilseed, Peanut",United States,1984,Exports,(1000 MT),390.0,0,1,06,"USDA FAS PS&D (Production, Supply & Distribution)",https://apps.fas.usda.gov/psdonline/downloads/
"Oilseed, Peanut",United States,1985,Exports,(1000 MT),473.0,0,1,06,"USDA FAS PS&D (Production, Supply & Distribution)",https://apps.fas.usda.gov/psdonline/downloads/
"Oilseed, Peanut",United States,1986,Exports,(1000 MT),301.0,0,1,06,"USDA FAS PS&D (Production, Supply & Distribution)",https://apps.fas.usda.gov/psdonline/downloads/
"Oilseed, Peanut",United States,1987,Exports,(1000 MT),280.0,0,1,06,"USDA FAS PS&D (Production, Supply & Distribution)",https://apps.fas.usda.gov/psdonline/downloads/
"Oilseed, Peanut",United States,1988,Exports,(1000 MT),312.0,0,1,06,"USDA FAS PS&D (Production, Supply & Distribution)",https://apps.fas.usda.gov/psdonline/downloads/
"Oilseed, Peanut",United States,1989,Exports,(1000 MT),449.0,0,1,06,"USDA FAS PS&D (Production, Supply & Distribution)",https://apps.fas.usda.gov/psdonline/downloads/
"Oilseed, Peanut",United States,1990,Exports,(1000 MT),296.0,0,1,06,"USDA FAS PS&D (Production, Supply & Distribution)",https://apps.fas.usda.gov/psdonline/downloads/
"Oilseed, Peanut",United States,1991,Exports,(1000 MT),452.0,0,1,06,"USDA FAS PS&D (Production, Supply & Distribution)",https://apps.fas.usda.gov/psdonline/downloads/
"Oilseed, Peanut",United States,1992,Exports,(1000 MT),431.0,0,1,06,"USDA FAS PS&D (Production, Supply & Distribution)",https://apps.fas.usda.gov/psdonline/downloads/
"Oilseed, Peanut",United States,1993,Exports,(1000 MT),241.0,0,1,06,"USDA FAS PS&D (Production, Supply & Distribution)",https://apps.fas.usda.gov/psdonline/downloads/
"Oilseed, Peanut",United States,1994,Exports,(1000 MT),398.0,0,1,06,"USDA FAS PS&D (Production, Supply & Distribution)",https://apps.fas.usda.gov/psdonline/downloads/
"Oilseed, Peanut",United States,1995,Exports,(1000 MT),374.0,0,1,06,"USDA FAS PS&D (Production, Supply & Distribution)",https://apps.fas.usda.gov/psdonline/downloads/
"Oilseed, Peanut",United States,1996,Exports,(1000 MT),303.0,0,1,06,"USDA FAS PS&D (Production, Supply & Distribution)",https://apps.fas.usda.gov/psdonline/downloads/
"Oilseed, Peanut",United States,1997,Exports,(1000 MT),309.0,0,1,06,"USDA FAS PS&D (Production, Supply & Distribution)",https://apps.fas.usda.gov/psdonline/downloads/
"Oilseed, Peanut",United States,1998,Exports,(1000 MT),255.0,0,1,06,"USDA FAS PS&D (Production, Supply & Distribution)",https://apps.fas.usda.gov/psdonline/downloads/
"Oilseed, Peanut",United States,1999,Exports,(1000 MT),337.0,0,1,07,"USDA FAS PS&D (Production, Supply & Distribution)",https://apps.fas.usda.gov/psdonline/downloads/
"Oilseed, Peanut",United States,2000,Exports,(1000 MT),239.0,0,1,07,"USDA FAS PS&D (Production, Supply & Distribution)",https://apps.fas.usda.gov/psdonline/downloads/
"Oilseed, Peanut",United States,2001,Exports,(1000 MT),317.0,0,1,07,"USDA FAS PS&D (Production, Supply & Distribution)",https://apps.fas.usda.gov/psdonline/downloads/
"Oilseed, Peanut",United States,2002,Exports,(1000 MT),222.0,0,1,07,"USDA FAS PS&D (Production, Supply & Distribution)",https://apps.fas.usda.gov/psdonline/downloads/
"Oilseed, Peanut",United States,2003,Exports,(1000 MT),234.0,0,1,07,"USDA FAS PS&D (Production, Supply & Distribution)",https://apps.fas.usda.gov/psdonline/downloads/
"Oilseed, Peanut",United States,2004,Exports,(1000 MT),223.0,0,1,10,"USDA FAS PS&D (Production, Supply & Distribution)",https://apps.fas.usda.gov/psdonline/downloads/
"Oilseed, Peanut",United States,2005,Exports,(1000 MT),223.0,0,1,10,"USDA FAS PS&D (Production, Supply & Distribution)",https://apps.fas.usda.gov/psdonline/downloads/
"Oilseed, Peanut",United States,2006,Exports,(1000 MT),274.0,0,1,10,"USDA FAS PS&D (Production, Supply & Distribution)",https://apps.fas.usda.gov/psdonline/downloads/
"Oilseed, Peanut",United States,2007,Exports,(1000 MT),340.0,0,1,10,"USDA FAS PS&D (Production, Supply & Distribution)",https://apps.fas.usda.gov/psdonline/downloads/
"Oilseed, Peanut",United States,2008,Exports,(1000 MT),330.0,0,1,10,"USDA FAS PS&D (Production, Supply & Distribution)",https://apps.fas.usda.gov/psdonline/downloads/
"Oilseed, Peanut",United States,2009,Exports,(1000 MT),269.0,0,1,10,"USDA FAS PS&D (Production, Supply & Distribution)",https://apps.fas.usda.gov/psdonline/downloads/
"Oilseed, Peanut",United States,2010,Exports,(1000 MT),275.0,0,1,10,"USDA FAS PS&D (Production, Supply & Distribution)",https://apps.fas.usda.gov/psdonline/downloads/
"Oilseed, Peanut",United States,2011,Exports,(1000 MT),248.0,0,1,10,"USDA FAS PS&D (Production, Supply & Distribution)",https://apps.fas.usda.gov/psdonline/downloads/
"Oilseed, Peanut",United States,2012,Exports,(1000 MT),540.0,0,1,10,"USDA FAS PS&D (Production, Supply & Distribution)",https://apps.fas.usda.gov/psdonline/downloads/
"Oilseed, Peanut",United States,2013,Exports,(1000 MT),497.0,0,1,10,"USDA FAS PS&D (Production, Supply & Distribution)",https://apps.fas.usda.gov/psdonline/downloads/
"Oilseed, Peanut",United States,2014,Exports,(1000 MT),490.0,0,1,10,"USDA FAS PS&D (Production, Supply & Distribution)",https://apps.fas.usda.gov/psdonline/downloads/
"Oilseed, Peanut",United States,2015,Exports,(1000 MT),700.0,0,1,10,"USDA FAS PS&D (Production, Supply & Distribution)",https://apps.fas.usda.gov/psdonline/downloads/
"Oilseed, Peanut",United States,2016,Exports,(1000 MT),602.0,0,1,10,"USDA FAS PS&D (Production, Supply & Distribution)",https://apps.fas.usda.gov/psdonline/downloads/
"Oilseed, Peanut",United States,2017,Exports,(1000 MT),577.0,0,1,10,"USDA FAS PS&D (Production, Supply & Distribution)",https://apps.fas.usda.gov/psdonline/downloads/
"Oilseed, Peanut",United States,2018,Exports,(1000 MT),544.0,0,1,10,"USDA FAS PS&D (Production, Supply & Distribution)",https://apps.fas.usda.gov/psdonline/downloads/
"Oilseed, Peanut",United States,2019,Exports,(1000 MT),730.0,0,1,10,"USDA FAS PS&D (Production, Supply & Distribution)",https://apps.fas.usda.gov/psdonline/downloads/
"Oilseed, Peanut",United States,2020,Exports,(1000 MT),648.0,0,1,10,"USDA FAS PS&D (Production, Supply & Distribution)",https://apps.fas.usda.gov/psdonline/downloads/
"Oilseed, Peanut",United States,2021,Exports,(1000 MT),537.0,0,1,04,"USDA FAS PS&D (Production, Supply & Distribution)",https://apps.fas.usda.gov/psdonline/downloads/
"Oilseed, Peanut",United States,2022,Exports,(1000 MT),543.0,0,1,04,"USDA FAS PS&D (Production, Supply & Distribution)",https://apps.fas.usda.gov/psdonline/downloads/
"Oilseed, Peanut",United States,2023,Exports,(1000 MT),661.0,0,1,04,"USDA FAS PS&D (Production, Supply & Distribution)",https://apps.fas.usda.gov/psdonline/downloads/
"Oilseed, Peanut",United States,2024,Exports,(1000 MT),539.0,0,1,04,"USDA FAS PS&D (Production, Supply & Distribution)",https://apps.fas.usda.gov/psdonline/downloads/
"Oilseed, Peanut",United States,2025,Exports,(1000 MT),567.0,0,1,06,"USDA FAS PS&D (Production, Supply & Distribution)",https://apps.fas.usda.gov/psdonline/downloads/
"Oilseed, Peanut",United States,2026,Exports,(1000 MT),635.0,0,1,06,"USDA FAS PS&D (Production, Supply & Distribution)",https://apps.fas.usda.gov/psdonline/downloads/
"Oilseed, Peanut",United States,1972,Feed Waste Dom. Cons.,(1000 MT),78.0,0,1,06,"USDA FAS PS&D (Production, Supply & Distribution)",https://apps.fas.usda.gov/psdonline/downloads/
"Oilseed, Peanut",United States,1973,Feed Waste Dom. Cons.,(1000 MT),54.0,0,1,06,"USDA FAS PS&D (Production, Supply & Distribution)",https://apps.fas.usda.gov/psdonline/downloads/
"Oilseed, Peanut",United States,1974,Feed Waste Dom. Cons.,(1000 MT),37.0,0,1,06,"USDA FAS PS&D (Production, Supply & Distribution)",https://apps.fas.usda.gov/psdonline/downloads/
"Oilseed, Peanut",United States,1975,Feed Waste Dom. Cons.,(1000 MT),142.0,0,1,06,"USDA FAS PS&D (Production, Supply & Distribution)",https://apps.fas.usda.gov/psdonline/downloads/
"Oilseed, Peanut",United States,1976,Feed Waste Dom. Cons.,(1000 MT),302.0,0,1,06,"USDA FAS PS&D (Production, Supply & Distribution)",https://apps.fas.usda.gov/psdonline/downloads/
"Oilseed, Peanut",United States,1977,Feed Waste Dom. Cons.,(1000 MT),252.0,0,1,06,"USDA FAS PS&D (Production, Supply & Distribution)",https://apps.fas.usda.gov/psdonline/downloads/
"Oilseed, Peanut",United States,1978,Feed Waste Dom. Cons.,(1000 MT),237.0,0,1,06,"USDA FAS PS&D (Production, Supply & Distribution)",https://apps.fas.usda.gov/psdonline/downloads/
"Oilseed, Peanut",United States,1979,Feed Waste Dom. Cons.,(1000 MT),238.0,0,1,06,"USDA FAS PS&D (Production, Supply & Distribution)",https://apps.fas.usda.gov/psdonline/downloads/
"Oilseed, Peanut",United States,1980,Feed Waste Dom. Cons.,(1000 MT),232.0,0,1,06,"USDA FAS PS&D (Production, Supply & Distribution)",https://apps.fas.usda.gov/psdonline/downloads/
"Oilseed, Peanut",United States,1981,Feed Waste Dom. Cons.,(1000 MT),361.0,0,1,06,"USDA FAS PS&D (Production, Supply & Distribution)",https://apps.fas.usda.gov/psdonline/downloads/
"Oilseed, Peanut",United States,1982,Feed Waste Dom. Cons.,(1000 MT),211.0,0,1,06,"USDA FAS PS&D (Production, Supply & Distribution)",https://apps.fas.usda.gov/psdonline/downloads/
"Oilseed, Peanut",United States,1983,Feed Waste Dom. Cons.,(1000 MT),263.0,0,1,06,"USDA FAS PS&D (Production, Supply & Distribution)",https://apps.fas.usda.gov/psdonline/downloads/
"Oilseed, Peanut",United States,1984,Feed Waste Dom. Cons.,(1000 MT),100.0,0,1,06,"USDA FAS PS&D (Production, Supply & Distribution)",https://apps.fas.usda.gov/psdonline/downloads/
"Oilseed, Peanut",United States,1985,Feed Waste Dom. Cons.,(1000 MT),397.0,0,1,06,"USDA FAS PS&D (Production, Supply & Distribution)",https://apps.fas.usda.gov/psdonline/downloads/
"Oilseed, Peanut",United States,1986,Feed Waste Dom. Cons.,(1000 MT),132.0,0,1,06,"USDA FAS PS&D (Production, Supply & Distribution)",https://apps.fas.usda.gov/psdonline/downloads/
"Oilseed, Peanut",United States,1987,Feed Waste Dom. Cons.,(1000 MT),245.0,0,1,06,"USDA FAS PS&D (Production, Supply & Distribution)",https://apps.fas.usda.gov/psdonline/downloads/
"Oilseed, Peanut",United States,1988,Feed Waste Dom. Cons.,(1000 MT),100.0,0,1,06,"USDA FAS PS&D (Production, Supply & Distribution)",https://apps.fas.usda.gov/psdonline/downloads/
"Oilseed, Peanut",United States,1989,Feed Waste Dom. Cons.,(1000 MT),95.0,0,1,06,"USDA FAS PS&D (Production, Supply & Distribution)",https://apps.fas.usda.gov/psdonline/downloads/
"Oilseed, Peanut",United States,1990,Feed Waste Dom. Cons.,(1000 MT),129.0,0,1,06,"USDA FAS PS&D (Production, Supply & Distribution)",https://apps.fas.usda.gov/psdonline/downloads/
"Oilseed, Peanut",United States,1991,Feed Waste Dom. Cons.,(1000 MT),115.0,0,1,06,"USDA FAS PS&D (Production, Supply & Distribution)",https://apps.fas.usda.gov/psdonline/downloads/
"Oilseed, Peanut",United States,1992,Feed Waste Dom. Cons.,(1000 MT),13.0,0,1,06,"USDA FAS PS&D (Production, Supply & Distribution)",https://apps.fas.usda.gov/psdonline/downloads/
"Oilseed, Peanut",United States,1993,Feed Waste Dom. Cons.,(1000 MT),179.0,0,1,06,"USDA FAS PS&D (Production, Supply & Distribution)",https://apps.fas.usda.gov/psdonline/downloads/
"Oilseed, Peanut",United States,1994,Feed Waste Dom. Cons.,(1000 MT),144.0,0,1,06,"USDA FAS PS&D (Production, Supply & Distribution)",https://apps.fas.usda.gov/psdonline/downloads/
"Oilseed, Peanut",United States,1995,Feed Waste Dom. Cons.,(1000 MT),107.0,0,1,06,"USDA FAS PS&D (Production, Supply & Distribution)",https://apps.fas.usda.gov/psdonline/downloads/
"Oilseed, Peanut",United States,1996,Feed Waste Dom. Cons.,(1000 MT),164.0,0,1,06,"USDA FAS PS&D (Production, Supply & Distribution)",https://apps.fas.usda.gov/psdonline/downloads/
"Oilseed, Peanut",United States,1997,Feed Waste Dom. Cons.,(1000 MT),136.0,0,1,06,"USDA FAS PS&D (Production, Supply & Distribution)",https://apps.fas.usda.gov/psdonline/downloads/
"Oilseed, Peanut",United States,1998,Feed Waste Dom. Cons.,(1000 MT),181.0,0,1,06,"USDA FAS PS&D (Production, Supply & Distribution)",https://apps.fas.usda.gov/psdonline/downloads/
"Oilseed, Peanut",United States,1999,Feed Waste Dom. Cons.,(1000 MT),219.0,0,1,07,"USDA FAS PS&D (Production, Supply & Distribution)",https://apps.fas.usda.gov/psdonline/downloads/
"Oilseed, Peanut",United States,2000,Feed Waste Dom. Cons.,(1000 MT),160.0,0,1,07,"USDA FAS PS&D (Production, Supply & Distribution)",https://apps.fas.usda.gov/psdonline/downloads/
"Oilseed, Peanut",United States,2001,Feed Waste Dom. Cons.,(1000 MT),213.0,0,1,07,"USDA FAS PS&D (Production, Supply & Distribution)",https://apps.fas.usda.gov/psdonline/downloads/
"Oilseed, Peanut",United States,2002,Feed Waste Dom. Cons.,(1000 MT),182.0,0,1,07,"USDA FAS PS&D (Production, Supply & Distribution)",https://apps.fas.usda.gov/psdonline/downloads/
"Oilseed, Peanut",United States,2003,Feed Waste Dom. Cons.,(1000 MT),192.0,0,1,07,"USDA FAS PS&D (Production, Supply & Distribution)",https://apps.fas.usda.gov/psdonline/downloads/
"Oilseed, Peanut",United States,2004,Feed Waste Dom. Cons.,(1000 MT),274.0,0,1,10,"USDA FAS PS&D (Production, Supply & Distribution)",https://apps.fas.usda.gov/psdonline/downloads/
"Oilseed, Peanut",United States,2005,Feed Waste Dom. Cons.,(1000 MT),261.0,0,1,10,"USDA FAS PS&D (Production, Supply & Distribution)",https://apps.fas.usda.gov/psdonline/downloads/
"Oilseed, Peanut",United States,2006,Feed Waste Dom. Cons.,(1000 MT),238.0,0,1,10,"USDA FAS PS&D (Production, Supply & Distribution)",https://apps.fas.usda.gov/psdonline/downloads/
"Oilseed, Peanut",United States,2007,Feed Waste Dom. Cons.,(1000 MT),227.0,0,1,10,"USDA FAS PS&D (Production, Supply & Distribution)",https://apps.fas.usda.gov/psdonline/downloads/
"Oilseed, Peanut",United States,2008,Feed Waste Dom. Cons.,(1000 MT),209.0,0,1,10,"USDA FAS PS&D (Production, Supply & Distribution)",https://apps.fas.usda.gov/psdonline/downloads/
"Oilseed, Peanut",United States,2009,Feed Waste Dom. Cons.,(1000 MT),193.0,0,1,10,"USDA FAS PS&D (Production, Supply & Distribution)",https://apps.fas.usda.gov/psdonline/downloads/
"Oilseed, Peanut",United States,2010,Feed Waste Dom. Cons.,(1000 MT),243.0,0,1,10,"USDA FAS PS&D (Production, Supply & Distribution)",https://apps.fas.usda.gov/psdonline/downloads/
"Oilseed, Peanut",United States,2011,Feed Waste Dom. Cons.,(1000 MT),228.0,0,1,10,"USDA FAS PS&D (Production, Supply & Distribution)",https://apps.fas.usda.gov/psdonline/downloads/
"Oilseed, Peanut",United States,2012,Feed Waste Dom. Cons.,(1000 MT),211.0,0,1,10,"USDA FAS PS&D (Production, Supply & Distribution)",https://apps.fas.usda.gov/psdonline/downloads/
"Oilseed, Peanut",United States,2013,Feed Waste Dom. Cons.,(1000 MT),248.0,0,1,10,"USDA FAS PS&D (Production, Supply & Distribution)",https://apps.fas.usda.gov/psdonline/downloads/
"Oilseed, Peanut",United States,2014,Feed Waste Dom. Cons.,(1000 MT),136.0,0,1,10,"USDA FAS PS&D (Production, Supply & Distribution)",https://apps.fas.usda.gov/psdonline/downloads/
"Oilseed, Peanut",United States,2015,Feed Waste Dom. Cons.,(1000 MT),479.0,0,1,10,"USDA FAS PS&D (Production, Supply & Distribution)",https://apps.fas.usda.gov/psdonline/downloads/
"Oilseed, Peanut",United States,2016,Feed Waste Dom. Cons.,(1000 MT),352.0,0,1,10,"USDA FAS PS&D (Production, Supply & Distribution)",https://apps.fas.usda.gov/psdonline/downloads/
"Oilseed, Peanut",United States,2017,Feed Waste Dom. Cons.,(1000 MT),390.0,0,1,10,"USDA FAS PS&D (Production, Supply & Distribution)",https://apps.fas.usda.gov/psdonline/downloads/
"Oilseed, Peanut",United States,2018,Feed Waste Dom. Cons.,(1000 MT),409.0,0,1,10,"USDA FAS PS&D (Production, Supply & Distribution)",https://apps.fas.usda.gov/psdonline/downloads/
"Oilseed, Peanut",United States,2019,Feed Waste Dom. Cons.,(1000 MT),108.0,0,1,10,"USDA FAS PS&D (Production, Supply & Distribution)",https://apps.fas.usda.gov/psdonline/downloads/
"Oilseed, Peanut",United States,2020,Feed Waste Dom. Cons.,(1000 MT),346.0,0,1,10,"USDA FAS PS&D (Production, Supply & Distribution)",https://apps.fas.usda.gov/psdonline/downloads/
"Oilseed, Peanut",United States,2021,Feed Waste Dom. Cons.,(1000 MT),330.0,0,1,04,"USDA FAS PS&D (Production, Supply & Distribution)",https://apps.fas.usda.gov/psdonline/downloads/
"Oilseed, Peanut",United States,2022,Feed Waste Dom. Cons.,(1000 MT),311.0,0,1,04,"USDA FAS PS&D (Production, Supply & Distribution)",https://apps.fas.usda.gov/psdonline/downloads/
"Oilseed, Peanut",United States,2023,Feed Waste Dom. Cons.,(1000 MT),588.0,0,1,04,"USDA FAS PS&D (Production, Supply & Distribution)",https://apps.fas.usda.gov/psdonline/downloads/
"Oilseed, Peanut",United States,2024,Feed Waste Dom. Cons.,(1000 MT),654.0,0,1,04,"USDA FAS PS&D (Production, Supply & Distribution)",https://apps.fas.usda.gov/psdonline/downloads/
"Oilseed, Peanut",United States,2025,Feed Waste Dom. Cons.,(1000 MT),311.0,0,1,06,"USDA FAS PS&D (Production, Supply & Distribution)",https://apps.fas.usda.gov/psdonline/downloads/
"Oilseed, Peanut",United States,2026,Feed Waste Dom. Cons.,(1000 MT),345.0,0,1,06,"USDA FAS PS&D (Production, Supply & Distribution)",https://apps.fas.usda.gov/psdonline/downloads/
"Oilseed, Peanut",United States,1972,Food Use Dom. Cons.,(1000 MT),768.0,0,1,06,"USDA FAS PS&D (Production, Supply & Distribution)",https://apps.fas.usda.gov/psdonline/downloads/
"Oilseed, Peanut",United States,1973,Food Use Dom. Cons.,(1000 MT),835.0,0,1,06,"USDA FAS PS&D (Production, Supply & Distribution)",https://apps.fas.usda.gov/psdonline/downloads/
"Oilseed, Peanut",United States,1974,Food Use Dom. Cons.,(1000 MT),754.0,0,1,06,"USDA FAS PS&D (Production, Supply & Distribution)",https://apps.fas.usda.gov/psdonline/downloads/
"Oilseed, Peanut",United States,1975,Food Use Dom. Cons.,(1000 MT),789.0,0,1,06,"USDA FAS PS&D (Production, Supply & Distribution)",https://apps.fas.usda.gov/psdonline/downloads/
"Oilseed, Peanut",United States,1976,Food Use Dom. Cons.,(1000 MT),742.0,0,1,06,"USDA FAS PS&D (Production, Supply & Distribution)",https://apps.fas.usda.gov/psdonline/downloads/
"Oilseed, Peanut",United States,1977,Food Use Dom. Cons.,(1000 MT),759.0,0,1,06,"USDA FAS PS&D (Production, Supply & Distribution)",https://apps.fas.usda.gov/psdonline/downloads/
"Oilseed, Peanut",United States,1978,Food Use Dom. Cons.,(1000 MT),797.0,0,1,06,"USDA FAS PS&D (Production, Supply & Distribution)",https://apps.fas.usda.gov/psdonline/downloads/
"Oilseed, Peanut",United States,1979,Food Use Dom. Cons.,(1000 MT),806.0,0,1,06,"USDA FAS PS&D (Production, Supply & Distribution)",https://apps.fas.usda.gov/psdonline/downloads/
"Oilseed, Peanut",United States,1980,Food Use Dom. Cons.,(1000 MT),663.0,0,1,06,"USDA FAS PS&D (Production, Supply & Distribution)",https://apps.fas.usda.gov/psdonline/downloads/
"Oilseed, Peanut",United States,1981,Food Use Dom. Cons.,(1000 MT),769.0,0,1,06,"USDA FAS PS&D (Production, Supply & Distribution)",https://apps.fas.usda.gov/psdonline/downloads/
"Oilseed, Peanut",United States,1982,Food Use Dom. Cons.,(1000 MT),837.0,0,1,06,"USDA FAS PS&D (Production, Supply & Distribution)",https://apps.fas.usda.gov/psdonline/downloads/
"Oilseed, Peanut",United States,1983,Food Use Dom. Cons.,(1000 MT),835.0,0,1,06,"USDA FAS PS&D (Production, Supply & Distribution)",https://apps.fas.usda.gov/psdonline/downloads/
"Oilseed, Peanut",United States,1984,Food Use Dom. Cons.,(1000 MT),858.0,0,1,06,"USDA FAS PS&D (Production, Supply & Distribution)",https://apps.fas.usda.gov/psdonline/downloads/
"Oilseed, Peanut",United States,1985,Food Use Dom. Cons.,(1000 MT),895.0,0,1,06,"USDA FAS PS&D (Production, Supply & Distribution)",https://apps.fas.usda.gov/psdonline/downloads/
"Oilseed, Peanut",United States,1986,Food Use Dom. Cons.,(1000 MT),940.0,0,1,06,"USDA FAS PS&D (Production, Supply & Distribution)",https://apps.fas.usda.gov/psdonline/downloads/
"Oilseed, Peanut",United States,1987,Food Use Dom. Cons.,(1000 MT),939.0,0,1,06,"USDA FAS PS&D (Production, Supply & Distribution)",https://apps.fas.usda.gov/psdonline/downloads/
"Oilseed, Peanut",United States,1988,Food Use Dom. Cons.,(1000 MT),1022.0,0,1,06,"USDA FAS PS&D (Production, Supply & Distribution)",https://apps.fas.usda.gov/psdonline/downloads/
"Oilseed, Peanut",United States,1989,Food Use Dom. Cons.,(1000 MT),1049.0,0,1,06,"USDA FAS PS&D (Production, Supply & Distribution)",https://apps.fas.usda.gov/psdonline/downloads/
"Oilseed, Peanut",United States,1990,Food Use Dom. Cons.,(1000 MT),916.0,0,1,06,"USDA FAS PS&D (Production, Supply & Distribution)",https://apps.fas.usda.gov/psdonline/downloads/
"Oilseed, Peanut",United States,1991,Food Use Dom. Cons.,(1000 MT),1001.0,0,1,06,"USDA FAS PS&D (Production, Supply & Distribution)",https://apps.fas.usda.gov/psdonline/downloads/
"Oilseed, Peanut",United States,1992,Food Use Dom. Cons.,(1000 MT),963.0,0,1,06,"USDA FAS PS&D (Production, Supply & Distribution)",https://apps.fas.usda.gov/psdonline/downloads/
"Oilseed, Peanut",United States,1993,Food Use Dom. Cons.,(1000 MT),947.0,0,1,06,"USDA FAS PS&D (Production, Supply & Distribution)",https://apps.fas.usda.gov/psdonline/downloads/
"Oilseed, Peanut",United States,1994,Food Use Dom. Cons.,(1000 MT),911.0,0,1,06,"USDA FAS PS&D (Production, Supply & Distribution)",https://apps.fas.usda.gov/psdonline/downloads/
"Oilseed, Peanut",United States,1995,Food Use Dom. Cons.,(1000 MT),904.0,0,1,06,"USDA FAS PS&D (Production, Supply & Distribution)",https://apps.fas.usda.gov/psdonline/downloads/
"Oilseed, Peanut",United States,1996,Food Use Dom. Cons.,(1000 MT),921.0,0,1,06,"USDA FAS PS&D (Production, Supply & Distribution)",https://apps.fas.usda.gov/psdonline/downloads/
"Oilseed, Peanut",United States,1997,Food Use Dom. Cons.,(1000 MT),952.0,0,1,06,"USDA FAS PS&D (Production, Supply & Distribution)",https://apps.fas.usda.gov/psdonline/downloads/
"Oilseed, Peanut",United States,1998,Food Use Dom. Cons.,(1000 MT),977.0,0,1,06,"USDA FAS PS&D (Production, Supply & Distribution)",https://apps.fas.usda.gov/psdonline/downloads/
"Oilseed, Peanut",United States,1999,Food Use Dom. Cons.,(1000 MT),1013.0,0,1,07,"USDA FAS PS&D (Production, Supply & Distribution)",https://apps.fas.usda.gov/psdonline/downloads/
"Oilseed, Peanut",United States,2000,Food Use Dom. Cons.,(1000 MT),993.0,0,1,07,"USDA FAS PS&D (Production, Supply & Distribution)",https://apps.fas.usda.gov/psdonline/downloads/
"Oilseed, Peanut",United States,2001,Food Use Dom. Cons.,(1000 MT),1012.0,0,1,07,"USDA FAS PS&D (Production, Supply & Distribution)",https://apps.fas.usda.gov/psdonline/downloads/
"Oilseed, Peanut",United States,2002,Food Use Dom. Cons.,(1000 MT),1019.0,0,1,07,"USDA FAS PS&D (Production, Supply & Distribution)",https://apps.fas.usda.gov/psdonline/downloads/
"Oilseed, Peanut",United States,2003,Food Use Dom. Cons.,(1000 MT),1116.0,0,1,07,"USDA FAS PS&D (Production, Supply & Distribution)",https://apps.fas.usda.gov/psdonline/downloads/
"Oilseed, Peanut",United States,2004,Food Use Dom. Cons.,(1000 MT),1152.0,0,1,10,"USDA FAS PS&D (Production, Supply & Distribution)",https://apps.fas.usda.gov/psdonline/downloads/
"Oilseed, Peanut",United States,2005,Food Use Dom. Cons.,(1000 MT),1152.0,0,1,10,"USDA FAS PS&D (Production, Supply & Distribution)",https://apps.fas.usda.gov/psdonline/downloads/
"Oilseed, Peanut",United States,2006,Food Use Dom. Cons.,(1000 MT),1147.0,0,1,10,"USDA FAS PS&D (Production, Supply & Distribution)",https://apps.fas.usda.gov/psdonline/downloads/
"Oilseed, Peanut",United States,2007,Food Use Dom. Cons.,(1000 MT),1128.0,0,1,10,"USDA FAS PS&D (Production, Supply & Distribution)",https://apps.fas.usda.gov/psdonline/downloads/
"Oilseed, Peanut",United States,2008,Food Use Dom. Cons.,(1000 MT),1142.0,0,1,10,"USDA FAS PS&D (Production, Supply & Distribution)",https://apps.fas.usda.gov/psdonline/downloads/
"Oilseed, Peanut",United States,2009,Food Use Dom. Cons.,(1000 MT),1184.0,0,1,10,"USDA FAS PS&D (Production, Supply & Distribution)",https://apps.fas.usda.gov/psdonline/downloads/
"Oilseed, Peanut",United States,2010,Food Use Dom. Cons.,(1000 MT),1272.0,0,1,10,"USDA FAS PS&D (Production, Supply & Distribution)",https://apps.fas.usda.gov/psdonline/downloads/
"Oilseed, Peanut",United States,2011,Food Use Dom. Cons.,(1000 MT),1258.0,0,1,10,"USDA FAS PS&D (Production, Supply & Distribution)",https://apps.fas.usda.gov/psdonline/downloads/
"Oilseed, Peanut",United States,2012,Food Use Dom. Cons.,(1000 MT),1267.0,0,1,10,"USDA FAS PS&D (Production, Supply & Distribution)",https://apps.fas.usda.gov/psdonline/downloads/
"Oilseed, Peanut",United States,2013,Food Use Dom. Cons.,(1000 MT),1301.0,0,1,10,"USDA FAS PS&D (Production, Supply & Distribution)",https://apps.fas.usda.gov/psdonline/downloads/
"Oilseed, Peanut",United States,2014,Food Use Dom. Cons.,(1000 MT),1353.0,0,1,10,"USDA FAS PS&D (Production, Supply & Distribution)",https://apps.fas.usda.gov/psdonline/downloads/
"Oilseed, Peanut",United States,2015,Food Use Dom. Cons.,(1000 MT),1405.0,0,1,10,"USDA FAS PS&D (Production, Supply & Distribution)",https://apps.fas.usda.gov/psdonline/downloads/
"Oilseed, Peanut",United States,2016,Food Use Dom. Cons.,(1000 MT),1410.0,0,1,10,"USDA FAS PS&D (Production, Supply & Distribution)",https://apps.fas.usda.gov/psdonline/downloads/
"Oilseed, Peanut",United States,2017,Food Use Dom. Cons.,(1000 MT),1440.0,0,1,10,"USDA FAS PS&D (Production, Supply & Distribution)",https://apps.fas.usda.gov/psdonline/downloads/
"Oilseed, Peanut",United States,2018,Food Use Dom. Cons.,(1000 MT),1431.0,0,1,10,"USDA FAS PS&D (Production, Supply & Distribution)",https://apps.fas.usda.gov/psdonline/downloads/
"Oilseed, Peanut",United States,2019,Food Use Dom. Cons.,(1000 MT),1479.0,0,1,10,"USDA FAS PS&D (Production, Supply & Distribution)",https://apps.fas.usda.gov/psdonline/downloads/
"Oilseed, Peanut",United States,2020,Food Use Dom. Cons.,(1000 MT),1528.0,0,1,10,"USDA FAS PS&D (Production, Supply & Distribution)",https://apps.fas.usda.gov/psdonline/downloads/
"Oilseed, Peanut",United States,2021,Food Use Dom. Cons.,(1000 MT),1507.0,0,1,04,"USDA FAS PS&D (Production, Supply & Distribution)",https://apps.fas.usda.gov/psdonline/downloads/
"Oilseed, Peanut",United States,2022,Food Use Dom. Cons.,(1000 MT),1496.0,0,1,04,"USDA FAS PS&D (Production, Supply & Distribution)",https://apps.fas.usda.gov/psdonline/downloads/
"Oilseed, Peanut",United States,2023,Food Use Dom. Cons.,(1000 MT),1417.0,0,1,04,"USDA FAS PS&D (Production, Supply & Distribution)",https://apps.fas.usda.gov/psdonline/downloads/
"Oilseed, Peanut",United States,2024,Food Use Dom. Cons.,(1000 MT),1440.0,0,1,04,"USDA FAS PS&D (Production, Supply & Distribution)",https://apps.fas.usda.gov/psdonline/downloads/
"Oilseed, Peanut",United States,2025,Food Use Dom. Cons.,(1000 MT),1465.0,0,1,06,"USDA FAS PS&D (Production, Supply & Distribution)",https://apps.fas.usda.gov/psdonline/downloads/
"Oilseed, Peanut",United States,2026,Food Use Dom. Cons.,(1000 MT),1495.0,0,1,06,"USDA FAS PS&D (Production, Supply & Distribution)",https://apps.fas.usda.gov/psdonline/downloads/
"Oilseed, Peanut",United States,1972,Imports,(1000 MT),0.0,0,1,06,"USDA FAS PS&D (Production, Supply & Distribution)",https://apps.fas.usda.gov/psdonline/downloads/
"Oilseed, Peanut",United States,1973,Imports,(1000 MT),0.0,0,1,06,"USDA FAS PS&D (Production, Supply & Distribution)",https://apps.fas.usda.gov/psdonline/downloads/
"Oilseed, Peanut",United States,1974,Imports,(1000 MT),0.0,0,1,06,"USDA FAS PS&D (Production, Supply & Distribution)",https://apps.fas.usda.gov/psdonline/downloads/
"Oilseed, Peanut",United States,1975,Imports,(1000 MT),0.0,0,1,06,"USDA FAS PS&D (Production, Supply & Distribution)",https://apps.fas.usda.gov/psdonline/downloads/
"Oilseed, Peanut",United States,1976,Imports,(1000 MT),0.0,0,1,06,"USDA FAS PS&D (Production, Supply & Distribution)",https://apps.fas.usda.gov/psdonline/downloads/
"Oilseed, Peanut",United States,1977,Imports,(1000 MT),0.0,0,1,06,"USDA FAS PS&D (Production, Supply & Distribution)",https://apps.fas.usda.gov/psdonline/downloads/
"Oilseed, Peanut",United States,1978,Imports,(1000 MT),0.0,0,1,06,"USDA FAS PS&D (Production, Supply & Distribution)",https://apps.fas.usda.gov/psdonline/downloads/
"Oilseed, Peanut",United States,1979,Imports,(1000 MT),1.0,0,1,06,"USDA FAS PS&D (Production, Supply & Distribution)",https://apps.fas.usda.gov/psdonline/downloads/
"Oilseed, Peanut",United States,1980,Imports,(1000 MT),182.0,0,1,06,"USDA FAS PS&D (Production, Supply & Distribution)",https://apps.fas.usda.gov/psdonline/downloads/
"Oilseed, Peanut",United States,1981,Imports,(1000 MT),1.0,0,1,06,"USDA FAS PS&D (Production, Supply & Distribution)",https://apps.fas.usda.gov/psdonline/downloads/
"Oilseed, Peanut",United States,1982,Imports,(1000 MT),1.0,0,1,06,"USDA FAS PS&D (Production, Supply & Distribution)",https://apps.fas.usda.gov/psdonline/downloads/
"Oilseed, Peanut",United States,1983,Imports,(1000 MT),1.0,0,1,06,"USDA FAS PS&D (Production, Supply & Distribution)",https://apps.fas.usda.gov/psdonline/downloads/
"Oilseed, Peanut",United States,1984,Imports,(1000 MT),1.0,0,1,06,"USDA FAS PS&D (Production, Supply & Distribution)",https://apps.fas.usda.gov/psdonline/downloads/
"Oilseed, Peanut",United States,1985,Imports,(1000 MT),1.0,0,1,06,"USDA FAS PS&D (Production, Supply & Distribution)",https://apps.fas.usda.gov/psdonline/downloads/
"Oilseed, Peanut",United States,1986,Imports,(1000 MT),1.0,0,1,06,"USDA FAS PS&D (Production, Supply & Distribution)",https://apps.fas.usda.gov/psdonline/downloads/
"Oilseed, Peanut",United States,1987,Imports,(1000 MT),1.0,0,1,06,"USDA FAS PS&D (Production, Supply & Distribution)",https://apps.fas.usda.gov/psdonline/downloads/
"Oilseed, Peanut",United States,1988,Imports,(1000 MT),1.0,0,1,06,"USDA FAS PS&D (Production, Supply & Distribution)",https://apps.fas.usda.gov/psdonline/downloads/
"Oilseed, Peanut",United States,1989,Imports,(1000 MT),2.0,0,1,06,"USDA FAS PS&D (Production, Supply & Distribution)",https://apps.fas.usda.gov/psdonline/downloads/
"Oilseed, Peanut",United States,1990,Imports,(1000 MT),12.0,0,1,06,"USDA FAS PS&D (Production, Supply & Distribution)",https://apps.fas.usda.gov/psdonline/downloads/
"Oilseed, Peanut",United States,1991,Imports,(1000 MT),2.0,0,1,06,"USDA FAS PS&D (Production, Supply & Distribution)",https://apps.fas.usda.gov/psdonline/downloads/
"Oilseed, Peanut",United States,1992,Imports,(1000 MT),1.0,0,1,06,"USDA FAS PS&D (Production, Supply & Distribution)",https://apps.fas.usda.gov/psdonline/downloads/
"Oilseed, Peanut",United States,1993,Imports,(1000 MT),1.0,0,1,06,"USDA FAS PS&D (Production, Supply & Distribution)",https://apps.fas.usda.gov/psdonline/downloads/
"Oilseed, Peanut",United States,1994,Imports,(1000 MT),33.0,0,1,06,"USDA FAS PS&D (Production, Supply & Distribution)",https://apps.fas.usda.gov/psdonline/downloads/
"Oilseed, Peanut",United States,1995,Imports,(1000 MT),69.0,0,1,06,"USDA FAS PS&D (Production, Supply & Distribution)",https://apps.fas.usda.gov/psdonline/downloads/
"Oilseed, Peanut",United States,1996,Imports,(1000 MT),57.0,0,1,06,"USDA FAS PS&D (Production, Supply & Distribution)",https://apps.fas.usda.gov/psdonline/downloads/
"Oilseed, Peanut",United States,1997,Imports,(1000 MT),64.0,0,1,06,"USDA FAS PS&D (Production, Supply & Distribution)",https://apps.fas.usda.gov/psdonline/downloads/
"Oilseed, Peanut",United States,1998,Imports,(1000 MT),70.0,0,1,06,"USDA FAS PS&D (Production, Supply & Distribution)",https://apps.fas.usda.gov/psdonline/downloads/
"Oilseed, Peanut",United States,1999,Imports,(1000 MT),83.0,0,1,07,"USDA FAS PS&D (Production, Supply & Distribution)",https://apps.fas.usda.gov/psdonline/downloads/
"Oilseed, Peanut",United States,2000,Imports,(1000 MT),98.0,0,1,07,"USDA FAS PS&D (Production, Supply & Distribution)",https://apps.fas.usda.gov/psdonline/downloads/
"Oilseed, Peanut",United States,2001,Imports,(1000 MT),92.0,0,1,07,"USDA FAS PS&D (Production, Supply & Distribution)",https://apps.fas.usda.gov/psdonline/downloads/
"Oilseed, Peanut",United States,2002,Imports,(1000 MT),34.0,0,1,07,"USDA FAS PS&D (Production, Supply & Distribution)",https://apps.fas.usda.gov/psdonline/downloads/
"Oilseed, Peanut",United States,2003,Imports,(1000 MT),17.0,0,1,07,"USDA FAS PS&D (Production, Supply & Distribution)",https://apps.fas.usda.gov/psdonline/downloads/
"Oilseed, Peanut",United States,2004,Imports,(1000 MT),17.0,0,1,10,"USDA FAS PS&D (Production, Supply & Distribution)",https://apps.fas.usda.gov/psdonline/downloads/
"Oilseed, Peanut",United States,2005,Imports,(1000 MT),15.0,0,1,10,"USDA FAS PS&D (Production, Supply & Distribution)",https://apps.fas.usda.gov/psdonline/downloads/
"Oilseed, Peanut",United States,2006,Imports,(1000 MT),28.0,0,1,10,"USDA FAS PS&D (Production, Supply & Distribution)",https://apps.fas.usda.gov/psdonline/downloads/
"Oilseed, Peanut",United States,2007,Imports,(1000 MT),33.0,0,1,10,"USDA FAS PS&D (Production, Supply & Distribution)",https://apps.fas.usda.gov/psdonline/downloads/
"Oilseed, Peanut",United States,2008,Imports,(1000 MT),39.0,0,1,10,"USDA FAS PS&D (Production, Supply & Distribution)",https://apps.fas.usda.gov/psdonline/downloads/
"Oilseed, Peanut",United States,2009,Imports,(1000 MT),33.0,0,1,10,"USDA FAS PS&D (Production, Supply & Distribution)",https://apps.fas.usda.gov/psdonline/downloads/
"Oilseed, Peanut",United States,2010,Imports,(1000 MT),29.0,0,1,10,"USDA FAS PS&D (Production, Supply & Distribution)",https://apps.fas.usda.gov/psdonline/downloads/
"Oilseed, Peanut",United States,2011,Imports,(1000 MT),115.0,0,1,10,"USDA FAS PS&D (Production, Supply & Distribution)",https://apps.fas.usda.gov/psdonline/downloads/
"Oilseed, Peanut",United States,2012,Imports,(1000 MT),54.0,0,1,10,"USDA FAS PS&D (Production, Supply & Distribution)",https://apps.fas.usda.gov/psdonline/downloads/
"Oilseed, Peanut",United States,2013,Imports,(1000 MT),40.0,0,1,10,"USDA FAS PS&D (Production, Supply & Distribution)",https://apps.fas.usda.gov/psdonline/downloads/
"Oilseed, Peanut",United States,2014,Imports,(1000 MT),41.0,0,1,10,"USDA FAS PS&D (Production, Supply & Distribution)",https://apps.fas.usda.gov/psdonline/downloads/
"Oilseed, Peanut",United States,2015,Imports,(1000 MT),43.0,0,1,10,"USDA FAS PS&D (Production, Supply & Distribution)",https://apps.fas.usda.gov/psdonline/downloads/
"Oilseed, Peanut",United States,2016,Imports,(1000 MT),73.0,0,1,10,"USDA FAS PS&D (Production, Supply & Distribution)",https://apps.fas.usda.gov/psdonline/downloads/
"Oilseed, Peanut",United States,2017,Imports,(1000 MT),77.0,0,1,10,"USDA FAS PS&D (Production, Supply & Distribution)",https://apps.fas.usda.gov/psdonline/downloads/
"Oilseed, Peanut",United States,2018,Imports,(1000 MT),53.0,0,1,10,"USDA FAS PS&D (Production, Supply & Distribution)",https://apps.fas.usda.gov/psdonline/downloads/
"Oilseed, Peanut",United States,2019,Imports,(1000 MT),52.0,0,1,10,"USDA FAS PS&D (Production, Supply & Distribution)",https://apps.fas.usda.gov/psdonline/downloads/
"Oilseed, Peanut",United States,2020,Imports,(1000 MT),55.0,0,1,10,"USDA FAS PS&D (Production, Supply & Distribution)",https://apps.fas.usda.gov/psdonline/downloads/
"Oilseed, Peanut",United States,2021,Imports,(1000 MT),49.0,0,1,04,"USDA FAS PS&D (Production, Supply & Distribution)",https://apps.fas.usda.gov/psdonline/downloads/
"Oilseed, Peanut",United States,2022,Imports,(1000 MT),47.0,0,1,04,"USDA FAS PS&D (Production, Supply & Distribution)",https://apps.fas.usda.gov/psdonline/downloads/
"Oilseed, Peanut",United States,2023,Imports,(1000 MT),47.0,0,1,04,"USDA FAS PS&D (Production, Supply & Distribution)",https://apps.fas.usda.gov/psdonline/downloads/
"Oilseed, Peanut",United States,2024,Imports,(1000 MT),53.0,0,1,04,"USDA FAS PS&D (Production, Supply & Distribution)",https://apps.fas.usda.gov/psdonline/downloads/
"Oilseed, Peanut",United States,2025,Imports,(1000 MT),52.0,0,1,06,"USDA FAS PS&D (Production, Supply & Distribution)",https://apps.fas.usda.gov/psdonline/downloads/
"Oilseed, Peanut",United States,2026,Imports,(1000 MT),48.0,0,1,06,"USDA FAS PS&D (Production, Supply & Distribution)",https://apps.fas.usda.gov/psdonline/downloads/
"Oilseed, Peanut",United States,1972,Production,(1000 MT),1485.0,0,1,06,"USDA FAS PS&D (Production, Supply & Distribution)",https://apps.fas.usda.gov/psdonline/downloads/
"Oilseed, Peanut",United States,1973,Production,(1000 MT),1576.0,0,1,06,"USDA FAS PS&D (Production, Supply & Distribution)",https://apps.fas.usda.gov/psdonline/downloads/
"Oilseed, Peanut",United States,1974,Production,(1000 MT),1664.0,0,1,06,"USDA FAS PS&D (Production, Supply & Distribution)",https://apps.fas.usda.gov/psdonline/downloads/
"Oilseed, Peanut",United States,1975,Production,(1000 MT),1745.0,0,1,06,"USDA FAS PS&D (Production, Supply & Distribution)",https://apps.fas.usda.gov/psdonline/downloads/
"Oilseed, Peanut",United States,1976,Production,(1000 MT),1696.0,0,1,06,"USDA FAS PS&D (Production, Supply & Distribution)",https://apps.fas.usda.gov/psdonline/downloads/
"Oilseed, Peanut",United States,1977,Production,(1000 MT),1685.0,0,1,06,"USDA FAS PS&D (Production, Supply & Distribution)",https://apps.fas.usda.gov/psdonline/downloads/
"Oilseed, Peanut",United States,1978,Production,(1000 MT),1793.0,0,1,06,"USDA FAS PS&D (Production, Supply & Distribution)",https://apps.fas.usda.gov/psdonline/downloads/
"Oilseed, Peanut",United States,1979,Production,(1000 MT),1800.0,0,1,06,"USDA FAS PS&D (Production, Supply & Distribution)",https://apps.fas.usda.gov/psdonline/downloads/
"Oilseed, Peanut",United States,1980,Production,(1000 MT),1045.0,0,1,06,"USDA FAS PS&D (Production, Supply & Distribution)",https://apps.fas.usda.gov/psdonline/downloads/
"Oilseed, Peanut",United States,1981,Production,(1000 MT),1806.0,0,1,06,"USDA FAS PS&D (Production, Supply & Distribution)",https://apps.fas.usda.gov/psdonline/downloads/
"Oilseed, Peanut",United States,1982,Production,(1000 MT),1560.0,0,1,06,"USDA FAS PS&D (Production, Supply & Distribution)",https://apps.fas.usda.gov/psdonline/downloads/
"Oilseed, Peanut",United States,1983,Production,(1000 MT),1495.0,0,1,06,"USDA FAS PS&D (Production, Supply & Distribution)",https://apps.fas.usda.gov/psdonline/downloads/
"Oilseed, Peanut",United States,1984,Production,(1000 MT),1999.0,0,1,06,"USDA FAS PS&D (Production, Supply & Distribution)",https://apps.fas.usda.gov/psdonline/downloads/
"Oilseed, Peanut",United States,1985,Production,(1000 MT),1870.0,0,1,06,"USDA FAS PS&D (Production, Supply & Distribution)",https://apps.fas.usda.gov/psdonline/downloads/
"Oilseed, Peanut",United States,1986,Production,(1000 MT),1677.0,0,1,06,"USDA FAS PS&D (Production, Supply & Distribution)",https://apps.fas.usda.gov/psdonline/downloads/
"Oilseed, Peanut",United States,1987,Production,(1000 MT),1640.0,0,1,06,"USDA FAS PS&D (Production, Supply & Distribution)",https://apps.fas.usda.gov/psdonline/downloads/
"Oilseed, Peanut",United States,1988,Production,(1000 MT),1806.0,0,1,06,"USDA FAS PS&D (Production, Supply & Distribution)",https://apps.fas.usda.gov/psdonline/downloads/
"Oilseed, Peanut",United States,1989,Production,(1000 MT),1810.0,0,1,06,"USDA FAS PS&D (Production, Supply & Distribution)",https://apps.fas.usda.gov/psdonline/downloads/
"Oilseed, Peanut",United States,1990,Production,(1000 MT),1634.0,0,1,06,"USDA FAS PS&D (Production, Supply & Distribution)",https://apps.fas.usda.gov/psdonline/downloads/
"Oilseed, Peanut",United States,1991,Production,(1000 MT),2235.0,0,1,06,"USDA FAS PS&D (Production, Supply & Distribution)",https://apps.fas.usda.gov/psdonline/downloads/
"Oilseed, Peanut",United States,1992,Production,(1000 MT),1943.0,0,1,06,"USDA FAS PS&D (Production, Supply & Distribution)",https://apps.fas.usda.gov/psdonline/downloads/
"Oilseed, Peanut",United States,1993,Production,(1000 MT),1539.0,0,1,06,"USDA FAS PS&D (Production, Supply & Distribution)",https://apps.fas.usda.gov/psdonline/downloads/
"Oilseed, Peanut",United States,1994,Production,(1000 MT),1927.0,0,1,06,"USDA FAS PS&D (Production, Supply & Distribution)",https://apps.fas.usda.gov/psdonline/downloads/
"Oilseed, Peanut",United States,1995,Production,(1000 MT),1570.0,0,1,06,"USDA FAS PS&D (Production, Supply & Distribution)",https://apps.fas.usda.gov/psdonline/downloads/
"Oilseed, Peanut",United States,1996,Production,(1000 MT),1661.0,0,1,06,"USDA FAS PS&D (Production, Supply & Distribution)",https://apps.fas.usda.gov/psdonline/downloads/
"Oilseed, Peanut",United States,1997,Production,(1000 MT),1605.0,0,1,06,"USDA FAS PS&D (Production, Supply & Distribution)",https://apps.fas.usda.gov/psdonline/downloads/
"Oilseed, Peanut",United States,1998,Production,(1000 MT),1798.0,0,1,06,"USDA FAS PS&D (Production, Supply & Distribution)",https://apps.fas.usda.gov/psdonline/downloads/
"Oilseed, Peanut",United States,1999,Production,(1000 MT),1737.0,0,1,07,"USDA FAS PS&D (Production, Supply & Distribution)",https://apps.fas.usda.gov/psdonline/downloads/
"Oilseed, Peanut",United States,2000,Production,(1000 MT),1481.0,0,1,07,"USDA FAS PS&D (Production, Supply & Distribution)",https://apps.fas.usda.gov/psdonline/downloads/
"Oilseed, Peanut",United States,2001,Production,(1000 MT),1940.0,0,1,07,"USDA FAS PS&D (Production, Supply & Distribution)",https://apps.fas.usda.gov/psdonline/downloads/
"Oilseed, Peanut",United States,2002,Production,(1000 MT),1506.0,0,1,07,"USDA FAS PS&D (Production, Supply & Distribution)",https://apps.fas.usda.gov/psdonline/downloads/
"Oilseed, Peanut",United States,2003,Production,(1000 MT),1880.0,0,1,07,"USDA FAS PS&D (Production, Supply & Distribution)",https://apps.fas.usda.gov/psdonline/downloads/
"Oilseed, Peanut",United States,2004,Production,(1000 MT),1945.0,0,1,10,"USDA FAS PS&D (Production, Supply & Distribution)",https://apps.fas.usda.gov/psdonline/downloads/
"Oilseed, Peanut",United States,2005,Production,(1000 MT),2209.0,0,1,10,"USDA FAS PS&D (Production, Supply & Distribution)",https://apps.fas.usda.gov/psdonline/downloads/
"Oilseed, Peanut",United States,2006,Production,(1000 MT),1571.0,0,1,10,"USDA FAS PS&D (Production, Supply & Distribution)",https://apps.fas.usda.gov/psdonline/downloads/
"Oilseed, Peanut",United States,2007,Production,(1000 MT),1666.0,0,1,10,"USDA FAS PS&D (Production, Supply & Distribution)",https://apps.fas.usda.gov/psdonline/downloads/
"Oilseed, Peanut",United States,2008,Production,(1000 MT),2342.0,0,1,10,"USDA FAS PS&D (Production, Supply & Distribution)",https://apps.fas.usda.gov/psdonline/downloads/
"Oilseed, Peanut",United States,2009,Production,(1000 MT),1675.0,0,1,10,"USDA FAS PS&D (Production, Supply & Distribution)",https://apps.fas.usda.gov/psdonline/downloads/
"Oilseed, Peanut",United States,2010,Production,(1000 MT),1886.0,0,1,10,"USDA FAS PS&D (Production, Supply & Distribution)",https://apps.fas.usda.gov/psdonline/downloads/
"Oilseed, Peanut",United States,2011,Production,(1000 MT),1660.0,0,1,10,"USDA FAS PS&D (Production, Supply & Distribution)",https://apps.fas.usda.gov/psdonline/downloads/
"Oilseed, Peanut",United States,2012,Production,(1000 MT),3064.0,0,1,10,"USDA FAS PS&D (Production, Supply & Distribution)",https://apps.fas.usda.gov/psdonline/downloads/
"Oilseed, Peanut",United States,2013,Production,(1000 MT),1893.0,0,1,10,"USDA FAS PS&D (Production, Supply & Distribution)",https://apps.fas.usda.gov/psdonline/downloads/
"Oilseed, Peanut",United States,2014,Production,(1000 MT),2354.0,0,1,10,"USDA FAS PS&D (Production, Supply & Distribution)",https://apps.fas.usda.gov/psdonline/downloads/
"Oilseed, Peanut",United States,2015,Production,(1000 MT),2722.0,0,1,10,"USDA FAS PS&D (Production, Supply & Distribution)",https://apps.fas.usda.gov/psdonline/downloads/
"Oilseed, Peanut",United States,2016,Production,(1000 MT),2532.0,0,1,10,"USDA FAS PS&D (Production, Supply & Distribution)",https://apps.fas.usda.gov/psdonline/downloads/
"Oilseed, Peanut",United States,2017,Production,(1000 MT),3228.0,0,1,10,"USDA FAS PS&D (Production, Supply & Distribution)",https://apps.fas.usda.gov/psdonline/downloads/
"Oilseed, Peanut",United States,2018,Production,(1000 MT),2491.0,0,1,10,"USDA FAS PS&D (Production, Supply & Distribution)",https://apps.fas.usda.gov/psdonline/downloads/
"Oilseed, Peanut",United States,2019,Production,(1000 MT),2479.0,0,1,10,"USDA FAS PS&D (Production, Supply & Distribution)",https://apps.fas.usda.gov/psdonline/downloads/
"Oilseed, Peanut",United States,2020,Production,(1000 MT),2795.0,0,1,10,"USDA FAS PS&D (Production, Supply & Distribution)",https://apps.fas.usda.gov/psdonline/downloads/
"Oilseed, Peanut",United States,2021,Production,(1000 MT),2885.0,0,1,04,"USDA FAS PS&D (Production, Supply & Distribution)",https://apps.fas.usda.gov/psdonline/downloads/
"Oilseed, Peanut",United States,2022,Production,(1000 MT),2514.0,0,1,04,"USDA FAS PS&D (Production, Supply & Distribution)",https://apps.fas.usda.gov/psdonline/downloads/
"Oilseed, Peanut",United States,2023,Production,(1000 MT),2666.0,0,1,04,"USDA FAS PS&D (Production, Supply & Distribution)",https://apps.fas.usda.gov/psdonline/downloads/
"Oilseed, Peanut",United States,2024,Production,(1000 MT),2943.0,0,1,04,"USDA FAS PS&D (Production, Supply & Distribution)",https://apps.fas.usda.gov/psdonline/downloads/
"Oilseed, Peanut",United States,2025,Production,(1000 MT),3257.0,0,1,06,"USDA FAS PS&D (Production, Supply & Distribution)",https://apps.fas.usda.gov/psdonline/downloads/
"Oilseed, Peanut",United States,2026,Production,(1000 MT),2733.0,0,1,06,"USDA FAS PS&D (Production, Supply & Distribution)",https://apps.fas.usda.gov/psdonline/downloads/
"Oilseed, Peanut",United States,1972,Total Distribution,(1000 MT),1663.0,0,1,06,"USDA FAS PS&D (Production, Supply & Distribution)",https://apps.fas.usda.gov/psdonline/downloads/
"Oilseed, Peanut",United States,1973,Total Distribution,(1000 MT),1771.0,0,1,06,"USDA FAS PS&D (Production, Supply & Distribution)",https://apps.fas.usda.gov/psdonline/downloads/
"Oilseed, Peanut",United States,1974,Total Distribution,(1000 MT),1914.0,0,1,06,"USDA FAS PS&D (Production, Supply & Distribution)",https://apps.fas.usda.gov/psdonline/downloads/
"Oilseed, Peanut",United States,1975,Total Distribution,(1000 MT),2265.0,0,1,06,"USDA FAS PS&D (Production, Supply & Distribution)",https://apps.fas.usda.gov/psdonline/downloads/
"Oilseed, Peanut",United States,1976,Total Distribution,(1000 MT),2177.0,0,1,06,"USDA FAS PS&D (Production, Supply & Distribution)",https://apps.fas.usda.gov/psdonline/downloads/
"Oilseed, Peanut",United States,1977,Total Distribution,(1000 MT),1960.0,0,1,06,"USDA FAS PS&D (Production, Supply & Distribution)",https://apps.fas.usda.gov/psdonline/downloads/
"Oilseed, Peanut",United States,1978,Total Distribution,(1000 MT),2057.0,0,1,06,"USDA FAS PS&D (Production, Supply & Distribution)",https://apps.fas.usda.gov/psdonline/downloads/
"Oilseed, Peanut",United States,1979,Total Distribution,(1000 MT),2067.0,0,1,06,"USDA FAS PS&D (Production, Supply & Distribution)",https://apps.fas.usda.gov/psdonline/downloads/
"Oilseed, Peanut",United States,1980,Total Distribution,(1000 MT),1512.0,0,1,06,"USDA FAS PS&D (Production, Supply & Distribution)",https://apps.fas.usda.gov/psdonline/downloads/
"Oilseed, Peanut",United States,1981,Total Distribution,(1000 MT),1994.0,0,1,06,"USDA FAS PS&D (Production, Supply & Distribution)",https://apps.fas.usda.gov/psdonline/downloads/
"Oilseed, Peanut",United States,1982,Total Distribution,(1000 MT),1904.0,0,1,06,"USDA FAS PS&D (Production, Supply & Distribution)",https://apps.fas.usda.gov/psdonline/downloads/
"Oilseed, Peanut",United States,1983,Total Distribution,(1000 MT),1888.0,0,1,06,"USDA FAS PS&D (Production, Supply & Distribution)",https://apps.fas.usda.gov/psdonline/downloads/
"Oilseed, Peanut",United States,1984,Total Distribution,(1000 MT),2277.0,0,1,06,"USDA FAS PS&D (Production, Supply & Distribution)",https://apps.fas.usda.gov/psdonline/downloads/
"Oilseed, Peanut",United States,1985,Total Distribution,(1000 MT),2517.0,0,1,06,"USDA FAS PS&D (Production, Supply & Distribution)",https://apps.fas.usda.gov/psdonline/downloads/
"Oilseed, Peanut",United States,1986,Total Distribution,(1000 MT),2061.0,0,1,06,"USDA FAS PS&D (Production, Supply & Distribution)",https://apps.fas.usda.gov/psdonline/downloads/
"Oilseed, Peanut",United States,1987,Total Distribution,(1000 MT),2096.0,0,1,06,"USDA FAS PS&D (Production, Supply & Distribution)",https://apps.fas.usda.gov/psdonline/downloads/
"Oilseed, Peanut",United States,1988,Total Distribution,(1000 MT),2185.0,0,1,06,"USDA FAS PS&D (Production, Supply & Distribution)",https://apps.fas.usda.gov/psdonline/downloads/
"Oilseed, Peanut",United States,1989,Total Distribution,(1000 MT),2194.0,0,1,06,"USDA FAS PS&D (Production, Supply & Distribution)",https://apps.fas.usda.gov/psdonline/downloads/
"Oilseed, Peanut",United States,1990,Total Distribution,(1000 MT),1964.0,0,1,06,"USDA FAS PS&D (Production, Supply & Distribution)",https://apps.fas.usda.gov/psdonline/downloads/
"Oilseed, Peanut",United States,1991,Total Distribution,(1000 MT),2547.0,0,1,06,"USDA FAS PS&D (Production, Supply & Distribution)",https://apps.fas.usda.gov/psdonline/downloads/
"Oilseed, Peanut",United States,1992,Total Distribution,(1000 MT),2423.0,0,1,06,"USDA FAS PS&D (Production, Supply & Distribution)",https://apps.fas.usda.gov/psdonline/downloads/
"Oilseed, Peanut",United States,1993,Total Distribution,(1000 MT),2152.0,0,1,06,"USDA FAS PS&D (Production, Supply & Distribution)",https://apps.fas.usda.gov/psdonline/downloads/
"Oilseed, Peanut",United States,1994,Total Distribution,(1000 MT),2441.0,0,1,06,"USDA FAS PS&D (Production, Supply & Distribution)",https://apps.fas.usda.gov/psdonline/downloads/
"Oilseed, Peanut",United States,1995,Total Distribution,(1000 MT),2182.0,0,1,06,"USDA FAS PS&D (Production, Supply & Distribution)",https://apps.fas.usda.gov/psdonline/downloads/
"Oilseed, Peanut",United States,1996,Total Distribution,(1000 MT),2062.0,0,1,06,"USDA FAS PS&D (Production, Supply & Distribution)",https://apps.fas.usda.gov/psdonline/downloads/
"Oilseed, Peanut",United States,1997,Total Distribution,(1000 MT),2029.0,0,1,06,"USDA FAS PS&D (Production, Supply & Distribution)",https://apps.fas.usda.gov/psdonline/downloads/
"Oilseed, Peanut",United States,1998,Total Distribution,(1000 MT),2253.0,0,1,06,"USDA FAS PS&D (Production, Supply & Distribution)",https://apps.fas.usda.gov/psdonline/downloads/
"Oilseed, Peanut",United States,1999,Total Distribution,(1000 MT),2451.0,0,1,07,"USDA FAS PS&D (Production, Supply & Distribution)",https://apps.fas.usda.gov/psdonline/downloads/
"Oilseed, Peanut",United States,2000,Total Distribution,(1000 MT),2138.0,0,1,07,"USDA FAS PS&D (Production, Supply & Distribution)",https://apps.fas.usda.gov/psdonline/downloads/
"Oilseed, Peanut",United States,2001,Total Distribution,(1000 MT),2529.0,0,1,07,"USDA FAS PS&D (Production, Supply & Distribution)",https://apps.fas.usda.gov/psdonline/downloads/
"Oilseed, Peanut",United States,2002,Total Distribution,(1000 MT),2210.0,0,1,07,"USDA FAS PS&D (Production, Supply & Distribution)",https://apps.fas.usda.gov/psdonline/downloads/
"Oilseed, Peanut",United States,2003,Total Distribution,(1000 MT),2294.0,0,1,07,"USDA FAS PS&D (Production, Supply & Distribution)",https://apps.fas.usda.gov/psdonline/downloads/
"Oilseed, Peanut",United States,2004,Total Distribution,(1000 MT),2470.0,0,1,10,"USDA FAS PS&D (Production, Supply & Distribution)",https://apps.fas.usda.gov/psdonline/downloads/
"Oilseed, Peanut",United States,2005,Total Distribution,(1000 MT),2866.0,0,1,10,"USDA FAS PS&D (Production, Supply & Distribution)",https://apps.fas.usda.gov/psdonline/downloads/
"Oilseed, Peanut",United States,2006,Total Distribution,(1000 MT),2582.0,0,1,10,"USDA FAS PS&D (Production, Supply & Distribution)",https://apps.fas.usda.gov/psdonline/downloads/
"Oilseed, Peanut",United States,2007,Total Distribution,(1000 MT),2389.0,0,1,10,"USDA FAS PS&D (Production, Supply & Distribution)",https://apps.fas.usda.gov/psdonline/downloads/
"Oilseed, Peanut",United States,2008,Total Distribution,(1000 MT),2849.0,0,1,10,"USDA FAS PS&D (Production, Supply & Distribution)",https://apps.fas.usda.gov/psdonline/downloads/
"Oilseed, Peanut",United States,2009,Total Distribution,(1000 MT),2674.0,0,1,10,"USDA FAS PS&D (Production, Supply & Distribution)",https://apps.fas.usda.gov/psdonline/downloads/
"Oilseed, Peanut",United States,2010,Total Distribution,(1000 MT),2745.0,0,1,10,"USDA FAS PS&D (Production, Supply & Distribution)",https://apps.fas.usda.gov/psdonline/downloads/
"Oilseed, Peanut",United States,2011,Total Distribution,(1000 MT),2463.0,0,1,10,"USDA FAS PS&D (Production, Supply & Distribution)",https://apps.fas.usda.gov/psdonline/downloads/
"Oilseed, Peanut",United States,2012,Total Distribution,(1000 MT),3573.0,0,1,10,"USDA FAS PS&D (Production, Supply & Distribution)",https://apps.fas.usda.gov/psdonline/downloads/
"Oilseed, Peanut",United States,2013,Total Distribution,(1000 MT),3190.0,0,1,10,"USDA FAS PS&D (Production, Supply & Distribution)",https://apps.fas.usda.gov/psdonline/downloads/
"Oilseed, Peanut",United States,2014,Total Distribution,(1000 MT),3238.0,0,1,10,"USDA FAS PS&D (Production, Supply & Distribution)",https://apps.fas.usda.gov/psdonline/downloads/
"Oilseed, Peanut",United States,2015,Total Distribution,(1000 MT),3718.0,0,1,10,"USDA FAS PS&D (Production, Supply & Distribution)",https://apps.fas.usda.gov/psdonline/downloads/
"Oilseed, Peanut",United States,2016,Total Distribution,(1000 MT),3417.0,0,1,10,"USDA FAS PS&D (Production, Supply & Distribution)",https://apps.fas.usda.gov/psdonline/downloads/
"Oilseed, Peanut",United States,2017,Total Distribution,(1000 MT),3959.0,0,1,10,"USDA FAS PS&D (Production, Supply & Distribution)",https://apps.fas.usda.gov/psdonline/downloads/
"Oilseed, Peanut",United States,2018,Total Distribution,(1000 MT),3776.0,0,1,10,"USDA FAS PS&D (Production, Supply & Distribution)",https://apps.fas.usda.gov/psdonline/downloads/
"Oilseed, Peanut",United States,2019,Total Distribution,(1000 MT),3629.0,0,1,10,"USDA FAS PS&D (Production, Supply & Distribution)",https://apps.fas.usda.gov/psdonline/downloads/
"Oilseed, Peanut",United States,2020,Total Distribution,(1000 MT),3811.0,0,1,10,"USDA FAS PS&D (Production, Supply & Distribution)",https://apps.fas.usda.gov/psdonline/downloads/
"Oilseed, Peanut",United States,2021,Total Distribution,(1000 MT),3827.0,0,1,04,"USDA FAS PS&D (Production, Supply & Distribution)",https://apps.fas.usda.gov/psdonline/downloads/
"Oilseed, Peanut",United States,2022,Total Distribution,(1000 MT),3632.0,0,1,04,"USDA FAS PS&D (Production, Supply & Distribution)",https://apps.fas.usda.gov/psdonline/downloads/
"Oilseed, Peanut",United States,2023,Total Distribution,(1000 MT),3635.0,0,1,04,"USDA FAS PS&D (Production, Supply & Distribution)",https://apps.fas.usda.gov/psdonline/downloads/
"Oilseed, Peanut",United States,2024,Total Distribution,(1000 MT),3668.0,0,1,04,"USDA FAS PS&D (Production, Supply & Distribution)",https://apps.fas.usda.gov/psdonline/downloads/
"Oilseed, Peanut",United States,2025,Total Distribution,(1000 MT),4018.0,0,1,06,"USDA FAS PS&D (Production, Supply & Distribution)",https://apps.fas.usda.gov/psdonline/downloads/
"Oilseed, Peanut",United States,2026,Total Distribution,(1000 MT),4064.0,0,1,06,"USDA FAS PS&D (Production, Supply & Distribution)",https://apps.fas.usda.gov/psdonline/downloads/
"Oilseed, Peanut",United States,1972,Total Supply,(1000 MT),1663.0,0,1,06,"USDA FAS PS&D (Production, Supply & Distribution)",https://apps.fas.usda.gov/psdonline/downloads/
"Oilseed, Peanut",United States,1973,Total Supply,(1000 MT),1771.0,0,1,06,"USDA FAS PS&D (Production, Supply & Distribution)",https://apps.fas.usda.gov/psdonline/downloads/
"Oilseed, Peanut",United States,1974,Total Supply,(1000 MT),1914.0,0,1,06,"USDA FAS PS&D (Production, Supply & Distribution)",https://apps.fas.usda.gov/psdonline/downloads/
"Oilseed, Peanut",United States,1975,Total Supply,(1000 MT),2265.0,0,1,06,"USDA FAS PS&D (Production, Supply & Distribution)",https://apps.fas.usda.gov/psdonline/downloads/
"Oilseed, Peanut",United States,1976,Total Supply,(1000 MT),2177.0,0,1,06,"USDA FAS PS&D (Production, Supply & Distribution)",https://apps.fas.usda.gov/psdonline/downloads/
"Oilseed, Peanut",United States,1977,Total Supply,(1000 MT),1960.0,0,1,06,"USDA FAS PS&D (Production, Supply & Distribution)",https://apps.fas.usda.gov/psdonline/downloads/
"Oilseed, Peanut",United States,1978,Total Supply,(1000 MT),2057.0,0,1,06,"USDA FAS PS&D (Production, Supply & Distribution)",https://apps.fas.usda.gov/psdonline/downloads/
"Oilseed, Peanut",United States,1979,Total Supply,(1000 MT),2067.0,0,1,06,"USDA FAS PS&D (Production, Supply & Distribution)",https://apps.fas.usda.gov/psdonline/downloads/
"Oilseed, Peanut",United States,1980,Total Supply,(1000 MT),1512.0,0,1,06,"USDA FAS PS&D (Production, Supply & Distribution)",https://apps.fas.usda.gov/psdonline/downloads/
"Oilseed, Peanut",United States,1981,Total Supply,(1000 MT),1994.0,0,1,06,"USDA FAS PS&D (Production, Supply & Distribution)",https://apps.fas.usda.gov/psdonline/downloads/
"Oilseed, Peanut",United States,1982,Total Supply,(1000 MT),1904.0,0,1,06,"USDA FAS PS&D (Production, Supply & Distribution)",https://apps.fas.usda.gov/psdonline/downloads/
"Oilseed, Peanut",United States,1983,Total Supply,(1000 MT),1888.0,0,1,06,"USDA FAS PS&D (Production, Supply & Distribution)",https://apps.fas.usda.gov/psdonline/downloads/
"Oilseed, Peanut",United States,1984,Total Supply,(1000 MT),2277.0,0,1,06,"USDA FAS PS&D (Production, Supply & Distribution)",https://apps.fas.usda.gov/psdonline/downloads/
"Oilseed, Peanut",United States,1985,Total Supply,(1000 MT),2517.0,0,1,06,"USDA FAS PS&D (Production, Supply & Distribution)",https://apps.fas.usda.gov/psdonline/downloads/
"Oilseed, Peanut",United States,1986,Total Supply,(1000 MT),2061.0,0,1,06,"USDA FAS PS&D (Production, Supply & Distribution)",https://apps.fas.usda.gov/psdonline/downloads/
"Oilseed, Peanut",United States,1987,Total Supply,(1000 MT),2096.0,0,1,06,"USDA FAS PS&D (Production, Supply & Distribution)",https://apps.fas.usda.gov/psdonline/downloads/
"Oilseed, Peanut",United States,1988,Total Supply,(1000 MT),2185.0,0,1,06,"USDA FAS PS&D (Production, Supply & Distribution)",https://apps.fas.usda.gov/psdonline/downloads/
"Oilseed, Peanut",United States,1989,Total Supply,(1000 MT),2194.0,0,1,06,"USDA FAS PS&D (Production, Supply & Distribution)",https://apps.fas.usda.gov/psdonline/downloads/
"Oilseed, Peanut",United States,1990,Total Supply,(1000 MT),1964.0,0,1,06,"USDA FAS PS&D (Production, Supply & Distribution)",https://apps.fas.usda.gov/psdonline/downloads/
"Oilseed, Peanut",United States,1991,Total Supply,(1000 MT),2547.0,0,1,06,"USDA FAS PS&D (Production, Supply & Distribution)",https://apps.fas.usda.gov/psdonline/downloads/
"Oilseed, Peanut",United States,1992,Total Supply,(1000 MT),2423.0,0,1,06,"USDA FAS PS&D (Production, Supply & Distribution)",https://apps.fas.usda.gov/psdonline/downloads/
"Oilseed, Peanut",United States,1993,Total Supply,(1000 MT),2152.0,0,1,06,"USDA FAS PS&D (Production, Supply & Distribution)",https://apps.fas.usda.gov/psdonline/downloads/
"Oilseed, Peanut",United States,1994,Total Supply,(1000 MT),2441.0,0,1,06,"USDA FAS PS&D (Production, Supply & Distribution)",https://apps.fas.usda.gov/psdonline/downloads/
"Oilseed, Peanut",United States,1995,Total Supply,(1000 MT),2182.0,0,1,06,"USDA FAS PS&D (Production, Supply & Distribution)",https://apps.fas.usda.gov/psdonline/downloads/
"Oilseed, Peanut",United States,1996,Total Supply,(1000 MT),2062.0,0,1,06,"USDA FAS PS&D (Production, Supply & Distribution)",https://apps.fas.usda.gov/psdonline/downloads/
"Oilseed, Peanut",United States,1997,Total Supply,(1000 MT),2029.0,0,1,06,"USDA FAS PS&D (Production, Supply & Distribution)",https://apps.fas.usda.gov/psdonline/downloads/
"Oilseed, Peanut",United States,1998,Total Supply,(1000 MT),2253.0,0,1,06,"USDA FAS PS&D (Production, Supply & Distribution)",https://apps.fas.usda.gov/psdonline/downloads/
"Oilseed, Peanut",United States,1999,Total Supply,(1000 MT),2451.0,0,1,07,"USDA FAS PS&D (Production, Supply & Distribution)",https://apps.fas.usda.gov/psdonline/downloads/
"Oilseed, Peanut",United States,2000,Total Supply,(1000 MT),2138.0,0,1,07,"USDA FAS PS&D (Production, Supply & Distribution)",https://apps.fas.usda.gov/psdonline/downloads/
"Oilseed, Peanut",United States,2001,Total Supply,(1000 MT),2529.0,0,1,07,"USDA FAS PS&D (Production, Supply & Distribution)",https://apps.fas.usda.gov/psdonline/downloads/
"Oilseed, Peanut",United States,2002,Total Supply,(1000 MT),2210.0,0,1,07,"USDA FAS PS&D (Production, Supply & Distribution)",https://apps.fas.usda.gov/psdonline/downloads/
"Oilseed, Peanut",United States,2003,Total Supply,(1000 MT),2294.0,0,1,07,"USDA FAS PS&D (Production, Supply & Distribution)",https://apps.fas.usda.gov/psdonline/downloads/
"Oilseed, Peanut",United States,2004,Total Supply,(1000 MT),2470.0,0,1,10,"USDA FAS PS&D (Production, Supply & Distribution)",https://apps.fas.usda.gov/psdonline/downloads/
"Oilseed, Peanut",United States,2005,Total Supply,(1000 MT),2866.0,0,1,10,"USDA FAS PS&D (Production, Supply & Distribution)",https://apps.fas.usda.gov/psdonline/downloads/
"Oilseed, Peanut",United States,2006,Total Supply,(1000 MT),2582.0,0,1,10,"USDA FAS PS&D (Production, Supply & Distribution)",https://apps.fas.usda.gov/psdonline/downloads/
"Oilseed, Peanut",United States,2007,Total Supply,(1000 MT),2389.0,0,1,10,"USDA FAS PS&D (Production, Supply & Distribution)",https://apps.fas.usda.gov/psdonline/downloads/
"Oilseed, Peanut",United States,2008,Total Supply,(1000 MT),2849.0,0,1,10,"USDA FAS PS&D (Production, Supply & Distribution)",https://apps.fas.usda.gov/psdonline/downloads/
"Oilseed, Peanut",United States,2009,Total Supply,(1000 MT),2674.0,0,1,10,"USDA FAS PS&D (Production, Supply & Distribution)",https://apps.fas.usda.gov/psdonline/downloads/
"Oilseed, Peanut",United States,2010,Total Supply,(1000 MT),2745.0,0,1,10,"USDA FAS PS&D (Production, Supply & Distribution)",https://apps.fas.usda.gov/psdonline/downloads/
"Oilseed, Peanut",United States,2011,Total Supply,(1000 MT),2463.0,0,1,10,"USDA FAS PS&D (Production, Supply & Distribution)",https://apps.fas.usda.gov/psdonline/downloads/
"Oilseed, Peanut",United States,2012,Total Supply,(1000 MT),3573.0,0,1,10,"USDA FAS PS&D (Production, Supply & Distribution)",https://apps.fas.usda.gov/psdonline/downloads/
"Oilseed, Peanut",United States,2013,Total Supply,(1000 MT),3190.0,0,1,10,"USDA FAS PS&D (Production, Supply & Distribution)",https://apps.fas.usda.gov/psdonline/downloads/
"Oilseed, Peanut",United States,2014,Total Supply,(1000 MT),3238.0,0,1,10,"USDA FAS PS&D (Production, Supply & Distribution)",https://apps.fas.usda.gov/psdonline/downloads/
"Oilseed, Peanut",United States,2015,Total Supply,(1000 MT),3718.0,0,1,10,"USDA FAS PS&D (Production, Supply & Distribution)",https://apps.fas.usda.gov/psdonline/downloads/
"Oilseed, Peanut",United States,2016,Total Supply,(1000 MT),3417.0,0,1,10,"USDA FAS PS&D (Production, Supply & Distribution)",https://apps.fas.usda.gov/psdonline/downloads/
"Oilseed, Peanut",United States,2017,Total Supply,(1000 MT),3959.0,0,1,10,"USDA FAS PS&D (Production, Supply & Distribution)",https://apps.fas.usda.gov/psdonline/downloads/
"Oilseed, Peanut",United States,2018,Total Supply,(1000 MT),3776.0,0,1,10,"USDA FAS PS&D (Production, Supply & Distribution)",https://apps.fas.usda.gov/psdonline/downloads/
"Oilseed, Peanut",United States,2019,Total Supply,(1000 MT),3629.0,0,1,10,"USDA FAS PS&D (Production, Supply & Distribution)",https://apps.fas.usda.gov/psdonline/downloads/
"Oilseed, Peanut",United States,2020,Total Supply,(1000 MT),3811.0,0,1,10,"USDA FAS PS&D (Production, Supply & Distribution)",https://apps.fas.usda.gov/psdonline/downloads/
"Oilseed, Peanut",United States,2021,Total Supply,(1000 MT),3827.0,0,1,04,"USDA FAS PS&D (Production, Supply & Distribution)",https://apps.fas.usda.gov/psdonline/downloads/
"Oilseed, Peanut",United States,2022,Total Supply,(1000 MT),3632.0,0,1,04,"USDA FAS PS&D (Production, Supply & Distribution)",https://apps.fas.usda.gov/psdonline/downloads/
"Oilseed, Peanut",United States,2023,Total Supply,(1000 MT),3635.0,0,1,04,"USDA FAS PS&D (Production, Supply & Distribution)",https://apps.fas.usda.gov/psdonline/downloads/
"Oilseed, Peanut",United States,2024,Total Supply,(1000 MT),3668.0,0,1,04,"USDA FAS PS&D (Production, Supply & Distribution)",https://apps.fas.usda.gov/psdonline/downloads/
"Oilseed, Peanut",United States,2025,Total Supply,(1000 MT),4018.0,0,1,06,"USDA FAS PS&D (Production, Supply & Distribution)",https://apps.fas.usda.gov/psdonline/downloads/
"Oilseed, Peanut",United States,2026,Total Supply,(1000 MT),4064.0,0,1,06,"USDA FAS PS&D (Production, Supply & Distribution)",https://apps.fas.usda.gov/psdonline/downloads/
"Oilseed, Peanut",United States,1972,Yield,(MT/HA),2.47,0,1,06,"USDA FAS PS&D (Production, Supply & Distribution)",https://apps.fas.usda.gov/psdonline/downloads/
"Oilseed, Peanut",United States,1973,Yield,(MT/HA),2.61,0,1,06,"USDA FAS PS&D (Production, Supply & Distribution)",https://apps.fas.usda.gov/psdonline/downloads/
"Oilseed, Peanut",United States,1974,Yield,(MT/HA),2.79,0,1,06,"USDA FAS PS&D (Production, Supply & Distribution)",https://apps.fas.usda.gov/psdonline/downloads/
"Oilseed, Peanut",United States,1975,Yield,(MT/HA),2.87,0,1,06,"USDA FAS PS&D (Production, Supply & Distribution)",https://apps.fas.usda.gov/psdonline/downloads/
"Oilseed, Peanut",United States,1976,Yield,(MT/HA),2.75,0,1,06,"USDA FAS PS&D (Production, Supply & Distribution)",https://apps.fas.usda.gov/psdonline/downloads/
"Oilseed, Peanut",United States,1977,Yield,(MT/HA),2.74,0,1,06,"USDA FAS PS&D (Production, Supply & Distribution)",https://apps.fas.usda.gov/psdonline/downloads/
"Oilseed, Peanut",United States,1978,Yield,(MT/HA),2.93,0,1,06,"USDA FAS PS&D (Production, Supply & Distribution)",https://apps.fas.usda.gov/psdonline/downloads/
"Oilseed, Peanut",United States,1979,Yield,(MT/HA),2.93,0,1,06,"USDA FAS PS&D (Production, Supply & Distribution)",https://apps.fas.usda.gov/psdonline/downloads/
"Oilseed, Peanut",United States,1980,Yield,(MT/HA),1.85,0,1,06,"USDA FAS PS&D (Production, Supply & Distribution)",https://apps.fas.usda.gov/psdonline/downloads/
"Oilseed, Peanut",United States,1981,Yield,(MT/HA),3.0,0,1,06,"USDA FAS PS&D (Production, Supply & Distribution)",https://apps.fas.usda.gov/psdonline/downloads/
"Oilseed, Peanut",United States,1982,Yield,(MT/HA),3.02,0,1,06,"USDA FAS PS&D (Production, Supply & Distribution)",https://apps.fas.usda.gov/psdonline/downloads/
"Oilseed, Peanut",United States,1983,Yield,(MT/HA),2.69,0,1,06,"USDA FAS PS&D (Production, Supply & Distribution)",https://apps.fas.usda.gov/psdonline/downloads/
"Oilseed, Peanut",United States,1984,Yield,(MT/HA),3.23,0,1,06,"USDA FAS PS&D (Production, Supply & Distribution)",https://apps.fas.usda.gov/psdonline/downloads/
"Oilseed, Peanut",United States,1985,Yield,(MT/HA),3.15,0,1,06,"USDA FAS PS&D (Production, Supply & Distribution)",https://apps.fas.usda.gov/psdonline/downloads/
"Oilseed, Peanut",United States,1986,Yield,(MT/HA),2.7,0,1,06,"USDA FAS PS&D (Production, Supply & Distribution)",https://apps.fas.usda.gov/psdonline/downloads/
"Oilseed, Peanut",United States,1987,Yield,(MT/HA),2.62,0,1,06,"USDA FAS PS&D (Production, Supply & Distribution)",https://apps.fas.usda.gov/psdonline/downloads/
"Oilseed, Peanut",United States,1988,Yield,(MT/HA),2.74,0,1,06,"USDA FAS PS&D (Production, Supply & Distribution)",https://apps.fas.usda.gov/psdonline/downloads/
"Oilseed, Peanut",United States,1989,Yield,(MT/HA),2.72,0,1,06,"USDA FAS PS&D (Production, Supply & Distribution)",https://apps.fas.usda.gov/psdonline/downloads/
"Oilseed, Peanut",United States,1990,Yield,(MT/HA),2.23,0,1,06,"USDA FAS PS&D (Production, Supply & Distribution)",https://apps.fas.usda.gov/psdonline/downloads/
"Oilseed, Peanut",United States,1991,Yield,(MT/HA),2.74,0,1,06,"USDA FAS PS&D (Production, Supply & Distribution)",https://apps.fas.usda.gov/psdonline/downloads/
"Oilseed, Peanut",United States,1992,Yield,(MT/HA),2.88,0,1,06,"USDA FAS PS&D (Production, Supply & Distribution)",https://apps.fas.usda.gov/psdonline/downloads/
"Oilseed, Peanut",United States,1993,Yield,(MT/HA),2.25,0,1,06,"USDA FAS PS&D (Production, Supply & Distribution)",https://apps.fas.usda.gov/psdonline/downloads/
"Oilseed, Peanut",United States,1994,Yield,(MT/HA),2.94,0,1,06,"USDA FAS PS&D (Production, Supply & Distribution)",https://apps.fas.usda.gov/psdonline/downloads/
"Oilseed, Peanut",United States,1995,Yield,(MT/HA),2.56,0,1,06,"USDA FAS PS&D (Production, Supply & Distribution)",https://apps.fas.usda.gov/psdonline/downloads/
"Oilseed, Peanut",United States,1996,Yield,(MT/HA),2.98,0,1,06,"USDA FAS PS&D (Production, Supply & Distribution)",https://apps.fas.usda.gov/psdonline/downloads/
"Oilseed, Peanut",United States,1997,Yield,(MT/HA),2.81,0,1,06,"USDA FAS PS&D (Production, Supply & Distribution)",https://apps.fas.usda.gov/psdonline/downloads/
"Oilseed, Peanut",United States,1998,Yield,(MT/HA),3.03,0,1,06,"USDA FAS PS&D (Production, Supply & Distribution)",https://apps.fas.usda.gov/psdonline/downloads/
"Oilseed, Peanut",United States,1999,Yield,(MT/HA),2.99,0,1,07,"USDA FAS PS&D (Production, Supply & Distribution)",https://apps.fas.usda.gov/psdonline/downloads/
"Oilseed, Peanut",United States,2000,Yield,(MT/HA),2.74,0,1,07,"USDA FAS PS&D (Production, Supply & Distribution)",https://apps.fas.usda.gov/psdonline/downloads/
"Oilseed, Peanut",United States,2001,Yield,(MT/HA),3.4,0,1,07,"USDA FAS PS&D (Production, Supply & Distribution)",https://apps.fas.usda.gov/psdonline/downloads/
"Oilseed, Peanut",United States,2002,Yield,(MT/HA),2.88,0,1,07,"USDA FAS PS&D (Production, Supply & Distribution)",https://apps.fas.usda.gov/psdonline/downloads/
"Oilseed, Peanut",United States,2003,Yield,(MT/HA),3.54,0,1,07,"USDA FAS PS&D (Production, Supply & Distribution)",https://apps.fas.usda.gov/psdonline/downloads/
"Oilseed, Peanut",United States,2004,Yield,(MT/HA),3.45,0,1,10,"USDA FAS PS&D (Production, Supply & Distribution)",https://apps.fas.usda.gov/psdonline/downloads/
"Oilseed, Peanut",United States,2005,Yield,(MT/HA),3.35,0,1,10,"USDA FAS PS&D (Production, Supply & Distribution)",https://apps.fas.usda.gov/psdonline/downloads/
"Oilseed, Peanut",United States,2006,Yield,(MT/HA),3.21,0,1,10,"USDA FAS PS&D (Production, Supply & Distribution)",https://apps.fas.usda.gov/psdonline/downloads/
"Oilseed, Peanut",United States,2007,Yield,(MT/HA),3.44,0,1,10,"USDA FAS PS&D (Production, Supply & Distribution)",https://apps.fas.usda.gov/psdonline/downloads/
"Oilseed, Peanut",United States,2008,Yield,(MT/HA),3.84,0,1,10,"USDA FAS PS&D (Production, Supply & Distribution)",https://apps.fas.usda.gov/psdonline/downloads/
"Oilseed, Peanut",United States,2009,Yield,(MT/HA),3.83,0,1,10,"USDA FAS PS&D (Production, Supply & Distribution)",https://apps.fas.usda.gov/psdonline/downloads/
"Oilseed, Peanut",United States,2010,Yield,(MT/HA),3.71,0,1,10,"USDA FAS PS&D (Production, Supply & Distribution)",https://apps.fas.usda.gov/psdonline/downloads/
"Oilseed, Peanut",United States,2011,Yield,(MT/HA),3.8,0,1,10,"USDA FAS PS&D (Production, Supply & Distribution)",https://apps.fas.usda.gov/psdonline/downloads/
"Oilseed, Peanut",United States,2012,Yield,(MT/HA),4.72,0,1,10,"USDA FAS PS&D (Production, Supply & Distribution)",https://apps.fas.usda.gov/psdonline/downloads/
"Oilseed, Peanut",United States,2013,Yield,(MT/HA),4.49,0,1,10,"USDA FAS PS&D (Production, Supply & Distribution)",https://apps.fas.usda.gov/psdonline/downloads/
"Oilseed, Peanut",United States,2014,Yield,(MT/HA),4.4,0,1,10,"USDA FAS PS&D (Production, Supply & Distribution)",https://apps.fas.usda.gov/psdonline/downloads/
"Oilseed, Peanut",United States,2015,Yield,(MT/HA),4.31,0,1,10,"USDA FAS PS&D (Production, Supply & Distribution)",https://apps.fas.usda.gov/psdonline/downloads/
"Oilseed, Peanut",United States,2016,Yield,(MT/HA),4.07,0,1,10,"USDA FAS PS&D (Production, Supply & Distribution)",https://apps.fas.usda.gov/psdonline/downloads/
"Oilseed, Peanut",United States,2017,Yield,(MT/HA),4.49,0,1,10,"USDA FAS PS&D (Production, Supply & Distribution)",https://apps.fas.usda.gov/psdonline/downloads/
"Oilseed, Peanut",United States,2018,Yield,(MT/HA),4.5,0,1,10,"USDA FAS PS&D (Production, Supply & Distribution)",https://apps.fas.usda.gov/psdonline/downloads/
"Oilseed, Peanut",United States,2019,Yield,(MT/HA),4.42,0,1,10,"USDA FAS PS&D (Production, Supply & Distribution)",https://apps.fas.usda.gov/psdonline/downloads/
"Oilseed, Peanut",United States,2020,Yield,(MT/HA),4.29,0,1,10,"USDA FAS PS&D (Production, Supply & Distribution)",https://apps.fas.usda.gov/psdonline/downloads/
"Oilseed, Peanut",United States,2021,Yield,(MT/HA),4.64,0,1,04,"USDA FAS PS&D (Production, Supply & Distribution)",https://apps.fas.usda.gov/psdonline/downloads/
"Oilseed, Peanut",United States,2022,Yield,(MT/HA),4.5,0,1,04,"USDA FAS PS&D (Production, Supply & Distribution)",https://apps.fas.usda.gov/psdonline/downloads/
"Oilseed, Peanut",United States,2023,Yield,(MT/HA),4.23,0,1,04,"USDA FAS PS&D (Production, Supply & Distribution)",https://apps.fas.usda.gov/psdonline/downloads/
"Oilseed, Peanut",United States,2024,Yield,(MT/HA),4.17,0,1,04,"USDA FAS PS&D (Production, Supply & Distribution)",https://apps.fas.usda.gov/psdonline/downloads/
"Oilseed, Peanut",United States,2025,Yield,(MT/HA),4.22,0,1,06,"USDA FAS PS&D (Production, Supply & Distribution)",https://apps.fas.usda.gov/psdonline/downloads/
"Oilseed, Peanut",United States,2026,Yield,(MT/HA),4.2,0,1,06,"USDA FAS PS&D (Production, Supply & Distribution)",https://apps.fas.usda.gov/psdonline/downloads/
