commodity,country,market_year,attribute,unit,value,is_aggregate,n_countries,vintage_month,source,source_url
"Coffee, Green",United States,1960,Arabica Production,(1000 60 KG BAGS),277.0,0,1,00,"USDA FAS PS&D (Production, Supply & Distribution)",https://apps.fas.usda.gov/psdonline/downloads/
"Coffee, Green",United States,1961,Arabica Production,(1000 60 KG BAGS),316.0,0,1,00,"USDA FAS PS&D (Production, Supply & Distribution)",https://apps.fas.usda.gov/psdonline/downloads/
"Coffee, Green",United States,1962,Arabica Production,(1000 60 KG BAGS),380.0,0,1,00,"USDA FAS PS&D (Production, Supply & Distribution)",https://apps.fas.usda.gov/psdonline/downloads/
"Coffee, Green",United States,1963,Arabica Production,(1000 60 KG BAGS),278.0,0,1,00,"USDA FAS PS&D (Production, Supply & Distribution)",https://apps.fas.usda.gov/psdonline/downloads/
"Coffee, Green",United States,1964,Arabica Production,(1000 60 KG BAGS),344.0,0,1,00,"USDA FAS PS&D (Production, Supply & Distribution)",https://apps.fas.usda.gov/psdonline/downloads/
"Coffee, Green",United States,1965,Arabica Production,(1000 60 KG BAGS),272.0,0,1,00,"USDA FAS PS&D (Production, Supply & Distribution)",https://apps.fas.usda.gov/psdonline/downloads/
"Coffee, Green",United States,1966,Arabica Production,(1000 60 KG BAGS),264.0,0,1,00,"USDA FAS PS&D (Production, Supply & Distribution)",https://apps.fas.usda.gov/psdonline/downloads/
"Coffee, Green",United States,1967,Arabica Production,(1000 60 KG BAGS),279.0,0,1,00,"USDA FAS PS&D (Production, Supply & Distribution)",https://apps.fas.usda.gov/psdonline/downloads/
"Coffee, Green",United States,1968,Arabica Production,(1000 60 KG BAGS),231.0,0,1,00,"USDA FAS PS&D (Production, Supply & Distribution)",https://apps.fas.usda.gov/psdonline/downloads/
"Coffee, Green",United States,1969,Arabica Production,(1000 60 KG BAGS),176.0,0,1,00,"USDA FAS PS&D (Production, Supply & Distribution)",https://apps.fas.usda.gov/psdonline/downloads/
"Coffee, Green",United States,1970,Arabica Production,(1000 60 KG BAGS),283.0,0,1,00,"USDA FAS PS&D (Production, Supply & Distribution)",https://apps.fas.usda.gov/psdonline/downloads/
"Coffee, Green",United States,1971,Arabica Production,(1000 60 KG BAGS),199.0,0,1,00,"USDA FAS PS&D (Production, Supply & Distribution)",https://apps.fas.usda.gov/psdonline/downloads/
"Coffee, Green",United States,1972,Arabica Production,(1000 60 KG BAGS),226.0,0,1,00,"USDA FAS PS&D (Production, Supply & Distribution)",https://apps.fas.usda.gov/psdonline/downloads/
"Coffee, Green",United States,1973,Arabica Production,(1000 60 KG BAGS),246.0,0,1,00,"USDA FAS PS&D (Production, Supply & Distribution)",https://apps.fas.usda.gov/psdonline/downloads/
"Coffee, Green",United States,1974,Arabica Production,(1000 60 KG BAGS),184.0,0,1,00,"USDA FAS PS&D (Production, Supply & Distribution)",https://apps.fas.usda.gov/psdonline/downloads/
"Coffee, Green",United States,1975,Arabica Production,(1000 60 KG BAGS),202.0,0,1,00,"USDA FAS PS&D (Production, Supply & Distribution)",https://apps.fas.usda.gov/psdonline/downloads/
"Coffee, Green",United States,1976,Arabica Production,(1000 60 KG BAGS),158.0,0,1,00,"USDA FAS PS&D (Production, Supply & Distribution)",https://apps.fas.usda.gov/psdonline/downloads/
"Coffee, Green",United States,1977,Arabica Production,(1000 60 KG BAGS),213.0,0,1,00,"USDA FAS PS&D (Production, Supply & Distribution)",https://apps.fas.usda.gov/psdonline/downloads/
"Coffee, Green",United States,1978,Arabica Production,(1000 60 KG BAGS),169.0,0,1,00,"USDA FAS PS&D (Production, Supply & Distribution)",https://apps.fas.usda.gov/psdonline/downloads/
"Coffee, Green",United States,1979,Arabica Production,(1000 60 KG BAGS),211.0,0,1,00,"USDA FAS PS&D (Production, Supply & Distribution)",https://apps.fas.usda.gov/psdonline/downloads/
"Coffee, Green",United States,1980,Arabica Production,(1000 60 KG BAGS),236.0,0,1,00,"USDA FAS PS&D (Production, Supply & Distribution)",https://apps.fas.usda.gov/psdonline/downloads/
"Coffee, Green",United States,1981,Arabica Production,(1000 60 KG BAGS),229.0,0,1,00,"USDA FAS PS&D (Production, Supply & Distribution)",https://apps.fas.usda.gov/psdonline/downloads/
"Coffee, Green",United States,1982,Arabica Production,(1000 60 KG BAGS),267.0,0,1,00,"USDA FAS PS&D (Production, Supply & Distribution)",https://apps.fas.usda.gov/psdonline/downloads/
"Coffee, Green",United States,1983,Arabica Production,(1000 60 KG BAGS),221.0,0,1,00,"USDA FAS PS&D (Production, Supply & Distribution)",https://apps.fas.usda.gov/psdonline/downloads/
"Coffee, Green",United States,1984,Arabica Production,(1000 60 KG BAGS),245.0,0,1,00,"USDA FAS PS&D (Production, Supply & Distribution)",https://apps.fas.usda.gov/psdonline/downloads/
"Coffee, Green",United States,1985,Arabica Production,(1000 60 KG BAGS),200.0,0,1,00,"USDA FAS PS&D (Production, Supply & Distribution)",https://apps.fas.usda.gov/psdonline/downloads/
"Coffee, Green",United States,1986,Arabica Production,(1000 60 KG BAGS),284.0,0,1,00,"USDA FAS PS&D (Production, Supply & Distribution)",https://apps.fas.usda.gov/psdonline/downloads/
"Coffee, Green",United States,1987,Arabica Production,(1000 60 KG BAGS),230.0,0,1,00,"USDA FAS PS&D (Production, Supply & Distribution)",https://apps.fas.usda.gov/psdonline/downloads/
"Coffee, Green",United States,1988,Arabica Production,(1000 60 KG BAGS),257.0,0,1,00,"USDA FAS PS&D (Production, Supply & Distribution)",https://apps.fas.usda.gov/psdonline/downloads/
"Coffee, Green",United States,1989,Arabica Production,(1000 60 KG BAGS),239.0,0,1,00,"USDA FAS PS&D (Production, Supply & Distribution)",https://apps.fas.usda.gov/psdonline/downloads/
"Coffee, Green",United States,1990,Arabica Production,(1000 60 KG BAGS),229.0,0,1,00,"USDA FAS PS&D (Production, Supply & Distribution)",https://apps.fas.usda.gov/psdonline/downloads/
"Coffee, Green",United States,1991,Arabica Production,(1000 60 KG BAGS),229.0,0,1,00,"USDA FAS PS&D (Production, Supply & Distribution)",https://apps.fas.usda.gov/psdonline/downloads/
"Coffee, Green",United States,1992,Arabica Production,(1000 60 KG BAGS),225.0,0,1,00,"USDA FAS PS&D (Production, Supply & Distribution)",https://apps.fas.usda.gov/psdonline/downloads/
"Coffee, Green",United States,1993,Arabica Production,(1000 60 KG BAGS),228.0,0,1,00,"USDA FAS PS&D (Production, Supply & Distribution)",https://apps.fas.usda.gov/psdonline/downloads/
"Coffee, Green",United States,1994,Arabica Production,(1000 60 KG BAGS),237.0,0,1,00,"USDA FAS PS&D (Production, Supply & Distribution)",https://apps.fas.usda.gov/psdonline/downloads/
"Coffee, Green",United States,1995,Arabica Production,(1000 60 KG BAGS),236.0,0,1,00,"USDA FAS PS&D (Production, Supply & Distribution)",https://apps.fas.usda.gov/psdonline/downloads/
"Coffee, Green",United States,1996,Arabica Production,(1000 60 KG BAGS),270.0,0,1,00,"USDA FAS PS&D (Production, Supply & Distribution)",https://apps.fas.usda.gov/psdonline/downloads/
"Coffee, Green",United States,1997,Arabica Production,(1000 60 KG BAGS),232.0,0,1,00,"USDA FAS PS&D (Production, Supply & Distribution)",https://apps.fas.usda.gov/psdonline/downloads/
"Coffee, Green",United States,1998,Arabica Production,(1000 60 KG BAGS),163.0,0,1,00,"USDA FAS PS&D (Production, Supply & Distribution)",https://apps.fas.usda.gov/psdonline/downloads/
"Coffee, Green",United States,1999,Arabica Production,(1000 60 KG BAGS),185.0,0,1,00,"USDA FAS PS&D (Production, Supply & Distribution)",https://apps.fas.usda.gov/psdonline/downloads/
"Coffee, Green",United States,2000,Arabica Production,(1000 60 KG BAGS),183.0,0,1,00,"USDA FAS PS&D (Production, Supply & Distribution)",https://apps.fas.usda.gov/psdonline/downloads/
"Coffee, Green",United States,2001,Arabica Production,(1000 60 KG BAGS),163.0,0,1,12,"USDA FAS PS&D (Production, Supply & Distribution)",https://apps.fas.usda.gov/psdonline/downloads/
"Coffee, Green",United States,2002,Arabica Production,(1000 60 KG BAGS),163.0,0,1,06,"USDA FAS PS&D (Production, Supply & Distribution)",https://apps.fas.usda.gov/psdonline/downloads/
"Coffee, Green",United States,2003,Arabica Production,(1000 60 KG BAGS),186.0,0,1,06,"USDA FAS PS&D (Production, Supply & Distribution)",https://apps.fas.usda.gov/psdonline/downloads/
"Coffee, Green",United States,2004,Arabica Production,(1000 60 KG BAGS),140.0,0,1,06,"USDA FAS PS&D (Production, Supply & Distribution)",https://apps.fas.usda.gov/psdonline/downloads/
"Coffee, Green",United States,2005,Arabica Production,(1000 60 KG BAGS),161.0,0,1,06,"USDA FAS PS&D (Production, Supply & Distribution)",https://apps.fas.usda.gov/psdonline/downloads/
"Coffee, Green",United States,2006,Arabica Production,(1000 60 KG BAGS),152.0,0,1,06,"USDA FAS PS&D (Production, Supply & Distribution)",https://apps.fas.usda.gov/psdonline/downloads/
"Coffee, Green",United States,2007,Arabica Production,(1000 60 KG BAGS),136.0,0,1,06,"USDA FAS PS&D (Production, Supply & Distribution)",https://apps.fas.usda.gov/psdonline/downloads/
"Coffee, Green",United States,2008,Arabica Production,(1000 60 KG BAGS),125.0,0,1,06,"USDA FAS PS&D (Production, Supply & Distribution)",https://apps.fas.usda.gov/psdonline/downloads/
"Coffee, Green",United States,2009,Arabica Production,(1000 60 KG BAGS),53.0,0,1,06,"USDA FAS PS&D (Production, Supply & Distribution)",https://apps.fas.usda.gov/psdonline/downloads/
"Coffee, Green",United States,2010,Arabica Production,(1000 60 KG BAGS),53.0,0,1,06,"USDA FAS PS&D (Production, Supply & Distribution)",https://apps.fas.usda.gov/psdonline/downloads/
"Coffee, Green",United States,2011,Arabica Production,(1000 60 KG BAGS),46.0,0,1,06,"USDA FAS PS&D (Production, Supply & Distribution)",https://apps.fas.usda.gov/psdonline/downloads/
"Coffee, Green",United States,2012,Arabica Production,(1000 60 KG BAGS),42.0,0,1,06,"USDA FAS PS&D (Production, Supply & Distribution)",https://apps.fas.usda.gov/psdonline/downloads/
"Coffee, Green",United States,2013,Arabica Production,(1000 60 KG BAGS),51.0,0,1,06,"USDA FAS PS&D (Production, Supply & Distribution)",https://apps.fas.usda.gov/psdonline/downloads/
"Coffee, Green",United States,2014,Arabica Production,(1000 60 KG BAGS),45.0,0,1,06,"USDA FAS PS&D (Production, Supply & Distribution)",https://apps.fas.usda.gov/psdonline/downloads/
"Coffee, Green",United States,2015,Arabica Production,(1000 60 KG BAGS),40.0,0,1,12,"USDA FAS PS&D (Production, Supply & Distribution)",https://apps.fas.usda.gov/psdonline/downloads/
"Coffee, Green",United States,2016,Arabica Production,(1000 60 KG BAGS),33.0,0,1,12,"USDA FAS PS&D (Production, Supply & Distribution)",https://apps.fas.usda.gov/psdonline/downloads/
"Coffee, Green",United States,2017,Arabica Production,(1000 60 KG BAGS),32.0,0,1,12,"USDA FAS PS&D (Production, Supply & Distribution)",https://apps.fas.usda.gov/psdonline/downloads/
"Coffee, Green",United States,2018,Arabica Production,(1000 60 KG BAGS),54.0,0,1,12,"USDA FAS PS&D (Production, Supply & Distribution)",https://apps.fas.usda.gov/psdonline/downloads/
"Coffee, Green",United States,2019,Arabica Production,(1000 60 KG BAGS),39.0,0,1,12,"USDA FAS PS&D (Production, Supply & Distribution)",https://apps.fas.usda.gov/psdonline/downloads/
"Coffee, Green",United States,2020,Arabica Production,(1000 60 KG BAGS),33.0,0,1,12,"USDA FAS PS&D (Production, Supply & Distribution)",https://apps.fas.usda.gov/psdonline/downloads/
"Coffee, Green",United States,2021,Arabica Production,(1000 60 KG BAGS),38.0,0,1,12,"USDA FAS PS&D (Production, Supply & Distribution)",https://apps.fas.usda.gov/psdonline/downloads/
"Coffee, Green",United States,2022,Arabica Production,(1000 60 KG BAGS),40.0,0,1,12,"USDA FAS PS&D (Production, Supply & Distribution)",https://apps.fas.usda.gov/psdonline/downloads/
"Coffee, Green",United States,2023,Arabica Production,(1000 60 KG BAGS),50.0,0,1,12,"USDA FAS PS&D (Production, Supply & Distribution)",https://apps.fas.usda.gov/psdonline/downloads/
"Coffee, Green",United States,2024,Arabica Production,(1000 60 KG BAGS),50.0,0,1,12,"USDA FAS PS&D (Production, Supply & Distribution)",https://apps.fas.usda.gov/psdonline/downloads/
"Coffee, Green",United States,2025,Arabica Production,(1000 60 KG BAGS),50.0,0,1,12,"USDA FAS PS&D (Production, Supply & Distribution)",https://apps.fas.usda.gov/psdonline/downloads/
"Coffee, Green",United States,1960,Bean Exports,(1000 60 KG BAGS),2.0,0,1,00,"USDA FAS PS&D (Production, Supply & Distribution)",https://apps.fas.usda.gov/psdonline/downloads/
"Coffee, Green",United States,1961,Bean Exports,(1000 60 KG BAGS),43.0,0,1,00,"USDA FAS PS&D (Production, Supply & Distribution)",https://apps.fas.usda.gov/psdonline/downloads/
"Coffee, Green",United States,1962,Bean Exports,(1000 60 KG BAGS),35.0,0,1,00,"USDA FAS PS&D (Production, Supply & Distribution)",https://apps.fas.usda.gov/psdonline/downloads/
"Coffee, Green",United States,1963,Bean Exports,(1000 60 KG BAGS),116.0,0,1,00,"USDA FAS PS&D (Production, Supply & Distribution)",https://apps.fas.usda.gov/psdonline/downloads/
"Coffee, Green",United States,1964,Bean Exports,(1000 60 KG BAGS),114.0,0,1,00,"USDA FAS PS&D (Production, Supply & Distribution)",https://apps.fas.usda.gov/psdonline/downloads/
"Coffee, Green",United States,1965,Bean Exports,(1000 60 KG BAGS),47.0,0,1,00,"USDA FAS PS&D (Production, Supply & Distribution)",https://apps.fas.usda.gov/psdonline/downloads/
"Coffee, Green",United States,1966,Bean Exports,(1000 60 KG BAGS),24.0,0,1,00,"USDA FAS PS&D (Production, Supply & Distribution)",https://apps.fas.usda.gov/psdonline/downloads/
"Coffee, Green",United States,1967,Bean Exports,(1000 60 KG BAGS),29.0,0,1,00,"USDA FAS PS&D (Production, Supply & Distribution)",https://apps.fas.usda.gov/psdonline/downloads/
"Coffee, Green",United States,1968,Bean Exports,(1000 60 KG BAGS),23.0,0,1,00,"USDA FAS PS&D (Production, Supply & Distribution)",https://apps.fas.usda.gov/psdonline/downloads/
"Coffee, Green",United States,1969,Bean Exports,(1000 60 KG BAGS),10.0,0,1,00,"USDA FAS PS&D (Production, Supply & Distribution)",https://apps.fas.usda.gov/psdonline/downloads/
"Coffee, Green",United States,1970,Bean Exports,(1000 60 KG BAGS),3.0,0,1,00,"USDA FAS PS&D (Production, Supply & Distribution)",https://apps.fas.usda.gov/psdonline/downloads/
"Coffee, Green",United States,1971,Bean Exports,(1000 60 KG BAGS),3.0,0,1,00,"USDA FAS PS&D (Production, Supply & Distribution)",https://apps.fas.usda.gov/psdonline/downloads/
"Coffee, Green",United States,1972,Bean Exports,(1000 60 KG BAGS),4.0,0,1,00,"USDA FAS PS&D (Production, Supply & Distribution)",https://apps.fas.usda.gov/psdonline/downloads/
"Coffee, Green",United States,1973,Bean Exports,(1000 60 KG BAGS),3.0,0,1,00,"USDA FAS PS&D (Production, Supply & Distribution)",https://apps.fas.usda.gov/psdonline/downloads/
"Coffee, Green",United States,1974,Bean Exports,(1000 60 KG BAGS),3.0,0,1,00,"USDA FAS PS&D (Production, Supply & Distribution)",https://apps.fas.usda.gov/psdonline/downloads/
"Coffee, Green",United States,1975,Bean Exports,(1000 60 KG BAGS),4.0,0,1,00,"USDA FAS PS&D (Production, Supply & Distribution)",https://apps.fas.usda.gov/psdonline/downloads/
"Coffee, Green",United States,1976,Bean Exports,(1000 60 KG BAGS),2.0,0,1,00,"USDA FAS PS&D (Production, Supply & Distribution)",https://apps.fas.usda.gov/psdonline/downloads/
"Coffee, Green",United States,1977,Bean Exports,(1000 60 KG BAGS),2.0,0,1,00,"USDA FAS PS&D (Production, Supply & Distribution)",https://apps.fas.usda.gov/psdonline/downloads/
"Coffee, Green",United States,1978,Bean Exports,(1000 60 KG BAGS),1.0,0,1,00,"USDA FAS PS&D (Production, Supply & Distribution)",https://apps.fas.usda.gov/psdonline/downloads/
"Coffee, Green",United States,1979,Bean Exports,(1000 60 KG BAGS),0.0,0,1,00,"USDA FAS PS&D (Production, Supply & Distribution)",https://apps.fas.usda.gov/psdonline/downloads/
"Coffee, Green",United States,1980,Bean Exports,(1000 60 KG BAGS),0.0,0,1,00,"USDA FAS PS&D (Production, Supply & Distribution)",https://apps.fas.usda.gov/psdonline/downloads/
"Coffee, Green",United States,1981,Bean Exports,(1000 60 KG BAGS),0.0,0,1,00,"USDA FAS PS&D (Production, Supply & Distribution)",https://apps.fas.usda.gov/psdonline/downloads/
"Coffee, Green",United States,1982,Bean Exports,(1000 60 KG BAGS),0.0,0,1,00,"USDA FAS PS&D (Production, Supply & Distribution)",https://apps.fas.usda.gov/psdonline/downloads/
"Coffee, Green",United States,1983,Bean Exports,(1000 60 KG BAGS),1.0,0,1,00,"USDA FAS PS&D (Production, Supply & Distribution)",https://apps.fas.usda.gov/psdonline/downloads/
"Coffee, Green",United States,1984,Bean Exports,(1000 60 KG BAGS),1.0,0,1,00,"USDA FAS PS&D (Production, Supply & Distribution)",https://apps.fas.usda.gov/psdonline/downloads/
"Coffee, Green",United States,1985,Bean Exports,(1000 60 KG BAGS),1.0,0,1,00,"USDA FAS PS&D (Production, Supply & Distribution)",https://apps.fas.usda.gov/psdonline/downloads/
"Coffee, Green",United States,1986,Bean Exports,(1000 60 KG BAGS),1.0,0,1,00,"USDA FAS PS&D (Production, Supply & Distribution)",https://apps.fas.usda.gov/psdonline/downloads/
"Coffee, Green",United States,1987,Bean Exports,(1000 60 KG BAGS),1.0,0,1,00,"USDA FAS PS&D (Production, Supply & Distribution)",https://apps.fas.usda.gov/psdonline/downloads/
"Coffee, Green",United States,1988,Bean Exports,(1000 60 KG BAGS),0.0,0,1,00,"USDA FAS PS&D (Production, Supply & Distribution)",https://apps.fas.usda.gov/psdonline/downloads/
"Coffee, Green",United States,1989,Bean Exports,(1000 60 KG BAGS),0.0,0,1,00,"USDA FAS PS&D (Production, Supply & Distribution)",https://apps.fas.usda.gov/psdonline/downloads/
"Coffee, Green",United States,1990,Bean Exports,(1000 60 KG BAGS),0.0,0,1,00,"USDA FAS PS&D (Production, Supply & Distribution)",https://apps.fas.usda.gov/psdonline/downloads/
"Coffee, Green",United States,1991,Bean Exports,(1000 60 KG BAGS),0.0,0,1,00,"USDA FAS PS&D (Production, Supply & Distribution)",https://apps.fas.usda.gov/psdonline/downloads/
"Coffee, Green",United States,1992,Bean Exports,(1000 60 KG BAGS),0.0,0,1,00,"USDA FAS PS&D (Production, Supply & Distribution)",https://apps.fas.usda.gov/psdonline/downloads/
"Coffee, Green",United States,1993,Bean Exports,(1000 60 KG BAGS),0.0,0,1,00,"USDA FAS PS&D (Production, Supply & Distribution)",https://apps.fas.usda.gov/psdonline/downloads/
"Coffee, Green",United States,1994,Bean Exports,(1000 60 KG BAGS),0.0,0,1,00,"USDA FAS PS&D (Production, Supply & Distribution)",https://apps.fas.usda.gov/psdonline/downloads/
"Coffee, Green",United States,1995,Bean Exports,(1000 60 KG BAGS),0.0,0,1,00,"USDA FAS PS&D (Production, Supply & Distribution)",https://apps.fas.usda.gov/psdonline/downloads/
"Coffee, Green",United States,1996,Bean Exports,(1000 60 KG BAGS),0.0,0,1,00,"USDA FAS PS&D (Production, Supply & Distribution)",https://apps.fas.usda.gov/psdonline/downloads/
"Coffee, Green",United States,1997,Bean Exports,(1000 60 KG BAGS),0.0,0,1,00,"USDA FAS PS&D (Production, Supply & Distribution)",https://apps.fas.usda.gov/psdonline/downloads/
"Coffee, Green",United States,1998,Bean Exports,(1000 60 KG BAGS),0.0,0,1,00,"USDA FAS PS&D (Production, Supply & Distribution)",https://apps.fas.usda.gov/psdonline/downloads/
"Coffee, Green",United States,1999,Bean Exports,(1000 60 KG BAGS),0.0,0,1,00,"USDA FAS PS&D (Production, Supply & Distribution)",https://apps.fas.usda.gov/psdonline/downloads/
"Coffee, Green",United States,2000,Bean Exports,(1000 60 KG BAGS),0.0,0,1,00,"USDA FAS PS&D (Production, Supply & Distribution)",https://apps.fas.usda.gov/psdonline/downloads/
"Coffee, Green",United States,2001,Bean Exports,(1000 60 KG BAGS),0.0,0,1,12,"USDA FAS PS&D (Production, Supply & Distribution)",https://apps.fas.usda.gov/psdonline/downloads/
"Coffee, Green",United States,2002,Bean Exports,(1000 60 KG BAGS),0.0,0,1,06,"USDA FAS PS&D (Production, Supply & Distribution)",https://apps.fas.usda.gov/psdonline/downloads/
"Coffee, Green",United States,2003,Bean Exports,(1000 60 KG BAGS),0.0,0,1,06,"USDA FAS PS&D (Production, Supply & Distribution)",https://apps.fas.usda.gov/psdonline/downloads/
"Coffee, Green",United States,2004,Bean Exports,(1000 60 KG BAGS),0.0,0,1,06,"USDA FAS PS&D (Production, Supply & Distribution)",https://apps.fas.usda.gov/psdonline/downloads/
"Coffee, Green",United States,2005,Bean Exports,(1000 60 KG BAGS),0.0,0,1,06,"USDA FAS PS&D (Production, Supply & Distribution)",https://apps.fas.usda.gov/psdonline/downloads/
"Coffee, Green",United States,2006,Bean Exports,(1000 60 KG BAGS),0.0,0,1,06,"USDA FAS PS&D (Production, Supply & Distribution)",https://apps.fas.usda.gov/psdonline/downloads/
"Coffee, Green",United States,2007,Bean Exports,(1000 60 KG BAGS),0.0,0,1,06,"USDA FAS PS&D (Production, Supply & Distribution)",https://apps.fas.usda.gov/psdonline/downloads/
"Coffee, Green",United States,2008,Bean Exports,(1000 60 KG BAGS),0.0,0,1,06,"USDA FAS PS&D (Production, Supply & Distribution)",https://apps.fas.usda.gov/psdonline/downloads/
"Coffee, Green",United States,2009,Bean Exports,(1000 60 KG BAGS),0.0,0,1,06,"USDA FAS PS&D (Production, Supply & Distribution)",https://apps.fas.usda.gov/psdonline/downloads/
"Coffee, Green",United States,2010,Bean Exports,(1000 60 KG BAGS),0.0,0,1,06,"USDA FAS PS&D (Production, Supply & Distribution)",https://apps.fas.usda.gov/psdonline/downloads/
"Coffee, Green",United States,2011,Bean Exports,(1000 60 KG BAGS),0.0,0,1,06,"USDA FAS PS&D (Production, Supply & Distribution)",https://apps.fas.usda.gov/psdonline/downloads/
"Coffee, Green",United States,2012,Bean Exports,(1000 60 KG BAGS),0.0,0,1,06,"USDA FAS PS&D (Production, Supply & Distribution)",https://apps.fas.usda.gov/psdonline/downloads/
"Coffee, Green",United States,2013,Bean Exports,(1000 60 KG BAGS),0.0,0,1,06,"USDA FAS PS&D (Production, Supply & Distribution)",https://apps.fas.usda.gov/psdonline/downloads/
"Coffee, Green",United States,2014,Bean Exports,(1000 60 KG BAGS),0.0,0,1,06,"USDA FAS PS&D (Production, Supply & Distribution)",https://apps.fas.usda.gov/psdonline/downloads/
"Coffee, Green",United States,2015,Bean Exports,(1000 60 KG BAGS),0.0,0,1,12,"USDA FAS PS&D (Production, Supply & Distribution)",https://apps.fas.usda.gov/psdonline/downloads/
"Coffee, Green",United States,2016,Bean Exports,(1000 60 KG BAGS),0.0,0,1,12,"USDA FAS PS&D (Production, Supply & Distribution)",https://apps.fas.usda.gov/psdonline/downloads/
"Coffee, Green",United States,2017,Bean Exports,(1000 60 KG BAGS),0.0,0,1,12,"USDA FAS PS&D (Production, Supply & Distribution)",https://apps.fas.usda.gov/psdonline/downloads/
"Coffee, Green",United States,2018,Bean Exports,(1000 60 KG BAGS),0.0,0,1,12,"USDA FAS PS&D (Production, Supply & Distribution)",https://apps.fas.usda.gov/psdonline/downloads/
"Coffee, Green",United States,2019,Bean Exports,(1000 60 KG BAGS),0.0,0,1,12,"USDA FAS PS&D (Production, Supply & Distribution)",https://apps.fas.usda.gov/psdonline/downloads/
"Coffee, Green",United States,2020,Bean Exports,(1000 60 KG BAGS),0.0,0,1,12,"USDA FAS PS&D (Production, Supply & Distribution)",https://apps.fas.usda.gov/psdonline/downloads/
"Coffee, Green",United States,2021,Bean Exports,(1000 60 KG BAGS),0.0,0,1,12,"USDA FAS PS&D (Production, Supply & Distribution)",https://apps.fas.usda.gov/psdonline/downloads/
"Coffee, Green",United States,2022,Bean Exports,(1000 60 KG BAGS),0.0,0,1,12,"USDA FAS PS&D (Production, Supply & Distribution)",https://apps.fas.usda.gov/psdonline/downloads/
"Coffee, Green",United States,2023,Bean Exports,(1000 60 KG BAGS),0.0,0,1,12,"USDA FAS PS&D (Production, Supply & Distribution)",https://apps.fas.usda.gov/psdonline/downloads/
"Coffee, Green",United States,2024,Bean Exports,(1000 60 KG BAGS),0.0,0,1,12,"USDA FAS PS&D (Production, Supply & Distribution)",https://apps.fas.usda.gov/psdonline/downloads/
"Coffee, Green",United States,2025,Bean Exports,(1000 60 KG BAGS),0.0,0,1,12,"USDA FAS PS&D (Production, Supply & Distribution)",https://apps.fas.usda.gov/psdonline/downloads/
"Coffee, Green",United States,1960,Bean Imports,(1000 60 KG BAGS),6.0,0,1,00,"USDA FAS PS&D (Production, Supply & Distribution)",https://apps.fas.usda.gov/psdonline/downloads/
"Coffee, Green",United States,1961,Bean Imports,(1000 60 KG BAGS),9.0,0,1,00,"USDA FAS PS&D (Production, Supply & Distribution)",https://apps.fas.usda.gov/psdonline/downloads/
"Coffee, Green",United States,1962,Bean Imports,(1000 60 KG BAGS),6.0,0,1,00,"USDA FAS PS&D (Production, Supply & Distribution)",https://apps.fas.usda.gov/psdonline/downloads/
"Coffee, Green",United States,1963,Bean Imports,(1000 60 KG BAGS),9.0,0,1,00,"USDA FAS PS&D (Production, Supply & Distribution)",https://apps.fas.usda.gov/psdonline/downloads/
"Coffee, Green",United States,1964,Bean Imports,(1000 60 KG BAGS),8.0,0,1,00,"USDA FAS PS&D (Production, Supply & Distribution)",https://apps.fas.usda.gov/psdonline/downloads/
"Coffee, Green",United States,1965,Bean Imports,(1000 60 KG BAGS),44.0,0,1,00,"USDA FAS PS&D (Production, Supply & Distribution)",https://apps.fas.usda.gov/psdonline/downloads/
"Coffee, Green",United States,1966,Bean Imports,(1000 60 KG BAGS),67.0,0,1,00,"USDA FAS PS&D (Production, Supply & Distribution)",https://apps.fas.usda.gov/psdonline/downloads/
"Coffee, Green",United States,1967,Bean Imports,(1000 60 KG BAGS),56.0,0,1,00,"USDA FAS PS&D (Production, Supply & Distribution)",https://apps.fas.usda.gov/psdonline/downloads/
"Coffee, Green",United States,1968,Bean Imports,(1000 60 KG BAGS),29.0,0,1,00,"USDA FAS PS&D (Production, Supply & Distribution)",https://apps.fas.usda.gov/psdonline/downloads/
"Coffee, Green",United States,1969,Bean Imports,(1000 60 KG BAGS),100.0,0,1,00,"USDA FAS PS&D (Production, Supply & Distribution)",https://apps.fas.usda.gov/psdonline/downloads/
"Coffee, Green",United States,1970,Bean Imports,(1000 60 KG BAGS),48.0,0,1,00,"USDA FAS PS&D (Production, Supply & Distribution)",https://apps.fas.usda.gov/psdonline/downloads/
"Coffee, Green",United States,1971,Bean Imports,(1000 60 KG BAGS),94.0,0,1,00,"USDA FAS PS&D (Production, Supply & Distribution)",https://apps.fas.usda.gov/psdonline/downloads/
"Coffee, Green",United States,1972,Bean Imports,(1000 60 KG BAGS),81.0,0,1,00,"USDA FAS PS&D (Production, Supply & Distribution)",https://apps.fas.usda.gov/psdonline/downloads/
"Coffee, Green",United States,1973,Bean Imports,(1000 60 KG BAGS),66.0,0,1,00,"USDA FAS PS&D (Production, Supply & Distribution)",https://apps.fas.usda.gov/psdonline/downloads/
"Coffee, Green",United States,1974,Bean Imports,(1000 60 KG BAGS),146.0,0,1,00,"USDA FAS PS&D (Production, Supply & Distribution)",https://apps.fas.usda.gov/psdonline/downloads/
"Coffee, Green",United States,1975,Bean Imports,(1000 60 KG BAGS),122.0,0,1,00,"USDA FAS PS&D (Production, Supply & Distribution)",https://apps.fas.usda.gov/psdonline/downloads/
"Coffee, Green",United States,1976,Bean Imports,(1000 60 KG BAGS),127.0,0,1,00,"USDA FAS PS&D (Production, Supply & Distribution)",https://apps.fas.usda.gov/psdonline/downloads/
"Coffee, Green",United States,1977,Bean Imports,(1000 60 KG BAGS),118.0,0,1,00,"USDA FAS PS&D (Production, Supply & Distribution)",https://apps.fas.usda.gov/psdonline/downloads/
"Coffee, Green",United States,1978,Bean Imports,(1000 60 KG BAGS),110.0,0,1,00,"USDA FAS PS&D (Production, Supply & Distribution)",https://apps.fas.usda.gov/psdonline/downloads/
"Coffee, Green",United States,1979,Bean Imports,(1000 60 KG BAGS),145.0,0,1,00,"USDA FAS PS&D (Production, Supply & Distribution)",https://apps.fas.usda.gov/psdonline/downloads/
"Coffee, Green",United States,1980,Bean Imports,(1000 60 KG BAGS),99.0,0,1,00,"USDA FAS PS&D (Production, Supply & Distribution)",https://apps.fas.usda.gov/psdonline/downloads/
"Coffee, Green",United States,1981,Bean Imports,(1000 60 KG BAGS),78.0,0,1,00,"USDA FAS PS&D (Production, Supply & Distribution)",https://apps.fas.usda.gov/psdonline/downloads/
"Coffee, Green",United States,1982,Bean Imports,(1000 60 KG BAGS),31.0,0,1,00,"USDA FAS PS&D (Production, Supply & Distribution)",https://apps.fas.usda.gov/psdonline/downloads/
"Coffee, Green",United States,1983,Bean Imports,(1000 60 KG BAGS),13.0,0,1,00,"USDA FAS PS&D (Production, Supply & Distribution)",https://apps.fas.usda.gov/psdonline/downloads/
"Coffee, Green",United States,1984,Bean Imports,(1000 60 KG BAGS),23.0,0,1,00,"USDA FAS PS&D (Production, Supply & Distribution)",https://apps.fas.usda.gov/psdonline/downloads/
"Coffee, Green",United States,1985,Bean Imports,(1000 60 KG BAGS),19.0,0,1,00,"USDA FAS PS&D (Production, Supply & Distribution)",https://apps.fas.usda.gov/psdonline/downloads/
"Coffee, Green",United States,1986,Bean Imports,(1000 60 KG BAGS),1.0,0,1,00,"USDA FAS PS&D (Production, Supply & Distribution)",https://apps.fas.usda.gov/psdonline/downloads/
"Coffee, Green",United States,1987,Bean Imports,(1000 60 KG BAGS),30.0,0,1,00,"USDA FAS PS&D (Production, Supply & Distribution)",https://apps.fas.usda.gov/psdonline/downloads/
"Coffee, Green",United States,1988,Bean Imports,(1000 60 KG BAGS),0.0,0,1,00,"USDA FAS PS&D (Production, Supply & Distribution)",https://apps.fas.usda.gov/psdonline/downloads/
"Coffee, Green",United States,1989,Bean Imports,(1000 60 KG BAGS),0.0,0,1,00,"USDA FAS PS&D (Production, Supply & Distribution)",https://apps.fas.usda.gov/psdonline/downloads/
"Coffee, Green",United States,1990,Bean Imports,(1000 60 KG BAGS),0.0,0,1,00,"USDA FAS PS&D (Production, Supply & Distribution)",https://apps.fas.usda.gov/psdonline/downloads/
"Coffee, Green",United States,1991,Bean Imports,(1000 60 KG BAGS),0.0,0,1,00,"USDA FAS PS&D (Production, Supply & Distribution)",https://apps.fas.usda.gov/psdonline/downloads/
"Coffee, Green",United States,1992,Bean Imports,(1000 60 KG BAGS),0.0,0,1,00,"USDA FAS PS&D (Production, Supply & Distribution)",https://apps.fas.usda.gov/psdonline/downloads/
"Coffee, Green",United States,1993,Bean Imports,(1000 60 KG BAGS),0.0,0,1,00,"USDA FAS PS&D (Production, Supply & Distribution)",https://apps.fas.usda.gov/psdonline/downloads/
"Coffee, Green",United States,1994,Bean Imports,(1000 60 KG BAGS),0.0,0,1,00,"USDA FAS PS&D (Production, Supply & Distribution)",https://apps.fas.usda.gov/psdonline/downloads/
"Coffee, Green",United States,1995,Bean Imports,(1000 60 KG BAGS),0.0,0,1,00,"USDA FAS PS&D (Production, Supply & Distribution)",https://apps.fas.usda.gov/psdonline/downloads/
"Coffee, Green",United States,1996,Bean Imports,(1000 60 KG BAGS),0.0,0,1,00,"USDA FAS PS&D (Production, Supply & Distribution)",https://apps.fas.usda.gov/psdonline/downloads/
"Coffee, Green",United States,1997,Bean Imports,(1000 60 KG BAGS),0.0,0,1,00,"USDA FAS PS&D (Production, Supply & Distribution)",https://apps.fas.usda.gov/psdonline/downloads/
"Coffee, Green",United States,1998,Bean Imports,(1000 60 KG BAGS),0.0,0,1,00,"USDA FAS PS&D (Production, Supply & Distribution)",https://apps.fas.usda.gov/psdonline/downloads/
"Coffee, Green",United States,1999,Bean Imports,(1000 60 KG BAGS),0.0,0,1,00,"USDA FAS PS&D (Production, Supply & Distribution)",https://apps.fas.usda.gov/psdonline/downloads/
"Coffee, Green",United States,2000,Bean Imports,(1000 60 KG BAGS),0.0,0,1,00,"USDA FAS PS&D (Production, Supply & Distribution)",https://apps.fas.usda.gov/psdonline/downloads/
"Coffee, Green",United States,2001,Bean Imports,(1000 60 KG BAGS),0.0,0,1,12,"USDA FAS PS&D (Production, Supply & Distribution)",https://apps.fas.usda.gov/psdonline/downloads/
"Coffee, Green",United States,2002,Bean Imports,(1000 60 KG BAGS),20840.0,0,1,06,"USDA FAS PS&D (Production, Supply & Distribution)",https://apps.fas.usda.gov/psdonline/downloads/
"Coffee, Green",United States,2003,Bean Imports,(1000 60 KG BAGS),20340.0,0,1,06,"USDA FAS PS&D (Production, Supply & Distribution)",https://apps.fas.usda.gov/psdonline/downloads/
"Coffee, Green",United States,2004,Bean Imports,(1000 60 KG BAGS),20470.0,0,1,06,"USDA FAS PS&D (Production, Supply & Distribution)",https://apps.fas.usda.gov/psdonline/downloads/
"Coffee, Green",United States,2005,Bean Imports,(1000 60 KG BAGS),20815.0,0,1,06,"USDA FAS PS&D (Production, Supply & Distribution)",https://apps.fas.usda.gov/psdonline/downloads/
"Coffee, Green",United States,2006,Bean Imports,(1000 60 KG BAGS),22100.0,0,1,06,"USDA FAS PS&D (Production, Supply & Distribution)",https://apps.fas.usda.gov/psdonline/downloads/
"Coffee, Green",United States,2007,Bean Imports,(1000 60 KG BAGS),21760.0,0,1,06,"USDA FAS PS&D (Production, Supply & Distribution)",https://apps.fas.usda.gov/psdonline/downloads/
"Coffee, Green",United States,2008,Bean Imports,(1000 60 KG BAGS),21650.0,0,1,06,"USDA FAS PS&D (Production, Supply & Distribution)",https://apps.fas.usda.gov/psdonline/downloads/
"Coffee, Green",United States,2009,Bean Imports,(1000 60 KG BAGS),20240.0,0,1,06,"USDA FAS PS&D (Production, Supply & Distribution)",https://apps.fas.usda.gov/psdonline/downloads/
"Coffee, Green",United States,2010,Bean Imports,(1000 60 KG BAGS),22460.0,0,1,06,"USDA FAS PS&D (Production, Supply & Distribution)",https://apps.fas.usda.gov/psdonline/downloads/
"Coffee, Green",United States,2011,Bean Imports,(1000 60 KG BAGS),23700.0,0,1,06,"USDA FAS PS&D (Production, Supply & Distribution)",https://apps.fas.usda.gov/psdonline/downloads/
"Coffee, Green",United States,2012,Bean Imports,(1000 60 KG BAGS),23360.0,0,1,06,"USDA FAS PS&D (Production, Supply & Distribution)",https://apps.fas.usda.gov/psdonline/downloads/
"Coffee, Green",United States,2013,Bean Imports,(1000 60 KG BAGS),24550.0,0,1,06,"USDA FAS PS&D (Production, Supply & Distribution)",https://apps.fas.usda.gov/psdonline/downloads/
"Coffee, Green",United States,2014,Bean Imports,(1000 60 KG BAGS),23525.0,0,1,06,"USDA FAS PS&D (Production, Supply & Distribution)",https://apps.fas.usda.gov/psdonline/downloads/
"Coffee, Green",United States,2015,Bean Imports,(1000 60 KG BAGS),25100.0,0,1,12,"USDA FAS PS&D (Production, Supply & Distribution)",https://apps.fas.usda.gov/psdonline/downloads/
"Coffee, Green",United States,2016,Bean Imports,(1000 60 KG BAGS),25810.0,0,1,12,"USDA FAS PS&D (Production, Supply & Distribution)",https://apps.fas.usda.gov/psdonline/downloads/
"Coffee, Green",United States,2017,Bean Imports,(1000 60 KG BAGS),24450.0,0,1,12,"USDA FAS PS&D (Production, Supply & Distribution)",https://apps.fas.usda.gov/psdonline/downloads/
"Coffee, Green",United States,2018,Bean Imports,(1000 60 KG BAGS),27150.0,0,1,12,"USDA FAS PS&D (Production, Supply & Distribution)",https://apps.fas.usda.gov/psdonline/downloads/
"Coffee, Green",United States,2019,Bean Imports,(1000 60 KG BAGS),23900.0,0,1,12,"USDA FAS PS&D (Production, Supply & Distribution)",https://apps.fas.usda.gov/psdonline/downloads/
"Coffee, Green",United States,2020,Bean Imports,(1000 60 KG BAGS),24320.0,0,1,12,"USDA FAS PS&D (Production, Supply & Distribution)",https://apps.fas.usda.gov/psdonline/downloads/
"Coffee, Green",United States,2021,Bean Imports,(1000 60 KG BAGS),25225.0,0,1,12,"USDA FAS PS&D (Production, Supply & Distribution)",https://apps.fas.usda.gov/psdonline/downloads/
"Coffee, Green",United States,2022,Bean Imports,(1000 60 KG BAGS),22540.0,0,1,12,"USDA FAS PS&D (Production, Supply & Distribution)",https://apps.fas.usda.gov/psdonline/downloads/
"Coffee, Green",United States,2023,Bean Imports,(1000 60 KG BAGS),21475.0,0,1,12,"USDA FAS PS&D (Production, Supply & Distribution)",https://apps.fas.usda.gov/psdonline/downloads/
"Coffee, Green",United States,2024,Bean Imports,(1000 60 KG BAGS),23400.0,0,1,12,"USDA FAS PS&D (Production, Supply & Distribution)",https://apps.fas.usda.gov/psdonline/downloads/
"Coffee, Green",United States,2025,Bean Imports,(1000 60 KG BAGS),23800.0,0,1,12,"USDA FAS PS&D (Production, Supply & Distribution)",https://apps.fas.usda.gov/psdonline/downloads/
"Coffee, Green",United States,1960,Beginning Stocks,(1000 60 KG BAGS),34.0,0,1,00,"USDA FAS PS&D (Production, Supply & Distribution)",https://apps.fas.usda.gov/psdonline/downloads/
"Coffee, Green",United States,1961,Beginning Stocks,(1000 60 KG BAGS),28.0,0,1,00,"USDA FAS PS&D (Production, Supply & Distribution)",https://apps.fas.usda.gov/psdonline/downloads/
"Coffee, Green",United States,1962,Beginning Stocks,(1000 60 KG BAGS),63.0,0,1,00,"USDA FAS PS&D (Production, Supply & Distribution)",https://apps.fas.usda.gov/psdonline/downloads/
"Coffee, Green",United States,1963,Beginning Stocks,(1000 60 KG BAGS),132.0,0,1,00,"USDA FAS PS&D (Production, Supply & Distribution)",https://apps.fas.usda.gov/psdonline/downloads/
"Coffee, Green",United States,1964,Beginning Stocks,(1000 60 KG BAGS),57.0,0,1,00,"USDA FAS PS&D (Production, Supply & Distribution)",https://apps.fas.usda.gov/psdonline/downloads/
"Coffee, Green",United States,1965,Beginning Stocks,(1000 60 KG BAGS),16.0,0,1,00,"USDA FAS PS&D (Production, Supply & Distribution)",https://apps.fas.usda.gov/psdonline/downloads/
"Coffee, Green",United States,1966,Beginning Stocks,(1000 60 KG BAGS),15.0,0,1,00,"USDA FAS PS&D (Production, Supply & Distribution)",https://apps.fas.usda.gov/psdonline/downloads/
"Coffee, Green",United States,1967,Beginning Stocks,(1000 60 KG BAGS),51.0,0,1,00,"USDA FAS PS&D (Production, Supply & Distribution)",https://apps.fas.usda.gov/psdonline/downloads/
"Coffee, Green",United States,1968,Beginning Stocks,(1000 60 KG BAGS),96.0,0,1,00,"USDA FAS PS&D (Production, Supply & Distribution)",https://apps.fas.usda.gov/psdonline/downloads/
"Coffee, Green",United States,1969,Beginning Stocks,(1000 60 KG BAGS),51.0,0,1,00,"USDA FAS PS&D (Production, Supply & Distribution)",https://apps.fas.usda.gov/psdonline/downloads/
"Coffee, Green",United States,1970,Beginning Stocks,(1000 60 KG BAGS),28.0,0,1,00,"USDA FAS PS&D (Production, Supply & Distribution)",https://apps.fas.usda.gov/psdonline/downloads/
"Coffee, Green",United States,1971,Beginning Stocks,(1000 60 KG BAGS),51.0,0,1,00,"USDA FAS PS&D (Production, Supply & Distribution)",https://apps.fas.usda.gov/psdonline/downloads/
"Coffee, Green",United States,1972,Beginning Stocks,(1000 60 KG BAGS),42.0,0,1,00,"USDA FAS PS&D (Production, Supply & Distribution)",https://apps.fas.usda.gov/psdonline/downloads/
"Coffee, Green",United States,1973,Beginning Stocks,(1000 60 KG BAGS),27.0,0,1,00,"USDA FAS PS&D (Production, Supply & Distribution)",https://apps.fas.usda.gov/psdonline/downloads/
"Coffee, Green",United States,1974,Beginning Stocks,(1000 60 KG BAGS),29.0,0,1,00,"USDA FAS PS&D (Production, Supply & Distribution)",https://apps.fas.usda.gov/psdonline/downloads/
"Coffee, Green",United States,1975,Beginning Stocks,(1000 60 KG BAGS),35.0,0,1,00,"USDA FAS PS&D (Production, Supply & Distribution)",https://apps.fas.usda.gov/psdonline/downloads/
"Coffee, Green",United States,1976,Beginning Stocks,(1000 60 KG BAGS),11.0,0,1,00,"USDA FAS PS&D (Production, Supply & Distribution)",https://apps.fas.usda.gov/psdonline/downloads/
"Coffee, Green",United States,1977,Beginning Stocks,(1000 60 KG BAGS),8.0,0,1,00,"USDA FAS PS&D (Production, Supply & Distribution)",https://apps.fas.usda.gov/psdonline/downloads/
"Coffee, Green",United States,1978,Beginning Stocks,(1000 60 KG BAGS),34.0,0,1,00,"USDA FAS PS&D (Production, Supply & Distribution)",https://apps.fas.usda.gov/psdonline/downloads/
"Coffee, Green",United States,1979,Beginning Stocks,(1000 60 KG BAGS),9.0,0,1,00,"USDA FAS PS&D (Production, Supply & Distribution)",https://apps.fas.usda.gov/psdonline/downloads/
"Coffee, Green",United States,1980,Beginning Stocks,(1000 60 KG BAGS),35.0,0,1,00,"USDA FAS PS&D (Production, Supply & Distribution)",https://apps.fas.usda.gov/psdonline/downloads/
"Coffee, Green",United States,1981,Beginning Stocks,(1000 60 KG BAGS),72.0,0,1,00,"USDA FAS PS&D (Production, Supply & Distribution)",https://apps.fas.usda.gov/psdonline/downloads/
"Coffee, Green",United States,1982,Beginning Stocks,(1000 60 KG BAGS),62.0,0,1,00,"USDA FAS PS&D (Production, Supply & Distribution)",https://apps.fas.usda.gov/psdonline/downloads/
"Coffee, Green",United States,1983,Beginning Stocks,(1000 60 KG BAGS),74.0,0,1,00,"USDA FAS PS&D (Production, Supply & Distribution)",https://apps.fas.usda.gov/psdonline/downloads/
"Coffee, Green",United States,1984,Beginning Stocks,(1000 60 KG BAGS),12.0,0,1,00,"USDA FAS PS&D (Production, Supply & Distribution)",https://apps.fas.usda.gov/psdonline/downloads/
"Coffee, Green",United States,1985,Beginning Stocks,(1000 60 KG BAGS),42.0,0,1,00,"USDA FAS PS&D (Production, Supply & Distribution)",https://apps.fas.usda.gov/psdonline/downloads/
"Coffee, Green",United States,1986,Beginning Stocks,(1000 60 KG BAGS),0.0,0,1,00,"USDA FAS PS&D (Production, Supply & Distribution)",https://apps.fas.usda.gov/psdonline/downloads/
"Coffee, Green",United States,1987,Beginning Stocks,(1000 60 KG BAGS),0.0,0,1,00,"USDA FAS PS&D (Production, Supply & Distribution)",https://apps.fas.usda.gov/psdonline/downloads/
"Coffee, Green",United States,1988,Beginning Stocks,(1000 60 KG BAGS),0.0,0,1,00,"USDA FAS PS&D (Production, Supply & Distribution)",https://apps.fas.usda.gov/psdonline/downloads/
"Coffee, Green",United States,1989,Beginning Stocks,(1000 60 KG BAGS),0.0,0,1,00,"USDA FAS PS&D (Production, Supply & Distribution)",https://apps.fas.usda.gov/psdonline/downloads/
"Coffee, Green",United States,1990,Beginning Stocks,(1000 60 KG BAGS),0.0,0,1,00,"USDA FAS PS&D (Production, Supply & Distribution)",https://apps.fas.usda.gov/psdonline/downloads/
"Coffee, Green",United States,1991,Beginning Stocks,(1000 60 KG BAGS),0.0,0,1,00,"USDA FAS PS&D (Production, Supply & Distribution)",https://apps.fas.usda.gov/psdonline/downloads/
"Coffee, Green",United States,1992,Beginning Stocks,(1000 60 KG BAGS),0.0,0,1,00,"USDA FAS PS&D (Production, Supply & Distribution)",https://apps.fas.usda.gov/psdonline/downloads/
"Coffee, Green",United States,1993,Beginning Stocks,(1000 60 KG BAGS),0.0,0,1,00,"USDA FAS PS&D (Production, Supply & Distribution)",https://apps.fas.usda.gov/psdonline/downloads/
"Coffee, Green",United States,1994,Beginning Stocks,(1000 60 KG BAGS),0.0,0,1,00,"USDA FAS PS&D (Production, Supply & Distribution)",https://apps.fas.usda.gov/psdonline/downloads/
"Coffee, Green",United States,1995,Beginning Stocks,(1000 60 KG BAGS),0.0,0,1,00,"USDA FAS PS&D (Production, Supply & Distribution)",https://apps.fas.usda.gov/psdonline/downloads/
"Coffee, Green",United States,1996,Beginning Stocks,(1000 60 KG BAGS),0.0,0,1,00,"USDA FAS PS&D (Production, Supply & Distribution)",https://apps.fas.usda.gov/psdonline/downloads/
"Coffee, Green",United States,1997,Beginning Stocks,(1000 60 KG BAGS),0.0,0,1,00,"USDA FAS PS&D (Production, Supply & Distribution)",https://apps.fas.usda.gov/psdonline/downloads/
"Coffee, Green",United States,1998,Beginning Stocks,(1000 60 KG BAGS),0.0,0,1,00,"USDA FAS PS&D (Production, Supply & Distribution)",https://apps.fas.usda.gov/psdonline/downloads/
"Coffee, Green",United States,1999,Beginning Stocks,(1000 60 KG BAGS),0.0,0,1,00,"USDA FAS PS&D (Production, Supply & Distribution)",https://apps.fas.usda.gov/psdonline/downloads/
"Coffee, Green",United States,2000,Beginning Stocks,(1000 60 KG BAGS),0.0,0,1,00,"USDA FAS PS&D (Production, Supply & Distribution)",https://apps.fas.usda.gov/psdonline/downloads/
"Coffee, Green",United States,2001,Beginning Stocks,(1000 60 KG BAGS),0.0,0,1,12,"USDA FAS PS&D (Production, Supply & Distribution)",https://apps.fas.usda.gov/psdonline/downloads/
"Coffee, Green",United States,2002,Beginning Stocks,(1000 60 KG BAGS),5490.0,0,1,06,"USDA FAS PS&D (Production, Supply & Distribution)",https://apps.fas.usda.gov/psdonline/downloads/
"Coffee, Green",United States,2003,Beginning Stocks,(1000 60 KG BAGS),6100.0,0,1,06,"USDA FAS PS&D (Production, Supply & Distribution)",https://apps.fas.usda.gov/psdonline/downloads/
"Coffee, Green",United States,2004,Beginning Stocks,(1000 60 KG BAGS),5620.0,0,1,06,"USDA FAS PS&D (Production, Supply & Distribution)",https://apps.fas.usda.gov/psdonline/downloads/
"Coffee, Green",United States,2005,Beginning Stocks,(1000 60 KG BAGS),5700.0,0,1,06,"USDA FAS PS&D (Production, Supply & Distribution)",https://apps.fas.usda.gov/psdonline/downloads/
"Coffee, Green",United States,2006,Beginning Stocks,(1000 60 KG BAGS),5200.0,0,1,06,"USDA FAS PS&D (Production, Supply & Distribution)",https://apps.fas.usda.gov/psdonline/downloads/
"Coffee, Green",United States,2007,Beginning Stocks,(1000 60 KG BAGS),5700.0,0,1,06,"USDA FAS PS&D (Production, Supply & Distribution)",https://apps.fas.usda.gov/psdonline/downloads/
"Coffee, Green",United States,2008,Beginning Stocks,(1000 60 KG BAGS),5600.0,0,1,06,"USDA FAS PS&D (Production, Supply & Distribution)",https://apps.fas.usda.gov/psdonline/downloads/
"Coffee, Green",United States,2009,Beginning Stocks,(1000 60 KG BAGS),5333.0,0,1,06,"USDA FAS PS&D (Production, Supply & Distribution)",https://apps.fas.usda.gov/psdonline/downloads/
"Coffee, Green",United States,2010,Beginning Stocks,(1000 60 KG BAGS),4250.0,0,1,06,"USDA FAS PS&D (Production, Supply & Distribution)",https://apps.fas.usda.gov/psdonline/downloads/
"Coffee, Green",United States,2011,Beginning Stocks,(1000 60 KG BAGS),4580.0,0,1,06,"USDA FAS PS&D (Production, Supply & Distribution)",https://apps.fas.usda.gov/psdonline/downloads/
"Coffee, Green",United States,2012,Beginning Stocks,(1000 60 KG BAGS),5100.0,0,1,06,"USDA FAS PS&D (Production, Supply & Distribution)",https://apps.fas.usda.gov/psdonline/downloads/
"Coffee, Green",United States,2013,Beginning Stocks,(1000 60 KG BAGS),5450.0,0,1,06,"USDA FAS PS&D (Production, Supply & Distribution)",https://apps.fas.usda.gov/psdonline/downloads/
"Coffee, Green",United States,2014,Beginning Stocks,(1000 60 KG BAGS),6025.0,0,1,06,"USDA FAS PS&D (Production, Supply & Distribution)",https://apps.fas.usda.gov/psdonline/downloads/
"Coffee, Green",United States,2015,Beginning Stocks,(1000 60 KG BAGS),6117.0,0,1,12,"USDA FAS PS&D (Production, Supply & Distribution)",https://apps.fas.usda.gov/psdonline/downloads/
"Coffee, Green",United States,2016,Beginning Stocks,(1000 60 KG BAGS),6199.0,0,1,12,"USDA FAS PS&D (Production, Supply & Distribution)",https://apps.fas.usda.gov/psdonline/downloads/
"Coffee, Green",United States,2017,Beginning Stocks,(1000 60 KG BAGS),7190.0,0,1,12,"USDA FAS PS&D (Production, Supply & Distribution)",https://apps.fas.usda.gov/psdonline/downloads/
"Coffee, Green",United States,2018,Beginning Stocks,(1000 60 KG BAGS),6440.0,0,1,12,"USDA FAS PS&D (Production, Supply & Distribution)",https://apps.fas.usda.gov/psdonline/downloads/
"Coffee, Green",United States,2019,Beginning Stocks,(1000 60 KG BAGS),7352.0,0,1,12,"USDA FAS PS&D (Production, Supply & Distribution)",https://apps.fas.usda.gov/psdonline/downloads/
"Coffee, Green",United States,2020,Beginning Stocks,(1000 60 KG BAGS),6402.0,0,1,12,"USDA FAS PS&D (Production, Supply & Distribution)",https://apps.fas.usda.gov/psdonline/downloads/
"Coffee, Green",United States,2021,Beginning Stocks,(1000 60 KG BAGS),6023.0,0,1,12,"USDA FAS PS&D (Production, Supply & Distribution)",https://apps.fas.usda.gov/psdonline/downloads/
"Coffee, Green",United States,2022,Beginning Stocks,(1000 60 KG BAGS),6378.0,0,1,12,"USDA FAS PS&D (Production, Supply & Distribution)",https://apps.fas.usda.gov/psdonline/downloads/
"Coffee, Green",United States,2023,Beginning Stocks,(1000 60 KG BAGS),5700.0,0,1,12,"USDA FAS PS&D (Production, Supply & Distribution)",https://apps.fas.usda.gov/psdonline/downloads/
"Coffee, Green",United States,2024,Beginning Stocks,(1000 60 KG BAGS),5700.0,0,1,12,"USDA FAS PS&D (Production, Supply & Distribution)",https://apps.fas.usda.gov/psdonline/downloads/
"Coffee, Green",United States,2025,Beginning Stocks,(1000 60 KG BAGS),5700.0,0,1,12,"USDA FAS PS&D (Production, Supply & Distribution)",https://apps.fas.usda.gov/psdonline/downloads/
"Coffee, Green",United States,1960,Domestic Consumption,(1000 60 KG BAGS),287.0,0,1,00,"USDA FAS PS&D (Production, Supply & Distribution)",https://apps.fas.usda.gov/psdonline/downloads/
"Coffee, Green",United States,1961,Domestic Consumption,(1000 60 KG BAGS),247.0,0,1,00,"USDA FAS PS&D (Production, Supply & Distribution)",https://apps.fas.usda.gov/psdonline/downloads/
"Coffee, Green",United States,1962,Domestic Consumption,(1000 60 KG BAGS),282.0,0,1,00,"USDA FAS PS&D (Production, Supply & Distribution)",https://apps.fas.usda.gov/psdonline/downloads/
"Coffee, Green",United States,1963,Domestic Consumption,(1000 60 KG BAGS),246.0,0,1,00,"USDA FAS PS&D (Production, Supply & Distribution)",https://apps.fas.usda.gov/psdonline/downloads/
"Coffee, Green",United States,1964,Domestic Consumption,(1000 60 KG BAGS),279.0,0,1,00,"USDA FAS PS&D (Production, Supply & Distribution)",https://apps.fas.usda.gov/psdonline/downloads/
"Coffee, Green",United States,1965,Domestic Consumption,(1000 60 KG BAGS),270.0,0,1,00,"USDA FAS PS&D (Production, Supply & Distribution)",https://apps.fas.usda.gov/psdonline/downloads/
"Coffee, Green",United States,1966,Domestic Consumption,(1000 60 KG BAGS),271.0,0,1,00,"USDA FAS PS&D (Production, Supply & Distribution)",https://apps.fas.usda.gov/psdonline/downloads/
"Coffee, Green",United States,1967,Domestic Consumption,(1000 60 KG BAGS),261.0,0,1,00,"USDA FAS PS&D (Production, Supply & Distribution)",https://apps.fas.usda.gov/psdonline/downloads/
"Coffee, Green",United States,1968,Domestic Consumption,(1000 60 KG BAGS),282.0,0,1,00,"USDA FAS PS&D (Production, Supply & Distribution)",https://apps.fas.usda.gov/psdonline/downloads/
"Coffee, Green",United States,1969,Domestic Consumption,(1000 60 KG BAGS),289.0,0,1,00,"USDA FAS PS&D (Production, Supply & Distribution)",https://apps.fas.usda.gov/psdonline/downloads/
"Coffee, Green",United States,1970,Domestic Consumption,(1000 60 KG BAGS),305.0,0,1,00,"USDA FAS PS&D (Production, Supply & Distribution)",https://apps.fas.usda.gov/psdonline/downloads/
"Coffee, Green",United States,1971,Domestic Consumption,(1000 60 KG BAGS),299.0,0,1,00,"USDA FAS PS&D (Production, Supply & Distribution)",https://apps.fas.usda.gov/psdonline/downloads/
"Coffee, Green",United States,1972,Domestic Consumption,(1000 60 KG BAGS),318.0,0,1,00,"USDA FAS PS&D (Production, Supply & Distribution)",https://apps.fas.usda.gov/psdonline/downloads/
"Coffee, Green",United States,1973,Domestic Consumption,(1000 60 KG BAGS),307.0,0,1,00,"USDA FAS PS&D (Production, Supply & Distribution)",https://apps.fas.usda.gov/psdonline/downloads/
"Coffee, Green",United States,1974,Domestic Consumption,(1000 60 KG BAGS),321.0,0,1,00,"USDA FAS PS&D (Production, Supply & Distribution)",https://apps.fas.usda.gov/psdonline/downloads/
"Coffee, Green",United States,1975,Domestic Consumption,(1000 60 KG BAGS),344.0,0,1,00,"USDA FAS PS&D (Production, Supply & Distribution)",https://apps.fas.usda.gov/psdonline/downloads/
"Coffee, Green",United States,1976,Domestic Consumption,(1000 60 KG BAGS),286.0,0,1,00,"USDA FAS PS&D (Production, Supply & Distribution)",https://apps.fas.usda.gov/psdonline/downloads/
"Coffee, Green",United States,1977,Domestic Consumption,(1000 60 KG BAGS),303.0,0,1,00,"USDA FAS PS&D (Production, Supply & Distribution)",https://apps.fas.usda.gov/psdonline/downloads/
"Coffee, Green",United States,1978,Domestic Consumption,(1000 60 KG BAGS),303.0,0,1,00,"USDA FAS PS&D (Production, Supply & Distribution)",https://apps.fas.usda.gov/psdonline/downloads/
"Coffee, Green",United States,1979,Domestic Consumption,(1000 60 KG BAGS),329.0,0,1,00,"USDA FAS PS&D (Production, Supply & Distribution)",https://apps.fas.usda.gov/psdonline/downloads/
"Coffee, Green",United States,1980,Domestic Consumption,(1000 60 KG BAGS),297.0,0,1,00,"USDA FAS PS&D (Production, Supply & Distribution)",https://apps.fas.usda.gov/psdonline/downloads/
"Coffee, Green",United States,1981,Domestic Consumption,(1000 60 KG BAGS),312.0,0,1,00,"USDA FAS PS&D (Production, Supply & Distribution)",https://apps.fas.usda.gov/psdonline/downloads/
"Coffee, Green",United States,1982,Domestic Consumption,(1000 60 KG BAGS),285.0,0,1,00,"USDA FAS PS&D (Production, Supply & Distribution)",https://apps.fas.usda.gov/psdonline/downloads/
"Coffee, Green",United States,1983,Domestic Consumption,(1000 60 KG BAGS),294.0,0,1,00,"USDA FAS PS&D (Production, Supply & Distribution)",https://apps.fas.usda.gov/psdonline/downloads/
"Coffee, Green",United States,1984,Domestic Consumption,(1000 60 KG BAGS),236.0,0,1,00,"USDA FAS PS&D (Production, Supply & Distribution)",https://apps.fas.usda.gov/psdonline/downloads/
"Coffee, Green",United States,1985,Domestic Consumption,(1000 60 KG BAGS),259.0,0,1,00,"USDA FAS PS&D (Production, Supply & Distribution)",https://apps.fas.usda.gov/psdonline/downloads/
"Coffee, Green",United States,1986,Domestic Consumption,(1000 60 KG BAGS),283.0,0,1,00,"USDA FAS PS&D (Production, Supply & Distribution)",https://apps.fas.usda.gov/psdonline/downloads/
"Coffee, Green",United States,1987,Domestic Consumption,(1000 60 KG BAGS),258.0,0,1,00,"USDA FAS PS&D (Production, Supply & Distribution)",https://apps.fas.usda.gov/psdonline/downloads/
"Coffee, Green",United States,1988,Domestic Consumption,(1000 60 KG BAGS),257.0,0,1,00,"USDA FAS PS&D (Production, Supply & Distribution)",https://apps.fas.usda.gov/psdonline/downloads/
"Coffee, Green",United States,1989,Domestic Consumption,(1000 60 KG BAGS),239.0,0,1,00,"USDA FAS PS&D (Production, Supply & Distribution)",https://apps.fas.usda.gov/psdonline/downloads/
"Coffee, Green",United States,1990,Domestic Consumption,(1000 60 KG BAGS),229.0,0,1,00,"USDA FAS PS&D (Production, Supply & Distribution)",https://apps.fas.usda.gov/psdonline/downloads/
"Coffee, Green",United States,1991,Domestic Consumption,(1000 60 KG BAGS),229.0,0,1,00,"USDA FAS PS&D (Production, Supply & Distribution)",https://apps.fas.usda.gov/psdonline/downloads/
"Coffee, Green",United States,1992,Domestic Consumption,(1000 60 KG BAGS),225.0,0,1,00,"USDA FAS PS&D (Production, Supply & Distribution)",https://apps.fas.usda.gov/psdonline/downloads/
"Coffee, Green",United States,1993,Domestic Consumption,(1000 60 KG BAGS),228.0,0,1,00,"USDA FAS PS&D (Production, Supply & Distribution)",https://apps.fas.usda.gov/psdonline/downloads/
"Coffee, Green",United States,1994,Domestic Consumption,(1000 60 KG BAGS),237.0,0,1,00,"USDA FAS PS&D (Production, Supply & Distribution)",https://apps.fas.usda.gov/psdonline/downloads/
"Coffee, Green",United States,1995,Domestic Consumption,(1000 60 KG BAGS),236.0,0,1,00,"USDA FAS PS&D (Production, Supply & Distribution)",https://apps.fas.usda.gov/psdonline/downloads/
"Coffee, Green",United States,1996,Domestic Consumption,(1000 60 KG BAGS),270.0,0,1,00,"USDA FAS PS&D (Production, Supply & Distribution)",https://apps.fas.usda.gov/psdonline/downloads/
"Coffee, Green",United States,1997,Domestic Consumption,(1000 60 KG BAGS),232.0,0,1,00,"USDA FAS PS&D (Production, Supply & Distribution)",https://apps.fas.usda.gov/psdonline/downloads/
"Coffee, Green",United States,1998,Domestic Consumption,(1000 60 KG BAGS),163.0,0,1,00,"USDA FAS PS&D (Production, Supply & Distribution)",https://apps.fas.usda.gov/psdonline/downloads/
"Coffee, Green",United States,1999,Domestic Consumption,(1000 60 KG BAGS),185.0,0,1,00,"USDA FAS PS&D (Production, Supply & Distribution)",https://apps.fas.usda.gov/psdonline/downloads/
"Coffee, Green",United States,2000,Domestic Consumption,(1000 60 KG BAGS),183.0,0,1,00,"USDA FAS PS&D (Production, Supply & Distribution)",https://apps.fas.usda.gov/psdonline/downloads/
"Coffee, Green",United States,2001,Domestic Consumption,(1000 60 KG BAGS),0.0,0,1,12,"USDA FAS PS&D (Production, Supply & Distribution)",https://apps.fas.usda.gov/psdonline/downloads/
"Coffee, Green",United States,2002,Domestic Consumption,(1000 60 KG BAGS),21133.0,0,1,06,"USDA FAS PS&D (Production, Supply & Distribution)",https://apps.fas.usda.gov/psdonline/downloads/
"Coffee, Green",United States,2003,Domestic Consumption,(1000 60 KG BAGS),22086.0,0,1,06,"USDA FAS PS&D (Production, Supply & Distribution)",https://apps.fas.usda.gov/psdonline/downloads/
"Coffee, Green",United States,2004,Domestic Consumption,(1000 60 KG BAGS),21500.0,0,1,06,"USDA FAS PS&D (Production, Supply & Distribution)",https://apps.fas.usda.gov/psdonline/downloads/
"Coffee, Green",United States,2005,Domestic Consumption,(1000 60 KG BAGS),22066.0,0,1,06,"USDA FAS PS&D (Production, Supply & Distribution)",https://apps.fas.usda.gov/psdonline/downloads/
"Coffee, Green",United States,2006,Domestic Consumption,(1000 60 KG BAGS),21772.0,0,1,06,"USDA FAS PS&D (Production, Supply & Distribution)",https://apps.fas.usda.gov/psdonline/downloads/
"Coffee, Green",United States,2007,Domestic Consumption,(1000 60 KG BAGS),21816.0,0,1,06,"USDA FAS PS&D (Production, Supply & Distribution)",https://apps.fas.usda.gov/psdonline/downloads/
"Coffee, Green",United States,2008,Domestic Consumption,(1000 60 KG BAGS),21832.0,0,1,06,"USDA FAS PS&D (Production, Supply & Distribution)",https://apps.fas.usda.gov/psdonline/downloads/
"Coffee, Green",United States,2009,Domestic Consumption,(1000 60 KG BAGS),21391.0,0,1,06,"USDA FAS PS&D (Production, Supply & Distribution)",https://apps.fas.usda.gov/psdonline/downloads/
"Coffee, Green",United States,2010,Domestic Consumption,(1000 60 KG BAGS),22383.0,0,1,06,"USDA FAS PS&D (Production, Supply & Distribution)",https://apps.fas.usda.gov/psdonline/downloads/
"Coffee, Green",United States,2011,Domestic Consumption,(1000 60 KG BAGS),22946.0,0,1,06,"USDA FAS PS&D (Production, Supply & Distribution)",https://apps.fas.usda.gov/psdonline/downloads/
"Coffee, Green",United States,2012,Domestic Consumption,(1000 60 KG BAGS),23027.0,0,1,06,"USDA FAS PS&D (Production, Supply & Distribution)",https://apps.fas.usda.gov/psdonline/downloads/
"Coffee, Green",United States,2013,Domestic Consumption,(1000 60 KG BAGS),23811.0,0,1,06,"USDA FAS PS&D (Production, Supply & Distribution)",https://apps.fas.usda.gov/psdonline/downloads/
"Coffee, Green",United States,2014,Domestic Consumption,(1000 60 KG BAGS),23568.0,0,1,06,"USDA FAS PS&D (Production, Supply & Distribution)",https://apps.fas.usda.gov/psdonline/downloads/
"Coffee, Green",United States,2015,Domestic Consumption,(1000 60 KG BAGS),25083.0,0,1,12,"USDA FAS PS&D (Production, Supply & Distribution)",https://apps.fas.usda.gov/psdonline/downloads/
"Coffee, Green",United States,2016,Domestic Consumption,(1000 60 KG BAGS),25512.0,0,1,12,"USDA FAS PS&D (Production, Supply & Distribution)",https://apps.fas.usda.gov/psdonline/downloads/
"Coffee, Green",United States,2017,Domestic Consumption,(1000 60 KG BAGS),25557.0,0,1,12,"USDA FAS PS&D (Production, Supply & Distribution)",https://apps.fas.usda.gov/psdonline/downloads/
"Coffee, Green",United States,2018,Domestic Consumption,(1000 60 KG BAGS),27162.0,0,1,12,"USDA FAS PS&D (Production, Supply & Distribution)",https://apps.fas.usda.gov/psdonline/downloads/
"Coffee, Green",United States,2019,Domestic Consumption,(1000 60 KG BAGS),26049.0,0,1,12,"USDA FAS PS&D (Production, Supply & Distribution)",https://apps.fas.usda.gov/psdonline/downloads/
"Coffee, Green",United States,2020,Domestic Consumption,(1000 60 KG BAGS),25922.0,0,1,12,"USDA FAS PS&D (Production, Supply & Distribution)",https://apps.fas.usda.gov/psdonline/downloads/
"Coffee, Green",United States,2021,Domestic Consumption,(1000 60 KG BAGS),26708.0,0,1,12,"USDA FAS PS&D (Production, Supply & Distribution)",https://apps.fas.usda.gov/psdonline/downloads/
"Coffee, Green",United States,2022,Domestic Consumption,(1000 60 KG BAGS),24623.0,0,1,12,"USDA FAS PS&D (Production, Supply & Distribution)",https://apps.fas.usda.gov/psdonline/downloads/
"Coffee, Green",United States,2023,Domestic Consumption,(1000 60 KG BAGS),23545.0,0,1,12,"USDA FAS PS&D (Production, Supply & Distribution)",https://apps.fas.usda.gov/psdonline/downloads/
"Coffee, Green",United States,2024,Domestic Consumption,(1000 60 KG BAGS),26220.0,0,1,12,"USDA FAS PS&D (Production, Supply & Distribution)",https://apps.fas.usda.gov/psdonline/downloads/
"Coffee, Green",United States,2025,Domestic Consumption,(1000 60 KG BAGS),26550.0,0,1,12,"USDA FAS PS&D (Production, Supply & Distribution)",https://apps.fas.usda.gov/psdonline/downloads/
"Coffee, Green",United States,1960,Ending Stocks,(1000 60 KG BAGS),28.0,0,1,00,"USDA FAS PS&D (Production, Supply & Distribution)",https://apps.fas.usda.gov/psdonline/downloads/
"Coffee, Green",United States,1961,Ending Stocks,(1000 60 KG BAGS),63.0,0,1,00,"USDA FAS PS&D (Production, Supply & Distribution)",https://apps.fas.usda.gov/psdonline/downloads/
"Coffee, Green",United States,1962,Ending Stocks,(1000 60 KG BAGS),132.0,0,1,00,"USDA FAS PS&D (Production, Supply & Distribution)",https://apps.fas.usda.gov/psdonline/downloads/
"Coffee, Green",United States,1963,Ending Stocks,(1000 60 KG BAGS),57.0,0,1,00,"USDA FAS PS&D (Production, Supply & Distribution)",https://apps.fas.usda.gov/psdonline/downloads/
"Coffee, Green",United States,1964,Ending Stocks,(1000 60 KG BAGS),16.0,0,1,00,"USDA FAS PS&D (Production, Supply & Distribution)",https://apps.fas.usda.gov/psdonline/downloads/
"Coffee, Green",United States,1965,Ending Stocks,(1000 60 KG BAGS),15.0,0,1,00,"USDA FAS PS&D (Production, Supply & Distribution)",https://apps.fas.usda.gov/psdonline/downloads/
"Coffee, Green",United States,1966,Ending Stocks,(1000 60 KG BAGS),51.0,0,1,00,"USDA FAS PS&D (Production, Supply & Distribution)",https://apps.fas.usda.gov/psdonline/downloads/
"Coffee, Green",United States,1967,Ending Stocks,(1000 60 KG BAGS),96.0,0,1,00,"USDA FAS PS&D (Production, Supply & Distribution)",https://apps.fas.usda.gov/psdonline/downloads/
"Coffee, Green",United States,1968,Ending Stocks,(1000 60 KG BAGS),51.0,0,1,00,"USDA FAS PS&D (Production, Supply & Distribution)",https://apps.fas.usda.gov/psdonline/downloads/
"Coffee, Green",United States,1969,Ending Stocks,(1000 60 KG BAGS),28.0,0,1,00,"USDA FAS PS&D (Production, Supply & Distribution)",https://apps.fas.usda.gov/psdonline/downloads/
"Coffee, Green",United States,1970,Ending Stocks,(1000 60 KG BAGS),51.0,0,1,00,"USDA FAS PS&D (Production, Supply & Distribution)",https://apps.fas.usda.gov/psdonline/downloads/
"Coffee, Green",United States,1971,Ending Stocks,(1000 60 KG BAGS),42.0,0,1,00,"USDA FAS PS&D (Production, Supply & Distribution)",https://apps.fas.usda.gov/psdonline/downloads/
"Coffee, Green",United States,1972,Ending Stocks,(1000 60 KG BAGS),27.0,0,1,00,"USDA FAS PS&D (Production, Supply & Distribution)",https://apps.fas.usda.gov/psdonline/downloads/
"Coffee, Green",United States,1973,Ending Stocks,(1000 60 KG BAGS),29.0,0,1,00,"USDA FAS PS&D (Production, Supply & Distribution)",https://apps.fas.usda.gov/psdonline/downloads/
"Coffee, Green",United States,1974,Ending Stocks,(1000 60 KG BAGS),35.0,0,1,00,"USDA FAS PS&D (Production, Supply & Distribution)",https://apps.fas.usda.gov/psdonline/downloads/
"Coffee, Green",United States,1975,Ending Stocks,(1000 60 KG BAGS),11.0,0,1,00,"USDA FAS PS&D (Production, Supply & Distribution)",https://apps.fas.usda.gov/psdonline/downloads/
"Coffee, Green",United States,1976,Ending Stocks,(1000 60 KG BAGS),8.0,0,1,00,"USDA FAS PS&D (Production, Supply & Distribution)",https://apps.fas.usda.gov/psdonline/downloads/
"Coffee, Green",United States,1977,Ending Stocks,(1000 60 KG BAGS),34.0,0,1,00,"USDA FAS PS&D (Production, Supply & Distribution)",https://apps.fas.usda.gov/psdonline/downloads/
"Coffee, Green",United States,1978,Ending Stocks,(1000 60 KG BAGS),9.0,0,1,00,"USDA FAS PS&D (Production, Supply & Distribution)",https://apps.fas.usda.gov/psdonline/downloads/
"Coffee, Green",United States,1979,Ending Stocks,(1000 60 KG BAGS),35.0,0,1,00,"USDA FAS PS&D (Production, Supply & Distribution)",https://apps.fas.usda.gov/psdonline/downloads/
"Coffee, Green",United States,1980,Ending Stocks,(1000 60 KG BAGS),72.0,0,1,00,"USDA FAS PS&D (Production, Supply & Distribution)",https://apps.fas.usda.gov/psdonline/downloads/
"Coffee, Green",United States,1981,Ending Stocks,(1000 60 KG BAGS),62.0,0,1,00,"USDA FAS PS&D (Production, Supply & Distribution)",https://apps.fas.usda.gov/psdonline/downloads/
"Coffee, Green",United States,1982,Ending Stocks,(1000 60 KG BAGS),74.0,0,1,00,"USDA FAS PS&D (Production, Supply & Distribution)",https://apps.fas.usda.gov/psdonline/downloads/
"Coffee, Green",United States,1983,Ending Stocks,(1000 60 KG BAGS),12.0,0,1,00,"USDA FAS PS&D (Production, Supply & Distribution)",https://apps.fas.usda.gov/psdonline/downloads/
"Coffee, Green",United States,1984,Ending Stocks,(1000 60 KG BAGS),42.0,0,1,00,"USDA FAS PS&D (Production, Supply & Distribution)",https://apps.fas.usda.gov/psdonline/downloads/
"Coffee, Green",United States,1985,Ending Stocks,(1000 60 KG BAGS),0.0,0,1,00,"USDA FAS PS&D (Production, Supply & Distribution)",https://apps.fas.usda.gov/psdonline/downloads/
"Coffee, Green",United States,1986,Ending Stocks,(1000 60 KG BAGS),0.0,0,1,00,"USDA FAS PS&D (Production, Supply & Distribution)",https://apps.fas.usda.gov/psdonline/downloads/
"Coffee, Green",United States,1987,Ending Stocks,(1000 60 KG BAGS),0.0,0,1,00,"USDA FAS PS&D (Production, Supply & Distribution)",https://apps.fas.usda.gov/psdonline/downloads/
"Coffee, Green",United States,1988,Ending Stocks,(1000 60 KG BAGS),0.0,0,1,00,"USDA FAS PS&D (Production, Supply & Distribution)",https://apps.fas.usda.gov/psdonline/downloads/
"Coffee, Green",United States,1989,Ending Stocks,(1000 60 KG BAGS),0.0,0,1,00,"USDA FAS PS&D (Production, Supply & Distribution)",https://apps.fas.usda.gov/psdonline/downloads/
"Coffee, Green",United States,1990,Ending Stocks,(1000 60 KG BAGS),0.0,0,1,00,"USDA FAS PS&D (Production, Supply & Distribution)",https://apps.fas.usda.gov/psdonline/downloads/
"Coffee, Green",United States,1991,Ending Stocks,(1000 60 KG BAGS),0.0,0,1,00,"USDA FAS PS&D (Production, Supply & Distribution)",https://apps.fas.usda.gov/psdonline/downloads/
"Coffee, Green",United States,1992,Ending Stocks,(1000 60 KG BAGS),0.0,0,1,00,"USDA FAS PS&D (Production, Supply & Distribution)",https://apps.fas.usda.gov/psdonline/downloads/
"Coffee, Green",United States,1993,Ending Stocks,(1000 60 KG BAGS),0.0,0,1,00,"USDA FAS PS&D (Production, Supply & Distribution)",https://apps.fas.usda.gov/psdonline/downloads/
"Coffee, Green",United States,1994,Ending Stocks,(1000 60 KG BAGS),0.0,0,1,00,"USDA FAS PS&D (Production, Supply & Distribution)",https://apps.fas.usda.gov/psdonline/downloads/
"Coffee, Green",United States,1995,Ending Stocks,(1000 60 KG BAGS),0.0,0,1,00,"USDA FAS PS&D (Production, Supply & Distribution)",https://apps.fas.usda.gov/psdonline/downloads/
"Coffee, Green",United States,1996,Ending Stocks,(1000 60 KG BAGS),0.0,0,1,00,"USDA FAS PS&D (Production, Supply & Distribution)",https://apps.fas.usda.gov/psdonline/downloads/
"Coffee, Green",United States,1997,Ending Stocks,(1000 60 KG BAGS),0.0,0,1,00,"USDA FAS PS&D (Production, Supply & Distribution)",https://apps.fas.usda.gov/psdonline/downloads/
"Coffee, Green",United States,1998,Ending Stocks,(1000 60 KG BAGS),0.0,0,1,00,"USDA FAS PS&D (Production, Supply & Distribution)",https://apps.fas.usda.gov/psdonline/downloads/
"Coffee, Green",United States,1999,Ending Stocks,(1000 60 KG BAGS),0.0,0,1,00,"USDA FAS PS&D (Production, Supply & Distribution)",https://apps.fas.usda.gov/psdonline/downloads/
"Coffee, Green",United States,2000,Ending Stocks,(1000 60 KG BAGS),0.0,0,1,00,"USDA FAS PS&D (Production, Supply & Distribution)",https://apps.fas.usda.gov/psdonline/downloads/
"Coffee, Green",United States,2001,Ending Stocks,(1000 60 KG BAGS),5490.0,0,1,12,"USDA FAS PS&D (Production, Supply & Distribution)",https://apps.fas.usda.gov/psdonline/downloads/
"Coffee, Green",United States,2002,Ending Stocks,(1000 60 KG BAGS),6100.0,0,1,06,"USDA FAS PS&D (Production, Supply & Distribution)",https://apps.fas.usda.gov/psdonline/downloads/
"Coffee, Green",United States,2003,Ending Stocks,(1000 60 KG BAGS),5620.0,0,1,06,"USDA FAS PS&D (Production, Supply & Distribution)",https://apps.fas.usda.gov/psdonline/downloads/
"Coffee, Green",United States,2004,Ending Stocks,(1000 60 KG BAGS),5700.0,0,1,06,"USDA FAS PS&D (Production, Supply & Distribution)",https://apps.fas.usda.gov/psdonline/downloads/
"Coffee, Green",United States,2005,Ending Stocks,(1000 60 KG BAGS),5200.0,0,1,06,"USDA FAS PS&D (Production, Supply & Distribution)",https://apps.fas.usda.gov/psdonline/downloads/
"Coffee, Green",United States,2006,Ending Stocks,(1000 60 KG BAGS),5700.0,0,1,06,"USDA FAS PS&D (Production, Supply & Distribution)",https://apps.fas.usda.gov/psdonline/downloads/
"Coffee, Green",United States,2007,Ending Stocks,(1000 60 KG BAGS),5600.0,0,1,06,"USDA FAS PS&D (Production, Supply & Distribution)",https://apps.fas.usda.gov/psdonline/downloads/
"Coffee, Green",United States,2008,Ending Stocks,(1000 60 KG BAGS),5333.0,0,1,06,"USDA FAS PS&D (Production, Supply & Distribution)",https://apps.fas.usda.gov/psdonline/downloads/
"Coffee, Green",United States,2009,Ending Stocks,(1000 60 KG BAGS),4250.0,0,1,06,"USDA FAS PS&D (Production, Supply & Distribution)",https://apps.fas.usda.gov/psdonline/downloads/
"Coffee, Green",United States,2010,Ending Stocks,(1000 60 KG BAGS),4580.0,0,1,06,"USDA FAS PS&D (Production, Supply & Distribution)",https://apps.fas.usda.gov/psdonline/downloads/
"Coffee, Green",United States,2011,Ending Stocks,(1000 60 KG BAGS),5100.0,0,1,06,"USDA FAS PS&D (Production, Supply & Distribution)",https://apps.fas.usda.gov/psdonline/downloads/
"Coffee, Green",United States,2012,Ending Stocks,(1000 60 KG BAGS),5450.0,0,1,06,"USDA FAS PS&D (Production, Supply & Distribution)",https://apps.fas.usda.gov/psdonline/downloads/
"Coffee, Green",United States,2013,Ending Stocks,(1000 60 KG BAGS),6025.0,0,1,06,"USDA FAS PS&D (Production, Supply & Distribution)",https://apps.fas.usda.gov/psdonline/downloads/
"Coffee, Green",United States,2014,Ending Stocks,(1000 60 KG BAGS),6117.0,0,1,06,"USDA FAS PS&D (Production, Supply & Distribution)",https://apps.fas.usda.gov/psdonline/downloads/
"Coffee, Green",United States,2015,Ending Stocks,(1000 60 KG BAGS),6199.0,0,1,12,"USDA FAS PS&D (Production, Supply & Distribution)",https://apps.fas.usda.gov/psdonline/downloads/
"Coffee, Green",United States,2016,Ending Stocks,(1000 60 KG BAGS),7190.0,0,1,12,"USDA FAS PS&D (Production, Supply & Distribution)",https://apps.fas.usda.gov/psdonline/downloads/
"Coffee, Green",United States,2017,Ending Stocks,(1000 60 KG BAGS),6440.0,0,1,12,"USDA FAS PS&D (Production, Supply & Distribution)",https://apps.fas.usda.gov/psdonline/downloads/
"Coffee, Green",United States,2018,Ending Stocks,(1000 60 KG BAGS),7352.0,0,1,12,"USDA FAS PS&D (Production, Supply & Distribution)",https://apps.fas.usda.gov/psdonline/downloads/
"Coffee, Green",United States,2019,Ending Stocks,(1000 60 KG BAGS),6402.0,0,1,12,"USDA FAS PS&D (Production, Supply & Distribution)",https://apps.fas.usda.gov/psdonline/downloads/
"Coffee, Green",United States,2020,Ending Stocks,(1000 60 KG BAGS),6023.0,0,1,12,"USDA FAS PS&D (Production, Supply & Distribution)",https://apps.fas.usda.gov/psdonline/downloads/
"Coffee, Green",United States,2021,Ending Stocks,(1000 60 KG BAGS),6378.0,0,1,12,"USDA FAS PS&D (Production, Supply & Distribution)",https://apps.fas.usda.gov/psdonline/downloads/
"Coffee, Green",United States,2022,Ending Stocks,(1000 60 KG BAGS),5700.0,0,1,12,"USDA FAS PS&D (Production, Supply & Distribution)",https://apps.fas.usda.gov/psdonline/downloads/
"Coffee, Green",United States,2023,Ending Stocks,(1000 60 KG BAGS),5700.0,0,1,12,"USDA FAS PS&D (Production, Supply & Distribution)",https://apps.fas.usda.gov/psdonline/downloads/
"Coffee, Green",United States,2024,Ending Stocks,(1000 60 KG BAGS),5700.0,0,1,12,"USDA FAS PS&D (Production, Supply & Distribution)",https://apps.fas.usda.gov/psdonline/downloads/
"Coffee, Green",United States,2025,Ending Stocks,(1000 60 KG BAGS),5700.0,0,1,12,"USDA FAS PS&D (Production, Supply & Distribution)",https://apps.fas.usda.gov/psdonline/downloads/
"Coffee, Green",United States,1960,Exports,(1000 60 KG BAGS),2.0,0,1,00,"USDA FAS PS&D (Production, Supply & Distribution)",https://apps.fas.usda.gov/psdonline/downloads/
"Coffee, Green",United States,1961,Exports,(1000 60 KG BAGS),43.0,0,1,00,"USDA FAS PS&D (Production, Supply & Distribution)",https://apps.fas.usda.gov/psdonline/downloads/
"Coffee, Green",United States,1962,Exports,(1000 60 KG BAGS),35.0,0,1,00,"USDA FAS PS&D (Production, Supply & Distribution)",https://apps.fas.usda.gov/psdonline/downloads/
"Coffee, Green",United States,1963,Exports,(1000 60 KG BAGS),116.0,0,1,00,"USDA FAS PS&D (Production, Supply & Distribution)",https://apps.fas.usda.gov/psdonline/downloads/
"Coffee, Green",United States,1964,Exports,(1000 60 KG BAGS),114.0,0,1,00,"USDA FAS PS&D (Production, Supply & Distribution)",https://apps.fas.usda.gov/psdonline/downloads/
"Coffee, Green",United States,1965,Exports,(1000 60 KG BAGS),47.0,0,1,00,"USDA FAS PS&D (Production, Supply & Distribution)",https://apps.fas.usda.gov/psdonline/downloads/
"Coffee, Green",United States,1966,Exports,(1000 60 KG BAGS),24.0,0,1,00,"USDA FAS PS&D (Production, Supply & Distribution)",https://apps.fas.usda.gov/psdonline/downloads/
"Coffee, Green",United States,1967,Exports,(1000 60 KG BAGS),29.0,0,1,00,"USDA FAS PS&D (Production, Supply & Distribution)",https://apps.fas.usda.gov/psdonline/downloads/
"Coffee, Green",United States,1968,Exports,(1000 60 KG BAGS),23.0,0,1,00,"USDA FAS PS&D (Production, Supply & Distribution)",https://apps.fas.usda.gov/psdonline/downloads/
"Coffee, Green",United States,1969,Exports,(1000 60 KG BAGS),10.0,0,1,00,"USDA FAS PS&D (Production, Supply & Distribution)",https://apps.fas.usda.gov/psdonline/downloads/
"Coffee, Green",United States,1970,Exports,(1000 60 KG BAGS),3.0,0,1,00,"USDA FAS PS&D (Production, Supply & Distribution)",https://apps.fas.usda.gov/psdonline/downloads/
"Coffee, Green",United States,1971,Exports,(1000 60 KG BAGS),3.0,0,1,00,"USDA FAS PS&D (Production, Supply & Distribution)",https://apps.fas.usda.gov/psdonline/downloads/
"Coffee, Green",United States,1972,Exports,(1000 60 KG BAGS),4.0,0,1,00,"USDA FAS PS&D (Production, Supply & Distribution)",https://apps.fas.usda.gov/psdonline/downloads/
"Coffee, Green",United States,1973,Exports,(1000 60 KG BAGS),3.0,0,1,00,"USDA FAS PS&D (Production, Supply & Distribution)",https://apps.fas.usda.gov/psdonline/downloads/
"Coffee, Green",United States,1974,Exports,(1000 60 KG BAGS),3.0,0,1,00,"USDA FAS PS&D (Production, Supply & Distribution)",https://apps.fas.usda.gov/psdonline/downloads/
"Coffee, Green",United States,1975,Exports,(1000 60 KG BAGS),4.0,0,1,00,"USDA FAS PS&D (Production, Supply & Distribution)",https://apps.fas.usda.gov/psdonline/downloads/
"Coffee, Green",United States,1976,Exports,(1000 60 KG BAGS),2.0,0,1,00,"USDA FAS PS&D (Production, Supply & Distribution)",https://apps.fas.usda.gov/psdonline/downloads/
"Coffee, Green",United States,1977,Exports,(1000 60 KG BAGS),2.0,0,1,00,"USDA FAS PS&D (Production, Supply & Distribution)",https://apps.fas.usda.gov/psdonline/downloads/
"Coffee, Green",United States,1978,Exports,(1000 60 KG BAGS),1.0,0,1,00,"USDA FAS PS&D (Production, Supply & Distribution)",https://apps.fas.usda.gov/psdonline/downloads/
"Coffee, Green",United States,1979,Exports,(1000 60 KG BAGS),1.0,0,1,00,"USDA FAS PS&D (Production, Supply & Distribution)",https://apps.fas.usda.gov/psdonline/downloads/
"Coffee, Green",United States,1980,Exports,(1000 60 KG BAGS),1.0,0,1,00,"USDA FAS PS&D (Production, Supply & Distribution)",https://apps.fas.usda.gov/psdonline/downloads/
"Coffee, Green",United States,1981,Exports,(1000 60 KG BAGS),5.0,0,1,00,"USDA FAS PS&D (Production, Supply & Distribution)",https://apps.fas.usda.gov/psdonline/downloads/
"Coffee, Green",United States,1982,Exports,(1000 60 KG BAGS),1.0,0,1,00,"USDA FAS PS&D (Production, Supply & Distribution)",https://apps.fas.usda.gov/psdonline/downloads/
"Coffee, Green",United States,1983,Exports,(1000 60 KG BAGS),2.0,0,1,00,"USDA FAS PS&D (Production, Supply & Distribution)",https://apps.fas.usda.gov/psdonline/downloads/
"Coffee, Green",United States,1984,Exports,(1000 60 KG BAGS),2.0,0,1,00,"USDA FAS PS&D (Production, Supply & Distribution)",https://apps.fas.usda.gov/psdonline/downloads/
"Coffee, Green",United States,1985,Exports,(1000 60 KG BAGS),2.0,0,1,00,"USDA FAS PS&D (Production, Supply & Distribution)",https://apps.fas.usda.gov/psdonline/downloads/
"Coffee, Green",United States,1986,Exports,(1000 60 KG BAGS),2.0,0,1,00,"USDA FAS PS&D (Production, Supply & Distribution)",https://apps.fas.usda.gov/psdonline/downloads/
"Coffee, Green",United States,1987,Exports,(1000 60 KG BAGS),2.0,0,1,00,"USDA FAS PS&D (Production, Supply & Distribution)",https://apps.fas.usda.gov/psdonline/downloads/
"Coffee, Green",United States,1988,Exports,(1000 60 KG BAGS),0.0,0,1,00,"USDA FAS PS&D (Production, Supply & Distribution)",https://apps.fas.usda.gov/psdonline/downloads/
"Coffee, Green",United States,1989,Exports,(1000 60 KG BAGS),0.0,0,1,00,"USDA FAS PS&D (Production, Supply & Distribution)",https://apps.fas.usda.gov/psdonline/downloads/
"Coffee, Green",United States,1990,Exports,(1000 60 KG BAGS),0.0,0,1,00,"USDA FAS PS&D (Production, Supply & Distribution)",https://apps.fas.usda.gov/psdonline/downloads/
"Coffee, Green",United States,1991,Exports,(1000 60 KG BAGS),0.0,0,1,00,"USDA FAS PS&D (Production, Supply & Distribution)",https://apps.fas.usda.gov/psdonline/downloads/
"Coffee, Green",United States,1992,Exports,(1000 60 KG BAGS),0.0,0,1,00,"USDA FAS PS&D (Production, Supply & Distribution)",https://apps.fas.usda.gov/psdonline/downloads/
"Coffee, Green",United States,1993,Exports,(1000 60 KG BAGS),0.0,0,1,00,"USDA FAS PS&D (Production, Supply & Distribution)",https://apps.fas.usda.gov/psdonline/downloads/
"Coffee, Green",United States,1994,Exports,(1000 60 KG BAGS),0.0,0,1,00,"USDA FAS PS&D (Production, Supply & Distribution)",https://apps.fas.usda.gov/psdonline/downloads/
"Coffee, Green",United States,1995,Exports,(1000 60 KG BAGS),0.0,0,1,00,"USDA FAS PS&D (Production, Supply & Distribution)",https://apps.fas.usda.gov/psdonline/downloads/
"Coffee, Green",United States,1996,Exports,(1000 60 KG BAGS),0.0,0,1,00,"USDA FAS PS&D (Production, Supply & Distribution)",https://apps.fas.usda.gov/psdonline/downloads/
"Coffee, Green",United States,1997,Exports,(1000 60 KG BAGS),0.0,0,1,00,"USDA FAS PS&D (Production, Supply & Distribution)",https://apps.fas.usda.gov/psdonline/downloads/
"Coffee, Green",United States,1998,Exports,(1000 60 KG BAGS),0.0,0,1,00,"USDA FAS PS&D (Production, Supply & Distribution)",https://apps.fas.usda.gov/psdonline/downloads/
"Coffee, Green",United States,1999,Exports,(1000 60 KG BAGS),0.0,0,1,00,"USDA FAS PS&D (Production, Supply & Distribution)",https://apps.fas.usda.gov/psdonline/downloads/
"Coffee, Green",United States,2000,Exports,(1000 60 KG BAGS),0.0,0,1,00,"USDA FAS PS&D (Production, Supply & Distribution)",https://apps.fas.usda.gov/psdonline/downloads/
"Coffee, Green",United States,2001,Exports,(1000 60 KG BAGS),0.0,0,1,12,"USDA FAS PS&D (Production, Supply & Distribution)",https://apps.fas.usda.gov/psdonline/downloads/
"Coffee, Green",United States,2002,Exports,(1000 60 KG BAGS),50.0,0,1,06,"USDA FAS PS&D (Production, Supply & Distribution)",https://apps.fas.usda.gov/psdonline/downloads/
"Coffee, Green",United States,2003,Exports,(1000 60 KG BAGS),0.0,0,1,06,"USDA FAS PS&D (Production, Supply & Distribution)",https://apps.fas.usda.gov/psdonline/downloads/
"Coffee, Green",United States,2004,Exports,(1000 60 KG BAGS),70.0,0,1,06,"USDA FAS PS&D (Production, Supply & Distribution)",https://apps.fas.usda.gov/psdonline/downloads/
"Coffee, Green",United States,2005,Exports,(1000 60 KG BAGS),290.0,0,1,06,"USDA FAS PS&D (Production, Supply & Distribution)",https://apps.fas.usda.gov/psdonline/downloads/
"Coffee, Green",United States,2006,Exports,(1000 60 KG BAGS),480.0,0,1,06,"USDA FAS PS&D (Production, Supply & Distribution)",https://apps.fas.usda.gov/psdonline/downloads/
"Coffee, Green",United States,2007,Exports,(1000 60 KG BAGS),750.0,0,1,06,"USDA FAS PS&D (Production, Supply & Distribution)",https://apps.fas.usda.gov/psdonline/downloads/
"Coffee, Green",United States,2008,Exports,(1000 60 KG BAGS),800.0,0,1,06,"USDA FAS PS&D (Production, Supply & Distribution)",https://apps.fas.usda.gov/psdonline/downloads/
"Coffee, Green",United States,2009,Exports,(1000 60 KG BAGS),615.0,0,1,06,"USDA FAS PS&D (Production, Supply & Distribution)",https://apps.fas.usda.gov/psdonline/downloads/
"Coffee, Green",United States,2010,Exports,(1000 60 KG BAGS),450.0,0,1,06,"USDA FAS PS&D (Production, Supply & Distribution)",https://apps.fas.usda.gov/psdonline/downloads/
"Coffee, Green",United States,2011,Exports,(1000 60 KG BAGS),405.0,0,1,06,"USDA FAS PS&D (Production, Supply & Distribution)",https://apps.fas.usda.gov/psdonline/downloads/
"Coffee, Green",United States,2012,Exports,(1000 60 KG BAGS),365.0,0,1,06,"USDA FAS PS&D (Production, Supply & Distribution)",https://apps.fas.usda.gov/psdonline/downloads/
"Coffee, Green",United States,2013,Exports,(1000 60 KG BAGS),580.0,0,1,06,"USDA FAS PS&D (Production, Supply & Distribution)",https://apps.fas.usda.gov/psdonline/downloads/
"Coffee, Green",United States,2014,Exports,(1000 60 KG BAGS),380.0,0,1,06,"USDA FAS PS&D (Production, Supply & Distribution)",https://apps.fas.usda.gov/psdonline/downloads/
"Coffee, Green",United States,2015,Exports,(1000 60 KG BAGS),60.0,0,1,12,"USDA FAS PS&D (Production, Supply & Distribution)",https://apps.fas.usda.gov/psdonline/downloads/
"Coffee, Green",United States,2016,Exports,(1000 60 KG BAGS),0.0,0,1,12,"USDA FAS PS&D (Production, Supply & Distribution)",https://apps.fas.usda.gov/psdonline/downloads/
"Coffee, Green",United States,2017,Exports,(1000 60 KG BAGS),0.0,0,1,12,"USDA FAS PS&D (Production, Supply & Distribution)",https://apps.fas.usda.gov/psdonline/downloads/
"Coffee, Green",United States,2018,Exports,(1000 60 KG BAGS),0.0,0,1,12,"USDA FAS PS&D (Production, Supply & Distribution)",https://apps.fas.usda.gov/psdonline/downloads/
"Coffee, Green",United States,2019,Exports,(1000 60 KG BAGS),0.0,0,1,12,"USDA FAS PS&D (Production, Supply & Distribution)",https://apps.fas.usda.gov/psdonline/downloads/
"Coffee, Green",United States,2020,Exports,(1000 60 KG BAGS),0.0,0,1,12,"USDA FAS PS&D (Production, Supply & Distribution)",https://apps.fas.usda.gov/psdonline/downloads/
"Coffee, Green",United States,2021,Exports,(1000 60 KG BAGS),0.0,0,1,12,"USDA FAS PS&D (Production, Supply & Distribution)",https://apps.fas.usda.gov/psdonline/downloads/
"Coffee, Green",United States,2022,Exports,(1000 60 KG BAGS),0.0,0,1,12,"USDA FAS PS&D (Production, Supply & Distribution)",https://apps.fas.usda.gov/psdonline/downloads/
"Coffee, Green",United States,2023,Exports,(1000 60 KG BAGS),0.0,0,1,12,"USDA FAS PS&D (Production, Supply & Distribution)",https://apps.fas.usda.gov/psdonline/downloads/
"Coffee, Green",United States,2024,Exports,(1000 60 KG BAGS),0.0,0,1,12,"USDA FAS PS&D (Production, Supply & Distribution)",https://apps.fas.usda.gov/psdonline/downloads/
"Coffee, Green",United States,2025,Exports,(1000 60 KG BAGS),0.0,0,1,12,"USDA FAS PS&D (Production, Supply & Distribution)",https://apps.fas.usda.gov/psdonline/downloads/
"Coffee, Green",United States,1960,Imports,(1000 60 KG BAGS),6.0,0,1,00,"USDA FAS PS&D (Production, Supply & Distribution)",https://apps.fas.usda.gov/psdonline/downloads/
"Coffee, Green",United States,1961,Imports,(1000 60 KG BAGS),9.0,0,1,00,"USDA FAS PS&D (Production, Supply & Distribution)",https://apps.fas.usda.gov/psdonline/downloads/
"Coffee, Green",United States,1962,Imports,(1000 60 KG BAGS),6.0,0,1,00,"USDA FAS PS&D (Production, Supply & Distribution)",https://apps.fas.usda.gov/psdonline/downloads/
"Coffee, Green",United States,1963,Imports,(1000 60 KG BAGS),9.0,0,1,00,"USDA FAS PS&D (Production, Supply & Distribution)",https://apps.fas.usda.gov/psdonline/downloads/
"Coffee, Green",United States,1964,Imports,(1000 60 KG BAGS),8.0,0,1,00,"USDA FAS PS&D (Production, Supply & Distribution)",https://apps.fas.usda.gov/psdonline/downloads/
"Coffee, Green",United States,1965,Imports,(1000 60 KG BAGS),44.0,0,1,00,"USDA FAS PS&D (Production, Supply & Distribution)",https://apps.fas.usda.gov/psdonline/downloads/
"Coffee, Green",United States,1966,Imports,(1000 60 KG BAGS),67.0,0,1,00,"USDA FAS PS&D (Production, Supply & Distribution)",https://apps.fas.usda.gov/psdonline/downloads/
"Coffee, Green",United States,1967,Imports,(1000 60 KG BAGS),56.0,0,1,00,"USDA FAS PS&D (Production, Supply & Distribution)",https://apps.fas.usda.gov/psdonline/downloads/
"Coffee, Green",United States,1968,Imports,(1000 60 KG BAGS),29.0,0,1,00,"USDA FAS PS&D (Production, Supply & Distribution)",https://apps.fas.usda.gov/psdonline/downloads/
"Coffee, Green",United States,1969,Imports,(1000 60 KG BAGS),100.0,0,1,00,"USDA FAS PS&D (Production, Supply & Distribution)",https://apps.fas.usda.gov/psdonline/downloads/
"Coffee, Green",United States,1970,Imports,(1000 60 KG BAGS),48.0,0,1,00,"USDA FAS PS&D (Production, Supply & Distribution)",https://apps.fas.usda.gov/psdonline/downloads/
"Coffee, Green",United States,1971,Imports,(1000 60 KG BAGS),94.0,0,1,00,"USDA FAS PS&D (Production, Supply & Distribution)",https://apps.fas.usda.gov/psdonline/downloads/
"Coffee, Green",United States,1972,Imports,(1000 60 KG BAGS),81.0,0,1,00,"USDA FAS PS&D (Production, Supply & Distribution)",https://apps.fas.usda.gov/psdonline/downloads/
"Coffee, Green",United States,1973,Imports,(1000 60 KG BAGS),66.0,0,1,00,"USDA FAS PS&D (Production, Supply & Distribution)",https://apps.fas.usda.gov/psdonline/downloads/
"Coffee, Green",United States,1974,Imports,(1000 60 KG BAGS),146.0,0,1,00,"USDA FAS PS&D (Production, Supply & Distribution)",https://apps.fas.usda.gov/psdonline/downloads/
"Coffee, Green",United States,1975,Imports,(1000 60 KG BAGS),122.0,0,1,00,"USDA FAS PS&D (Production, Supply & Distribution)",https://apps.fas.usda.gov/psdonline/downloads/
"Coffee, Green",United States,1976,Imports,(1000 60 KG BAGS),127.0,0,1,00,"USDA FAS PS&D (Production, Supply & Distribution)",https://apps.fas.usda.gov/psdonline/downloads/
"Coffee, Green",United States,1977,Imports,(1000 60 KG BAGS),118.0,0,1,00,"USDA FAS PS&D (Production, Supply & Distribution)",https://apps.fas.usda.gov/psdonline/downloads/
"Coffee, Green",United States,1978,Imports,(1000 60 KG BAGS),110.0,0,1,00,"USDA FAS PS&D (Production, Supply & Distribution)",https://apps.fas.usda.gov/psdonline/downloads/
"Coffee, Green",United States,1979,Imports,(1000 60 KG BAGS),145.0,0,1,00,"USDA FAS PS&D (Production, Supply & Distribution)",https://apps.fas.usda.gov/psdonline/downloads/
"Coffee, Green",United States,1980,Imports,(1000 60 KG BAGS),99.0,0,1,00,"USDA FAS PS&D (Production, Supply & Distribution)",https://apps.fas.usda.gov/psdonline/downloads/
"Coffee, Green",United States,1981,Imports,(1000 60 KG BAGS),78.0,0,1,00,"USDA FAS PS&D (Production, Supply & Distribution)",https://apps.fas.usda.gov/psdonline/downloads/
"Coffee, Green",United States,1982,Imports,(1000 60 KG BAGS),31.0,0,1,00,"USDA FAS PS&D (Production, Supply & Distribution)",https://apps.fas.usda.gov/psdonline/downloads/
"Coffee, Green",United States,1983,Imports,(1000 60 KG BAGS),13.0,0,1,00,"USDA FAS PS&D (Production, Supply & Distribution)",https://apps.fas.usda.gov/psdonline/downloads/
"Coffee, Green",United States,1984,Imports,(1000 60 KG BAGS),23.0,0,1,00,"USDA FAS PS&D (Production, Supply & Distribution)",https://apps.fas.usda.gov/psdonline/downloads/
"Coffee, Green",United States,1985,Imports,(1000 60 KG BAGS),19.0,0,1,00,"USDA FAS PS&D (Production, Supply & Distribution)",https://apps.fas.usda.gov/psdonline/downloads/
"Coffee, Green",United States,1986,Imports,(1000 60 KG BAGS),1.0,0,1,00,"USDA FAS PS&D (Production, Supply & Distribution)",https://apps.fas.usda.gov/psdonline/downloads/
"Coffee, Green",United States,1987,Imports,(1000 60 KG BAGS),30.0,0,1,00,"USDA FAS PS&D (Production, Supply & Distribution)",https://apps.fas.usda.gov/psdonline/downloads/
"Coffee, Green",United States,1988,Imports,(1000 60 KG BAGS),0.0,0,1,00,"USDA FAS PS&D (Production, Supply & Distribution)",https://apps.fas.usda.gov/psdonline/downloads/
"Coffee, Green",United States,1989,Imports,(1000 60 KG BAGS),0.0,0,1,00,"USDA FAS PS&D (Production, Supply & Distribution)",https://apps.fas.usda.gov/psdonline/downloads/
"Coffee, Green",United States,1990,Imports,(1000 60 KG BAGS),0.0,0,1,00,"USDA FAS PS&D (Production, Supply & Distribution)",https://apps.fas.usda.gov/psdonline/downloads/
"Coffee, Green",United States,1991,Imports,(1000 60 KG BAGS),0.0,0,1,00,"USDA FAS PS&D (Production, Supply & Distribution)",https://apps.fas.usda.gov/psdonline/downloads/
"Coffee, Green",United States,1992,Imports,(1000 60 KG BAGS),0.0,0,1,00,"USDA FAS PS&D (Production, Supply & Distribution)",https://apps.fas.usda.gov/psdonline/downloads/
"Coffee, Green",United States,1993,Imports,(1000 60 KG BAGS),0.0,0,1,00,"USDA FAS PS&D (Production, Supply & Distribution)",https://apps.fas.usda.gov/psdonline/downloads/
"Coffee, Green",United States,1994,Imports,(1000 60 KG BAGS),0.0,0,1,00,"USDA FAS PS&D (Production, Supply & Distribution)",https://apps.fas.usda.gov/psdonline/downloads/
"Coffee, Green",United States,1995,Imports,(1000 60 KG BAGS),0.0,0,1,00,"USDA FAS PS&D (Production, Supply & Distribution)",https://apps.fas.usda.gov/psdonline/downloads/
"Coffee, Green",United States,1996,Imports,(1000 60 KG BAGS),0.0,0,1,00,"USDA FAS PS&D (Production, Supply & Distribution)",https://apps.fas.usda.gov/psdonline/downloads/
"Coffee, Green",United States,1997,Imports,(1000 60 KG BAGS),0.0,0,1,00,"USDA FAS PS&D (Production, Supply & Distribution)",https://apps.fas.usda.gov/psdonline/downloads/
"Coffee, Green",United States,1998,Imports,(1000 60 KG BAGS),0.0,0,1,00,"USDA FAS PS&D (Production, Supply & Distribution)",https://apps.fas.usda.gov/psdonline/downloads/
"Coffee, Green",United States,1999,Imports,(1000 60 KG BAGS),0.0,0,1,00,"USDA FAS PS&D (Production, Supply & Distribution)",https://apps.fas.usda.gov/psdonline/downloads/
"Coffee, Green",United States,2000,Imports,(1000 60 KG BAGS),0.0,0,1,00,"USDA FAS PS&D (Production, Supply & Distribution)",https://apps.fas.usda.gov/psdonline/downloads/
"Coffee, Green",United States,2001,Imports,(1000 60 KG BAGS),5327.0,0,1,12,"USDA FAS PS&D (Production, Supply & Distribution)",https://apps.fas.usda.gov/psdonline/downloads/
"Coffee, Green",United States,2002,Imports,(1000 60 KG BAGS),21630.0,0,1,06,"USDA FAS PS&D (Production, Supply & Distribution)",https://apps.fas.usda.gov/psdonline/downloads/
"Coffee, Green",United States,2003,Imports,(1000 60 KG BAGS),21420.0,0,1,06,"USDA FAS PS&D (Production, Supply & Distribution)",https://apps.fas.usda.gov/psdonline/downloads/
"Coffee, Green",United States,2004,Imports,(1000 60 KG BAGS),21510.0,0,1,06,"USDA FAS PS&D (Production, Supply & Distribution)",https://apps.fas.usda.gov/psdonline/downloads/
"Coffee, Green",United States,2005,Imports,(1000 60 KG BAGS),21695.0,0,1,06,"USDA FAS PS&D (Production, Supply & Distribution)",https://apps.fas.usda.gov/psdonline/downloads/
"Coffee, Green",United States,2006,Imports,(1000 60 KG BAGS),22600.0,0,1,06,"USDA FAS PS&D (Production, Supply & Distribution)",https://apps.fas.usda.gov/psdonline/downloads/
"Coffee, Green",United States,2007,Imports,(1000 60 KG BAGS),22330.0,0,1,06,"USDA FAS PS&D (Production, Supply & Distribution)",https://apps.fas.usda.gov/psdonline/downloads/
"Coffee, Green",United States,2008,Imports,(1000 60 KG BAGS),22240.0,0,1,06,"USDA FAS PS&D (Production, Supply & Distribution)",https://apps.fas.usda.gov/psdonline/downloads/
"Coffee, Green",United States,2009,Imports,(1000 60 KG BAGS),20870.0,0,1,06,"USDA FAS PS&D (Production, Supply & Distribution)",https://apps.fas.usda.gov/psdonline/downloads/
"Coffee, Green",United States,2010,Imports,(1000 60 KG BAGS),23110.0,0,1,06,"USDA FAS PS&D (Production, Supply & Distribution)",https://apps.fas.usda.gov/psdonline/downloads/
"Coffee, Green",United States,2011,Imports,(1000 60 KG BAGS),23825.0,0,1,06,"USDA FAS PS&D (Production, Supply & Distribution)",https://apps.fas.usda.gov/psdonline/downloads/
"Coffee, Green",United States,2012,Imports,(1000 60 KG BAGS),23700.0,0,1,06,"USDA FAS PS&D (Production, Supply & Distribution)",https://apps.fas.usda.gov/psdonline/downloads/
"Coffee, Green",United States,2013,Imports,(1000 60 KG BAGS),24915.0,0,1,06,"USDA FAS PS&D (Production, Supply & Distribution)",https://apps.fas.usda.gov/psdonline/downloads/
"Coffee, Green",United States,2014,Imports,(1000 60 KG BAGS),23995.0,0,1,06,"USDA FAS PS&D (Production, Supply & Distribution)",https://apps.fas.usda.gov/psdonline/downloads/
"Coffee, Green",United States,2015,Imports,(1000 60 KG BAGS),25185.0,0,1,12,"USDA FAS PS&D (Production, Supply & Distribution)",https://apps.fas.usda.gov/psdonline/downloads/
"Coffee, Green",United States,2016,Imports,(1000 60 KG BAGS),26470.0,0,1,12,"USDA FAS PS&D (Production, Supply & Distribution)",https://apps.fas.usda.gov/psdonline/downloads/
"Coffee, Green",United States,2017,Imports,(1000 60 KG BAGS),24775.0,0,1,12,"USDA FAS PS&D (Production, Supply & Distribution)",https://apps.fas.usda.gov/psdonline/downloads/
"Coffee, Green",United States,2018,Imports,(1000 60 KG BAGS),28020.0,0,1,12,"USDA FAS PS&D (Production, Supply & Distribution)",https://apps.fas.usda.gov/psdonline/downloads/
"Coffee, Green",United States,2019,Imports,(1000 60 KG BAGS),25060.0,0,1,12,"USDA FAS PS&D (Production, Supply & Distribution)",https://apps.fas.usda.gov/psdonline/downloads/
"Coffee, Green",United States,2020,Imports,(1000 60 KG BAGS),25510.0,0,1,12,"USDA FAS PS&D (Production, Supply & Distribution)",https://apps.fas.usda.gov/psdonline/downloads/
"Coffee, Green",United States,2021,Imports,(1000 60 KG BAGS),27025.0,0,1,12,"USDA FAS PS&D (Production, Supply & Distribution)",https://apps.fas.usda.gov/psdonline/downloads/
"Coffee, Green",United States,2022,Imports,(1000 60 KG BAGS),23905.0,0,1,12,"USDA FAS PS&D (Production, Supply & Distribution)",https://apps.fas.usda.gov/psdonline/downloads/
"Coffee, Green",United States,2023,Imports,(1000 60 KG BAGS),23495.0,0,1,12,"USDA FAS PS&D (Production, Supply & Distribution)",https://apps.fas.usda.gov/psdonline/downloads/
"Coffee, Green",United States,2024,Imports,(1000 60 KG BAGS),26170.0,0,1,12,"USDA FAS PS&D (Production, Supply & Distribution)",https://apps.fas.usda.gov/psdonline/downloads/
"Coffee, Green",United States,2025,Imports,(1000 60 KG BAGS),26500.0,0,1,12,"USDA FAS PS&D (Production, Supply & Distribution)",https://apps.fas.usda.gov/psdonline/downloads/
"Coffee, Green",United States,1960,Other Production,(1000 60 KG BAGS),0.0,0,1,00,"USDA FAS PS&D (Production, Supply & Distribution)",https://apps.fas.usda.gov/psdonline/downloads/
"Coffee, Green",United States,1961,Other Production,(1000 60 KG BAGS),0.0,0,1,00,"USDA FAS PS&D (Production, Supply & Distribution)",https://apps.fas.usda.gov/psdonline/downloads/
"Coffee, Green",United States,1962,Other Production,(1000 60 KG BAGS),0.0,0,1,00,"USDA FAS PS&D (Production, Supply & Distribution)",https://apps.fas.usda.gov/psdonline/downloads/
"Coffee, Green",United States,1963,Other Production,(1000 60 KG BAGS),0.0,0,1,00,"USDA FAS PS&D (Production, Supply & Distribution)",https://apps.fas.usda.gov/psdonline/downloads/
"Coffee, Green",United States,1964,Other Production,(1000 60 KG BAGS),0.0,0,1,00,"USDA FAS PS&D (Production, Supply & Distribution)",https://apps.fas.usda.gov/psdonline/downloads/
"Coffee, Green",United States,1965,Other Production,(1000 60 KG BAGS),0.0,0,1,00,"USDA FAS PS&D (Production, Supply & Distribution)",https://apps.fas.usda.gov/psdonline/downloads/
"Coffee, Green",United States,1966,Other Production,(1000 60 KG BAGS),0.0,0,1,00,"USDA FAS PS&D (Production, Supply & Distribution)",https://apps.fas.usda.gov/psdonline/downloads/
"Coffee, Green",United States,1967,Other Production,(1000 60 KG BAGS),0.0,0,1,00,"USDA FAS PS&D (Production, Supply & Distribution)",https://apps.fas.usda.gov/psdonline/downloads/
"Coffee, Green",United States,1968,Other Production,(1000 60 KG BAGS),0.0,0,1,00,"USDA FAS PS&D (Production, Supply & Distribution)",https://apps.fas.usda.gov/psdonline/downloads/
"Coffee, Green",United States,1969,Other Production,(1000 60 KG BAGS),0.0,0,1,00,"USDA FAS PS&D (Production, Supply & Distribution)",https://apps.fas.usda.gov/psdonline/downloads/
"Coffee, Green",United States,1970,Other Production,(1000 60 KG BAGS),0.0,0,1,00,"USDA FAS PS&D (Production, Supply & Distribution)",https://apps.fas.usda.gov/psdonline/downloads/
"Coffee, Green",United States,1971,Other Production,(1000 60 KG BAGS),0.0,0,1,00,"USDA FAS PS&D (Production, Supply & Distribution)",https://apps.fas.usda.gov/psdonline/downloads/
"Coffee, Green",United States,1972,Other Production,(1000 60 KG BAGS),0.0,0,1,00,"USDA FAS PS&D (Production, Supply & Distribution)",https://apps.fas.usda.gov/psdonline/downloads/
"Coffee, Green",United States,1973,Other Production,(1000 60 KG BAGS),0.0,0,1,00,"USDA FAS PS&D (Production, Supply & Distribution)",https://apps.fas.usda.gov/psdonline/downloads/
"Coffee, Green",United States,1974,Other Production,(1000 60 KG BAGS),0.0,0,1,00,"USDA FAS PS&D (Production, Supply & Distribution)",https://apps.fas.usda.gov/psdonline/downloads/
"Coffee, Green",United States,1975,Other Production,(1000 60 KG BAGS),0.0,0,1,00,"USDA FAS PS&D (Production, Supply & Distribution)",https://apps.fas.usda.gov/psdonline/downloads/
"Coffee, Green",United States,1976,Other Production,(1000 60 KG BAGS),0.0,0,1,00,"USDA FAS PS&D (Production, Supply & Distribution)",https://apps.fas.usda.gov/psdonline/downloads/
"Coffee, Green",United States,1977,Other Production,(1000 60 KG BAGS),0.0,0,1,00,"USDA FAS PS&D (Production, Supply & Distribution)",https://apps.fas.usda.gov/psdonline/downloads/
"Coffee, Green",United States,1978,Other Production,(1000 60 KG BAGS),0.0,0,1,00,"USDA FAS PS&D (Production, Supply & Distribution)",https://apps.fas.usda.gov/psdonline/downloads/
"Coffee, Green",United States,1979,Other Production,(1000 60 KG BAGS),0.0,0,1,00,"USDA FAS PS&D (Production, Supply & Distribution)",https://apps.fas.usda.gov/psdonline/downloads/
"Coffee, Green",United States,1980,Other Production,(1000 60 KG BAGS),0.0,0,1,00,"USDA FAS PS&D (Production, Supply & Distribution)",https://apps.fas.usda.gov/psdonline/downloads/
"Coffee, Green",United States,1981,Other Production,(1000 60 KG BAGS),0.0,0,1,00,"USDA FAS PS&D (Production, Supply & Distribution)",https://apps.fas.usda.gov/psdonline/downloads/
"Coffee, Green",United States,1982,Other Production,(1000 60 KG BAGS),0.0,0,1,00,"USDA FAS PS&D (Production, Supply & Distribution)",https://apps.fas.usda.gov/psdonline/downloads/
"Coffee, Green",United States,1983,Other Production,(1000 60 KG BAGS),0.0,0,1,00,"USDA FAS PS&D (Production, Supply & Distribution)",https://apps.fas.usda.gov/psdonline/downloads/
"Coffee, Green",United States,1984,Other Production,(1000 60 KG BAGS),0.0,0,1,00,"USDA FAS PS&D (Production, Supply & Distribution)",https://apps.fas.usda.gov/psdonline/downloads/
"Coffee, Green",United States,1985,Other Production,(1000 60 KG BAGS),0.0,0,1,00,"USDA FAS PS&D (Production, Supply & Distribution)",https://apps.fas.usda.gov/psdonline/downloads/
"Coffee, Green",United States,1986,Other Production,(1000 60 KG BAGS),0.0,0,1,00,"USDA FAS PS&D (Production, Supply & Distribution)",https://apps.fas.usda.gov/psdonline/downloads/
"Coffee, Green",United States,1987,Other Production,(1000 60 KG BAGS),0.0,0,1,00,"USDA FAS PS&D (Production, Supply & Distribution)",https://apps.fas.usda.gov/psdonline/downloads/
"Coffee, Green",United States,1988,Other Production,(1000 60 KG BAGS),0.0,0,1,00,"USDA FAS PS&D (Production, Supply & Distribution)",https://apps.fas.usda.gov/psdonline/downloads/
"Coffee, Green",United States,1989,Other Production,(1000 60 KG BAGS),0.0,0,1,00,"USDA FAS PS&D (Production, Supply & Distribution)",https://apps.fas.usda.gov/psdonline/downloads/
"Coffee, Green",United States,1990,Other Production,(1000 60 KG BAGS),0.0,0,1,00,"USDA FAS PS&D (Production, Supply & Distribution)",https://apps.fas.usda.gov/psdonline/downloads/
"Coffee, Green",United States,1991,Other Production,(1000 60 KG BAGS),0.0,0,1,00,"USDA FAS PS&D (Production, Supply & Distribution)",https://apps.fas.usda.gov/psdonline/downloads/
"Coffee, Green",United States,1992,Other Production,(1000 60 KG BAGS),0.0,0,1,00,"USDA FAS PS&D (Production, Supply & Distribution)",https://apps.fas.usda.gov/psdonline/downloads/
"Coffee, Green",United States,1993,Other Production,(1000 60 KG BAGS),0.0,0,1,00,"USDA FAS PS&D (Production, Supply & Distribution)",https://apps.fas.usda.gov/psdonline/downloads/
"Coffee, Green",United States,1994,Other Production,(1000 60 KG BAGS),0.0,0,1,00,"USDA FAS PS&D (Production, Supply & Distribution)",https://apps.fas.usda.gov/psdonline/downloads/
"Coffee, Green",United States,1995,Other Production,(1000 60 KG BAGS),0.0,0,1,00,"USDA FAS PS&D (Production, Supply & Distribution)",https://apps.fas.usda.gov/psdonline/downloads/
"Coffee, Green",United States,1996,Other Production,(1000 60 KG BAGS),0.0,0,1,00,"USDA FAS PS&D (Production, Supply & Distribution)",https://apps.fas.usda.gov/psdonline/downloads/
"Coffee, Green",United States,1997,Other Production,(1000 60 KG BAGS),0.0,0,1,00,"USDA FAS PS&D (Production, Supply & Distribution)",https://apps.fas.usda.gov/psdonline/downloads/
"Coffee, Green",United States,1998,Other Production,(1000 60 KG BAGS),0.0,0,1,00,"USDA FAS PS&D (Production, Supply & Distribution)",https://apps.fas.usda.gov/psdonline/downloads/
"Coffee, Green",United States,1999,Other Production,(1000 60 KG BAGS),0.0,0,1,00,"USDA FAS PS&D (Production, Supply & Distribution)",https://apps.fas.usda.gov/psdonline/downloads/
"Coffee, Green",United States,2000,Other Production,(1000 60 KG BAGS),0.0,0,1,00,"USDA FAS PS&D (Production, Supply & Distribution)",https://apps.fas.usda.gov/psdonline/downloads/
"Coffee, Green",United States,2001,Other Production,(1000 60 KG BAGS),0.0,0,1,12,"USDA FAS PS&D (Production, Supply & Distribution)",https://apps.fas.usda.gov/psdonline/downloads/
"Coffee, Green",United States,2002,Other Production,(1000 60 KG BAGS),0.0,0,1,06,"USDA FAS PS&D (Production, Supply & Distribution)",https://apps.fas.usda.gov/psdonline/downloads/
"Coffee, Green",United States,2003,Other Production,(1000 60 KG BAGS),0.0,0,1,06,"USDA FAS PS&D (Production, Supply & Distribution)",https://apps.fas.usda.gov/psdonline/downloads/
"Coffee, Green",United States,2004,Other Production,(1000 60 KG BAGS),0.0,0,1,06,"USDA FAS PS&D (Production, Supply & Distribution)",https://apps.fas.usda.gov/psdonline/downloads/
"Coffee, Green",United States,2005,Other Production,(1000 60 KG BAGS),0.0,0,1,06,"USDA FAS PS&D (Production, Supply & Distribution)",https://apps.fas.usda.gov/psdonline/downloads/
"Coffee, Green",United States,2006,Other Production,(1000 60 KG BAGS),0.0,0,1,06,"USDA FAS PS&D (Production, Supply & Distribution)",https://apps.fas.usda.gov/psdonline/downloads/
"Coffee, Green",United States,2007,Other Production,(1000 60 KG BAGS),0.0,0,1,06,"USDA FAS PS&D (Production, Supply & Distribution)",https://apps.fas.usda.gov/psdonline/downloads/
"Coffee, Green",United States,2008,Other Production,(1000 60 KG BAGS),0.0,0,1,06,"USDA FAS PS&D (Production, Supply & Distribution)",https://apps.fas.usda.gov/psdonline/downloads/
"Coffee, Green",United States,2009,Other Production,(1000 60 KG BAGS),0.0,0,1,06,"USDA FAS PS&D (Production, Supply & Distribution)",https://apps.fas.usda.gov/psdonline/downloads/
"Coffee, Green",United States,2010,Other Production,(1000 60 KG BAGS),0.0,0,1,06,"USDA FAS PS&D (Production, Supply & Distribution)",https://apps.fas.usda.gov/psdonline/downloads/
"Coffee, Green",United States,2011,Other Production,(1000 60 KG BAGS),0.0,0,1,06,"USDA FAS PS&D (Production, Supply & Distribution)",https://apps.fas.usda.gov/psdonline/downloads/
"Coffee, Green",United States,2012,Other Production,(1000 60 KG BAGS),0.0,0,1,06,"USDA FAS PS&D (Production, Supply & Distribution)",https://apps.fas.usda.gov/psdonline/downloads/
"Coffee, Green",United States,2013,Other Production,(1000 60 KG BAGS),0.0,0,1,06,"USDA FAS PS&D (Production, Supply & Distribution)",https://apps.fas.usda.gov/psdonline/downloads/
"Coffee, Green",United States,2014,Other Production,(1000 60 KG BAGS),0.0,0,1,06,"USDA FAS PS&D (Production, Supply & Distribution)",https://apps.fas.usda.gov/psdonline/downloads/
"Coffee, Green",United States,2015,Other Production,(1000 60 KG BAGS),0.0,0,1,12,"USDA FAS PS&D (Production, Supply & Distribution)",https://apps.fas.usda.gov/psdonline/downloads/
"Coffee, Green",United States,2016,Other Production,(1000 60 KG BAGS),0.0,0,1,12,"USDA FAS PS&D (Production, Supply & Distribution)",https://apps.fas.usda.gov/psdonline/downloads/
"Coffee, Green",United States,2017,Other Production,(1000 60 KG BAGS),0.0,0,1,12,"USDA FAS PS&D (Production, Supply & Distribution)",https://apps.fas.usda.gov/psdonline/downloads/
"Coffee, Green",United States,2018,Other Production,(1000 60 KG BAGS),0.0,0,1,12,"USDA FAS PS&D (Production, Supply & Distribution)",https://apps.fas.usda.gov/psdonline/downloads/
"Coffee, Green",United States,2019,Other Production,(1000 60 KG BAGS),0.0,0,1,12,"USDA FAS PS&D (Production, Supply & Distribution)",https://apps.fas.usda.gov/psdonline/downloads/
"Coffee, Green",United States,2020,Other Production,(1000 60 KG BAGS),0.0,0,1,12,"USDA FAS PS&D (Production, Supply & Distribution)",https://apps.fas.usda.gov/psdonline/downloads/
"Coffee, Green",United States,2021,Other Production,(1000 60 KG BAGS),0.0,0,1,12,"USDA FAS PS&D (Production, Supply & Distribution)",https://apps.fas.usda.gov/psdonline/downloads/
"Coffee, Green",United States,2022,Other Production,(1000 60 KG BAGS),0.0,0,1,12,"USDA FAS PS&D (Production, Supply & Distribution)",https://apps.fas.usda.gov/psdonline/downloads/
"Coffee, Green",United States,2023,Other Production,(1000 60 KG BAGS),0.0,0,1,12,"USDA FAS PS&D (Production, Supply & Distribution)",https://apps.fas.usda.gov/psdonline/downloads/
"Coffee, Green",United States,2024,Other Production,(1000 60 KG BAGS),0.0,0,1,12,"USDA FAS PS&D (Production, Supply & Distribution)",https://apps.fas.usda.gov/psdonline/downloads/
"Coffee, Green",United States,2025,Other Production,(1000 60 KG BAGS),0.0,0,1,12,"USDA FAS PS&D (Production, Supply & Distribution)",https://apps.fas.usda.gov/psdonline/downloads/
"Coffee, Green",United States,1960,Production,(1000 60 KG BAGS),277.0,0,1,00,"USDA FAS PS&D (Production, Supply & Distribution)",https://apps.fas.usda.gov/psdonline/downloads/
"Coffee, Green",United States,1961,Production,(1000 60 KG BAGS),316.0,0,1,00,"USDA FAS PS&D (Production, Supply & Distribution)",https://apps.fas.usda.gov/psdonline/downloads/
"Coffee, Green",United States,1962,Production,(1000 60 KG BAGS),380.0,0,1,00,"USDA FAS PS&D (Production, Supply & Distribution)",https://apps.fas.usda.gov/psdonline/downloads/
"Coffee, Green",United States,1963,Production,(1000 60 KG BAGS),278.0,0,1,00,"USDA FAS PS&D (Production, Supply & Distribution)",https://apps.fas.usda.gov/psdonline/downloads/
"Coffee, Green",United States,1964,Production,(1000 60 KG BAGS),344.0,0,1,00,"USDA FAS PS&D (Production, Supply & Distribution)",https://apps.fas.usda.gov/psdonline/downloads/
"Coffee, Green",United States,1965,Production,(1000 60 KG BAGS),272.0,0,1,00,"USDA FAS PS&D (Production, Supply & Distribution)",https://apps.fas.usda.gov/psdonline/downloads/
"Coffee, Green",United States,1966,Production,(1000 60 KG BAGS),264.0,0,1,00,"USDA FAS PS&D (Production, Supply & Distribution)",https://apps.fas.usda.gov/psdonline/downloads/
"Coffee, Green",United States,1967,Production,(1000 60 KG BAGS),279.0,0,1,00,"USDA FAS PS&D (Production, Supply & Distribution)",https://apps.fas.usda.gov/psdonline/downloads/
"Coffee, Green",United States,1968,Production,(1000 60 KG BAGS),231.0,0,1,00,"USDA FAS PS&D (Production, Supply & Distribution)",https://apps.fas.usda.gov/psdonline/downloads/
"Coffee, Green",United States,1969,Production,(1000 60 KG BAGS),176.0,0,1,00,"USDA FAS PS&D (Production, Supply & Distribution)",https://apps.fas.usda.gov/psdonline/downloads/
"Coffee, Green",United States,1970,Production,(1000 60 KG BAGS),283.0,0,1,00,"USDA FAS PS&D (Production, Supply & Distribution)",https://apps.fas.usda.gov/psdonline/downloads/
"Coffee, Green",United States,1971,Production,(1000 60 KG BAGS),199.0,0,1,00,"USDA FAS PS&D (Production, Supply & Distribution)",https://apps.fas.usda.gov/psdonline/downloads/
"Coffee, Green",United States,1972,Production,(1000 60 KG BAGS),226.0,0,1,00,"USDA FAS PS&D (Production, Supply & Distribution)",https://apps.fas.usda.gov/psdonline/downloads/
"Coffee, Green",United States,1973,Production,(1000 60 KG BAGS),246.0,0,1,00,"USDA FAS PS&D (Production, Supply & Distribution)",https://apps.fas.usda.gov/psdonline/downloads/
"Coffee, Green",United States,1974,Production,(1000 60 KG BAGS),184.0,0,1,00,"USDA FAS PS&D (Production, Supply & Distribution)",https://apps.fas.usda.gov/psdonline/downloads/
"Coffee, Green",United States,1975,Production,(1000 60 KG BAGS),202.0,0,1,00,"USDA FAS PS&D (Production, Supply & Distribution)",https://apps.fas.usda.gov/psdonline/downloads/
"Coffee, Green",United States,1976,Production,(1000 60 KG BAGS),158.0,0,1,00,"USDA FAS PS&D (Production, Supply & Distribution)",https://apps.fas.usda.gov/psdonline/downloads/
"Coffee, Green",United States,1977,Production,(1000 60 KG BAGS),213.0,0,1,00,"USDA FAS PS&D (Production, Supply & Distribution)",https://apps.fas.usda.gov/psdonline/downloads/
"Coffee, Green",United States,1978,Production,(1000 60 KG BAGS),169.0,0,1,00,"USDA FAS PS&D (Production, Supply & Distribution)",https://apps.fas.usda.gov/psdonline/downloads/
"Coffee, Green",United States,1979,Production,(1000 60 KG BAGS),211.0,0,1,00,"USDA FAS PS&D (Production, Supply & Distribution)",https://apps.fas.usda.gov/psdonline/downloads/
"Coffee, Green",United States,1980,Production,(1000 60 KG BAGS),236.0,0,1,00,"USDA FAS PS&D (Production, Supply & Distribution)",https://apps.fas.usda.gov/psdonline/downloads/
"Coffee, Green",United States,1981,Production,(1000 60 KG BAGS),229.0,0,1,00,"USDA FAS PS&D (Production, Supply & Distribution)",https://apps.fas.usda.gov/psdonline/downloads/
"Coffee, Green",United States,1982,Production,(1000 60 KG BAGS),267.0,0,1,00,"USDA FAS PS&D (Production, Supply & Distribution)",https://apps.fas.usda.gov/psdonline/downloads/
"Coffee, Green",United States,1983,Production,(1000 60 KG BAGS),221.0,0,1,00,"USDA FAS PS&D (Production, Supply & Distribution)",https://apps.fas.usda.gov/psdonline/downloads/
"Coffee, Green",United States,1984,Production,(1000 60 KG BAGS),245.0,0,1,00,"USDA FAS PS&D (Production, Supply & Distribution)",https://apps.fas.usda.gov/psdonline/downloads/
"Coffee, Green",United States,1985,Production,(1000 60 KG BAGS),200.0,0,1,00,"USDA FAS PS&D (Production, Supply & Distribution)",https://apps.fas.usda.gov/psdonline/downloads/
"Coffee, Green",United States,1986,Production,(1000 60 KG BAGS),284.0,0,1,00,"USDA FAS PS&D (Production, Supply & Distribution)",https://apps.fas.usda.gov/psdonline/downloads/
"Coffee, Green",United States,1987,Production,(1000 60 KG BAGS),230.0,0,1,00,"USDA FAS PS&D (Production, Supply & Distribution)",https://apps.fas.usda.gov/psdonline/downloads/
"Coffee, Green",United States,1988,Production,(1000 60 KG BAGS),257.0,0,1,00,"USDA FAS PS&D (Production, Supply & Distribution)",https://apps.fas.usda.gov/psdonline/downloads/
"Coffee, Green",United States,1989,Production,(1000 60 KG BAGS),239.0,0,1,00,"USDA FAS PS&D (Production, Supply & Distribution)",https://apps.fas.usda.gov/psdonline/downloads/
"Coffee, Green",United States,1990,Production,(1000 60 KG BAGS),229.0,0,1,00,"USDA FAS PS&D (Production, Supply & Distribution)",https://apps.fas.usda.gov/psdonline/downloads/
"Coffee, Green",United States,1991,Production,(1000 60 KG BAGS),229.0,0,1,00,"USDA FAS PS&D (Production, Supply & Distribution)",https://apps.fas.usda.gov/psdonline/downloads/
"Coffee, Green",United States,1992,Production,(1000 60 KG BAGS),225.0,0,1,00,"USDA FAS PS&D (Production, Supply & Distribution)",https://apps.fas.usda.gov/psdonline/downloads/
"Coffee, Green",United States,1993,Production,(1000 60 KG BAGS),228.0,0,1,00,"USDA FAS PS&D (Production, Supply & Distribution)",https://apps.fas.usda.gov/psdonline/downloads/
"Coffee, Green",United States,1994,Production,(1000 60 KG BAGS),237.0,0,1,00,"USDA FAS PS&D (Production, Supply & Distribution)",https://apps.fas.usda.gov/psdonline/downloads/
"Coffee, Green",United States,1995,Production,(1000 60 KG BAGS),236.0,0,1,00,"USDA FAS PS&D (Production, Supply & Distribution)",https://apps.fas.usda.gov/psdonline/downloads/
"Coffee, Green",United States,1996,Production,(1000 60 KG BAGS),270.0,0,1,00,"USDA FAS PS&D (Production, Supply & Distribution)",https://apps.fas.usda.gov/psdonline/downloads/
"Coffee, Green",United States,1997,Production,(1000 60 KG BAGS),232.0,0,1,00,"USDA FAS PS&D (Production, Supply & Distribution)",https://apps.fas.usda.gov/psdonline/downloads/
"Coffee, Green",United States,1998,Production,(1000 60 KG BAGS),163.0,0,1,00,"USDA FAS PS&D (Production, Supply & Distribution)",https://apps.fas.usda.gov/psdonline/downloads/
"Coffee, Green",United States,1999,Production,(1000 60 KG BAGS),185.0,0,1,00,"USDA FAS PS&D (Production, Supply & Distribution)",https://apps.fas.usda.gov/psdonline/downloads/
"Coffee, Green",United States,2000,Production,(1000 60 KG BAGS),183.0,0,1,00,"USDA FAS PS&D (Production, Supply & Distribution)",https://apps.fas.usda.gov/psdonline/downloads/
"Coffee, Green",United States,2001,Production,(1000 60 KG BAGS),163.0,0,1,12,"USDA FAS PS&D (Production, Supply & Distribution)",https://apps.fas.usda.gov/psdonline/downloads/
"Coffee, Green",United States,2002,Production,(1000 60 KG BAGS),163.0,0,1,06,"USDA FAS PS&D (Production, Supply & Distribution)",https://apps.fas.usda.gov/psdonline/downloads/
"Coffee, Green",United States,2003,Production,(1000 60 KG BAGS),186.0,0,1,06,"USDA FAS PS&D (Production, Supply & Distribution)",https://apps.fas.usda.gov/psdonline/downloads/
"Coffee, Green",United States,2004,Production,(1000 60 KG BAGS),140.0,0,1,06,"USDA FAS PS&D (Production, Supply & Distribution)",https://apps.fas.usda.gov/psdonline/downloads/
"Coffee, Green",United States,2005,Production,(1000 60 KG BAGS),161.0,0,1,06,"USDA FAS PS&D (Production, Supply & Distribution)",https://apps.fas.usda.gov/psdonline/downloads/
"Coffee, Green",United States,2006,Production,(1000 60 KG BAGS),152.0,0,1,06,"USDA FAS PS&D (Production, Supply & Distribution)",https://apps.fas.usda.gov/psdonline/downloads/
"Coffee, Green",United States,2007,Production,(1000 60 KG BAGS),136.0,0,1,06,"USDA FAS PS&D (Production, Supply & Distribution)",https://apps.fas.usda.gov/psdonline/downloads/
"Coffee, Green",United States,2008,Production,(1000 60 KG BAGS),125.0,0,1,06,"USDA FAS PS&D (Production, Supply & Distribution)",https://apps.fas.usda.gov/psdonline/downloads/
"Coffee, Green",United States,2009,Production,(1000 60 KG BAGS),53.0,0,1,06,"USDA FAS PS&D (Production, Supply & Distribution)",https://apps.fas.usda.gov/psdonline/downloads/
"Coffee, Green",United States,2010,Production,(1000 60 KG BAGS),53.0,0,1,06,"USDA FAS PS&D (Production, Supply & Distribution)",https://apps.fas.usda.gov/psdonline/downloads/
"Coffee, Green",United States,2011,Production,(1000 60 KG BAGS),46.0,0,1,06,"USDA FAS PS&D (Production, Supply & Distribution)",https://apps.fas.usda.gov/psdonline/downloads/
"Coffee, Green",United States,2012,Production,(1000 60 KG BAGS),42.0,0,1,06,"USDA FAS PS&D (Production, Supply & Distribution)",https://apps.fas.usda.gov/psdonline/downloads/
"Coffee, Green",United States,2013,Production,(1000 60 KG BAGS),51.0,0,1,06,"USDA FAS PS&D (Production, Supply & Distribution)",https://apps.fas.usda.gov/psdonline/downloads/
"Coffee, Green",United States,2014,Production,(1000 60 KG BAGS),45.0,0,1,06,"USDA FAS PS&D (Production, Supply & Distribution)",https://apps.fas.usda.gov/psdonline/downloads/
"Coffee, Green",United States,2015,Production,(1000 60 KG BAGS),40.0,0,1,12,"USDA FAS PS&D (Production, Supply & Distribution)",https://apps.fas.usda.gov/psdonline/downloads/
"Coffee, Green",United States,2016,Production,(1000 60 KG BAGS),33.0,0,1,12,"USDA FAS PS&D (Production, Supply & Distribution)",https://apps.fas.usda.gov/psdonline/downloads/
"Coffee, Green",United States,2017,Production,(1000 60 KG BAGS),32.0,0,1,12,"USDA FAS PS&D (Production, Supply & Distribution)",https://apps.fas.usda.gov/psdonline/downloads/
"Coffee, Green",United States,2018,Production,(1000 60 KG BAGS),54.0,0,1,12,"USDA FAS PS&D (Production, Supply & Distribution)",https://apps.fas.usda.gov/psdonline/downloads/
"Coffee, Green",United States,2019,Production,(1000 60 KG BAGS),39.0,0,1,12,"USDA FAS PS&D (Production, Supply & Distribution)",https://apps.fas.usda.gov/psdonline/downloads/
"Coffee, Green",United States,2020,Production,(1000 60 KG BAGS),33.0,0,1,12,"USDA FAS PS&D (Production, Supply & Distribution)",https://apps.fas.usda.gov/psdonline/downloads/
"Coffee, Green",United States,2021,Production,(1000 60 KG BAGS),38.0,0,1,12,"USDA FAS PS&D (Production, Supply & Distribution)",https://apps.fas.usda.gov/psdonline/downloads/
"Coffee, Green",United States,2022,Production,(1000 60 KG BAGS),40.0,0,1,12,"USDA FAS PS&D (Production, Supply & Distribution)",https://apps.fas.usda.gov/psdonline/downloads/
"Coffee, Green",United States,2023,Production,(1000 60 KG BAGS),50.0,0,1,12,"USDA FAS PS&D (Production, Supply & Distribution)",https://apps.fas.usda.gov/psdonline/downloads/
"Coffee, Green",United States,2024,Production,(1000 60 KG BAGS),50.0,0,1,12,"USDA FAS PS&D (Production, Supply & Distribution)",https://apps.fas.usda.gov/psdonline/downloads/
"Coffee, Green",United States,2025,Production,(1000 60 KG BAGS),50.0,0,1,12,"USDA FAS PS&D (Production, Supply & Distribution)",https://apps.fas.usda.gov/psdonline/downloads/
"Coffee, Green",United States,1960,Roast & Ground Exports,(1000 60 KG BAGS),0.0,0,1,00,"USDA FAS PS&D (Production, Supply & Distribution)",https://apps.fas.usda.gov/psdonline/downloads/
"Coffee, Green",United States,1961,Roast & Ground Exports,(1000 60 KG BAGS),0.0,0,1,00,"USDA FAS PS&D (Production, Supply & Distribution)",https://apps.fas.usda.gov/psdonline/downloads/
"Coffee, Green",United States,1962,Roast & Ground Exports,(1000 60 KG BAGS),0.0,0,1,00,"USDA FAS PS&D (Production, Supply & Distribution)",https://apps.fas.usda.gov/psdonline/downloads/
"Coffee, Green",United States,1963,Roast & Ground Exports,(1000 60 KG BAGS),0.0,0,1,00,"USDA FAS PS&D (Production, Supply & Distribution)",https://apps.fas.usda.gov/psdonline/downloads/
"Coffee, Green",United States,1964,Roast & Ground Exports,(1000 60 KG BAGS),0.0,0,1,00,"USDA FAS PS&D (Production, Supply & Distribution)",https://apps.fas.usda.gov/psdonline/downloads/
"Coffee, Green",United States,1965,Roast & Ground Exports,(1000 60 KG BAGS),0.0,0,1,00,"USDA FAS PS&D (Production, Supply & Distribution)",https://apps.fas.usda.gov/psdonline/downloads/
"Coffee, Green",United States,1966,Roast & Ground Exports,(1000 60 KG BAGS),0.0,0,1,00,"USDA FAS PS&D (Production, Supply & Distribution)",https://apps.fas.usda.gov/psdonline/downloads/
"Coffee, Green",United States,1967,Roast & Ground Exports,(1000 60 KG BAGS),0.0,0,1,00,"USDA FAS PS&D (Production, Supply & Distribution)",https://apps.fas.usda.gov/psdonline/downloads/
"Coffee, Green",United States,1968,Roast & Ground Exports,(1000 60 KG BAGS),0.0,0,1,00,"USDA FAS PS&D (Production, Supply & Distribution)",https://apps.fas.usda.gov/psdonline/downloads/
"Coffee, Green",United States,1969,Roast & Ground Exports,(1000 60 KG BAGS),0.0,0,1,00,"USDA FAS PS&D (Production, Supply & Distribution)",https://apps.fas.usda.gov/psdonline/downloads/
"Coffee, Green",United States,1970,Roast & Ground Exports,(1000 60 KG BAGS),0.0,0,1,00,"USDA FAS PS&D (Production, Supply & Distribution)",https://apps.fas.usda.gov/psdonline/downloads/
"Coffee, Green",United States,1971,Roast & Ground Exports,(1000 60 KG BAGS),0.0,0,1,00,"USDA FAS PS&D (Production, Supply & Distribution)",https://apps.fas.usda.gov/psdonline/downloads/
"Coffee, Green",United States,1972,Roast & Ground Exports,(1000 60 KG BAGS),0.0,0,1,00,"USDA FAS PS&D (Production, Supply & Distribution)",https://apps.fas.usda.gov/psdonline/downloads/
"Coffee, Green",United States,1973,Roast & Ground Exports,(1000 60 KG BAGS),0.0,0,1,00,"USDA FAS PS&D (Production, Supply & Distribution)",https://apps.fas.usda.gov/psdonline/downloads/
"Coffee, Green",United States,1974,Roast & Ground Exports,(1000 60 KG BAGS),0.0,0,1,00,"USDA FAS PS&D (Production, Supply & Distribution)",https://apps.fas.usda.gov/psdonline/downloads/
"Coffee, Green",United States,1975,Roast & Ground Exports,(1000 60 KG BAGS),0.0,0,1,00,"USDA FAS PS&D (Production, Supply & Distribution)",https://apps.fas.usda.gov/psdonline/downloads/
"Coffee, Green",United States,1976,Roast & Ground Exports,(1000 60 KG BAGS),0.0,0,1,00,"USDA FAS PS&D (Production, Supply & Distribution)",https://apps.fas.usda.gov/psdonline/downloads/
"Coffee, Green",United States,1977,Roast & Ground Exports,(1000 60 KG BAGS),0.0,0,1,00,"USDA FAS PS&D (Production, Supply & Distribution)",https://apps.fas.usda.gov/psdonline/downloads/
"Coffee, Green",United States,1978,Roast & Ground Exports,(1000 60 KG BAGS),0.0,0,1,00,"USDA FAS PS&D (Production, Supply & Distribution)",https://apps.fas.usda.gov/psdonline/downloads/
"Coffee, Green",United States,1979,Roast & Ground Exports,(1000 60 KG BAGS),1.0,0,1,00,"USDA FAS PS&D (Production, Supply & Distribution)",https://apps.fas.usda.gov/psdonline/downloads/
"Coffee, Green",United States,1980,Roast & Ground Exports,(1000 60 KG BAGS),1.0,0,1,00,"USDA FAS PS&D (Production, Supply & Distribution)",https://apps.fas.usda.gov/psdonline/downloads/
"Coffee, Green",United States,1981,Roast & Ground Exports,(1000 60 KG BAGS),0.0,0,1,00,"USDA FAS PS&D (Production, Supply & Distribution)",https://apps.fas.usda.gov/psdonline/downloads/
"Coffee, Green",United States,1982,Roast & Ground Exports,(1000 60 KG BAGS),0.0,0,1,00,"USDA FAS PS&D (Production, Supply & Distribution)",https://apps.fas.usda.gov/psdonline/downloads/
"Coffee, Green",United States,1983,Roast & Ground Exports,(1000 60 KG BAGS),0.0,0,1,00,"USDA FAS PS&D (Production, Supply & Distribution)",https://apps.fas.usda.gov/psdonline/downloads/
"Coffee, Green",United States,1984,Roast & Ground Exports,(1000 60 KG BAGS),1.0,0,1,00,"USDA FAS PS&D (Production, Supply & Distribution)",https://apps.fas.usda.gov/psdonline/downloads/
"Coffee, Green",United States,1985,Roast & Ground Exports,(1000 60 KG BAGS),1.0,0,1,00,"USDA FAS PS&D (Production, Supply & Distribution)",https://apps.fas.usda.gov/psdonline/downloads/
"Coffee, Green",United States,1986,Roast & Ground Exports,(1000 60 KG BAGS),1.0,0,1,00,"USDA FAS PS&D (Production, Supply & Distribution)",https://apps.fas.usda.gov/psdonline/downloads/
"Coffee, Green",United States,1987,Roast & Ground Exports,(1000 60 KG BAGS),1.0,0,1,00,"USDA FAS PS&D (Production, Supply & Distribution)",https://apps.fas.usda.gov/psdonline/downloads/
"Coffee, Green",United States,1988,Roast & Ground Exports,(1000 60 KG BAGS),0.0,0,1,00,"USDA FAS PS&D (Production, Supply & Distribution)",https://apps.fas.usda.gov/psdonline/downloads/
"Coffee, Green",United States,1989,Roast & Ground Exports,(1000 60 KG BAGS),0.0,0,1,00,"USDA FAS PS&D (Production, Supply & Distribution)",https://apps.fas.usda.gov/psdonline/downloads/
"Coffee, Green",United States,1990,Roast & Ground Exports,(1000 60 KG BAGS),0.0,0,1,00,"USDA FAS PS&D (Production, Supply & Distribution)",https://apps.fas.usda.gov/psdonline/downloads/
"Coffee, Green",United States,1991,Roast & Ground Exports,(1000 60 KG BAGS),0.0,0,1,00,"USDA FAS PS&D (Production, Supply & Distribution)",https://apps.fas.usda.gov/psdonline/downloads/
"Coffee, Green",United States,1992,Roast & Ground Exports,(1000 60 KG BAGS),0.0,0,1,00,"USDA FAS PS&D (Production, Supply & Distribution)",https://apps.fas.usda.gov/psdonline/downloads/
"Coffee, Green",United States,1993,Roast & Ground Exports,(1000 60 KG BAGS),0.0,0,1,00,"USDA FAS PS&D (Production, Supply & Distribution)",https://apps.fas.usda.gov/psdonline/downloads/
"Coffee, Green",United States,1994,Roast & Ground Exports,(1000 60 KG BAGS),0.0,0,1,00,"USDA FAS PS&D (Production, Supply & Distribution)",https://apps.fas.usda.gov/psdonline/downloads/
"Coffee, Green",United States,1995,Roast & Ground Exports,(1000 60 KG BAGS),0.0,0,1,00,"USDA FAS PS&D (Production, Supply & Distribution)",https://apps.fas.usda.gov/psdonline/downloads/
"Coffee, Green",United States,1996,Roast & Ground Exports,(1000 60 KG BAGS),0.0,0,1,00,"USDA FAS PS&D (Production, Supply & Distribution)",https://apps.fas.usda.gov/psdonline/downloads/
"Coffee, Green",United States,1997,Roast & Ground Exports,(1000 60 KG BAGS),0.0,0,1,00,"USDA FAS PS&D (Production, Supply & Distribution)",https://apps.fas.usda.gov/psdonline/downloads/
"Coffee, Green",United States,1998,Roast & Ground Exports,(1000 60 KG BAGS),0.0,0,1,00,"USDA FAS PS&D (Production, Supply & Distribution)",https://apps.fas.usda.gov/psdonline/downloads/
"Coffee, Green",United States,1999,Roast & Ground Exports,(1000 60 KG BAGS),0.0,0,1,00,"USDA FAS PS&D (Production, Supply & Distribution)",https://apps.fas.usda.gov/psdonline/downloads/
"Coffee, Green",United States,2000,Roast & Ground Exports,(1000 60 KG BAGS),0.0,0,1,00,"USDA FAS PS&D (Production, Supply & Distribution)",https://apps.fas.usda.gov/psdonline/downloads/
"Coffee, Green",United States,2001,Roast & Ground Exports,(1000 60 KG BAGS),0.0,0,1,12,"USDA FAS PS&D (Production, Supply & Distribution)",https://apps.fas.usda.gov/psdonline/downloads/
"Coffee, Green",United States,2002,Roast & Ground Exports,(1000 60 KG BAGS),50.0,0,1,06,"USDA FAS PS&D (Production, Supply & Distribution)",https://apps.fas.usda.gov/psdonline/downloads/
"Coffee, Green",United States,2003,Roast & Ground Exports,(1000 60 KG BAGS),0.0,0,1,06,"USDA FAS PS&D (Production, Supply & Distribution)",https://apps.fas.usda.gov/psdonline/downloads/
"Coffee, Green",United States,2004,Roast & Ground Exports,(1000 60 KG BAGS),70.0,0,1,06,"USDA FAS PS&D (Production, Supply & Distribution)",https://apps.fas.usda.gov/psdonline/downloads/
"Coffee, Green",United States,2005,Roast & Ground Exports,(1000 60 KG BAGS),290.0,0,1,06,"USDA FAS PS&D (Production, Supply & Distribution)",https://apps.fas.usda.gov/psdonline/downloads/
"Coffee, Green",United States,2006,Roast & Ground Exports,(1000 60 KG BAGS),480.0,0,1,06,"USDA FAS PS&D (Production, Supply & Distribution)",https://apps.fas.usda.gov/psdonline/downloads/
"Coffee, Green",United States,2007,Roast & Ground Exports,(1000 60 KG BAGS),750.0,0,1,06,"USDA FAS PS&D (Production, Supply & Distribution)",https://apps.fas.usda.gov/psdonline/downloads/
"Coffee, Green",United States,2008,Roast & Ground Exports,(1000 60 KG BAGS),800.0,0,1,06,"USDA FAS PS&D (Production, Supply & Distribution)",https://apps.fas.usda.gov/psdonline/downloads/
"Coffee, Green",United States,2009,Roast & Ground Exports,(1000 60 KG BAGS),615.0,0,1,06,"USDA FAS PS&D (Production, Supply & Distribution)",https://apps.fas.usda.gov/psdonline/downloads/
"Coffee, Green",United States,2010,Roast & Ground Exports,(1000 60 KG BAGS),450.0,0,1,06,"USDA FAS PS&D (Production, Supply & Distribution)",https://apps.fas.usda.gov/psdonline/downloads/
"Coffee, Green",United States,2011,Roast & Ground Exports,(1000 60 KG BAGS),405.0,0,1,06,"USDA FAS PS&D (Production, Supply & Distribution)",https://apps.fas.usda.gov/psdonline/downloads/
"Coffee, Green",United States,2012,Roast & Ground Exports,(1000 60 KG BAGS),365.0,0,1,06,"USDA FAS PS&D (Production, Supply & Distribution)",https://apps.fas.usda.gov/psdonline/downloads/
"Coffee, Green",United States,2013,Roast & Ground Exports,(1000 60 KG BAGS),580.0,0,1,06,"USDA FAS PS&D (Production, Supply & Distribution)",https://apps.fas.usda.gov/psdonline/downloads/
"Coffee, Green",United States,2014,Roast & Ground Exports,(1000 60 KG BAGS),380.0,0,1,06,"USDA FAS PS&D (Production, Supply & Distribution)",https://apps.fas.usda.gov/psdonline/downloads/
"Coffee, Green",United States,2015,Roast & Ground Exports,(1000 60 KG BAGS),60.0,0,1,12,"USDA FAS PS&D (Production, Supply & Distribution)",https://apps.fas.usda.gov/psdonline/downloads/
"Coffee, Green",United States,2016,Roast & Ground Exports,(1000 60 KG BAGS),0.0,0,1,12,"USDA FAS PS&D (Production, Supply & Distribution)",https://apps.fas.usda.gov/psdonline/downloads/
"Coffee, Green",United States,2017,Roast & Ground Exports,(1000 60 KG BAGS),0.0,0,1,12,"USDA FAS PS&D (Production, Supply & Distribution)",https://apps.fas.usda.gov/psdonline/downloads/
"Coffee, Green",United States,2018,Roast & Ground Exports,(1000 60 KG BAGS),0.0,0,1,12,"USDA FAS PS&D (Production, Supply & Distribution)",https://apps.fas.usda.gov/psdonline/downloads/
"Coffee, Green",United States,2019,Roast & Ground Exports,(1000 60 KG BAGS),0.0,0,1,12,"USDA FAS PS&D (Production, Supply & Distribution)",https://apps.fas.usda.gov/psdonline/downloads/
"Coffee, Green",United States,2020,Roast & Ground Exports,(1000 60 KG BAGS),0.0,0,1,12,"USDA FAS PS&D (Production, Supply & Distribution)",https://apps.fas.usda.gov/psdonline/downloads/
"Coffee, Green",United States,2021,Roast & Ground Exports,(1000 60 KG BAGS),0.0,0,1,12,"USDA FAS PS&D (Production, Supply & Distribution)",https://apps.fas.usda.gov/psdonline/downloads/
"Coffee, Green",United States,2022,Roast & Ground Exports,(1000 60 KG BAGS),0.0,0,1,12,"USDA FAS PS&D (Production, Supply & Distribution)",https://apps.fas.usda.gov/psdonline/downloads/
"Coffee, Green",United States,2023,Roast & Ground Exports,(1000 60 KG BAGS),0.0,0,1,12,"USDA FAS PS&D (Production, Supply & Distribution)",https://apps.fas.usda.gov/psdonline/downloads/
"Coffee, Green",United States,2024,Roast & Ground Exports,(1000 60 KG BAGS),0.0,0,1,12,"USDA FAS PS&D (Production, Supply & Distribution)",https://apps.fas.usda.gov/psdonline/downloads/
"Coffee, Green",United States,2025,Roast & Ground Exports,(1000 60 KG BAGS),0.0,0,1,12,"USDA FAS PS&D (Production, Supply & Distribution)",https://apps.fas.usda.gov/psdonline/downloads/
"Coffee, Green",United States,1960,Roast & Ground Imports,(1000 60 KG BAGS),0.0,0,1,00,"USDA FAS PS&D (Production, Supply & Distribution)",https://apps.fas.usda.gov/psdonline/downloads/
"Coffee, Green",United States,1961,Roast & Ground Imports,(1000 60 KG BAGS),0.0,0,1,00,"USDA FAS PS&D (Production, Supply & Distribution)",https://apps.fas.usda.gov/psdonline/downloads/
"Coffee, Green",United States,1962,Roast & Ground Imports,(1000 60 KG BAGS),0.0,0,1,00,"USDA FAS PS&D (Production, Supply & Distribution)",https://apps.fas.usda.gov/psdonline/downloads/
"Coffee, Green",United States,1963,Roast & Ground Imports,(1000 60 KG BAGS),0.0,0,1,00,"USDA FAS PS&D (Production, Supply & Distribution)",https://apps.fas.usda.gov/psdonline/downloads/
"Coffee, Green",United States,1964,Roast & Ground Imports,(1000 60 KG BAGS),0.0,0,1,00,"USDA FAS PS&D (Production, Supply & Distribution)",https://apps.fas.usda.gov/psdonline/downloads/
"Coffee, Green",United States,1965,Roast & Ground Imports,(1000 60 KG BAGS),0.0,0,1,00,"USDA FAS PS&D (Production, Supply & Distribution)",https://apps.fas.usda.gov/psdonline/downloads/
"Coffee, Green",United States,1966,Roast & Ground Imports,(1000 60 KG BAGS),0.0,0,1,00,"USDA FAS PS&D (Production, Supply & Distribution)",https://apps.fas.usda.gov/psdonline/downloads/
"Coffee, Green",United States,1967,Roast & Ground Imports,(1000 60 KG BAGS),0.0,0,1,00,"USDA FAS PS&D (Production, Supply & Distribution)",https://apps.fas.usda.gov/psdonline/downloads/
"Coffee, Green",United States,1968,Roast & Ground Imports,(1000 60 KG BAGS),0.0,0,1,00,"USDA FAS PS&D (Production, Supply & Distribution)",https://apps.fas.usda.gov/psdonline/downloads/
"Coffee, Green",United States,1969,Roast & Ground Imports,(1000 60 KG BAGS),0.0,0,1,00,"USDA FAS PS&D (Production, Supply & Distribution)",https://apps.fas.usda.gov/psdonline/downloads/
"Coffee, Green",United States,1970,Roast & Ground Imports,(1000 60 KG BAGS),0.0,0,1,00,"USDA FAS PS&D (Production, Supply & Distribution)",https://apps.fas.usda.gov/psdonline/downloads/
"Coffee, Green",United States,1971,Roast & Ground Imports,(1000 60 KG BAGS),0.0,0,1,00,"USDA FAS PS&D (Production, Supply & Distribution)",https://apps.fas.usda.gov/psdonline/downloads/
"Coffee, Green",United States,1972,Roast & Ground Imports,(1000 60 KG BAGS),0.0,0,1,00,"USDA FAS PS&D (Production, Supply & Distribution)",https://apps.fas.usda.gov/psdonline/downloads/
"Coffee, Green",United States,1973,Roast & Ground Imports,(1000 60 KG BAGS),0.0,0,1,00,"USDA FAS PS&D (Production, Supply & Distribution)",https://apps.fas.usda.gov/psdonline/downloads/
"Coffee, Green",United States,1974,Roast & Ground Imports,(1000 60 KG BAGS),0.0,0,1,00,"USDA FAS PS&D (Production, Supply & Distribution)",https://apps.fas.usda.gov/psdonline/downloads/
"Coffee, Green",United States,1975,Roast & Ground Imports,(1000 60 KG BAGS),0.0,0,1,00,"USDA FAS PS&D (Production, Supply & Distribution)",https://apps.fas.usda.gov/psdonline/downloads/
"Coffee, Green",United States,1976,Roast & Ground Imports,(1000 60 KG BAGS),0.0,0,1,00,"USDA FAS PS&D (Production, Supply & Distribution)",https://apps.fas.usda.gov/psdonline/downloads/
"Coffee, Green",United States,1977,Roast & Ground Imports,(1000 60 KG BAGS),0.0,0,1,00,"USDA FAS PS&D (Production, Supply & Distribution)",https://apps.fas.usda.gov/psdonline/downloads/
"Coffee, Green",United States,1978,Roast & Ground Imports,(1000 60 KG BAGS),0.0,0,1,00,"USDA FAS PS&D (Production, Supply & Distribution)",https://apps.fas.usda.gov/psdonline/downloads/
"Coffee, Green",United States,1979,Roast & Ground Imports,(1000 60 KG BAGS),0.0,0,1,00,"USDA FAS PS&D (Production, Supply & Distribution)",https://apps.fas.usda.gov/psdonline/downloads/
"Coffee, Green",United States,1980,Roast & Ground Imports,(1000 60 KG BAGS),0.0,0,1,00,"USDA FAS PS&D (Production, Supply & Distribution)",https://apps.fas.usda.gov/psdonline/downloads/
"Coffee, Green",United States,1981,Roast & Ground Imports,(1000 60 KG BAGS),0.0,0,1,00,"USDA FAS PS&D (Production, Supply & Distribution)",https://apps.fas.usda.gov/psdonline/downloads/
"Coffee, Green",United States,1982,Roast & Ground Imports,(1000 60 KG BAGS),0.0,0,1,00,"USDA FAS PS&D (Production, Supply & Distribution)",https://apps.fas.usda.gov/psdonline/downloads/
"Coffee, Green",United States,1983,Roast & Ground Imports,(1000 60 KG BAGS),0.0,0,1,00,"USDA FAS PS&D (Production, Supply & Distribution)",https://apps.fas.usda.gov/psdonline/downloads/
"Coffee, Green",United States,1984,Roast & Ground Imports,(1000 60 KG BAGS),0.0,0,1,00,"USDA FAS PS&D (Production, Supply & Distribution)",https://apps.fas.usda.gov/psdonline/downloads/
"Coffee, Green",United States,1985,Roast & Ground Imports,(1000 60 KG BAGS),0.0,0,1,00,"USDA FAS PS&D (Production, Supply & Distribution)",https://apps.fas.usda.gov/psdonline/downloads/
"Coffee, Green",United States,1986,Roast & Ground Imports,(1000 60 KG BAGS),0.0,0,1,00,"USDA FAS PS&D (Production, Supply & Distribution)",https://apps.fas.usda.gov/psdonline/downloads/
"Coffee, Green",United States,1987,Roast & Ground Imports,(1000 60 KG BAGS),0.0,0,1,00,"USDA FAS PS&D (Production, Supply & Distribution)",https://apps.fas.usda.gov/psdonline/downloads/
"Coffee, Green",United States,1988,Roast & Ground Imports,(1000 60 KG BAGS),0.0,0,1,00,"USDA FAS PS&D (Production, Supply & Distribution)",https://apps.fas.usda.gov/psdonline/downloads/
"Coffee, Green",United States,1989,Roast & Ground Imports,(1000 60 KG BAGS),0.0,0,1,00,"USDA FAS PS&D (Production, Supply & Distribution)",https://apps.fas.usda.gov/psdonline/downloads/
"Coffee, Green",United States,1990,Roast & Ground Imports,(1000 60 KG BAGS),0.0,0,1,00,"USDA FAS PS&D (Production, Supply & Distribution)",https://apps.fas.usda.gov/psdonline/downloads/
"Coffee, Green",United States,1991,Roast & Ground Imports,(1000 60 KG BAGS),0.0,0,1,00,"USDA FAS PS&D (Production, Supply & Distribution)",https://apps.fas.usda.gov/psdonline/downloads/
"Coffee, Green",United States,1992,Roast & Ground Imports,(1000 60 KG BAGS),0.0,0,1,00,"USDA FAS PS&D (Production, Supply & Distribution)",https://apps.fas.usda.gov/psdonline/downloads/
"Coffee, Green",United States,1993,Roast & Ground Imports,(1000 60 KG BAGS),0.0,0,1,00,"USDA FAS PS&D (Production, Supply & Distribution)",https://apps.fas.usda.gov/psdonline/downloads/
"Coffee, Green",United States,1994,Roast & Ground Imports,(1000 60 KG BAGS),0.0,0,1,00,"USDA FAS PS&D (Production, Supply & Distribution)",https://apps.fas.usda.gov/psdonline/downloads/
"Coffee, Green",United States,1995,Roast & Ground Imports,(1000 60 KG BAGS),0.0,0,1,00,"USDA FAS PS&D (Production, Supply & Distribution)",https://apps.fas.usda.gov/psdonline/downloads/
"Coffee, Green",United States,1996,Roast & Ground Imports,(1000 60 KG BAGS),0.0,0,1,00,"USDA FAS PS&D (Production, Supply & Distribution)",https://apps.fas.usda.gov/psdonline/downloads/
"Coffee, Green",United States,1997,Roast & Ground Imports,(1000 60 KG BAGS),0.0,0,1,00,"USDA FAS PS&D (Production, Supply & Distribution)",https://apps.fas.usda.gov/psdonline/downloads/
"Coffee, Green",United States,1998,Roast & Ground Imports,(1000 60 KG BAGS),0.0,0,1,00,"USDA FAS PS&D (Production, Supply & Distribution)",https://apps.fas.usda.gov/psdonline/downloads/
"Coffee, Green",United States,1999,Roast & Ground Imports,(1000 60 KG BAGS),0.0,0,1,00,"USDA FAS PS&D (Production, Supply & Distribution)",https://apps.fas.usda.gov/psdonline/downloads/
"Coffee, Green",United States,2000,Roast & Ground Imports,(1000 60 KG BAGS),0.0,0,1,00,"USDA FAS PS&D (Production, Supply & Distribution)",https://apps.fas.usda.gov/psdonline/downloads/
"Coffee, Green",United States,2001,Roast & Ground Imports,(1000 60 KG BAGS),0.0,0,1,12,"USDA FAS PS&D (Production, Supply & Distribution)",https://apps.fas.usda.gov/psdonline/downloads/
"Coffee, Green",United States,2002,Roast & Ground Imports,(1000 60 KG BAGS),0.0,0,1,06,"USDA FAS PS&D (Production, Supply & Distribution)",https://apps.fas.usda.gov/psdonline/downloads/
"Coffee, Green",United States,2003,Roast & Ground Imports,(1000 60 KG BAGS),100.0,0,1,06,"USDA FAS PS&D (Production, Supply & Distribution)",https://apps.fas.usda.gov/psdonline/downloads/
"Coffee, Green",United States,2004,Roast & Ground Imports,(1000 60 KG BAGS),0.0,0,1,06,"USDA FAS PS&D (Production, Supply & Distribution)",https://apps.fas.usda.gov/psdonline/downloads/
"Coffee, Green",United States,2005,Roast & Ground Imports,(1000 60 KG BAGS),0.0,0,1,06,"USDA FAS PS&D (Production, Supply & Distribution)",https://apps.fas.usda.gov/psdonline/downloads/
"Coffee, Green",United States,2006,Roast & Ground Imports,(1000 60 KG BAGS),0.0,0,1,06,"USDA FAS PS&D (Production, Supply & Distribution)",https://apps.fas.usda.gov/psdonline/downloads/
"Coffee, Green",United States,2007,Roast & Ground Imports,(1000 60 KG BAGS),0.0,0,1,06,"USDA FAS PS&D (Production, Supply & Distribution)",https://apps.fas.usda.gov/psdonline/downloads/
"Coffee, Green",United States,2008,Roast & Ground Imports,(1000 60 KG BAGS),0.0,0,1,06,"USDA FAS PS&D (Production, Supply & Distribution)",https://apps.fas.usda.gov/psdonline/downloads/
"Coffee, Green",United States,2009,Roast & Ground Imports,(1000 60 KG BAGS),0.0,0,1,06,"USDA FAS PS&D (Production, Supply & Distribution)",https://apps.fas.usda.gov/psdonline/downloads/
"Coffee, Green",United States,2010,Roast & Ground Imports,(1000 60 KG BAGS),0.0,0,1,06,"USDA FAS PS&D (Production, Supply & Distribution)",https://apps.fas.usda.gov/psdonline/downloads/
"Coffee, Green",United States,2011,Roast & Ground Imports,(1000 60 KG BAGS),0.0,0,1,06,"USDA FAS PS&D (Production, Supply & Distribution)",https://apps.fas.usda.gov/psdonline/downloads/
"Coffee, Green",United States,2012,Roast & Ground Imports,(1000 60 KG BAGS),0.0,0,1,06,"USDA FAS PS&D (Production, Supply & Distribution)",https://apps.fas.usda.gov/psdonline/downloads/
"Coffee, Green",United States,2013,Roast & Ground Imports,(1000 60 KG BAGS),0.0,0,1,06,"USDA FAS PS&D (Production, Supply & Distribution)",https://apps.fas.usda.gov/psdonline/downloads/
"Coffee, Green",United States,2014,Roast & Ground Imports,(1000 60 KG BAGS),0.0,0,1,06,"USDA FAS PS&D (Production, Supply & Distribution)",https://apps.fas.usda.gov/psdonline/downloads/
"Coffee, Green",United States,2015,Roast & Ground Imports,(1000 60 KG BAGS),0.0,0,1,12,"USDA FAS PS&D (Production, Supply & Distribution)",https://apps.fas.usda.gov/psdonline/downloads/
"Coffee, Green",United States,2016,Roast & Ground Imports,(1000 60 KG BAGS),160.0,0,1,12,"USDA FAS PS&D (Production, Supply & Distribution)",https://apps.fas.usda.gov/psdonline/downloads/
"Coffee, Green",United States,2017,Roast & Ground Imports,(1000 60 KG BAGS),115.0,0,1,12,"USDA FAS PS&D (Production, Supply & Distribution)",https://apps.fas.usda.gov/psdonline/downloads/
"Coffee, Green",United States,2018,Roast & Ground Imports,(1000 60 KG BAGS),370.0,0,1,12,"USDA FAS PS&D (Production, Supply & Distribution)",https://apps.fas.usda.gov/psdonline/downloads/
"Coffee, Green",United States,2019,Roast & Ground Imports,(1000 60 KG BAGS),360.0,0,1,12,"USDA FAS PS&D (Production, Supply & Distribution)",https://apps.fas.usda.gov/psdonline/downloads/
"Coffee, Green",United States,2020,Roast & Ground Imports,(1000 60 KG BAGS),605.0,0,1,12,"USDA FAS PS&D (Production, Supply & Distribution)",https://apps.fas.usda.gov/psdonline/downloads/
"Coffee, Green",United States,2021,Roast & Ground Imports,(1000 60 KG BAGS),580.0,0,1,12,"USDA FAS PS&D (Production, Supply & Distribution)",https://apps.fas.usda.gov/psdonline/downloads/
"Coffee, Green",United States,2022,Roast & Ground Imports,(1000 60 KG BAGS),640.0,0,1,12,"USDA FAS PS&D (Production, Supply & Distribution)",https://apps.fas.usda.gov/psdonline/downloads/
"Coffee, Green",United States,2023,Roast & Ground Imports,(1000 60 KG BAGS),770.0,0,1,12,"USDA FAS PS&D (Production, Supply & Distribution)",https://apps.fas.usda.gov/psdonline/downloads/
"Coffee, Green",United States,2024,Roast & Ground Imports,(1000 60 KG BAGS),980.0,0,1,12,"USDA FAS PS&D (Production, Supply & Distribution)",https://apps.fas.usda.gov/psdonline/downloads/
"Coffee, Green",United States,2025,Roast & Ground Imports,(1000 60 KG BAGS),1000.0,0,1,12,"USDA FAS PS&D (Production, Supply & Distribution)",https://apps.fas.usda.gov/psdonline/downloads/
"Coffee, Green",United States,1960,Robusta Production,(1000 60 KG BAGS),0.0,0,1,00,"USDA FAS PS&D (Production, Supply & Distribution)",https://apps.fas.usda.gov/psdonline/downloads/
"Coffee, Green",United States,1961,Robusta Production,(1000 60 KG BAGS),0.0,0,1,00,"USDA FAS PS&D (Production, Supply & Distribution)",https://apps.fas.usda.gov/psdonline/downloads/
"Coffee, Green",United States,1962,Robusta Production,(1000 60 KG BAGS),0.0,0,1,00,"USDA FAS PS&D (Production, Supply & Distribution)",https://apps.fas.usda.gov/psdonline/downloads/
"Coffee, Green",United States,1963,Robusta Production,(1000 60 KG BAGS),0.0,0,1,00,"USDA FAS PS&D (Production, Supply & Distribution)",https://apps.fas.usda.gov/psdonline/downloads/
"Coffee, Green",United States,1964,Robusta Production,(1000 60 KG BAGS),0.0,0,1,00,"USDA FAS PS&D (Production, Supply & Distribution)",https://apps.fas.usda.gov/psdonline/downloads/
"Coffee, Green",United States,1965,Robusta Production,(1000 60 KG BAGS),0.0,0,1,00,"USDA FAS PS&D (Production, Supply & Distribution)",https://apps.fas.usda.gov/psdonline/downloads/
"Coffee, Green",United States,1966,Robusta Production,(1000 60 KG BAGS),0.0,0,1,00,"USDA FAS PS&D (Production, Supply & Distribution)",https://apps.fas.usda.gov/psdonline/downloads/
"Coffee, Green",United States,1967,Robusta Production,(1000 60 KG BAGS),0.0,0,1,00,"USDA FAS PS&D (Production, Supply & Distribution)",https://apps.fas.usda.gov/psdonline/downloads/
"Coffee, Green",United States,1968,Robusta Production,(1000 60 KG BAGS),0.0,0,1,00,"USDA FAS PS&D (Production, Supply & Distribution)",https://apps.fas.usda.gov/psdonline/downloads/
"Coffee, Green",United States,1969,Robusta Production,(1000 60 KG BAGS),0.0,0,1,00,"USDA FAS PS&D (Production, Supply & Distribution)",https://apps.fas.usda.gov/psdonline/downloads/
"Coffee, Green",United States,1970,Robusta Production,(1000 60 KG BAGS),0.0,0,1,00,"USDA FAS PS&D (Production, Supply & Distribution)",https://apps.fas.usda.gov/psdonline/downloads/
"Coffee, Green",United States,1971,Robusta Production,(1000 60 KG BAGS),0.0,0,1,00,"USDA FAS PS&D (Production, Supply & Distribution)",https://apps.fas.usda.gov/psdonline/downloads/
"Coffee, Green",United States,1972,Robusta Production,(1000 60 KG BAGS),0.0,0,1,00,"USDA FAS PS&D (Production, Supply & Distribution)",https://apps.fas.usda.gov/psdonline/downloads/
"Coffee, Green",United States,1973,Robusta Production,(1000 60 KG BAGS),0.0,0,1,00,"USDA FAS PS&D (Production, Supply & Distribution)",https://apps.fas.usda.gov/psdonline/downloads/
"Coffee, Green",United States,1974,Robusta Production,(1000 60 KG BAGS),0.0,0,1,00,"USDA FAS PS&D (Production, Supply & Distribution)",https://apps.fas.usda.gov/psdonline/downloads/
"Coffee, Green",United States,1975,Robusta Production,(1000 60 KG BAGS),0.0,0,1,00,"USDA FAS PS&D (Production, Supply & Distribution)",https://apps.fas.usda.gov/psdonline/downloads/
"Coffee, Green",United States,1976,Robusta Production,(1000 60 KG BAGS),0.0,0,1,00,"USDA FAS PS&D (Production, Supply & Distribution)",https://apps.fas.usda.gov/psdonline/downloads/
"Coffee, Green",United States,1977,Robusta Production,(1000 60 KG BAGS),0.0,0,1,00,"USDA FAS PS&D (Production, Supply & Distribution)",https://apps.fas.usda.gov/psdonline/downloads/
"Coffee, Green",United States,1978,Robusta Production,(1000 60 KG BAGS),0.0,0,1,00,"USDA FAS PS&D (Production, Supply & Distribution)",https://apps.fas.usda.gov/psdonline/downloads/
"Coffee, Green",United States,1979,Robusta Production,(1000 60 KG BAGS),0.0,0,1,00,"USDA FAS PS&D (Production, Supply & Distribution)",https://apps.fas.usda.gov/psdonline/downloads/
"Coffee, Green",United States,1980,Robusta Production,(1000 60 KG BAGS),0.0,0,1,00,"USDA FAS PS&D (Production, Supply & Distribution)",https://apps.fas.usda.gov/psdonline/downloads/
"Coffee, Green",United States,1981,Robusta Production,(1000 60 KG BAGS),0.0,0,1,00,"USDA FAS PS&D (Production, Supply & Distribution)",https://apps.fas.usda.gov/psdonline/downloads/
"Coffee, Green",United States,1982,Robusta Production,(1000 60 KG BAGS),0.0,0,1,00,"USDA FAS PS&D (Production, Supply & Distribution)",https://apps.fas.usda.gov/psdonline/downloads/
"Coffee, Green",United States,1983,Robusta Production,(1000 60 KG BAGS),0.0,0,1,00,"USDA FAS PS&D (Production, Supply & Distribution)",https://apps.fas.usda.gov/psdonline/downloads/
"Coffee, Green",United States,1984,Robusta Production,(1000 60 KG BAGS),0.0,0,1,00,"USDA FAS PS&D (Production, Supply & Distribution)",https://apps.fas.usda.gov/psdonline/downloads/
"Coffee, Green",United States,1985,Robusta Production,(1000 60 KG BAGS),0.0,0,1,00,"USDA FAS PS&D (Production, Supply & Distribution)",https://apps.fas.usda.gov/psdonline/downloads/
"Coffee, Green",United States,1986,Robusta Production,(1000 60 KG BAGS),0.0,0,1,00,"USDA FAS PS&D (Production, Supply & Distribution)",https://apps.fas.usda.gov/psdonline/downloads/
"Coffee, Green",United States,1987,Robusta Production,(1000 60 KG BAGS),0.0,0,1,00,"USDA FAS PS&D (Production, Supply & Distribution)",https://apps.fas.usda.gov/psdonline/downloads/
"Coffee, Green",United States,1988,Robusta Production,(1000 60 KG BAGS),0.0,0,1,00,"USDA FAS PS&D (Production, Supply & Distribution)",https://apps.fas.usda.gov/psdonline/downloads/
"Coffee, Green",United States,1989,Robusta Production,(1000 60 KG BAGS),0.0,0,1,00,"USDA FAS PS&D (Production, Supply & Distribution)",https://apps.fas.usda.gov/psdonline/downloads/
"Coffee, Green",United States,1990,Robusta Production,(1000 60 KG BAGS),0.0,0,1,00,"USDA FAS PS&D (Production, Supply & Distribution)",https://apps.fas.usda.gov/psdonline/downloads/
"Coffee, Green",United States,1991,Robusta Production,(1000 60 KG BAGS),0.0,0,1,00,"USDA FAS PS&D (Production, Supply & Distribution)",https://apps.fas.usda.gov/psdonline/downloads/
"Coffee, Green",United States,1992,Robusta Production,(1000 60 KG BAGS),0.0,0,1,00,"USDA FAS PS&D (Production, Supply & Distribution)",https://apps.fas.usda.gov/psdonline/downloads/
"Coffee, Green",United States,1993,Robusta Production,(1000 60 KG BAGS),0.0,0,1,00,"USDA FAS PS&D (Production, Supply & Distribution)",https://apps.fas.usda.gov/psdonline/downloads/
"Coffee, Green",United States,1994,Robusta Production,(1000 60 KG BAGS),0.0,0,1,00,"USDA FAS PS&D (Production, Supply & Distribution)",https://apps.fas.usda.gov/psdonline/downloads/
"Coffee, Green",United States,1995,Robusta Production,(1000 60 KG BAGS),0.0,0,1,00,"USDA FAS PS&D (Production, Supply & Distribution)",https://apps.fas.usda.gov/psdonline/downloads/
"Coffee, Green",United States,1996,Robusta Production,(1000 60 KG BAGS),0.0,0,1,00,"USDA FAS PS&D (Production, Supply & Distribution)",https://apps.fas.usda.gov/psdonline/downloads/
"Coffee, Green",United States,1997,Robusta Production,(1000 60 KG BAGS),0.0,0,1,00,"USDA FAS PS&D (Production, Supply & Distribution)",https://apps.fas.usda.gov/psdonline/downloads/
"Coffee, Green",United States,1998,Robusta Production,(1000 60 KG BAGS),0.0,0,1,00,"USDA FAS PS&D (Production, Supply & Distribution)",https://apps.fas.usda.gov/psdonline/downloads/
"Coffee, Green",United States,1999,Robusta Production,(1000 60 KG BAGS),0.0,0,1,00,"USDA FAS PS&D (Production, Supply & Distribution)",https://apps.fas.usda.gov/psdonline/downloads/
"Coffee, Green",United States,2000,Robusta Production,(1000 60 KG BAGS),0.0,0,1,00,"USDA FAS PS&D (Production, Supply & Distribution)",https://apps.fas.usda.gov/psdonline/downloads/
"Coffee, Green",United States,2001,Robusta Production,(1000 60 KG BAGS),0.0,0,1,12,"USDA FAS PS&D (Production, Supply & Distribution)",https://apps.fas.usda.gov/psdonline/downloads/
"Coffee, Green",United States,2002,Robusta Production,(1000 60 KG BAGS),0.0,0,1,06,"USDA FAS PS&D (Production, Supply & Distribution)",https://apps.fas.usda.gov/psdonline/downloads/
"Coffee, Green",United States,2003,Robusta Production,(1000 60 KG BAGS),0.0,0,1,06,"USDA FAS PS&D (Production, Supply & Distribution)",https://apps.fas.usda.gov/psdonline/downloads/
"Coffee, Green",United States,2004,Robusta Production,(1000 60 KG BAGS),0.0,0,1,06,"USDA FAS PS&D (Production, Supply & Distribution)",https://apps.fas.usda.gov/psdonline/downloads/
"Coffee, Green",United States,2005,Robusta Production,(1000 60 KG BAGS),0.0,0,1,06,"USDA FAS PS&D (Production, Supply & Distribution)",https://apps.fas.usda.gov/psdonline/downloads/
"Coffee, Green",United States,2006,Robusta Production,(1000 60 KG BAGS),0.0,0,1,06,"USDA FAS PS&D (Production, Supply & Distribution)",https://apps.fas.usda.gov/psdonline/downloads/
"Coffee, Green",United States,2007,Robusta Production,(1000 60 KG BAGS),0.0,0,1,06,"USDA FAS PS&D (Production, Supply & Distribution)",https://apps.fas.usda.gov/psdonline/downloads/
"Coffee, Green",United States,2008,Robusta Production,(1000 60 KG BAGS),0.0,0,1,06,"USDA FAS PS&D (Production, Supply & Distribution)",https://apps.fas.usda.gov/psdonline/downloads/
"Coffee, Green",United States,2009,Robusta Production,(1000 60 KG BAGS),0.0,0,1,06,"USDA FAS PS&D (Production, Supply & Distribution)",https://apps.fas.usda.gov/psdonline/downloads/
"Coffee, Green",United States,2010,Robusta Production,(1000 60 KG BAGS),0.0,0,1,06,"USDA FAS PS&D (Production, Supply & Distribution)",https://apps.fas.usda.gov/psdonline/downloads/
"Coffee, Green",United States,2011,Robusta Production,(1000 60 KG BAGS),0.0,0,1,06,"USDA FAS PS&D (Production, Supply & Distribution)",https://apps.fas.usda.gov/psdonline/downloads/
"Coffee, Green",United States,2012,Robusta Production,(1000 60 KG BAGS),0.0,0,1,06,"USDA FAS PS&D (Production, Supply & Distribution)",https://apps.fas.usda.gov/psdonline/downloads/
"Coffee, Green",United States,2013,Robusta Production,(1000 60 KG BAGS),0.0,0,1,06,"USDA FAS PS&D (Production, Supply & Distribution)",https://apps.fas.usda.gov/psdonline/downloads/
"Coffee, Green",United States,2014,Robusta Production,(1000 60 KG BAGS),0.0,0,1,06,"USDA FAS PS&D (Production, Supply & Distribution)",https://apps.fas.usda.gov/psdonline/downloads/
"Coffee, Green",United States,2015,Robusta Production,(1000 60 KG BAGS),0.0,0,1,12,"USDA FAS PS&D (Production, Supply & Distribution)",https://apps.fas.usda.gov/psdonline/downloads/
"Coffee, Green",United States,2016,Robusta Production,(1000 60 KG BAGS),0.0,0,1,12,"USDA FAS PS&D (Production, Supply & Distribution)",https://apps.fas.usda.gov/psdonline/downloads/
"Coffee, Green",United States,2017,Robusta Production,(1000 60 KG BAGS),0.0,0,1,12,"USDA FAS PS&D (Production, Supply & Distribution)",https://apps.fas.usda.gov/psdonline/downloads/
"Coffee, Green",United States,2018,Robusta Production,(1000 60 KG BAGS),0.0,0,1,12,"USDA FAS PS&D (Production, Supply & Distribution)",https://apps.fas.usda.gov/psdonline/downloads/
"Coffee, Green",United States,2019,Robusta Production,(1000 60 KG BAGS),0.0,0,1,12,"USDA FAS PS&D (Production, Supply & Distribution)",https://apps.fas.usda.gov/psdonline/downloads/
"Coffee, Green",United States,2020,Robusta Production,(1000 60 KG BAGS),0.0,0,1,12,"USDA FAS PS&D (Production, Supply & Distribution)",https://apps.fas.usda.gov/psdonline/downloads/
"Coffee, Green",United States,2021,Robusta Production,(1000 60 KG BAGS),0.0,0,1,12,"USDA FAS PS&D (Production, Supply & Distribution)",https://apps.fas.usda.gov/psdonline/downloads/
"Coffee, Green",United States,2022,Robusta Production,(1000 60 KG BAGS),0.0,0,1,12,"USDA FAS PS&D (Production, Supply & Distribution)",https://apps.fas.usda.gov/psdonline/downloads/
"Coffee, Green",United States,2023,Robusta Production,(1000 60 KG BAGS),0.0,0,1,12,"USDA FAS PS&D (Production, Supply & Distribution)",https://apps.fas.usda.gov/psdonline/downloads/
"Coffee, Green",United States,2024,Robusta Production,(1000 60 KG BAGS),0.0,0,1,12,"USDA FAS PS&D (Production, Supply & Distribution)",https://apps.fas.usda.gov/psdonline/downloads/
"Coffee, Green",United States,2025,Robusta Production,(1000 60 KG BAGS),0.0,0,1,12,"USDA FAS PS&D (Production, Supply & Distribution)",https://apps.fas.usda.gov/psdonline/downloads/
"Coffee, Green",United States,1960,"Rst,Ground Dom. Consum",(1000 60 KG BAGS),202.0,0,1,00,"USDA FAS PS&D (Production, Supply & Distribution)",https://apps.fas.usda.gov/psdonline/downloads/
"Coffee, Green",United States,1961,"Rst,Ground Dom. Consum",(1000 60 KG BAGS),167.0,0,1,00,"USDA FAS PS&D (Production, Supply & Distribution)",https://apps.fas.usda.gov/psdonline/downloads/
"Coffee, Green",United States,1962,"Rst,Ground Dom. Consum",(1000 60 KG BAGS),202.0,0,1,00,"USDA FAS PS&D (Production, Supply & Distribution)",https://apps.fas.usda.gov/psdonline/downloads/
"Coffee, Green",United States,1963,"Rst,Ground Dom. Consum",(1000 60 KG BAGS),169.0,0,1,00,"USDA FAS PS&D (Production, Supply & Distribution)",https://apps.fas.usda.gov/psdonline/downloads/
"Coffee, Green",United States,1964,"Rst,Ground Dom. Consum",(1000 60 KG BAGS),196.0,0,1,00,"USDA FAS PS&D (Production, Supply & Distribution)",https://apps.fas.usda.gov/psdonline/downloads/
"Coffee, Green",United States,1965,"Rst,Ground Dom. Consum",(1000 60 KG BAGS),188.0,0,1,00,"USDA FAS PS&D (Production, Supply & Distribution)",https://apps.fas.usda.gov/psdonline/downloads/
"Coffee, Green",United States,1966,"Rst,Ground Dom. Consum",(1000 60 KG BAGS),196.0,0,1,00,"USDA FAS PS&D (Production, Supply & Distribution)",https://apps.fas.usda.gov/psdonline/downloads/
"Coffee, Green",United States,1967,"Rst,Ground Dom. Consum",(1000 60 KG BAGS),188.0,0,1,00,"USDA FAS PS&D (Production, Supply & Distribution)",https://apps.fas.usda.gov/psdonline/downloads/
"Coffee, Green",United States,1968,"Rst,Ground Dom. Consum",(1000 60 KG BAGS),207.0,0,1,00,"USDA FAS PS&D (Production, Supply & Distribution)",https://apps.fas.usda.gov/psdonline/downloads/
"Coffee, Green",United States,1969,"Rst,Ground Dom. Consum",(1000 60 KG BAGS),216.0,0,1,00,"USDA FAS PS&D (Production, Supply & Distribution)",https://apps.fas.usda.gov/psdonline/downloads/
"Coffee, Green",United States,1970,"Rst,Ground Dom. Consum",(1000 60 KG BAGS),234.0,0,1,00,"USDA FAS PS&D (Production, Supply & Distribution)",https://apps.fas.usda.gov/psdonline/downloads/
"Coffee, Green",United States,1971,"Rst,Ground Dom. Consum",(1000 60 KG BAGS),229.0,0,1,00,"USDA FAS PS&D (Production, Supply & Distribution)",https://apps.fas.usda.gov/psdonline/downloads/
"Coffee, Green",United States,1972,"Rst,Ground Dom. Consum",(1000 60 KG BAGS),249.0,0,1,00,"USDA FAS PS&D (Production, Supply & Distribution)",https://apps.fas.usda.gov/psdonline/downloads/
"Coffee, Green",United States,1973,"Rst,Ground Dom. Consum",(1000 60 KG BAGS),245.0,0,1,00,"USDA FAS PS&D (Production, Supply & Distribution)",https://apps.fas.usda.gov/psdonline/downloads/
"Coffee, Green",United States,1974,"Rst,Ground Dom. Consum",(1000 60 KG BAGS),256.0,0,1,00,"USDA FAS PS&D (Production, Supply & Distribution)",https://apps.fas.usda.gov/psdonline/downloads/
"Coffee, Green",United States,1975,"Rst,Ground Dom. Consum",(1000 60 KG BAGS),273.0,0,1,00,"USDA FAS PS&D (Production, Supply & Distribution)",https://apps.fas.usda.gov/psdonline/downloads/
"Coffee, Green",United States,1976,"Rst,Ground Dom. Consum",(1000 60 KG BAGS),217.0,0,1,00,"USDA FAS PS&D (Production, Supply & Distribution)",https://apps.fas.usda.gov/psdonline/downloads/
"Coffee, Green",United States,1977,"Rst,Ground Dom. Consum",(1000 60 KG BAGS),230.0,0,1,00,"USDA FAS PS&D (Production, Supply & Distribution)",https://apps.fas.usda.gov/psdonline/downloads/
"Coffee, Green",United States,1978,"Rst,Ground Dom. Consum",(1000 60 KG BAGS),238.0,0,1,00,"USDA FAS PS&D (Production, Supply & Distribution)",https://apps.fas.usda.gov/psdonline/downloads/
"Coffee, Green",United States,1979,"Rst,Ground Dom. Consum",(1000 60 KG BAGS),265.0,0,1,00,"USDA FAS PS&D (Production, Supply & Distribution)",https://apps.fas.usda.gov/psdonline/downloads/
"Coffee, Green",United States,1980,"Rst,Ground Dom. Consum",(1000 60 KG BAGS),232.0,0,1,00,"USDA FAS PS&D (Production, Supply & Distribution)",https://apps.fas.usda.gov/psdonline/downloads/
"Coffee, Green",United States,1981,"Rst,Ground Dom. Consum",(1000 60 KG BAGS),248.0,0,1,00,"USDA FAS PS&D (Production, Supply & Distribution)",https://apps.fas.usda.gov/psdonline/downloads/
"Coffee, Green",United States,1982,"Rst,Ground Dom. Consum",(1000 60 KG BAGS),225.0,0,1,00,"USDA FAS PS&D (Production, Supply & Distribution)",https://apps.fas.usda.gov/psdonline/downloads/
"Coffee, Green",United States,1983,"Rst,Ground Dom. Consum",(1000 60 KG BAGS),232.0,0,1,00,"USDA FAS PS&D (Production, Supply & Distribution)",https://apps.fas.usda.gov/psdonline/downloads/
"Coffee, Green",United States,1984,"Rst,Ground Dom. Consum",(1000 60 KG BAGS),180.0,0,1,00,"USDA FAS PS&D (Production, Supply & Distribution)",https://apps.fas.usda.gov/psdonline/downloads/
"Coffee, Green",United States,1985,"Rst,Ground Dom. Consum",(1000 60 KG BAGS),204.0,0,1,00,"USDA FAS PS&D (Production, Supply & Distribution)",https://apps.fas.usda.gov/psdonline/downloads/
"Coffee, Green",United States,1986,"Rst,Ground Dom. Consum",(1000 60 KG BAGS),226.0,0,1,00,"USDA FAS PS&D (Production, Supply & Distribution)",https://apps.fas.usda.gov/psdonline/downloads/
"Coffee, Green",United States,1987,"Rst,Ground Dom. Consum",(1000 60 KG BAGS),206.0,0,1,00,"USDA FAS PS&D (Production, Supply & Distribution)",https://apps.fas.usda.gov/psdonline/downloads/
"Coffee, Green",United States,1988,"Rst,Ground Dom. Consum",(1000 60 KG BAGS),207.0,0,1,00,"USDA FAS PS&D (Production, Supply & Distribution)",https://apps.fas.usda.gov/psdonline/downloads/
"Coffee, Green",United States,1989,"Rst,Ground Dom. Consum",(1000 60 KG BAGS),239.0,0,1,00,"USDA FAS PS&D (Production, Supply & Distribution)",https://apps.fas.usda.gov/psdonline/downloads/
"Coffee, Green",United States,1990,"Rst,Ground Dom. Consum",(1000 60 KG BAGS),229.0,0,1,00,"USDA FAS PS&D (Production, Supply & Distribution)",https://apps.fas.usda.gov/psdonline/downloads/
"Coffee, Green",United States,1991,"Rst,Ground Dom. Consum",(1000 60 KG BAGS),229.0,0,1,00,"USDA FAS PS&D (Production, Supply & Distribution)",https://apps.fas.usda.gov/psdonline/downloads/
"Coffee, Green",United States,1992,"Rst,Ground Dom. Consum",(1000 60 KG BAGS),225.0,0,1,00,"USDA FAS PS&D (Production, Supply & Distribution)",https://apps.fas.usda.gov/psdonline/downloads/
"Coffee, Green",United States,1993,"Rst,Ground Dom. Consum",(1000 60 KG BAGS),228.0,0,1,00,"USDA FAS PS&D (Production, Supply & Distribution)",https://apps.fas.usda.gov/psdonline/downloads/
"Coffee, Green",United States,1994,"Rst,Ground Dom. Consum",(1000 60 KG BAGS),237.0,0,1,00,"USDA FAS PS&D (Production, Supply & Distribution)",https://apps.fas.usda.gov/psdonline/downloads/
"Coffee, Green",United States,1995,"Rst,Ground Dom. Consum",(1000 60 KG BAGS),236.0,0,1,00,"USDA FAS PS&D (Production, Supply & Distribution)",https://apps.fas.usda.gov/psdonline/downloads/
"Coffee, Green",United States,1996,"Rst,Ground Dom. Consum",(1000 60 KG BAGS),270.0,0,1,00,"USDA FAS PS&D (Production, Supply & Distribution)",https://apps.fas.usda.gov/psdonline/downloads/
"Coffee, Green",United States,1997,"Rst,Ground Dom. Consum",(1000 60 KG BAGS),232.0,0,1,00,"USDA FAS PS&D (Production, Supply & Distribution)",https://apps.fas.usda.gov/psdonline/downloads/
"Coffee, Green",United States,1998,"Rst,Ground Dom. Consum",(1000 60 KG BAGS),163.0,0,1,00,"USDA FAS PS&D (Production, Supply & Distribution)",https://apps.fas.usda.gov/psdonline/downloads/
"Coffee, Green",United States,1999,"Rst,Ground Dom. Consum",(1000 60 KG BAGS),185.0,0,1,00,"USDA FAS PS&D (Production, Supply & Distribution)",https://apps.fas.usda.gov/psdonline/downloads/
"Coffee, Green",United States,2000,"Rst,Ground Dom. Consum",(1000 60 KG BAGS),183.0,0,1,00,"USDA FAS PS&D (Production, Supply & Distribution)",https://apps.fas.usda.gov/psdonline/downloads/
"Coffee, Green",United States,2001,"Rst,Ground Dom. Consum",(1000 60 KG BAGS),0.0,0,1,12,"USDA FAS PS&D (Production, Supply & Distribution)",https://apps.fas.usda.gov/psdonline/downloads/
"Coffee, Green",United States,2002,"Rst,Ground Dom. Consum",(1000 60 KG BAGS),20343.0,0,1,06,"USDA FAS PS&D (Production, Supply & Distribution)",https://apps.fas.usda.gov/psdonline/downloads/
"Coffee, Green",United States,2003,"Rst,Ground Dom. Consum",(1000 60 KG BAGS),21106.0,0,1,06,"USDA FAS PS&D (Production, Supply & Distribution)",https://apps.fas.usda.gov/psdonline/downloads/
"Coffee, Green",United States,2004,"Rst,Ground Dom. Consum",(1000 60 KG BAGS),20460.0,0,1,06,"USDA FAS PS&D (Production, Supply & Distribution)",https://apps.fas.usda.gov/psdonline/downloads/
"Coffee, Green",United States,2005,"Rst,Ground Dom. Consum",(1000 60 KG BAGS),21186.0,0,1,06,"USDA FAS PS&D (Production, Supply & Distribution)",https://apps.fas.usda.gov/psdonline/downloads/
"Coffee, Green",United States,2006,"Rst,Ground Dom. Consum",(1000 60 KG BAGS),21272.0,0,1,06,"USDA FAS PS&D (Production, Supply & Distribution)",https://apps.fas.usda.gov/psdonline/downloads/
"Coffee, Green",United States,2007,"Rst,Ground Dom. Consum",(1000 60 KG BAGS),21246.0,0,1,06,"USDA FAS PS&D (Production, Supply & Distribution)",https://apps.fas.usda.gov/psdonline/downloads/
"Coffee, Green",United States,2008,"Rst,Ground Dom. Consum",(1000 60 KG BAGS),21242.0,0,1,06,"USDA FAS PS&D (Production, Supply & Distribution)",https://apps.fas.usda.gov/psdonline/downloads/
"Coffee, Green",United States,2009,"Rst,Ground Dom. Consum",(1000 60 KG BAGS),20761.0,0,1,06,"USDA FAS PS&D (Production, Supply & Distribution)",https://apps.fas.usda.gov/psdonline/downloads/
"Coffee, Green",United States,2010,"Rst,Ground Dom. Consum",(1000 60 KG BAGS),21733.0,0,1,06,"USDA FAS PS&D (Production, Supply & Distribution)",https://apps.fas.usda.gov/psdonline/downloads/
"Coffee, Green",United States,2011,"Rst,Ground Dom. Consum",(1000 60 KG BAGS),22821.0,0,1,06,"USDA FAS PS&D (Production, Supply & Distribution)",https://apps.fas.usda.gov/psdonline/downloads/
"Coffee, Green",United States,2012,"Rst,Ground Dom. Consum",(1000 60 KG BAGS),22687.0,0,1,06,"USDA FAS PS&D (Production, Supply & Distribution)",https://apps.fas.usda.gov/psdonline/downloads/
"Coffee, Green",United States,2013,"Rst,Ground Dom. Consum",(1000 60 KG BAGS),23446.0,0,1,06,"USDA FAS PS&D (Production, Supply & Distribution)",https://apps.fas.usda.gov/psdonline/downloads/
"Coffee, Green",United States,2014,"Rst,Ground Dom. Consum",(1000 60 KG BAGS),23098.0,0,1,06,"USDA FAS PS&D (Production, Supply & Distribution)",https://apps.fas.usda.gov/psdonline/downloads/
"Coffee, Green",United States,2015,"Rst,Ground Dom. Consum",(1000 60 KG BAGS),24998.0,0,1,12,"USDA FAS PS&D (Production, Supply & Distribution)",https://apps.fas.usda.gov/psdonline/downloads/
"Coffee, Green",United States,2016,"Rst,Ground Dom. Consum",(1000 60 KG BAGS),25012.0,0,1,12,"USDA FAS PS&D (Production, Supply & Distribution)",https://apps.fas.usda.gov/psdonline/downloads/
"Coffee, Green",United States,2017,"Rst,Ground Dom. Consum",(1000 60 KG BAGS),25347.0,0,1,12,"USDA FAS PS&D (Production, Supply & Distribution)",https://apps.fas.usda.gov/psdonline/downloads/
"Coffee, Green",United States,2018,"Rst,Ground Dom. Consum",(1000 60 KG BAGS),26662.0,0,1,12,"USDA FAS PS&D (Production, Supply & Distribution)",https://apps.fas.usda.gov/psdonline/downloads/
"Coffee, Green",United States,2019,"Rst,Ground Dom. Consum",(1000 60 KG BAGS),25249.0,0,1,12,"USDA FAS PS&D (Production, Supply & Distribution)",https://apps.fas.usda.gov/psdonline/downloads/
"Coffee, Green",United States,2020,"Rst,Ground Dom. Consum",(1000 60 KG BAGS),25337.0,0,1,12,"USDA FAS PS&D (Production, Supply & Distribution)",https://apps.fas.usda.gov/psdonline/downloads/
"Coffee, Green",United States,2021,"Rst,Ground Dom. Consum",(1000 60 KG BAGS),25488.0,0,1,12,"USDA FAS PS&D (Production, Supply & Distribution)",https://apps.fas.usda.gov/psdonline/downloads/
"Coffee, Green",United States,2022,"Rst,Ground Dom. Consum",(1000 60 KG BAGS),23898.0,0,1,12,"USDA FAS PS&D (Production, Supply & Distribution)",https://apps.fas.usda.gov/psdonline/downloads/
"Coffee, Green",United States,2023,"Rst,Ground Dom. Consum",(1000 60 KG BAGS),22295.0,0,1,12,"USDA FAS PS&D (Production, Supply & Distribution)",https://apps.fas.usda.gov/psdonline/downloads/
"Coffee, Green",United States,2024,"Rst,Ground Dom. Consum",(1000 60 KG BAGS),24430.0,0,1,12,"USDA FAS PS&D (Production, Supply & Distribution)",https://apps.fas.usda.gov/psdonline/downloads/
"Coffee, Green",United States,2025,"Rst,Ground Dom. Consum",(1000 60 KG BAGS),24850.0,0,1,12,"USDA FAS PS&D (Production, Supply & Distribution)",https://apps.fas.usda.gov/psdonline/downloads/
"Coffee, Green",United States,1960,Soluble Dom. Cons.,(1000 60 KG BAGS),85.0,0,1,00,"USDA FAS PS&D (Production, Supply & Distribution)",https://apps.fas.usda.gov/psdonline/downloads/
"Coffee, Green",United States,1961,Soluble Dom. Cons.,(1000 60 KG BAGS),80.0,0,1,00,"USDA FAS PS&D (Production, Supply & Distribution)",https://apps.fas.usda.gov/psdonline/downloads/
"Coffee, Green",United States,1962,Soluble Dom. Cons.,(1000 60 KG BAGS),80.0,0,1,00,"USDA FAS PS&D (Production, Supply & Distribution)",https://apps.fas.usda.gov/psdonline/downloads/
"Coffee, Green",United States,1963,Soluble Dom. Cons.,(1000 60 KG BAGS),77.0,0,1,00,"USDA FAS PS&D (Production, Supply & Distribution)",https://apps.fas.usda.gov/psdonline/downloads/
"Coffee, Green",United States,1964,Soluble Dom. Cons.,(1000 60 KG BAGS),83.0,0,1,00,"USDA FAS PS&D (Production, Supply & Distribution)",https://apps.fas.usda.gov/psdonline/downloads/
"Coffee, Green",United States,1965,Soluble Dom. Cons.,(1000 60 KG BAGS),82.0,0,1,00,"USDA FAS PS&D (Production, Supply & Distribution)",https://apps.fas.usda.gov/psdonline/downloads/
"Coffee, Green",United States,1966,Soluble Dom. Cons.,(1000 60 KG BAGS),75.0,0,1,00,"USDA FAS PS&D (Production, Supply & Distribution)",https://apps.fas.usda.gov/psdonline/downloads/
"Coffee, Green",United States,1967,Soluble Dom. Cons.,(1000 60 KG BAGS),73.0,0,1,00,"USDA FAS PS&D (Production, Supply & Distribution)",https://apps.fas.usda.gov/psdonline/downloads/
"Coffee, Green",United States,1968,Soluble Dom. Cons.,(1000 60 KG BAGS),75.0,0,1,00,"USDA FAS PS&D (Production, Supply & Distribution)",https://apps.fas.usda.gov/psdonline/downloads/
"Coffee, Green",United States,1969,Soluble Dom. Cons.,(1000 60 KG BAGS),73.0,0,1,00,"USDA FAS PS&D (Production, Supply & Distribution)",https://apps.fas.usda.gov/psdonline/downloads/
"Coffee, Green",United States,1970,Soluble Dom. Cons.,(1000 60 KG BAGS),71.0,0,1,00,"USDA FAS PS&D (Production, Supply & Distribution)",https://apps.fas.usda.gov/psdonline/downloads/
"Coffee, Green",United States,1971,Soluble Dom. Cons.,(1000 60 KG BAGS),70.0,0,1,00,"USDA FAS PS&D (Production, Supply & Distribution)",https://apps.fas.usda.gov/psdonline/downloads/
"Coffee, Green",United States,1972,Soluble Dom. Cons.,(1000 60 KG BAGS),69.0,0,1,00,"USDA FAS PS&D (Production, Supply & Distribution)",https://apps.fas.usda.gov/psdonline/downloads/
"Coffee, Green",United States,1973,Soluble Dom. Cons.,(1000 60 KG BAGS),62.0,0,1,00,"USDA FAS PS&D (Production, Supply & Distribution)",https://apps.fas.usda.gov/psdonline/downloads/
"Coffee, Green",United States,1974,Soluble Dom. Cons.,(1000 60 KG BAGS),65.0,0,1,00,"USDA FAS PS&D (Production, Supply & Distribution)",https://apps.fas.usda.gov/psdonline/downloads/
"Coffee, Green",United States,1975,Soluble Dom. Cons.,(1000 60 KG BAGS),71.0,0,1,00,"USDA FAS PS&D (Production, Supply & Distribution)",https://apps.fas.usda.gov/psdonline/downloads/
"Coffee, Green",United States,1976,Soluble Dom. Cons.,(1000 60 KG BAGS),69.0,0,1,00,"USDA FAS PS&D (Production, Supply & Distribution)",https://apps.fas.usda.gov/psdonline/downloads/
"Coffee, Green",United States,1977,Soluble Dom. Cons.,(1000 60 KG BAGS),73.0,0,1,00,"USDA FAS PS&D (Production, Supply & Distribution)",https://apps.fas.usda.gov/psdonline/downloads/
"Coffee, Green",United States,1978,Soluble Dom. Cons.,(1000 60 KG BAGS),65.0,0,1,00,"USDA FAS PS&D (Production, Supply & Distribution)",https://apps.fas.usda.gov/psdonline/downloads/
"Coffee, Green",United States,1979,Soluble Dom. Cons.,(1000 60 KG BAGS),64.0,0,1,00,"USDA FAS PS&D (Production, Supply & Distribution)",https://apps.fas.usda.gov/psdonline/downloads/
"Coffee, Green",United States,1980,Soluble Dom. Cons.,(1000 60 KG BAGS),65.0,0,1,00,"USDA FAS PS&D (Production, Supply & Distribution)",https://apps.fas.usda.gov/psdonline/downloads/
"Coffee, Green",United States,1981,Soluble Dom. Cons.,(1000 60 KG BAGS),64.0,0,1,00,"USDA FAS PS&D (Production, Supply & Distribution)",https://apps.fas.usda.gov/psdonline/downloads/
"Coffee, Green",United States,1982,Soluble Dom. Cons.,(1000 60 KG BAGS),60.0,0,1,00,"USDA FAS PS&D (Production, Supply & Distribution)",https://apps.fas.usda.gov/psdonline/downloads/
"Coffee, Green",United States,1983,Soluble Dom. Cons.,(1000 60 KG BAGS),62.0,0,1,00,"USDA FAS PS&D (Production, Supply & Distribution)",https://apps.fas.usda.gov/psdonline/downloads/
"Coffee, Green",United States,1984,Soluble Dom. Cons.,(1000 60 KG BAGS),56.0,0,1,00,"USDA FAS PS&D (Production, Supply & Distribution)",https://apps.fas.usda.gov/psdonline/downloads/
"Coffee, Green",United States,1985,Soluble Dom. Cons.,(1000 60 KG BAGS),55.0,0,1,00,"USDA FAS PS&D (Production, Supply & Distribution)",https://apps.fas.usda.gov/psdonline/downloads/
"Coffee, Green",United States,1986,Soluble Dom. Cons.,(1000 60 KG BAGS),57.0,0,1,00,"USDA FAS PS&D (Production, Supply & Distribution)",https://apps.fas.usda.gov/psdonline/downloads/
"Coffee, Green",United States,1987,Soluble Dom. Cons.,(1000 60 KG BAGS),52.0,0,1,00,"USDA FAS PS&D (Production, Supply & Distribution)",https://apps.fas.usda.gov/psdonline/downloads/
"Coffee, Green",United States,1988,Soluble Dom. Cons.,(1000 60 KG BAGS),50.0,0,1,00,"USDA FAS PS&D (Production, Supply & Distribution)",https://apps.fas.usda.gov/psdonline/downloads/
"Coffee, Green",United States,1989,Soluble Dom. Cons.,(1000 60 KG BAGS),0.0,0,1,00,"USDA FAS PS&D (Production, Supply & Distribution)",https://apps.fas.usda.gov/psdonline/downloads/
"Coffee, Green",United States,1990,Soluble Dom. Cons.,(1000 60 KG BAGS),0.0,0,1,00,"USDA FAS PS&D (Production, Supply & Distribution)",https://apps.fas.usda.gov/psdonline/downloads/
"Coffee, Green",United States,1991,Soluble Dom. Cons.,(1000 60 KG BAGS),0.0,0,1,00,"USDA FAS PS&D (Production, Supply & Distribution)",https://apps.fas.usda.gov/psdonline/downloads/
"Coffee, Green",United States,1992,Soluble Dom. Cons.,(1000 60 KG BAGS),0.0,0,1,00,"USDA FAS PS&D (Production, Supply & Distribution)",https://apps.fas.usda.gov/psdonline/downloads/
"Coffee, Green",United States,1993,Soluble Dom. Cons.,(1000 60 KG BAGS),0.0,0,1,00,"USDA FAS PS&D (Production, Supply & Distribution)",https://apps.fas.usda.gov/psdonline/downloads/
"Coffee, Green",United States,1994,Soluble Dom. Cons.,(1000 60 KG BAGS),0.0,0,1,00,"USDA FAS PS&D (Production, Supply & Distribution)",https://apps.fas.usda.gov/psdonline/downloads/
"Coffee, Green",United States,1995,Soluble Dom. Cons.,(1000 60 KG BAGS),0.0,0,1,00,"USDA FAS PS&D (Production, Supply & Distribution)",https://apps.fas.usda.gov/psdonline/downloads/
"Coffee, Green",United States,1996,Soluble Dom. Cons.,(1000 60 KG BAGS),0.0,0,1,00,"USDA FAS PS&D (Production, Supply & Distribution)",https://apps.fas.usda.gov/psdonline/downloads/
"Coffee, Green",United States,1997,Soluble Dom. Cons.,(1000 60 KG BAGS),0.0,0,1,00,"USDA FAS PS&D (Production, Supply & Distribution)",https://apps.fas.usda.gov/psdonline/downloads/
"Coffee, Green",United States,1998,Soluble Dom. Cons.,(1000 60 KG BAGS),0.0,0,1,00,"USDA FAS PS&D (Production, Supply & Distribution)",https://apps.fas.usda.gov/psdonline/downloads/
"Coffee, Green",United States,1999,Soluble Dom. Cons.,(1000 60 KG BAGS),0.0,0,1,00,"USDA FAS PS&D (Production, Supply & Distribution)",https://apps.fas.usda.gov/psdonline/downloads/
"Coffee, Green",United States,2000,Soluble Dom. Cons.,(1000 60 KG BAGS),0.0,0,1,00,"USDA FAS PS&D (Production, Supply & Distribution)",https://apps.fas.usda.gov/psdonline/downloads/
"Coffee, Green",United States,2001,Soluble Dom. Cons.,(1000 60 KG BAGS),0.0,0,1,12,"USDA FAS PS&D (Production, Supply & Distribution)",https://apps.fas.usda.gov/psdonline/downloads/
"Coffee, Green",United States,2002,Soluble Dom. Cons.,(1000 60 KG BAGS),790.0,0,1,06,"USDA FAS PS&D (Production, Supply & Distribution)",https://apps.fas.usda.gov/psdonline/downloads/
"Coffee, Green",United States,2003,Soluble Dom. Cons.,(1000 60 KG BAGS),980.0,0,1,06,"USDA FAS PS&D (Production, Supply & Distribution)",https://apps.fas.usda.gov/psdonline/downloads/
"Coffee, Green",United States,2004,Soluble Dom. Cons.,(1000 60 KG BAGS),1040.0,0,1,06,"USDA FAS PS&D (Production, Supply & Distribution)",https://apps.fas.usda.gov/psdonline/downloads/
"Coffee, Green",United States,2005,Soluble Dom. Cons.,(1000 60 KG BAGS),880.0,0,1,06,"USDA FAS PS&D (Production, Supply & Distribution)",https://apps.fas.usda.gov/psdonline/downloads/
"Coffee, Green",United States,2006,Soluble Dom. Cons.,(1000 60 KG BAGS),500.0,0,1,06,"USDA FAS PS&D (Production, Supply & Distribution)",https://apps.fas.usda.gov/psdonline/downloads/
"Coffee, Green",United States,2007,Soluble Dom. Cons.,(1000 60 KG BAGS),570.0,0,1,06,"USDA FAS PS&D (Production, Supply & Distribution)",https://apps.fas.usda.gov/psdonline/downloads/
"Coffee, Green",United States,2008,Soluble Dom. Cons.,(1000 60 KG BAGS),590.0,0,1,06,"USDA FAS PS&D (Production, Supply & Distribution)",https://apps.fas.usda.gov/psdonline/downloads/
"Coffee, Green",United States,2009,Soluble Dom. Cons.,(1000 60 KG BAGS),630.0,0,1,06,"USDA FAS PS&D (Production, Supply & Distribution)",https://apps.fas.usda.gov/psdonline/downloads/
"Coffee, Green",United States,2010,Soluble Dom. Cons.,(1000 60 KG BAGS),650.0,0,1,06,"USDA FAS PS&D (Production, Supply & Distribution)",https://apps.fas.usda.gov/psdonline/downloads/
"Coffee, Green",United States,2011,Soluble Dom. Cons.,(1000 60 KG BAGS),125.0,0,1,06,"USDA FAS PS&D (Production, Supply & Distribution)",https://apps.fas.usda.gov/psdonline/downloads/
"Coffee, Green",United States,2012,Soluble Dom. Cons.,(1000 60 KG BAGS),340.0,0,1,06,"USDA FAS PS&D (Production, Supply & Distribution)",https://apps.fas.usda.gov/psdonline/downloads/
"Coffee, Green",United States,2013,Soluble Dom. Cons.,(1000 60 KG BAGS),365.0,0,1,06,"USDA FAS PS&D (Production, Supply & Distribution)",https://apps.fas.usda.gov/psdonline/downloads/
"Coffee, Green",United States,2014,Soluble Dom. Cons.,(1000 60 KG BAGS),470.0,0,1,06,"USDA FAS PS&D (Production, Supply & Distribution)",https://apps.fas.usda.gov/psdonline/downloads/
"Coffee, Green",United States,2015,Soluble Dom. Cons.,(1000 60 KG BAGS),85.0,0,1,12,"USDA FAS PS&D (Production, Supply & Distribution)",https://apps.fas.usda.gov/psdonline/downloads/
"Coffee, Green",United States,2016,Soluble Dom. Cons.,(1000 60 KG BAGS),500.0,0,1,12,"USDA FAS PS&D (Production, Supply & Distribution)",https://apps.fas.usda.gov/psdonline/downloads/
"Coffee, Green",United States,2017,Soluble Dom. Cons.,(1000 60 KG BAGS),210.0,0,1,12,"USDA FAS PS&D (Production, Supply & Distribution)",https://apps.fas.usda.gov/psdonline/downloads/
"Coffee, Green",United States,2018,Soluble Dom. Cons.,(1000 60 KG BAGS),500.0,0,1,12,"USDA FAS PS&D (Production, Supply & Distribution)",https://apps.fas.usda.gov/psdonline/downloads/
"Coffee, Green",United States,2019,Soluble Dom. Cons.,(1000 60 KG BAGS),800.0,0,1,12,"USDA FAS PS&D (Production, Supply & Distribution)",https://apps.fas.usda.gov/psdonline/downloads/
"Coffee, Green",United States,2020,Soluble Dom. Cons.,(1000 60 KG BAGS),585.0,0,1,12,"USDA FAS PS&D (Production, Supply & Distribution)",https://apps.fas.usda.gov/psdonline/downloads/
"Coffee, Green",United States,2021,Soluble Dom. Cons.,(1000 60 KG BAGS),1220.0,0,1,12,"USDA FAS PS&D (Production, Supply & Distribution)",https://apps.fas.usda.gov/psdonline/downloads/
"Coffee, Green",United States,2022,Soluble Dom. Cons.,(1000 60 KG BAGS),725.0,0,1,12,"USDA FAS PS&D (Production, Supply & Distribution)",https://apps.fas.usda.gov/psdonline/downloads/
"Coffee, Green",United States,2023,Soluble Dom. Cons.,(1000 60 KG BAGS),1250.0,0,1,12,"USDA FAS PS&D (Production, Supply & Distribution)",https://apps.fas.usda.gov/psdonline/downloads/
"Coffee, Green",United States,2024,Soluble Dom. Cons.,(1000 60 KG BAGS),1790.0,0,1,12,"USDA FAS PS&D (Production, Supply & Distribution)",https://apps.fas.usda.gov/psdonline/downloads/
"Coffee, Green",United States,2025,Soluble Dom. Cons.,(1000 60 KG BAGS),1700.0,0,1,12,"USDA FAS PS&D (Production, Supply & Distribution)",https://apps.fas.usda.gov/psdonline/downloads/
"Coffee, Green",United States,1960,Soluble Exports,(1000 60 KG BAGS),0.0,0,1,00,"USDA FAS PS&D (Production, Supply & Distribution)",https://apps.fas.usda.gov/psdonline/downloads/
"Coffee, Green",United States,1961,Soluble Exports,(1000 60 KG BAGS),0.0,0,1,00,"USDA FAS PS&D (Production, Supply & Distribution)",https://apps.fas.usda.gov/psdonline/downloads/
"Coffee, Green",United States,1962,Soluble Exports,(1000 60 KG BAGS),0.0,0,1,00,"USDA FAS PS&D (Production, Supply & Distribution)",https://apps.fas.usda.gov/psdonline/downloads/
"Coffee, Green",United States,1963,Soluble Exports,(1000 60 KG BAGS),0.0,0,1,00,"USDA FAS PS&D (Production, Supply & Distribution)",https://apps.fas.usda.gov/psdonline/downloads/
"Coffee, Green",United States,1964,Soluble Exports,(1000 60 KG BAGS),0.0,0,1,00,"USDA FAS PS&D (Production, Supply & Distribution)",https://apps.fas.usda.gov/psdonline/downloads/
"Coffee, Green",United States,1965,Soluble Exports,(1000 60 KG BAGS),0.0,0,1,00,"USDA FAS PS&D (Production, Supply & Distribution)",https://apps.fas.usda.gov/psdonline/downloads/
"Coffee, Green",United States,1966,Soluble Exports,(1000 60 KG BAGS),0.0,0,1,00,"USDA FAS PS&D (Production, Supply & Distribution)",https://apps.fas.usda.gov/psdonline/downloads/
"Coffee, Green",United States,1967,Soluble Exports,(1000 60 KG BAGS),0.0,0,1,00,"USDA FAS PS&D (Production, Supply & Distribution)",https://apps.fas.usda.gov/psdonline/downloads/
"Coffee, Green",United States,1968,Soluble Exports,(1000 60 KG BAGS),0.0,0,1,00,"USDA FAS PS&D (Production, Supply & Distribution)",https://apps.fas.usda.gov/psdonline/downloads/
"Coffee, Green",United States,1969,Soluble Exports,(1000 60 KG BAGS),0.0,0,1,00,"USDA FAS PS&D (Production, Supply & Distribution)",https://apps.fas.usda.gov/psdonline/downloads/
"Coffee, Green",United States,1970,Soluble Exports,(1000 60 KG BAGS),0.0,0,1,00,"USDA FAS PS&D (Production, Supply & Distribution)",https://apps.fas.usda.gov/psdonline/downloads/
"Coffee, Green",United States,1971,Soluble Exports,(1000 60 KG BAGS),0.0,0,1,00,"USDA FAS PS&D (Production, Supply & Distribution)",https://apps.fas.usda.gov/psdonline/downloads/
"Coffee, Green",United States,1972,Soluble Exports,(1000 60 KG BAGS),0.0,0,1,00,"USDA FAS PS&D (Production, Supply & Distribution)",https://apps.fas.usda.gov/psdonline/downloads/
"Coffee, Green",United States,1973,Soluble Exports,(1000 60 KG BAGS),0.0,0,1,00,"USDA FAS PS&D (Production, Supply & Distribution)",https://apps.fas.usda.gov/psdonline/downloads/
"Coffee, Green",United States,1974,Soluble Exports,(1000 60 KG BAGS),0.0,0,1,00,"USDA FAS PS&D (Production, Supply & Distribution)",https://apps.fas.usda.gov/psdonline/downloads/
"Coffee, Green",United States,1975,Soluble Exports,(1000 60 KG BAGS),0.0,0,1,00,"USDA FAS PS&D (Production, Supply & Distribution)",https://apps.fas.usda.gov/psdonline/downloads/
"Coffee, Green",United States,1976,Soluble Exports,(1000 60 KG BAGS),0.0,0,1,00,"USDA FAS PS&D (Production, Supply & Distribution)",https://apps.fas.usda.gov/psdonline/downloads/
"Coffee, Green",United States,1977,Soluble Exports,(1000 60 KG BAGS),0.0,0,1,00,"USDA FAS PS&D (Production, Supply & Distribution)",https://apps.fas.usda.gov/psdonline/downloads/
"Coffee, Green",United States,1978,Soluble Exports,(1000 60 KG BAGS),0.0,0,1,00,"USDA FAS PS&D (Production, Supply & Distribution)",https://apps.fas.usda.gov/psdonline/downloads/
"Coffee, Green",United States,1979,Soluble Exports,(1000 60 KG BAGS),0.0,0,1,00,"USDA FAS PS&D (Production, Supply & Distribution)",https://apps.fas.usda.gov/psdonline/downloads/
"Coffee, Green",United States,1980,Soluble Exports,(1000 60 KG BAGS),0.0,0,1,00,"USDA FAS PS&D (Production, Supply & Distribution)",https://apps.fas.usda.gov/psdonline/downloads/
"Coffee, Green",United States,1981,Soluble Exports,(1000 60 KG BAGS),5.0,0,1,00,"USDA FAS PS&D (Production, Supply & Distribution)",https://apps.fas.usda.gov/psdonline/downloads/
"Coffee, Green",United States,1982,Soluble Exports,(1000 60 KG BAGS),1.0,0,1,00,"USDA FAS PS&D (Production, Supply & Distribution)",https://apps.fas.usda.gov/psdonline/downloads/
"Coffee, Green",United States,1983,Soluble Exports,(1000 60 KG BAGS),1.0,0,1,00,"USDA FAS PS&D (Production, Supply & Distribution)",https://apps.fas.usda.gov/psdonline/downloads/
"Coffee, Green",United States,1984,Soluble Exports,(1000 60 KG BAGS),0.0,0,1,00,"USDA FAS PS&D (Production, Supply & Distribution)",https://apps.fas.usda.gov/psdonline/downloads/
"Coffee, Green",United States,1985,Soluble Exports,(1000 60 KG BAGS),0.0,0,1,00,"USDA FAS PS&D (Production, Supply & Distribution)",https://apps.fas.usda.gov/psdonline/downloads/
"Coffee, Green",United States,1986,Soluble Exports,(1000 60 KG BAGS),0.0,0,1,00,"USDA FAS PS&D (Production, Supply & Distribution)",https://apps.fas.usda.gov/psdonline/downloads/
"Coffee, Green",United States,1987,Soluble Exports,(1000 60 KG BAGS),0.0,0,1,00,"USDA FAS PS&D (Production, Supply & Distribution)",https://apps.fas.usda.gov/psdonline/downloads/
"Coffee, Green",United States,1988,Soluble Exports,(1000 60 KG BAGS),0.0,0,1,00,"USDA FAS PS&D (Production, Supply & Distribution)",https://apps.fas.usda.gov/psdonline/downloads/
"Coffee, Green",United States,1989,Soluble Exports,(1000 60 KG BAGS),0.0,0,1,00,"USDA FAS PS&D (Production, Supply & Distribution)",https://apps.fas.usda.gov/psdonline/downloads/
"Coffee, Green",United States,1990,Soluble Exports,(1000 60 KG BAGS),0.0,0,1,00,"USDA FAS PS&D (Production, Supply & Distribution)",https://apps.fas.usda.gov/psdonline/downloads/
"Coffee, Green",United States,1991,Soluble Exports,(1000 60 KG BAGS),0.0,0,1,00,"USDA FAS PS&D (Production, Supply & Distribution)",https://apps.fas.usda.gov/psdonline/downloads/
"Coffee, Green",United States,1992,Soluble Exports,(1000 60 KG BAGS),0.0,0,1,00,"USDA FAS PS&D (Production, Supply & Distribution)",https://apps.fas.usda.gov/psdonline/downloads/
"Coffee, Green",United States,1993,Soluble Exports,(1000 60 KG BAGS),0.0,0,1,00,"USDA FAS PS&D (Production, Supply & Distribution)",https://apps.fas.usda.gov/psdonline/downloads/
"Coffee, Green",United States,1994,Soluble Exports,(1000 60 KG BAGS),0.0,0,1,00,"USDA FAS PS&D (Production, Supply & Distribution)",https://apps.fas.usda.gov/psdonline/downloads/
"Coffee, Green",United States,1995,Soluble Exports,(1000 60 KG BAGS),0.0,0,1,00,"USDA FAS PS&D (Production, Supply & Distribution)",https://apps.fas.usda.gov/psdonline/downloads/
"Coffee, Green",United States,1996,Soluble Exports,(1000 60 KG BAGS),0.0,0,1,00,"USDA FAS PS&D (Production, Supply & Distribution)",https://apps.fas.usda.gov/psdonline/downloads/
"Coffee, Green",United States,1997,Soluble Exports,(1000 60 KG BAGS),0.0,0,1,00,"USDA FAS PS&D (Production, Supply & Distribution)",https://apps.fas.usda.gov/psdonline/downloads/
"Coffee, Green",United States,1998,Soluble Exports,(1000 60 KG BAGS),0.0,0,1,00,"USDA FAS PS&D (Production, Supply & Distribution)",https://apps.fas.usda.gov/psdonline/downloads/
"Coffee, Green",United States,1999,Soluble Exports,(1000 60 KG BAGS),0.0,0,1,00,"USDA FAS PS&D (Production, Supply & Distribution)",https://apps.fas.usda.gov/psdonline/downloads/
"Coffee, Green",United States,2000,Soluble Exports,(1000 60 KG BAGS),0.0,0,1,00,"USDA FAS PS&D (Production, Supply & Distribution)",https://apps.fas.usda.gov/psdonline/downloads/
"Coffee, Green",United States,2001,Soluble Exports,(1000 60 KG BAGS),0.0,0,1,12,"USDA FAS PS&D (Production, Supply & Distribution)",https://apps.fas.usda.gov/psdonline/downloads/
"Coffee, Green",United States,2002,Soluble Exports,(1000 60 KG BAGS),0.0,0,1,06,"USDA FAS PS&D (Production, Supply & Distribution)",https://apps.fas.usda.gov/psdonline/downloads/
"Coffee, Green",United States,2003,Soluble Exports,(1000 60 KG BAGS),0.0,0,1,06,"USDA FAS PS&D (Production, Supply & Distribution)",https://apps.fas.usda.gov/psdonline/downloads/
"Coffee, Green",United States,2004,Soluble Exports,(1000 60 KG BAGS),0.0,0,1,06,"USDA FAS PS&D (Production, Supply & Distribution)",https://apps.fas.usda.gov/psdonline/downloads/
"Coffee, Green",United States,2005,Soluble Exports,(1000 60 KG BAGS),0.0,0,1,06,"USDA FAS PS&D (Production, Supply & Distribution)",https://apps.fas.usda.gov/psdonline/downloads/
"Coffee, Green",United States,2006,Soluble Exports,(1000 60 KG BAGS),0.0,0,1,06,"USDA FAS PS&D (Production, Supply & Distribution)",https://apps.fas.usda.gov/psdonline/downloads/
"Coffee, Green",United States,2007,Soluble Exports,(1000 60 KG BAGS),0.0,0,1,06,"USDA FAS PS&D (Production, Supply & Distribution)",https://apps.fas.usda.gov/psdonline/downloads/
"Coffee, Green",United States,2008,Soluble Exports,(1000 60 KG BAGS),0.0,0,1,06,"USDA FAS PS&D (Production, Supply & Distribution)",https://apps.fas.usda.gov/psdonline/downloads/
"Coffee, Green",United States,2009,Soluble Exports,(1000 60 KG BAGS),0.0,0,1,06,"USDA FAS PS&D (Production, Supply & Distribution)",https://apps.fas.usda.gov/psdonline/downloads/
"Coffee, Green",United States,2010,Soluble Exports,(1000 60 KG BAGS),0.0,0,1,06,"USDA FAS PS&D (Production, Supply & Distribution)",https://apps.fas.usda.gov/psdonline/downloads/
"Coffee, Green",United States,2011,Soluble Exports,(1000 60 KG BAGS),0.0,0,1,06,"USDA FAS PS&D (Production, Supply & Distribution)",https://apps.fas.usda.gov/psdonline/downloads/
"Coffee, Green",United States,2012,Soluble Exports,(1000 60 KG BAGS),0.0,0,1,06,"USDA FAS PS&D (Production, Supply & Distribution)",https://apps.fas.usda.gov/psdonline/downloads/
"Coffee, Green",United States,2013,Soluble Exports,(1000 60 KG BAGS),0.0,0,1,06,"USDA FAS PS&D (Production, Supply & Distribution)",https://apps.fas.usda.gov/psdonline/downloads/
"Coffee, Green",United States,2014,Soluble Exports,(1000 60 KG BAGS),0.0,0,1,06,"USDA FAS PS&D (Production, Supply & Distribution)",https://apps.fas.usda.gov/psdonline/downloads/
"Coffee, Green",United States,2015,Soluble Exports,(1000 60 KG BAGS),0.0,0,1,12,"USDA FAS PS&D (Production, Supply & Distribution)",https://apps.fas.usda.gov/psdonline/downloads/
"Coffee, Green",United States,2016,Soluble Exports,(1000 60 KG BAGS),0.0,0,1,12,"USDA FAS PS&D (Production, Supply & Distribution)",https://apps.fas.usda.gov/psdonline/downloads/
"Coffee, Green",United States,2017,Soluble Exports,(1000 60 KG BAGS),0.0,0,1,12,"USDA FAS PS&D (Production, Supply & Distribution)",https://apps.fas.usda.gov/psdonline/downloads/
"Coffee, Green",United States,2018,Soluble Exports,(1000 60 KG BAGS),0.0,0,1,12,"USDA FAS PS&D (Production, Supply & Distribution)",https://apps.fas.usda.gov/psdonline/downloads/
"Coffee, Green",United States,2019,Soluble Exports,(1000 60 KG BAGS),0.0,0,1,12,"USDA FAS PS&D (Production, Supply & Distribution)",https://apps.fas.usda.gov/psdonline/downloads/
"Coffee, Green",United States,2020,Soluble Exports,(1000 60 KG BAGS),0.0,0,1,12,"USDA FAS PS&D (Production, Supply & Distribution)",https://apps.fas.usda.gov/psdonline/downloads/
"Coffee, Green",United States,2021,Soluble Exports,(1000 60 KG BAGS),0.0,0,1,12,"USDA FAS PS&D (Production, Supply & Distribution)",https://apps.fas.usda.gov/psdonline/downloads/
"Coffee, Green",United States,2022,Soluble Exports,(1000 60 KG BAGS),0.0,0,1,12,"USDA FAS PS&D (Production, Supply & Distribution)",https://apps.fas.usda.gov/psdonline/downloads/
"Coffee, Green",United States,2023,Soluble Exports,(1000 60 KG BAGS),0.0,0,1,12,"USDA FAS PS&D (Production, Supply & Distribution)",https://apps.fas.usda.gov/psdonline/downloads/
"Coffee, Green",United States,2024,Soluble Exports,(1000 60 KG BAGS),0.0,0,1,12,"USDA FAS PS&D (Production, Supply & Distribution)",https://apps.fas.usda.gov/psdonline/downloads/
"Coffee, Green",United States,2025,Soluble Exports,(1000 60 KG BAGS),0.0,0,1,12,"USDA FAS PS&D (Production, Supply & Distribution)",https://apps.fas.usda.gov/psdonline/downloads/
"Coffee, Green",United States,1960,Soluble Imports,(1000 60 KG BAGS),0.0,0,1,00,"USDA FAS PS&D (Production, Supply & Distribution)",https://apps.fas.usda.gov/psdonline/downloads/
"Coffee, Green",United States,1961,Soluble Imports,(1000 60 KG BAGS),0.0,0,1,00,"USDA FAS PS&D (Production, Supply & Distribution)",https://apps.fas.usda.gov/psdonline/downloads/
"Coffee, Green",United States,1962,Soluble Imports,(1000 60 KG BAGS),0.0,0,1,00,"USDA FAS PS&D (Production, Supply & Distribution)",https://apps.fas.usda.gov/psdonline/downloads/
"Coffee, Green",United States,1963,Soluble Imports,(1000 60 KG BAGS),0.0,0,1,00,"USDA FAS PS&D (Production, Supply & Distribution)",https://apps.fas.usda.gov/psdonline/downloads/
"Coffee, Green",United States,1964,Soluble Imports,(1000 60 KG BAGS),0.0,0,1,00,"USDA FAS PS&D (Production, Supply & Distribution)",https://apps.fas.usda.gov/psdonline/downloads/
"Coffee, Green",United States,1965,Soluble Imports,(1000 60 KG BAGS),0.0,0,1,00,"USDA FAS PS&D (Production, Supply & Distribution)",https://apps.fas.usda.gov/psdonline/downloads/
"Coffee, Green",United States,1966,Soluble Imports,(1000 60 KG BAGS),0.0,0,1,00,"USDA FAS PS&D (Production, Supply & Distribution)",https://apps.fas.usda.gov/psdonline/downloads/
"Coffee, Green",United States,1967,Soluble Imports,(1000 60 KG BAGS),0.0,0,1,00,"USDA FAS PS&D (Production, Supply & Distribution)",https://apps.fas.usda.gov/psdonline/downloads/
"Coffee, Green",United States,1968,Soluble Imports,(1000 60 KG BAGS),0.0,0,1,00,"USDA FAS PS&D (Production, Supply & Distribution)",https://apps.fas.usda.gov/psdonline/downloads/
"Coffee, Green",United States,1969,Soluble Imports,(1000 60 KG BAGS),0.0,0,1,00,"USDA FAS PS&D (Production, Supply & Distribution)",https://apps.fas.usda.gov/psdonline/downloads/
"Coffee, Green",United States,1970,Soluble Imports,(1000 60 KG BAGS),0.0,0,1,00,"USDA FAS PS&D (Production, Supply & Distribution)",https://apps.fas.usda.gov/psdonline/downloads/
"Coffee, Green",United States,1971,Soluble Imports,(1000 60 KG BAGS),0.0,0,1,00,"USDA FAS PS&D (Production, Supply & Distribution)",https://apps.fas.usda.gov/psdonline/downloads/
"Coffee, Green",United States,1972,Soluble Imports,(1000 60 KG BAGS),0.0,0,1,00,"USDA FAS PS&D (Production, Supply & Distribution)",https://apps.fas.usda.gov/psdonline/downloads/
"Coffee, Green",United States,1973,Soluble Imports,(1000 60 KG BAGS),0.0,0,1,00,"USDA FAS PS&D (Production, Supply & Distribution)",https://apps.fas.usda.gov/psdonline/downloads/
"Coffee, Green",United States,1974,Soluble Imports,(1000 60 KG BAGS),0.0,0,1,00,"USDA FAS PS&D (Production, Supply & Distribution)",https://apps.fas.usda.gov/psdonline/downloads/
"Coffee, Green",United States,1975,Soluble Imports,(1000 60 KG BAGS),0.0,0,1,00,"USDA FAS PS&D (Production, Supply & Distribution)",https://apps.fas.usda.gov/psdonline/downloads/
"Coffee, Green",United States,1976,Soluble Imports,(1000 60 KG BAGS),0.0,0,1,00,"USDA FAS PS&D (Production, Supply & Distribution)",https://apps.fas.usda.gov/psdonline/downloads/
"Coffee, Green",United States,1977,Soluble Imports,(1000 60 KG BAGS),0.0,0,1,00,"USDA FAS PS&D (Production, Supply & Distribution)",https://apps.fas.usda.gov/psdonline/downloads/
"Coffee, Green",United States,1978,Soluble Imports,(1000 60 KG BAGS),0.0,0,1,00,"USDA FAS PS&D (Production, Supply & Distribution)",https://apps.fas.usda.gov/psdonline/downloads/
"Coffee, Green",United States,1979,Soluble Imports,(1000 60 KG BAGS),0.0,0,1,00,"USDA FAS PS&D (Production, Supply & Distribution)",https://apps.fas.usda.gov/psdonline/downloads/
"Coffee, Green",United States,1980,Soluble Imports,(1000 60 KG BAGS),0.0,0,1,00,"USDA FAS PS&D (Production, Supply & Distribution)",https://apps.fas.usda.gov/psdonline/downloads/
"Coffee, Green",United States,1981,Soluble Imports,(1000 60 KG BAGS),0.0,0,1,00,"USDA FAS PS&D (Production, Supply & Distribution)",https://apps.fas.usda.gov/psdonline/downloads/
"Coffee, Green",United States,1982,Soluble Imports,(1000 60 KG BAGS),0.0,0,1,00,"USDA FAS PS&D (Production, Supply & Distribution)",https://apps.fas.usda.gov/psdonline/downloads/
"Coffee, Green",United States,1983,Soluble Imports,(1000 60 KG BAGS),0.0,0,1,00,"USDA FAS PS&D (Production, Supply & Distribution)",https://apps.fas.usda.gov/psdonline/downloads/
"Coffee, Green",United States,1984,Soluble Imports,(1000 60 KG BAGS),0.0,0,1,00,"USDA FAS PS&D (Production, Supply & Distribution)",https://apps.fas.usda.gov/psdonline/downloads/
"Coffee, Green",United States,1985,Soluble Imports,(1000 60 KG BAGS),0.0,0,1,00,"USDA FAS PS&D (Production, Supply & Distribution)",https://apps.fas.usda.gov/psdonline/downloads/
"Coffee, Green",United States,1986,Soluble Imports,(1000 60 KG BAGS),0.0,0,1,00,"USDA FAS PS&D (Production, Supply & Distribution)",https://apps.fas.usda.gov/psdonline/downloads/
"Coffee, Green",United States,1987,Soluble Imports,(1000 60 KG BAGS),0.0,0,1,00,"USDA FAS PS&D (Production, Supply & Distribution)",https://apps.fas.usda.gov/psdonline/downloads/
"Coffee, Green",United States,1988,Soluble Imports,(1000 60 KG BAGS),0.0,0,1,00,"USDA FAS PS&D (Production, Supply & Distribution)",https://apps.fas.usda.gov/psdonline/downloads/
"Coffee, Green",United States,1989,Soluble Imports,(1000 60 KG BAGS),0.0,0,1,00,"USDA FAS PS&D (Production, Supply & Distribution)",https://apps.fas.usda.gov/psdonline/downloads/
"Coffee, Green",United States,1990,Soluble Imports,(1000 60 KG BAGS),0.0,0,1,00,"USDA FAS PS&D (Production, Supply & Distribution)",https://apps.fas.usda.gov/psdonline/downloads/
"Coffee, Green",United States,1991,Soluble Imports,(1000 60 KG BAGS),0.0,0,1,00,"USDA FAS PS&D (Production, Supply & Distribution)",https://apps.fas.usda.gov/psdonline/downloads/
"Coffee, Green",United States,1992,Soluble Imports,(1000 60 KG BAGS),0.0,0,1,00,"USDA FAS PS&D (Production, Supply & Distribution)",https://apps.fas.usda.gov/psdonline/downloads/
"Coffee, Green",United States,1993,Soluble Imports,(1000 60 KG BAGS),0.0,0,1,00,"USDA FAS PS&D (Production, Supply & Distribution)",https://apps.fas.usda.gov/psdonline/downloads/
"Coffee, Green",United States,1994,Soluble Imports,(1000 60 KG BAGS),0.0,0,1,00,"USDA FAS PS&D (Production, Supply & Distribution)",https://apps.fas.usda.gov/psdonline/downloads/
"Coffee, Green",United States,1995,Soluble Imports,(1000 60 KG BAGS),0.0,0,1,00,"USDA FAS PS&D (Production, Supply & Distribution)",https://apps.fas.usda.gov/psdonline/downloads/
"Coffee, Green",United States,1996,Soluble Imports,(1000 60 KG BAGS),0.0,0,1,00,"USDA FAS PS&D (Production, Supply & Distribution)",https://apps.fas.usda.gov/psdonline/downloads/
"Coffee, Green",United States,1997,Soluble Imports,(1000 60 KG BAGS),0.0,0,1,00,"USDA FAS PS&D (Production, Supply & Distribution)",https://apps.fas.usda.gov/psdonline/downloads/
"Coffee, Green",United States,1998,Soluble Imports,(1000 60 KG BAGS),0.0,0,1,00,"USDA FAS PS&D (Production, Supply & Distribution)",https://apps.fas.usda.gov/psdonline/downloads/
"Coffee, Green",United States,1999,Soluble Imports,(1000 60 KG BAGS),0.0,0,1,00,"USDA FAS PS&D (Production, Supply & Distribution)",https://apps.fas.usda.gov/psdonline/downloads/
"Coffee, Green",United States,2000,Soluble Imports,(1000 60 KG BAGS),0.0,0,1,00,"USDA FAS PS&D (Production, Supply & Distribution)",https://apps.fas.usda.gov/psdonline/downloads/
"Coffee, Green",United States,2001,Soluble Imports,(1000 60 KG BAGS),0.0,0,1,12,"USDA FAS PS&D (Production, Supply & Distribution)",https://apps.fas.usda.gov/psdonline/downloads/
"Coffee, Green",United States,2002,Soluble Imports,(1000 60 KG BAGS),790.0,0,1,06,"USDA FAS PS&D (Production, Supply & Distribution)",https://apps.fas.usda.gov/psdonline/downloads/
"Coffee, Green",United States,2003,Soluble Imports,(1000 60 KG BAGS),980.0,0,1,06,"USDA FAS PS&D (Production, Supply & Distribution)",https://apps.fas.usda.gov/psdonline/downloads/
"Coffee, Green",United States,2004,Soluble Imports,(1000 60 KG BAGS),1040.0,0,1,06,"USDA FAS PS&D (Production, Supply & Distribution)",https://apps.fas.usda.gov/psdonline/downloads/
"Coffee, Green",United States,2005,Soluble Imports,(1000 60 KG BAGS),880.0,0,1,06,"USDA FAS PS&D (Production, Supply & Distribution)",https://apps.fas.usda.gov/psdonline/downloads/
"Coffee, Green",United States,2006,Soluble Imports,(1000 60 KG BAGS),500.0,0,1,06,"USDA FAS PS&D (Production, Supply & Distribution)",https://apps.fas.usda.gov/psdonline/downloads/
"Coffee, Green",United States,2007,Soluble Imports,(1000 60 KG BAGS),570.0,0,1,06,"USDA FAS PS&D (Production, Supply & Distribution)",https://apps.fas.usda.gov/psdonline/downloads/
"Coffee, Green",United States,2008,Soluble Imports,(1000 60 KG BAGS),590.0,0,1,06,"USDA FAS PS&D (Production, Supply & Distribution)",https://apps.fas.usda.gov/psdonline/downloads/
"Coffee, Green",United States,2009,Soluble Imports,(1000 60 KG BAGS),630.0,0,1,06,"USDA FAS PS&D (Production, Supply & Distribution)",https://apps.fas.usda.gov/psdonline/downloads/
"Coffee, Green",United States,2010,Soluble Imports,(1000 60 KG BAGS),650.0,0,1,06,"USDA FAS PS&D (Production, Supply & Distribution)",https://apps.fas.usda.gov/psdonline/downloads/
"Coffee, Green",United States,2011,Soluble Imports,(1000 60 KG BAGS),125.0,0,1,06,"USDA FAS PS&D (Production, Supply & Distribution)",https://apps.fas.usda.gov/psdonline/downloads/
"Coffee, Green",United States,2012,Soluble Imports,(1000 60 KG BAGS),340.0,0,1,06,"USDA FAS PS&D (Production, Supply & Distribution)",https://apps.fas.usda.gov/psdonline/downloads/
"Coffee, Green",United States,2013,Soluble Imports,(1000 60 KG BAGS),365.0,0,1,06,"USDA FAS PS&D (Production, Supply & Distribution)",https://apps.fas.usda.gov/psdonline/downloads/
"Coffee, Green",United States,2014,Soluble Imports,(1000 60 KG BAGS),470.0,0,1,06,"USDA FAS PS&D (Production, Supply & Distribution)",https://apps.fas.usda.gov/psdonline/downloads/
"Coffee, Green",United States,2015,Soluble Imports,(1000 60 KG BAGS),85.0,0,1,12,"USDA FAS PS&D (Production, Supply & Distribution)",https://apps.fas.usda.gov/psdonline/downloads/
"Coffee, Green",United States,2016,Soluble Imports,(1000 60 KG BAGS),500.0,0,1,12,"USDA FAS PS&D (Production, Supply & Distribution)",https://apps.fas.usda.gov/psdonline/downloads/
"Coffee, Green",United States,2017,Soluble Imports,(1000 60 KG BAGS),210.0,0,1,12,"USDA FAS PS&D (Production, Supply & Distribution)",https://apps.fas.usda.gov/psdonline/downloads/
"Coffee, Green",United States,2018,Soluble Imports,(1000 60 KG BAGS),500.0,0,1,12,"USDA FAS PS&D (Production, Supply & Distribution)",https://apps.fas.usda.gov/psdonline/downloads/
"Coffee, Green",United States,2019,Soluble Imports,(1000 60 KG BAGS),800.0,0,1,12,"USDA FAS PS&D (Production, Supply & Distribution)",https://apps.fas.usda.gov/psdonline/downloads/
"Coffee, Green",United States,2020,Soluble Imports,(1000 60 KG BAGS),585.0,0,1,12,"USDA FAS PS&D (Production, Supply & Distribution)",https://apps.fas.usda.gov/psdonline/downloads/
"Coffee, Green",United States,2021,Soluble Imports,(1000 60 KG BAGS),1220.0,0,1,12,"USDA FAS PS&D (Production, Supply & Distribution)",https://apps.fas.usda.gov/psdonline/downloads/
"Coffee, Green",United States,2022,Soluble Imports,(1000 60 KG BAGS),725.0,0,1,12,"USDA FAS PS&D (Production, Supply & Distribution)",https://apps.fas.usda.gov/psdonline/downloads/
"Coffee, Green",United States,2023,Soluble Imports,(1000 60 KG BAGS),1250.0,0,1,12,"USDA FAS PS&D (Production, Supply & Distribution)",https://apps.fas.usda.gov/psdonline/downloads/
"Coffee, Green",United States,2024,Soluble Imports,(1000 60 KG BAGS),1790.0,0,1,12,"USDA FAS PS&D (Production, Supply & Distribution)",https://apps.fas.usda.gov/psdonline/downloads/
"Coffee, Green",United States,2025,Soluble Imports,(1000 60 KG BAGS),1700.0,0,1,12,"USDA FAS PS&D (Production, Supply & Distribution)",https://apps.fas.usda.gov/psdonline/downloads/
"Coffee, Green",United States,1960,Total Distribution,(1000 60 KG BAGS),317.0,0,1,00,"USDA FAS PS&D (Production, Supply & Distribution)",https://apps.fas.usda.gov/psdonline/downloads/
"Coffee, Green",United States,1961,Total Distribution,(1000 60 KG BAGS),353.0,0,1,00,"USDA FAS PS&D (Production, Supply & Distribution)",https://apps.fas.usda.gov/psdonline/downloads/
"Coffee, Green",United States,1962,Total Distribution,(1000 60 KG BAGS),449.0,0,1,00,"USDA FAS PS&D (Production, Supply & Distribution)",https://apps.fas.usda.gov/psdonline/downloads/
"Coffee, Green",United States,1963,Total Distribution,(1000 60 KG BAGS),419.0,0,1,00,"USDA FAS PS&D (Production, Supply & Distribution)",https://apps.fas.usda.gov/psdonline/downloads/
"Coffee, Green",United States,1964,Total Distribution,(1000 60 KG BAGS),409.0,0,1,00,"USDA FAS PS&D (Production, Supply & Distribution)",https://apps.fas.usda.gov/psdonline/downloads/
"Coffee, Green",United States,1965,Total Distribution,(1000 60 KG BAGS),332.0,0,1,00,"USDA FAS PS&D (Production, Supply & Distribution)",https://apps.fas.usda.gov/psdonline/downloads/
"Coffee, Green",United States,1966,Total Distribution,(1000 60 KG BAGS),346.0,0,1,00,"USDA FAS PS&D (Production, Supply & Distribution)",https://apps.fas.usda.gov/psdonline/downloads/
"Coffee, Green",United States,1967,Total Distribution,(1000 60 KG BAGS),386.0,0,1,00,"USDA FAS PS&D (Production, Supply & Distribution)",https://apps.fas.usda.gov/psdonline/downloads/
"Coffee, Green",United States,1968,Total Distribution,(1000 60 KG BAGS),356.0,0,1,00,"USDA FAS PS&D (Production, Supply & Distribution)",https://apps.fas.usda.gov/psdonline/downloads/
"Coffee, Green",United States,1969,Total Distribution,(1000 60 KG BAGS),327.0,0,1,00,"USDA FAS PS&D (Production, Supply & Distribution)",https://apps.fas.usda.gov/psdonline/downloads/
"Coffee, Green",United States,1970,Total Distribution,(1000 60 KG BAGS),359.0,0,1,00,"USDA FAS PS&D (Production, Supply & Distribution)",https://apps.fas.usda.gov/psdonline/downloads/
"Coffee, Green",United States,1971,Total Distribution,(1000 60 KG BAGS),344.0,0,1,00,"USDA FAS PS&D (Production, Supply & Distribution)",https://apps.fas.usda.gov/psdonline/downloads/
"Coffee, Green",United States,1972,Total Distribution,(1000 60 KG BAGS),349.0,0,1,00,"USDA FAS PS&D (Production, Supply & Distribution)",https://apps.fas.usda.gov/psdonline/downloads/
"Coffee, Green",United States,1973,Total Distribution,(1000 60 KG BAGS),339.0,0,1,00,"USDA FAS PS&D (Production, Supply & Distribution)",https://apps.fas.usda.gov/psdonline/downloads/
"Coffee, Green",United States,1974,Total Distribution,(1000 60 KG BAGS),359.0,0,1,00,"USDA FAS PS&D (Production, Supply & Distribution)",https://apps.fas.usda.gov/psdonline/downloads/
"Coffee, Green",United States,1975,Total Distribution,(1000 60 KG BAGS),359.0,0,1,00,"USDA FAS PS&D (Production, Supply & Distribution)",https://apps.fas.usda.gov/psdonline/downloads/
"Coffee, Green",United States,1976,Total Distribution,(1000 60 KG BAGS),296.0,0,1,00,"USDA FAS PS&D (Production, Supply & Distribution)",https://apps.fas.usda.gov/psdonline/downloads/
"Coffee, Green",United States,1977,Total Distribution,(1000 60 KG BAGS),339.0,0,1,00,"USDA FAS PS&D (Production, Supply & Distribution)",https://apps.fas.usda.gov/psdonline/downloads/
"Coffee, Green",United States,1978,Total Distribution,(1000 60 KG BAGS),313.0,0,1,00,"USDA FAS PS&D (Production, Supply & Distribution)",https://apps.fas.usda.gov/psdonline/downloads/
"Coffee, Green",United States,1979,Total Distribution,(1000 60 KG BAGS),365.0,0,1,00,"USDA FAS PS&D (Production, Supply & Distribution)",https://apps.fas.usda.gov/psdonline/downloads/
"Coffee, Green",United States,1980,Total Distribution,(1000 60 KG BAGS),370.0,0,1,00,"USDA FAS PS&D (Production, Supply & Distribution)",https://apps.fas.usda.gov/psdonline/downloads/
"Coffee, Green",United States,1981,Total Distribution,(1000 60 KG BAGS),379.0,0,1,00,"USDA FAS PS&D (Production, Supply & Distribution)",https://apps.fas.usda.gov/psdonline/downloads/
"Coffee, Green",United States,1982,Total Distribution,(1000 60 KG BAGS),360.0,0,1,00,"USDA FAS PS&D (Production, Supply & Distribution)",https://apps.fas.usda.gov/psdonline/downloads/
"Coffee, Green",United States,1983,Total Distribution,(1000 60 KG BAGS),308.0,0,1,00,"USDA FAS PS&D (Production, Supply & Distribution)",https://apps.fas.usda.gov/psdonline/downloads/
"Coffee, Green",United States,1984,Total Distribution,(1000 60 KG BAGS),280.0,0,1,00,"USDA FAS PS&D (Production, Supply & Distribution)",https://apps.fas.usda.gov/psdonline/downloads/
"Coffee, Green",United States,1985,Total Distribution,(1000 60 KG BAGS),261.0,0,1,00,"USDA FAS PS&D (Production, Supply & Distribution)",https://apps.fas.usda.gov/psdonline/downloads/
"Coffee, Green",United States,1986,Total Distribution,(1000 60 KG BAGS),285.0,0,1,00,"USDA FAS PS&D (Production, Supply & Distribution)",https://apps.fas.usda.gov/psdonline/downloads/
"Coffee, Green",United States,1987,Total Distribution,(1000 60 KG BAGS),260.0,0,1,00,"USDA FAS PS&D (Production, Supply & Distribution)",https://apps.fas.usda.gov/psdonline/downloads/
"Coffee, Green",United States,1988,Total Distribution,(1000 60 KG BAGS),257.0,0,1,00,"USDA FAS PS&D (Production, Supply & Distribution)",https://apps.fas.usda.gov/psdonline/downloads/
"Coffee, Green",United States,1989,Total Distribution,(1000 60 KG BAGS),239.0,0,1,00,"USDA FAS PS&D (Production, Supply & Distribution)",https://apps.fas.usda.gov/psdonline/downloads/
"Coffee, Green",United States,1990,Total Distribution,(1000 60 KG BAGS),229.0,0,1,00,"USDA FAS PS&D (Production, Supply & Distribution)",https://apps.fas.usda.gov/psdonline/downloads/
"Coffee, Green",United States,1991,Total Distribution,(1000 60 KG BAGS),229.0,0,1,00,"USDA FAS PS&D (Production, Supply & Distribution)",https://apps.fas.usda.gov/psdonline/downloads/
"Coffee, Green",United States,1992,Total Distribution,(1000 60 KG BAGS),225.0,0,1,00,"USDA FAS PS&D (Production, Supply & Distribution)",https://apps.fas.usda.gov/psdonline/downloads/
"Coffee, Green",United States,1993,Total Distribution,(1000 60 KG BAGS),228.0,0,1,00,"USDA FAS PS&D (Production, Supply & Distribution)",https://apps.fas.usda.gov/psdonline/downloads/
"Coffee, Green",United States,1994,Total Distribution,(1000 60 KG BAGS),237.0,0,1,00,"USDA FAS PS&D (Production, Supply & Distribution)",https://apps.fas.usda.gov/psdonline/downloads/
"Coffee, Green",United States,1995,Total Distribution,(1000 60 KG BAGS),236.0,0,1,00,"USDA FAS PS&D (Production, Supply & Distribution)",https://apps.fas.usda.gov/psdonline/downloads/
"Coffee, Green",United States,1996,Total Distribution,(1000 60 KG BAGS),270.0,0,1,00,"USDA FAS PS&D (Production, Supply & Distribution)",https://apps.fas.usda.gov/psdonline/downloads/
"Coffee, Green",United States,1997,Total Distribution,(1000 60 KG BAGS),232.0,0,1,00,"USDA FAS PS&D (Production, Supply & Distribution)",https://apps.fas.usda.gov/psdonline/downloads/
"Coffee, Green",United States,1998,Total Distribution,(1000 60 KG BAGS),163.0,0,1,00,"USDA FAS PS&D (Production, Supply & Distribution)",https://apps.fas.usda.gov/psdonline/downloads/
"Coffee, Green",United States,1999,Total Distribution,(1000 60 KG BAGS),185.0,0,1,00,"USDA FAS PS&D (Production, Supply & Distribution)",https://apps.fas.usda.gov/psdonline/downloads/
"Coffee, Green",United States,2000,Total Distribution,(1000 60 KG BAGS),183.0,0,1,00,"USDA FAS PS&D (Production, Supply & Distribution)",https://apps.fas.usda.gov/psdonline/downloads/
"Coffee, Green",United States,2001,Total Distribution,(1000 60 KG BAGS),5490.0,0,1,12,"USDA FAS PS&D (Production, Supply & Distribution)",https://apps.fas.usda.gov/psdonline/downloads/
"Coffee, Green",United States,2002,Total Distribution,(1000 60 KG BAGS),27283.0,0,1,06,"USDA FAS PS&D (Production, Supply & Distribution)",https://apps.fas.usda.gov/psdonline/downloads/
"Coffee, Green",United States,2003,Total Distribution,(1000 60 KG BAGS),27706.0,0,1,06,"USDA FAS PS&D (Production, Supply & Distribution)",https://apps.fas.usda.gov/psdonline/downloads/
"Coffee, Green",United States,2004,Total Distribution,(1000 60 KG BAGS),27270.0,0,1,06,"USDA FAS PS&D (Production, Supply & Distribution)",https://apps.fas.usda.gov/psdonline/downloads/
"Coffee, Green",United States,2005,Total Distribution,(1000 60 KG BAGS),27556.0,0,1,06,"USDA FAS PS&D (Production, Supply & Distribution)",https://apps.fas.usda.gov/psdonline/downloads/
"Coffee, Green",United States,2006,Total Distribution,(1000 60 KG BAGS),27952.0,0,1,06,"USDA FAS PS&D (Production, Supply & Distribution)",https://apps.fas.usda.gov/psdonline/downloads/
"Coffee, Green",United States,2007,Total Distribution,(1000 60 KG BAGS),28166.0,0,1,06,"USDA FAS PS&D (Production, Supply & Distribution)",https://apps.fas.usda.gov/psdonline/downloads/
"Coffee, Green",United States,2008,Total Distribution,(1000 60 KG BAGS),27965.0,0,1,06,"USDA FAS PS&D (Production, Supply & Distribution)",https://apps.fas.usda.gov/psdonline/downloads/
"Coffee, Green",United States,2009,Total Distribution,(1000 60 KG BAGS),26256.0,0,1,06,"USDA FAS PS&D (Production, Supply & Distribution)",https://apps.fas.usda.gov/psdonline/downloads/
"Coffee, Green",United States,2010,Total Distribution,(1000 60 KG BAGS),27413.0,0,1,06,"USDA FAS PS&D (Production, Supply & Distribution)",https://apps.fas.usda.gov/psdonline/downloads/
"Coffee, Green",United States,2011,Total Distribution,(1000 60 KG BAGS),28451.0,0,1,06,"USDA FAS PS&D (Production, Supply & Distribution)",https://apps.fas.usda.gov/psdonline/downloads/
"Coffee, Green",United States,2012,Total Distribution,(1000 60 KG BAGS),28842.0,0,1,06,"USDA FAS PS&D (Production, Supply & Distribution)",https://apps.fas.usda.gov/psdonline/downloads/
"Coffee, Green",United States,2013,Total Distribution,(1000 60 KG BAGS),30416.0,0,1,06,"USDA FAS PS&D (Production, Supply & Distribution)",https://apps.fas.usda.gov/psdonline/downloads/
"Coffee, Green",United States,2014,Total Distribution,(1000 60 KG BAGS),30065.0,0,1,06,"USDA FAS PS&D (Production, Supply & Distribution)",https://apps.fas.usda.gov/psdonline/downloads/
"Coffee, Green",United States,2015,Total Distribution,(1000 60 KG BAGS),31342.0,0,1,12,"USDA FAS PS&D (Production, Supply & Distribution)",https://apps.fas.usda.gov/psdonline/downloads/
"Coffee, Green",United States,2016,Total Distribution,(1000 60 KG BAGS),32702.0,0,1,12,"USDA FAS PS&D (Production, Supply & Distribution)",https://apps.fas.usda.gov/psdonline/downloads/
"Coffee, Green",United States,2017,Total Distribution,(1000 60 KG BAGS),31997.0,0,1,12,"USDA FAS PS&D (Production, Supply & Distribution)",https://apps.fas.usda.gov/psdonline/downloads/
"Coffee, Green",United States,2018,Total Distribution,(1000 60 KG BAGS),34514.0,0,1,12,"USDA FAS PS&D (Production, Supply & Distribution)",https://apps.fas.usda.gov/psdonline/downloads/
"Coffee, Green",United States,2019,Total Distribution,(1000 60 KG BAGS),32451.0,0,1,12,"USDA FAS PS&D (Production, Supply & Distribution)",https://apps.fas.usda.gov/psdonline/downloads/
"Coffee, Green",United States,2020,Total Distribution,(1000 60 KG BAGS),31945.0,0,1,12,"USDA FAS PS&D (Production, Supply & Distribution)",https://apps.fas.usda.gov/psdonline/downloads/
"Coffee, Green",United States,2021,Total Distribution,(1000 60 KG BAGS),33086.0,0,1,12,"USDA FAS PS&D (Production, Supply & Distribution)",https://apps.fas.usda.gov/psdonline/downloads/
"Coffee, Green",United States,2022,Total Distribution,(1000 60 KG BAGS),30323.0,0,1,12,"USDA FAS PS&D (Production, Supply & Distribution)",https://apps.fas.usda.gov/psdonline/downloads/
"Coffee, Green",United States,2023,Total Distribution,(1000 60 KG BAGS),29245.0,0,1,12,"USDA FAS PS&D (Production, Supply & Distribution)",https://apps.fas.usda.gov/psdonline/downloads/
"Coffee, Green",United States,2024,Total Distribution,(1000 60 KG BAGS),31920.0,0,1,12,"USDA FAS PS&D (Production, Supply & Distribution)",https://apps.fas.usda.gov/psdonline/downloads/
"Coffee, Green",United States,2025,Total Distribution,(1000 60 KG BAGS),32250.0,0,1,12,"USDA FAS PS&D (Production, Supply & Distribution)",https://apps.fas.usda.gov/psdonline/downloads/
"Coffee, Green",United States,1960,Total Supply,(1000 60 KG BAGS),317.0,0,1,00,"USDA FAS PS&D (Production, Supply & Distribution)",https://apps.fas.usda.gov/psdonline/downloads/
"Coffee, Green",United States,1961,Total Supply,(1000 60 KG BAGS),353.0,0,1,00,"USDA FAS PS&D (Production, Supply & Distribution)",https://apps.fas.usda.gov/psdonline/downloads/
"Coffee, Green",United States,1962,Total Supply,(1000 60 KG BAGS),449.0,0,1,00,"USDA FAS PS&D (Production, Supply & Distribution)",https://apps.fas.usda.gov/psdonline/downloads/
"Coffee, Green",United States,1963,Total Supply,(1000 60 KG BAGS),419.0,0,1,00,"USDA FAS PS&D (Production, Supply & Distribution)",https://apps.fas.usda.gov/psdonline/downloads/
"Coffee, Green",United States,1964,Total Supply,(1000 60 KG BAGS),409.0,0,1,00,"USDA FAS PS&D (Production, Supply & Distribution)",https://apps.fas.usda.gov/psdonline/downloads/
"Coffee, Green",United States,1965,Total Supply,(1000 60 KG BAGS),332.0,0,1,00,"USDA FAS PS&D (Production, Supply & Distribution)",https://apps.fas.usda.gov/psdonline/downloads/
"Coffee, Green",United States,1966,Total Supply,(1000 60 KG BAGS),346.0,0,1,00,"USDA FAS PS&D (Production, Supply & Distribution)",https://apps.fas.usda.gov/psdonline/downloads/
"Coffee, Green",United States,1967,Total Supply,(1000 60 KG BAGS),386.0,0,1,00,"USDA FAS PS&D (Production, Supply & Distribution)",https://apps.fas.usda.gov/psdonline/downloads/
"Coffee, Green",United States,1968,Total Supply,(1000 60 KG BAGS),356.0,0,1,00,"USDA FAS PS&D (Production, Supply & Distribution)",https://apps.fas.usda.gov/psdonline/downloads/
"Coffee, Green",United States,1969,Total Supply,(1000 60 KG BAGS),327.0,0,1,00,"USDA FAS PS&D (Production, Supply & Distribution)",https://apps.fas.usda.gov/psdonline/downloads/
"Coffee, Green",United States,1970,Total Supply,(1000 60 KG BAGS),359.0,0,1,00,"USDA FAS PS&D (Production, Supply & Distribution)",https://apps.fas.usda.gov/psdonline/downloads/
"Coffee, Green",United States,1971,Total Supply,(1000 60 KG BAGS),344.0,0,1,00,"USDA FAS PS&D (Production, Supply & Distribution)",https://apps.fas.usda.gov/psdonline/downloads/
"Coffee, Green",United States,1972,Total Supply,(1000 60 KG BAGS),349.0,0,1,00,"USDA FAS PS&D (Production, Supply & Distribution)",https://apps.fas.usda.gov/psdonline/downloads/
"Coffee, Green",United States,1973,Total Supply,(1000 60 KG BAGS),339.0,0,1,00,"USDA FAS PS&D (Production, Supply & Distribution)",https://apps.fas.usda.gov/psdonline/downloads/
"Coffee, Green",United States,1974,Total Supply,(1000 60 KG BAGS),359.0,0,1,00,"USDA FAS PS&D (Production, Supply & Distribution)",https://apps.fas.usda.gov/psdonline/downloads/
"Coffee, Green",United States,1975,Total Supply,(1000 60 KG BAGS),359.0,0,1,00,"USDA FAS PS&D (Production, Supply & Distribution)",https://apps.fas.usda.gov/psdonline/downloads/
"Coffee, Green",United States,1976,Total Supply,(1000 60 KG BAGS),296.0,0,1,00,"USDA FAS PS&D (Production, Supply & Distribution)",https://apps.fas.usda.gov/psdonline/downloads/
"Coffee, Green",United States,1977,Total Supply,(1000 60 KG BAGS),339.0,0,1,00,"USDA FAS PS&D (Production, Supply & Distribution)",https://apps.fas.usda.gov/psdonline/downloads/
"Coffee, Green",United States,1978,Total Supply,(1000 60 KG BAGS),313.0,0,1,00,"USDA FAS PS&D (Production, Supply & Distribution)",https://apps.fas.usda.gov/psdonline/downloads/
"Coffee, Green",United States,1979,Total Supply,(1000 60 KG BAGS),365.0,0,1,00,"USDA FAS PS&D (Production, Supply & Distribution)",https://apps.fas.usda.gov/psdonline/downloads/
"Coffee, Green",United States,1980,Total Supply,(1000 60 KG BAGS),370.0,0,1,00,"USDA FAS PS&D (Production, Supply & Distribution)",https://apps.fas.usda.gov/psdonline/downloads/
"Coffee, Green",United States,1981,Total Supply,(1000 60 KG BAGS),379.0,0,1,00,"USDA FAS PS&D (Production, Supply & Distribution)",https://apps.fas.usda.gov/psdonline/downloads/
"Coffee, Green",United States,1982,Total Supply,(1000 60 KG BAGS),360.0,0,1,00,"USDA FAS PS&D (Production, Supply & Distribution)",https://apps.fas.usda.gov/psdonline/downloads/
"Coffee, Green",United States,1983,Total Supply,(1000 60 KG BAGS),308.0,0,1,00,"USDA FAS PS&D (Production, Supply & Distribution)",https://apps.fas.usda.gov/psdonline/downloads/
"Coffee, Green",United States,1984,Total Supply,(1000 60 KG BAGS),280.0,0,1,00,"USDA FAS PS&D (Production, Supply & Distribution)",https://apps.fas.usda.gov/psdonline/downloads/
"Coffee, Green",United States,1985,Total Supply,(1000 60 KG BAGS),261.0,0,1,00,"USDA FAS PS&D (Production, Supply & Distribution)",https://apps.fas.usda.gov/psdonline/downloads/
"Coffee, Green",United States,1986,Total Supply,(1000 60 KG BAGS),285.0,0,1,00,"USDA FAS PS&D (Production, Supply & Distribution)",https://apps.fas.usda.gov/psdonline/downloads/
"Coffee, Green",United States,1987,Total Supply,(1000 60 KG BAGS),260.0,0,1,00,"USDA FAS PS&D (Production, Supply & Distribution)",https://apps.fas.usda.gov/psdonline/downloads/
"Coffee, Green",United States,1988,Total Supply,(1000 60 KG BAGS),257.0,0,1,00,"USDA FAS PS&D (Production, Supply & Distribution)",https://apps.fas.usda.gov/psdonline/downloads/
"Coffee, Green",United States,1989,Total Supply,(1000 60 KG BAGS),239.0,0,1,00,"USDA FAS PS&D (Production, Supply & Distribution)",https://apps.fas.usda.gov/psdonline/downloads/
"Coffee, Green",United States,1990,Total Supply,(1000 60 KG BAGS),229.0,0,1,00,"USDA FAS PS&D (Production, Supply & Distribution)",https://apps.fas.usda.gov/psdonline/downloads/
"Coffee, Green",United States,1991,Total Supply,(1000 60 KG BAGS),229.0,0,1,00,"USDA FAS PS&D (Production, Supply & Distribution)",https://apps.fas.usda.gov/psdonline/downloads/
"Coffee, Green",United States,1992,Total Supply,(1000 60 KG BAGS),225.0,0,1,00,"USDA FAS PS&D (Production, Supply & Distribution)",https://apps.fas.usda.gov/psdonline/downloads/
"Coffee, Green",United States,1993,Total Supply,(1000 60 KG BAGS),228.0,0,1,00,"USDA FAS PS&D (Production, Supply & Distribution)",https://apps.fas.usda.gov/psdonline/downloads/
"Coffee, Green",United States,1994,Total Supply,(1000 60 KG BAGS),237.0,0,1,00,"USDA FAS PS&D (Production, Supply & Distribution)",https://apps.fas.usda.gov/psdonline/downloads/
"Coffee, Green",United States,1995,Total Supply,(1000 60 KG BAGS),236.0,0,1,00,"USDA FAS PS&D (Production, Supply & Distribution)",https://apps.fas.usda.gov/psdonline/downloads/
"Coffee, Green",United States,1996,Total Supply,(1000 60 KG BAGS),270.0,0,1,00,"USDA FAS PS&D (Production, Supply & Distribution)",https://apps.fas.usda.gov/psdonline/downloads/
"Coffee, Green",United States,1997,Total Supply,(1000 60 KG BAGS),232.0,0,1,00,"USDA FAS PS&D (Production, Supply & Distribution)",https://apps.fas.usda.gov/psdonline/downloads/
"Coffee, Green",United States,1998,Total Supply,(1000 60 KG BAGS),163.0,0,1,00,"USDA FAS PS&D (Production, Supply & Distribution)",https://apps.fas.usda.gov/psdonline/downloads/
"Coffee, Green",United States,1999,Total Supply,(1000 60 KG BAGS),185.0,0,1,00,"USDA FAS PS&D (Production, Supply & Distribution)",https://apps.fas.usda.gov/psdonline/downloads/
"Coffee, Green",United States,2000,Total Supply,(1000 60 KG BAGS),183.0,0,1,00,"USDA FAS PS&D (Production, Supply & Distribution)",https://apps.fas.usda.gov/psdonline/downloads/
"Coffee, Green",United States,2001,Total Supply,(1000 60 KG BAGS),5490.0,0,1,12,"USDA FAS PS&D (Production, Supply & Distribution)",https://apps.fas.usda.gov/psdonline/downloads/
"Coffee, Green",United States,2002,Total Supply,(1000 60 KG BAGS),27283.0,0,1,06,"USDA FAS PS&D (Production, Supply & Distribution)",https://apps.fas.usda.gov/psdonline/downloads/
"Coffee, Green",United States,2003,Total Supply,(1000 60 KG BAGS),27706.0,0,1,06,"USDA FAS PS&D (Production, Supply & Distribution)",https://apps.fas.usda.gov/psdonline/downloads/
"Coffee, Green",United States,2004,Total Supply,(1000 60 KG BAGS),27270.0,0,1,06,"USDA FAS PS&D (Production, Supply & Distribution)",https://apps.fas.usda.gov/psdonline/downloads/
"Coffee, Green",United States,2005,Total Supply,(1000 60 KG BAGS),27556.0,0,1,06,"USDA FAS PS&D (Production, Supply & Distribution)",https://apps.fas.usda.gov/psdonline/downloads/
"Coffee, Green",United States,2006,Total Supply,(1000 60 KG BAGS),27952.0,0,1,06,"USDA FAS PS&D (Production, Supply & Distribution)",https://apps.fas.usda.gov/psdonline/downloads/
"Coffee, Green",United States,2007,Total Supply,(1000 60 KG BAGS),28166.0,0,1,06,"USDA FAS PS&D (Production, Supply & Distribution)",https://apps.fas.usda.gov/psdonline/downloads/
"Coffee, Green",United States,2008,Total Supply,(1000 60 KG BAGS),27965.0,0,1,06,"USDA FAS PS&D (Production, Supply & Distribution)",https://apps.fas.usda.gov/psdonline/downloads/
"Coffee, Green",United States,2009,Total Supply,(1000 60 KG BAGS),26256.0,0,1,06,"USDA FAS PS&D (Production, Supply & Distribution)",https://apps.fas.usda.gov/psdonline/downloads/
"Coffee, Green",United States,2010,Total Supply,(1000 60 KG BAGS),27413.0,0,1,06,"USDA FAS PS&D (Production, Supply & Distribution)",https://apps.fas.usda.gov/psdonline/downloads/
"Coffee, Green",United States,2011,Total Supply,(1000 60 KG BAGS),28451.0,0,1,06,"USDA FAS PS&D (Production, Supply & Distribution)",https://apps.fas.usda.gov/psdonline/downloads/
"Coffee, Green",United States,2012,Total Supply,(1000 60 KG BAGS),28842.0,0,1,06,"USDA FAS PS&D (Production, Supply & Distribution)",https://apps.fas.usda.gov/psdonline/downloads/
"Coffee, Green",United States,2013,Total Supply,(1000 60 KG BAGS),30416.0,0,1,06,"USDA FAS PS&D (Production, Supply & Distribution)",https://apps.fas.usda.gov/psdonline/downloads/
"Coffee, Green",United States,2014,Total Supply,(1000 60 KG BAGS),30065.0,0,1,06,"USDA FAS PS&D (Production, Supply & Distribution)",https://apps.fas.usda.gov/psdonline/downloads/
"Coffee, Green",United States,2015,Total Supply,(1000 60 KG BAGS),31342.0,0,1,12,"USDA FAS PS&D (Production, Supply & Distribution)",https://apps.fas.usda.gov/psdonline/downloads/
"Coffee, Green",United States,2016,Total Supply,(1000 60 KG BAGS),32702.0,0,1,12,"USDA FAS PS&D (Production, Supply & Distribution)",https://apps.fas.usda.gov/psdonline/downloads/
"Coffee, Green",United States,2017,Total Supply,(1000 60 KG BAGS),31997.0,0,1,12,"USDA FAS PS&D (Production, Supply & Distribution)",https://apps.fas.usda.gov/psdonline/downloads/
"Coffee, Green",United States,2018,Total Supply,(1000 60 KG BAGS),34514.0,0,1,12,"USDA FAS PS&D (Production, Supply & Distribution)",https://apps.fas.usda.gov/psdonline/downloads/
"Coffee, Green",United States,2019,Total Supply,(1000 60 KG BAGS),32451.0,0,1,12,"USDA FAS PS&D (Production, Supply & Distribution)",https://apps.fas.usda.gov/psdonline/downloads/
"Coffee, Green",United States,2020,Total Supply,(1000 60 KG BAGS),31945.0,0,1,12,"USDA FAS PS&D (Production, Supply & Distribution)",https://apps.fas.usda.gov/psdonline/downloads/
"Coffee, Green",United States,2021,Total Supply,(1000 60 KG BAGS),33086.0,0,1,12,"USDA FAS PS&D (Production, Supply & Distribution)",https://apps.fas.usda.gov/psdonline/downloads/
"Coffee, Green",United States,2022,Total Supply,(1000 60 KG BAGS),30323.0,0,1,12,"USDA FAS PS&D (Production, Supply & Distribution)",https://apps.fas.usda.gov/psdonline/downloads/
"Coffee, Green",United States,2023,Total Supply,(1000 60 KG BAGS),29245.0,0,1,12,"USDA FAS PS&D (Production, Supply & Distribution)",https://apps.fas.usda.gov/psdonline/downloads/
"Coffee, Green",United States,2024,Total Supply,(1000 60 KG BAGS),31920.0,0,1,12,"USDA FAS PS&D (Production, Supply & Distribution)",https://apps.fas.usda.gov/psdonline/downloads/
"Coffee, Green",United States,2025,Total Supply,(1000 60 KG BAGS),32250.0,0,1,12,"USDA FAS PS&D (Production, Supply & Distribution)",https://apps.fas.usda.gov/psdonline/downloads/
