commodity,country,market_year,attribute,unit,value,is_aggregate,n_countries,vintage_month,source,source_url
"Oilseed, Rapeseed",World,1964,Area Harvested,(1000 HA),6830.0,1,32,agg,"USDA FAS PS&D (Production, Supply & Distribution)",https://apps.fas.usda.gov/psdonline/downloads/
"Oilseed, Rapeseed",World,1965,Area Harvested,(1000 HA),7154.0,1,32,agg,"USDA FAS PS&D (Production, Supply & Distribution)",https://apps.fas.usda.gov/psdonline/downloads/
"Oilseed, Rapeseed",World,1966,Area Harvested,(1000 HA),7171.0,1,32,agg,"USDA FAS PS&D (Production, Supply & Distribution)",https://apps.fas.usda.gov/psdonline/downloads/
"Oilseed, Rapeseed",World,1967,Area Harvested,(1000 HA),7565.0,1,33,agg,"USDA FAS PS&D (Production, Supply & Distribution)",https://apps.fas.usda.gov/psdonline/downloads/
"Oilseed, Rapeseed",World,1968,Area Harvested,(1000 HA),6728.0,1,34,agg,"USDA FAS PS&D (Production, Supply & Distribution)",https://apps.fas.usda.gov/psdonline/downloads/
"Oilseed, Rapeseed",World,1969,Area Harvested,(1000 HA),7285.0,1,33,agg,"USDA FAS PS&D (Production, Supply & Distribution)",https://apps.fas.usda.gov/psdonline/downloads/
"Oilseed, Rapeseed",World,1970,Area Harvested,(1000 HA),8300.0,1,33,agg,"USDA FAS PS&D (Production, Supply & Distribution)",https://apps.fas.usda.gov/psdonline/downloads/
"Oilseed, Rapeseed",World,1971,Area Harvested,(1000 HA),9503.0,1,34,agg,"USDA FAS PS&D (Production, Supply & Distribution)",https://apps.fas.usda.gov/psdonline/downloads/
"Oilseed, Rapeseed",World,1972,Area Harvested,(1000 HA),8657.0,1,33,agg,"USDA FAS PS&D (Production, Supply & Distribution)",https://apps.fas.usda.gov/psdonline/downloads/
"Oilseed, Rapeseed",World,1973,Area Harvested,(1000 HA),8953.0,1,33,agg,"USDA FAS PS&D (Production, Supply & Distribution)",https://apps.fas.usda.gov/psdonline/downloads/
"Oilseed, Rapeseed",World,1974,Area Harvested,(1000 HA),8997.0,1,34,agg,"USDA FAS PS&D (Production, Supply & Distribution)",https://apps.fas.usda.gov/psdonline/downloads/
"Oilseed, Rapeseed",World,1975,Area Harvested,(1000 HA),9566.0,1,35,agg,"USDA FAS PS&D (Production, Supply & Distribution)",https://apps.fas.usda.gov/psdonline/downloads/
"Oilseed, Rapeseed",World,1976,Area Harvested,(1000 HA),8378.0,1,33,agg,"USDA FAS PS&D (Production, Supply & Distribution)",https://apps.fas.usda.gov/psdonline/downloads/
"Oilseed, Rapeseed",World,1977,Area Harvested,(1000 HA),9350.0,1,33,agg,"USDA FAS PS&D (Production, Supply & Distribution)",https://apps.fas.usda.gov/psdonline/downloads/
"Oilseed, Rapeseed",World,1978,Area Harvested,(1000 HA),11130.0,1,36,agg,"USDA FAS PS&D (Production, Supply & Distribution)",https://apps.fas.usda.gov/psdonline/downloads/
"Oilseed, Rapeseed",World,1979,Area Harvested,(1000 HA),11551.0,1,35,agg,"USDA FAS PS&D (Production, Supply & Distribution)",https://apps.fas.usda.gov/psdonline/downloads/
"Oilseed, Rapeseed",World,1980,Area Harvested,(1000 HA),11407.0,1,35,agg,"USDA FAS PS&D (Production, Supply & Distribution)",https://apps.fas.usda.gov/psdonline/downloads/
"Oilseed, Rapeseed",World,1981,Area Harvested,(1000 HA),12073.0,1,35,agg,"USDA FAS PS&D (Production, Supply & Distribution)",https://apps.fas.usda.gov/psdonline/downloads/
"Oilseed, Rapeseed",World,1982,Area Harvested,(1000 HA),12315.0,1,34,agg,"USDA FAS PS&D (Production, Supply & Distribution)",https://apps.fas.usda.gov/psdonline/downloads/
"Oilseed, Rapeseed",World,1983,Area Harvested,(1000 HA),12718.0,1,34,agg,"USDA FAS PS&D (Production, Supply & Distribution)",https://apps.fas.usda.gov/psdonline/downloads/
"Oilseed, Rapeseed",World,1984,Area Harvested,(1000 HA),13593.0,1,33,agg,"USDA FAS PS&D (Production, Supply & Distribution)",https://apps.fas.usda.gov/psdonline/downloads/
"Oilseed, Rapeseed",World,1985,Area Harvested,(1000 HA),14651.0,1,33,agg,"USDA FAS PS&D (Production, Supply & Distribution)",https://apps.fas.usda.gov/psdonline/downloads/
"Oilseed, Rapeseed",World,1986,Area Harvested,(1000 HA),14679.0,1,34,agg,"USDA FAS PS&D (Production, Supply & Distribution)",https://apps.fas.usda.gov/psdonline/downloads/
"Oilseed, Rapeseed",World,1987,Area Harvested,(1000 HA),16715.0,1,38,agg,"USDA FAS PS&D (Production, Supply & Distribution)",https://apps.fas.usda.gov/psdonline/downloads/
"Oilseed, Rapeseed",World,1988,Area Harvested,(1000 HA),17901.0,1,38,agg,"USDA FAS PS&D (Production, Supply & Distribution)",https://apps.fas.usda.gov/psdonline/downloads/
"Oilseed, Rapeseed",World,1989,Area Harvested,(1000 HA),17096.0,1,39,agg,"USDA FAS PS&D (Production, Supply & Distribution)",https://apps.fas.usda.gov/psdonline/downloads/
"Oilseed, Rapeseed",World,1990,Area Harvested,(1000 HA),18216.0,1,38,agg,"USDA FAS PS&D (Production, Supply & Distribution)",https://apps.fas.usda.gov/psdonline/downloads/
"Oilseed, Rapeseed",World,1991,Area Harvested,(1000 HA),20577.0,1,26,agg,"USDA FAS PS&D (Production, Supply & Distribution)",https://apps.fas.usda.gov/psdonline/downloads/
"Oilseed, Rapeseed",World,1992,Area Harvested,(1000 HA),19704.0,1,26,agg,"USDA FAS PS&D (Production, Supply & Distribution)",https://apps.fas.usda.gov/psdonline/downloads/
"Oilseed, Rapeseed",World,1993,Area Harvested,(1000 HA),19863.0,1,27,agg,"USDA FAS PS&D (Production, Supply & Distribution)",https://apps.fas.usda.gov/psdonline/downloads/
"Oilseed, Rapeseed",World,1994,Area Harvested,(1000 HA),22631.0,1,27,agg,"USDA FAS PS&D (Production, Supply & Distribution)",https://apps.fas.usda.gov/psdonline/downloads/
"Oilseed, Rapeseed",World,1995,Area Harvested,(1000 HA),24195.0,1,27,agg,"USDA FAS PS&D (Production, Supply & Distribution)",https://apps.fas.usda.gov/psdonline/downloads/
"Oilseed, Rapeseed",World,1996,Area Harvested,(1000 HA),21929.0,1,27,agg,"USDA FAS PS&D (Production, Supply & Distribution)",https://apps.fas.usda.gov/psdonline/downloads/
"Oilseed, Rapeseed",World,1997,Area Harvested,(1000 HA),23498.0,1,27,agg,"USDA FAS PS&D (Production, Supply & Distribution)",https://apps.fas.usda.gov/psdonline/downloads/
"Oilseed, Rapeseed",World,1998,Area Harvested,(1000 HA),25408.0,1,27,agg,"USDA FAS PS&D (Production, Supply & Distribution)",https://apps.fas.usda.gov/psdonline/downloads/
"Oilseed, Rapeseed",World,1999,Area Harvested,(1000 HA),26775.0,1,22,agg,"USDA FAS PS&D (Production, Supply & Distribution)",https://apps.fas.usda.gov/psdonline/downloads/
"Oilseed, Rapeseed",World,2000,Area Harvested,(1000 HA),24742.0,1,22,agg,"USDA FAS PS&D (Production, Supply & Distribution)",https://apps.fas.usda.gov/psdonline/downloads/
"Oilseed, Rapeseed",World,2001,Area Harvested,(1000 HA),23319.0,1,22,agg,"USDA FAS PS&D (Production, Supply & Distribution)",https://apps.fas.usda.gov/psdonline/downloads/
"Oilseed, Rapeseed",World,2002,Area Harvested,(1000 HA),22165.0,1,22,agg,"USDA FAS PS&D (Production, Supply & Distribution)",https://apps.fas.usda.gov/psdonline/downloads/
"Oilseed, Rapeseed",World,2003,Area Harvested,(1000 HA),25588.0,1,22,agg,"USDA FAS PS&D (Production, Supply & Distribution)",https://apps.fas.usda.gov/psdonline/downloads/
"Oilseed, Rapeseed",World,2004,Area Harvested,(1000 HA),27030.0,1,22,agg,"USDA FAS PS&D (Production, Supply & Distribution)",https://apps.fas.usda.gov/psdonline/downloads/
"Oilseed, Rapeseed",World,2005,Area Harvested,(1000 HA),27541.0,1,28,agg,"USDA FAS PS&D (Production, Supply & Distribution)",https://apps.fas.usda.gov/psdonline/downloads/
"Oilseed, Rapeseed",World,2006,Area Harvested,(1000 HA),27044.0,1,28,agg,"USDA FAS PS&D (Production, Supply & Distribution)",https://apps.fas.usda.gov/psdonline/downloads/
"Oilseed, Rapeseed",World,2007,Area Harvested,(1000 HA),29463.0,1,28,agg,"USDA FAS PS&D (Production, Supply & Distribution)",https://apps.fas.usda.gov/psdonline/downloads/
"Oilseed, Rapeseed",World,2008,Area Harvested,(1000 HA),31469.0,1,28,agg,"USDA FAS PS&D (Production, Supply & Distribution)",https://apps.fas.usda.gov/psdonline/downloads/
"Oilseed, Rapeseed",World,2009,Area Harvested,(1000 HA),30869.0,1,28,agg,"USDA FAS PS&D (Production, Supply & Distribution)",https://apps.fas.usda.gov/psdonline/downloads/
"Oilseed, Rapeseed",World,2010,Area Harvested,(1000 HA),33720.0,1,29,agg,"USDA FAS PS&D (Production, Supply & Distribution)",https://apps.fas.usda.gov/psdonline/downloads/
"Oilseed, Rapeseed",World,2011,Area Harvested,(1000 HA),33542.0,1,29,agg,"USDA FAS PS&D (Production, Supply & Distribution)",https://apps.fas.usda.gov/psdonline/downloads/
"Oilseed, Rapeseed",World,2012,Area Harvested,(1000 HA),36071.0,1,30,agg,"USDA FAS PS&D (Production, Supply & Distribution)",https://apps.fas.usda.gov/psdonline/downloads/
"Oilseed, Rapeseed",World,2013,Area Harvested,(1000 HA),36030.0,1,30,agg,"USDA FAS PS&D (Production, Supply & Distribution)",https://apps.fas.usda.gov/psdonline/downloads/
"Oilseed, Rapeseed",World,2014,Area Harvested,(1000 HA),35299.0,1,30,agg,"USDA FAS PS&D (Production, Supply & Distribution)",https://apps.fas.usda.gov/psdonline/downloads/
"Oilseed, Rapeseed",World,2015,Area Harvested,(1000 HA),33345.0,1,30,agg,"USDA FAS PS&D (Production, Supply & Distribution)",https://apps.fas.usda.gov/psdonline/downloads/
"Oilseed, Rapeseed",World,2016,Area Harvested,(1000 HA),33832.0,1,31,agg,"USDA FAS PS&D (Production, Supply & Distribution)",https://apps.fas.usda.gov/psdonline/downloads/
"Oilseed, Rapeseed",World,2017,Area Harvested,(1000 HA),36071.0,1,31,agg,"USDA FAS PS&D (Production, Supply & Distribution)",https://apps.fas.usda.gov/psdonline/downloads/
"Oilseed, Rapeseed",World,2018,Area Harvested,(1000 HA),36262.0,1,31,agg,"USDA FAS PS&D (Production, Supply & Distribution)",https://apps.fas.usda.gov/psdonline/downloads/
"Oilseed, Rapeseed",World,2019,Area Harvested,(1000 HA),35327.0,1,31,agg,"USDA FAS PS&D (Production, Supply & Distribution)",https://apps.fas.usda.gov/psdonline/downloads/
"Oilseed, Rapeseed",World,2020,Area Harvested,(1000 HA),35566.0,1,31,agg,"USDA FAS PS&D (Production, Supply & Distribution)",https://apps.fas.usda.gov/psdonline/downloads/
"Oilseed, Rapeseed",World,2021,Area Harvested,(1000 HA),38716.0,1,31,agg,"USDA FAS PS&D (Production, Supply & Distribution)",https://apps.fas.usda.gov/psdonline/downloads/
"Oilseed, Rapeseed",World,2022,Area Harvested,(1000 HA),42443.0,1,31,agg,"USDA FAS PS&D (Production, Supply & Distribution)",https://apps.fas.usda.gov/psdonline/downloads/
"Oilseed, Rapeseed",World,2023,Area Harvested,(1000 HA),42981.0,1,31,agg,"USDA FAS PS&D (Production, Supply & Distribution)",https://apps.fas.usda.gov/psdonline/downloads/
"Oilseed, Rapeseed",World,2024,Area Harvested,(1000 HA),42512.0,1,31,agg,"USDA FAS PS&D (Production, Supply & Distribution)",https://apps.fas.usda.gov/psdonline/downloads/
"Oilseed, Rapeseed",World,2025,Area Harvested,(1000 HA),44005.0,1,31,agg,"USDA FAS PS&D (Production, Supply & Distribution)",https://apps.fas.usda.gov/psdonline/downloads/
"Oilseed, Rapeseed",World,2026,Area Harvested,(1000 HA),45541.0,1,31,agg,"USDA FAS PS&D (Production, Supply & Distribution)",https://apps.fas.usda.gov/psdonline/downloads/
"Oilseed, Rapeseed",World,1964,Beginning Stocks,(1000 MT),83.0,1,32,agg,"USDA FAS PS&D (Production, Supply & Distribution)",https://apps.fas.usda.gov/psdonline/downloads/
"Oilseed, Rapeseed",World,1965,Beginning Stocks,(1000 MT),90.0,1,32,agg,"USDA FAS PS&D (Production, Supply & Distribution)",https://apps.fas.usda.gov/psdonline/downloads/
"Oilseed, Rapeseed",World,1966,Beginning Stocks,(1000 MT),150.0,1,32,agg,"USDA FAS PS&D (Production, Supply & Distribution)",https://apps.fas.usda.gov/psdonline/downloads/
"Oilseed, Rapeseed",World,1967,Beginning Stocks,(1000 MT),209.0,1,33,agg,"USDA FAS PS&D (Production, Supply & Distribution)",https://apps.fas.usda.gov/psdonline/downloads/
"Oilseed, Rapeseed",World,1968,Beginning Stocks,(1000 MT),564.0,1,34,agg,"USDA FAS PS&D (Production, Supply & Distribution)",https://apps.fas.usda.gov/psdonline/downloads/
"Oilseed, Rapeseed",World,1969,Beginning Stocks,(1000 MT),189.0,1,33,agg,"USDA FAS PS&D (Production, Supply & Distribution)",https://apps.fas.usda.gov/psdonline/downloads/
"Oilseed, Rapeseed",World,1970,Beginning Stocks,(1000 MT),157.0,1,33,agg,"USDA FAS PS&D (Production, Supply & Distribution)",https://apps.fas.usda.gov/psdonline/downloads/
"Oilseed, Rapeseed",World,1971,Beginning Stocks,(1000 MT),581.0,1,34,agg,"USDA FAS PS&D (Production, Supply & Distribution)",https://apps.fas.usda.gov/psdonline/downloads/
"Oilseed, Rapeseed",World,1972,Beginning Stocks,(1000 MT),1111.0,1,33,agg,"USDA FAS PS&D (Production, Supply & Distribution)",https://apps.fas.usda.gov/psdonline/downloads/
"Oilseed, Rapeseed",World,1973,Beginning Stocks,(1000 MT),595.0,1,33,agg,"USDA FAS PS&D (Production, Supply & Distribution)",https://apps.fas.usda.gov/psdonline/downloads/
"Oilseed, Rapeseed",World,1974,Beginning Stocks,(1000 MT),399.0,1,34,agg,"USDA FAS PS&D (Production, Supply & Distribution)",https://apps.fas.usda.gov/psdonline/downloads/
"Oilseed, Rapeseed",World,1975,Beginning Stocks,(1000 MT),739.0,1,35,agg,"USDA FAS PS&D (Production, Supply & Distribution)",https://apps.fas.usda.gov/psdonline/downloads/
"Oilseed, Rapeseed",World,1976,Beginning Stocks,(1000 MT),1357.0,1,33,agg,"USDA FAS PS&D (Production, Supply & Distribution)",https://apps.fas.usda.gov/psdonline/downloads/
"Oilseed, Rapeseed",World,1977,Beginning Stocks,(1000 MT),287.0,1,33,agg,"USDA FAS PS&D (Production, Supply & Distribution)",https://apps.fas.usda.gov/psdonline/downloads/
"Oilseed, Rapeseed",World,1978,Beginning Stocks,(1000 MT),401.0,1,36,agg,"USDA FAS PS&D (Production, Supply & Distribution)",https://apps.fas.usda.gov/psdonline/downloads/
"Oilseed, Rapeseed",World,1979,Beginning Stocks,(1000 MT),1246.0,1,35,agg,"USDA FAS PS&D (Production, Supply & Distribution)",https://apps.fas.usda.gov/psdonline/downloads/
"Oilseed, Rapeseed",World,1980,Beginning Stocks,(1000 MT),1694.0,1,35,agg,"USDA FAS PS&D (Production, Supply & Distribution)",https://apps.fas.usda.gov/psdonline/downloads/
"Oilseed, Rapeseed",World,1981,Beginning Stocks,(1000 MT),1493.0,1,35,agg,"USDA FAS PS&D (Production, Supply & Distribution)",https://apps.fas.usda.gov/psdonline/downloads/
"Oilseed, Rapeseed",World,1982,Beginning Stocks,(1000 MT),897.0,1,34,agg,"USDA FAS PS&D (Production, Supply & Distribution)",https://apps.fas.usda.gov/psdonline/downloads/
"Oilseed, Rapeseed",World,1983,Beginning Stocks,(1000 MT),747.0,1,34,agg,"USDA FAS PS&D (Production, Supply & Distribution)",https://apps.fas.usda.gov/psdonline/downloads/
"Oilseed, Rapeseed",World,1984,Beginning Stocks,(1000 MT),647.0,1,33,agg,"USDA FAS PS&D (Production, Supply & Distribution)",https://apps.fas.usda.gov/psdonline/downloads/
"Oilseed, Rapeseed",World,1985,Beginning Stocks,(1000 MT),1033.0,1,33,agg,"USDA FAS PS&D (Production, Supply & Distribution)",https://apps.fas.usda.gov/psdonline/downloads/
"Oilseed, Rapeseed",World,1986,Beginning Stocks,(1000 MT),1267.0,1,34,agg,"USDA FAS PS&D (Production, Supply & Distribution)",https://apps.fas.usda.gov/psdonline/downloads/
"Oilseed, Rapeseed",World,1987,Beginning Stocks,(1000 MT),1044.0,1,38,agg,"USDA FAS PS&D (Production, Supply & Distribution)",https://apps.fas.usda.gov/psdonline/downloads/
"Oilseed, Rapeseed",World,1988,Beginning Stocks,(1000 MT),1247.0,1,38,agg,"USDA FAS PS&D (Production, Supply & Distribution)",https://apps.fas.usda.gov/psdonline/downloads/
"Oilseed, Rapeseed",World,1989,Beginning Stocks,(1000 MT),1793.0,1,39,agg,"USDA FAS PS&D (Production, Supply & Distribution)",https://apps.fas.usda.gov/psdonline/downloads/
"Oilseed, Rapeseed",World,1990,Beginning Stocks,(1000 MT),1340.0,1,38,agg,"USDA FAS PS&D (Production, Supply & Distribution)",https://apps.fas.usda.gov/psdonline/downloads/
"Oilseed, Rapeseed",World,1991,Beginning Stocks,(1000 MT),972.0,1,26,agg,"USDA FAS PS&D (Production, Supply & Distribution)",https://apps.fas.usda.gov/psdonline/downloads/
"Oilseed, Rapeseed",World,1992,Beginning Stocks,(1000 MT),1045.0,1,26,agg,"USDA FAS PS&D (Production, Supply & Distribution)",https://apps.fas.usda.gov/psdonline/downloads/
"Oilseed, Rapeseed",World,1993,Beginning Stocks,(1000 MT),1045.0,1,27,agg,"USDA FAS PS&D (Production, Supply & Distribution)",https://apps.fas.usda.gov/psdonline/downloads/
"Oilseed, Rapeseed",World,1994,Beginning Stocks,(1000 MT),838.0,1,27,agg,"USDA FAS PS&D (Production, Supply & Distribution)",https://apps.fas.usda.gov/psdonline/downloads/
"Oilseed, Rapeseed",World,1995,Beginning Stocks,(1000 MT),1001.0,1,27,agg,"USDA FAS PS&D (Production, Supply & Distribution)",https://apps.fas.usda.gov/psdonline/downloads/
"Oilseed, Rapeseed",World,1996,Beginning Stocks,(1000 MT),1674.0,1,27,agg,"USDA FAS PS&D (Production, Supply & Distribution)",https://apps.fas.usda.gov/psdonline/downloads/
"Oilseed, Rapeseed",World,1997,Beginning Stocks,(1000 MT),2040.0,1,27,agg,"USDA FAS PS&D (Production, Supply & Distribution)",https://apps.fas.usda.gov/psdonline/downloads/
"Oilseed, Rapeseed",World,1998,Beginning Stocks,(1000 MT),1074.0,1,27,agg,"USDA FAS PS&D (Production, Supply & Distribution)",https://apps.fas.usda.gov/psdonline/downloads/
"Oilseed, Rapeseed",World,1999,Beginning Stocks,(1000 MT),2234.0,1,22,agg,"USDA FAS PS&D (Production, Supply & Distribution)",https://apps.fas.usda.gov/psdonline/downloads/
"Oilseed, Rapeseed",World,2000,Beginning Stocks,(1000 MT),4271.0,1,22,agg,"USDA FAS PS&D (Production, Supply & Distribution)",https://apps.fas.usda.gov/psdonline/downloads/
"Oilseed, Rapeseed",World,2001,Beginning Stocks,(1000 MT),2679.0,1,22,agg,"USDA FAS PS&D (Production, Supply & Distribution)",https://apps.fas.usda.gov/psdonline/downloads/
"Oilseed, Rapeseed",World,2002,Beginning Stocks,(1000 MT),2875.0,1,22,agg,"USDA FAS PS&D (Production, Supply & Distribution)",https://apps.fas.usda.gov/psdonline/downloads/
"Oilseed, Rapeseed",World,2003,Beginning Stocks,(1000 MT),2122.0,1,22,agg,"USDA FAS PS&D (Production, Supply & Distribution)",https://apps.fas.usda.gov/psdonline/downloads/
"Oilseed, Rapeseed",World,2004,Beginning Stocks,(1000 MT),2188.0,1,22,agg,"USDA FAS PS&D (Production, Supply & Distribution)",https://apps.fas.usda.gov/psdonline/downloads/
"Oilseed, Rapeseed",World,2005,Beginning Stocks,(1000 MT),5126.0,1,28,agg,"USDA FAS PS&D (Production, Supply & Distribution)",https://apps.fas.usda.gov/psdonline/downloads/
"Oilseed, Rapeseed",World,2006,Beginning Stocks,(1000 MT),5640.0,1,28,agg,"USDA FAS PS&D (Production, Supply & Distribution)",https://apps.fas.usda.gov/psdonline/downloads/
"Oilseed, Rapeseed",World,2007,Beginning Stocks,(1000 MT),5198.0,1,28,agg,"USDA FAS PS&D (Production, Supply & Distribution)",https://apps.fas.usda.gov/psdonline/downloads/
"Oilseed, Rapeseed",World,2008,Beginning Stocks,(1000 MT),4534.0,1,28,agg,"USDA FAS PS&D (Production, Supply & Distribution)",https://apps.fas.usda.gov/psdonline/downloads/
"Oilseed, Rapeseed",World,2009,Beginning Stocks,(1000 MT),7691.0,1,28,agg,"USDA FAS PS&D (Production, Supply & Distribution)",https://apps.fas.usda.gov/psdonline/downloads/
"Oilseed, Rapeseed",World,2010,Beginning Stocks,(1000 MT),8749.0,1,29,agg,"USDA FAS PS&D (Production, Supply & Distribution)",https://apps.fas.usda.gov/psdonline/downloads/
"Oilseed, Rapeseed",World,2011,Beginning Stocks,(1000 MT),9164.0,1,29,agg,"USDA FAS PS&D (Production, Supply & Distribution)",https://apps.fas.usda.gov/psdonline/downloads/
"Oilseed, Rapeseed",World,2012,Beginning Stocks,(1000 MT),7750.0,1,30,agg,"USDA FAS PS&D (Production, Supply & Distribution)",https://apps.fas.usda.gov/psdonline/downloads/
"Oilseed, Rapeseed",World,2013,Beginning Stocks,(1000 MT),6718.0,1,30,agg,"USDA FAS PS&D (Production, Supply & Distribution)",https://apps.fas.usda.gov/psdonline/downloads/
"Oilseed, Rapeseed",World,2014,Beginning Stocks,(1000 MT),9154.0,1,30,agg,"USDA FAS PS&D (Production, Supply & Distribution)",https://apps.fas.usda.gov/psdonline/downloads/
"Oilseed, Rapeseed",World,2015,Beginning Stocks,(1000 MT),8730.0,1,30,agg,"USDA FAS PS&D (Production, Supply & Distribution)",https://apps.fas.usda.gov/psdonline/downloads/
"Oilseed, Rapeseed",World,2016,Beginning Stocks,(1000 MT),7039.0,1,31,agg,"USDA FAS PS&D (Production, Supply & Distribution)",https://apps.fas.usda.gov/psdonline/downloads/
"Oilseed, Rapeseed",World,2017,Beginning Stocks,(1000 MT),5602.0,1,31,agg,"USDA FAS PS&D (Production, Supply & Distribution)",https://apps.fas.usda.gov/psdonline/downloads/
"Oilseed, Rapeseed",World,2018,Beginning Stocks,(1000 MT),8364.0,1,31,agg,"USDA FAS PS&D (Production, Supply & Distribution)",https://apps.fas.usda.gov/psdonline/downloads/
"Oilseed, Rapeseed",World,2019,Beginning Stocks,(1000 MT),9932.0,1,31,agg,"USDA FAS PS&D (Production, Supply & Distribution)",https://apps.fas.usda.gov/psdonline/downloads/
"Oilseed, Rapeseed",World,2020,Beginning Stocks,(1000 MT),8414.0,1,31,agg,"USDA FAS PS&D (Production, Supply & Distribution)",https://apps.fas.usda.gov/psdonline/downloads/
"Oilseed, Rapeseed",World,2021,Beginning Stocks,(1000 MT),7821.0,1,31,agg,"USDA FAS PS&D (Production, Supply & Distribution)",https://apps.fas.usda.gov/psdonline/downloads/
"Oilseed, Rapeseed",World,2022,Beginning Stocks,(1000 MT),7330.0,1,31,agg,"USDA FAS PS&D (Production, Supply & Distribution)",https://apps.fas.usda.gov/psdonline/downloads/
"Oilseed, Rapeseed",World,2023,Beginning Stocks,(1000 MT),10996.0,1,31,agg,"USDA FAS PS&D (Production, Supply & Distribution)",https://apps.fas.usda.gov/psdonline/downloads/
"Oilseed, Rapeseed",World,2024,Beginning Stocks,(1000 MT),11945.0,1,31,agg,"USDA FAS PS&D (Production, Supply & Distribution)",https://apps.fas.usda.gov/psdonline/downloads/
"Oilseed, Rapeseed",World,2025,Beginning Stocks,(1000 MT),9941.0,1,31,agg,"USDA FAS PS&D (Production, Supply & Distribution)",https://apps.fas.usda.gov/psdonline/downloads/
"Oilseed, Rapeseed",World,2026,Beginning Stocks,(1000 MT),11854.0,1,31,agg,"USDA FAS PS&D (Production, Supply & Distribution)",https://apps.fas.usda.gov/psdonline/downloads/
"Oilseed, Rapeseed",World,1964,Crush,(1000 MT),4114.0,1,32,agg,"USDA FAS PS&D (Production, Supply & Distribution)",https://apps.fas.usda.gov/psdonline/downloads/
"Oilseed, Rapeseed",World,1965,Crush,(1000 MT),4562.0,1,32,agg,"USDA FAS PS&D (Production, Supply & Distribution)",https://apps.fas.usda.gov/psdonline/downloads/
"Oilseed, Rapeseed",World,1966,Crush,(1000 MT),4241.0,1,32,agg,"USDA FAS PS&D (Production, Supply & Distribution)",https://apps.fas.usda.gov/psdonline/downloads/
"Oilseed, Rapeseed",World,1967,Crush,(1000 MT),4931.0,1,33,agg,"USDA FAS PS&D (Production, Supply & Distribution)",https://apps.fas.usda.gov/psdonline/downloads/
"Oilseed, Rapeseed",World,1968,Crush,(1000 MT),5293.0,1,34,agg,"USDA FAS PS&D (Production, Supply & Distribution)",https://apps.fas.usda.gov/psdonline/downloads/
"Oilseed, Rapeseed",World,1969,Crush,(1000 MT),4742.0,1,33,agg,"USDA FAS PS&D (Production, Supply & Distribution)",https://apps.fas.usda.gov/psdonline/downloads/
"Oilseed, Rapeseed",World,1970,Crush,(1000 MT),5850.0,1,33,agg,"USDA FAS PS&D (Production, Supply & Distribution)",https://apps.fas.usda.gov/psdonline/downloads/
"Oilseed, Rapeseed",World,1971,Crush,(1000 MT),6559.0,1,34,agg,"USDA FAS PS&D (Production, Supply & Distribution)",https://apps.fas.usda.gov/psdonline/downloads/
"Oilseed, Rapeseed",World,1972,Crush,(1000 MT),6817.0,1,33,agg,"USDA FAS PS&D (Production, Supply & Distribution)",https://apps.fas.usda.gov/psdonline/downloads/
"Oilseed, Rapeseed",World,1973,Crush,(1000 MT),6606.0,1,33,agg,"USDA FAS PS&D (Production, Supply & Distribution)",https://apps.fas.usda.gov/psdonline/downloads/
"Oilseed, Rapeseed",World,1974,Crush,(1000 MT),6718.0,1,34,agg,"USDA FAS PS&D (Production, Supply & Distribution)",https://apps.fas.usda.gov/psdonline/downloads/
"Oilseed, Rapeseed",World,1975,Crush,(1000 MT),7095.0,1,35,agg,"USDA FAS PS&D (Production, Supply & Distribution)",https://apps.fas.usda.gov/psdonline/downloads/
"Oilseed, Rapeseed",World,1976,Crush,(1000 MT),7451.0,1,33,agg,"USDA FAS PS&D (Production, Supply & Distribution)",https://apps.fas.usda.gov/psdonline/downloads/
"Oilseed, Rapeseed",World,1977,Crush,(1000 MT),7230.0,1,33,agg,"USDA FAS PS&D (Production, Supply & Distribution)",https://apps.fas.usda.gov/psdonline/downloads/
"Oilseed, Rapeseed",World,1978,Crush,(1000 MT),8750.0,1,36,agg,"USDA FAS PS&D (Production, Supply & Distribution)",https://apps.fas.usda.gov/psdonline/downloads/
"Oilseed, Rapeseed",World,1979,Crush,(1000 MT),8686.0,1,35,agg,"USDA FAS PS&D (Production, Supply & Distribution)",https://apps.fas.usda.gov/psdonline/downloads/
"Oilseed, Rapeseed",World,1980,Crush,(1000 MT),10419.0,1,35,agg,"USDA FAS PS&D (Production, Supply & Distribution)",https://apps.fas.usda.gov/psdonline/downloads/
"Oilseed, Rapeseed",World,1981,Crush,(1000 MT),11902.0,1,35,agg,"USDA FAS PS&D (Production, Supply & Distribution)",https://apps.fas.usda.gov/psdonline/downloads/
"Oilseed, Rapeseed",World,1982,Crush,(1000 MT),13642.0,1,34,agg,"USDA FAS PS&D (Production, Supply & Distribution)",https://apps.fas.usda.gov/psdonline/downloads/
"Oilseed, Rapeseed",World,1983,Crush,(1000 MT),13348.0,1,34,agg,"USDA FAS PS&D (Production, Supply & Distribution)",https://apps.fas.usda.gov/psdonline/downloads/
"Oilseed, Rapeseed",World,1984,Crush,(1000 MT),15357.0,1,33,agg,"USDA FAS PS&D (Production, Supply & Distribution)",https://apps.fas.usda.gov/psdonline/downloads/
"Oilseed, Rapeseed",World,1985,Crush,(1000 MT),16820.0,1,33,agg,"USDA FAS PS&D (Production, Supply & Distribution)",https://apps.fas.usda.gov/psdonline/downloads/
"Oilseed, Rapeseed",World,1986,Crush,(1000 MT),18252.0,1,34,agg,"USDA FAS PS&D (Production, Supply & Distribution)",https://apps.fas.usda.gov/psdonline/downloads/
"Oilseed, Rapeseed",World,1987,Crush,(1000 MT),20849.0,1,38,agg,"USDA FAS PS&D (Production, Supply & Distribution)",https://apps.fas.usda.gov/psdonline/downloads/
"Oilseed, Rapeseed",World,1988,Crush,(1000 MT),20419.0,1,38,agg,"USDA FAS PS&D (Production, Supply & Distribution)",https://apps.fas.usda.gov/psdonline/downloads/
"Oilseed, Rapeseed",World,1989,Crush,(1000 MT),20723.0,1,39,agg,"USDA FAS PS&D (Production, Supply & Distribution)",https://apps.fas.usda.gov/psdonline/downloads/
"Oilseed, Rapeseed",World,1990,Crush,(1000 MT),23581.0,1,38,agg,"USDA FAS PS&D (Production, Supply & Distribution)",https://apps.fas.usda.gov/psdonline/downloads/
"Oilseed, Rapeseed",World,1991,Crush,(1000 MT),25567.0,1,26,agg,"USDA FAS PS&D (Production, Supply & Distribution)",https://apps.fas.usda.gov/psdonline/downloads/
"Oilseed, Rapeseed",World,1992,Crush,(1000 MT),22978.0,1,26,agg,"USDA FAS PS&D (Production, Supply & Distribution)",https://apps.fas.usda.gov/psdonline/downloads/
"Oilseed, Rapeseed",World,1993,Crush,(1000 MT),24540.0,1,27,agg,"USDA FAS PS&D (Production, Supply & Distribution)",https://apps.fas.usda.gov/psdonline/downloads/
"Oilseed, Rapeseed",World,1994,Crush,(1000 MT),27063.0,1,27,agg,"USDA FAS PS&D (Production, Supply & Distribution)",https://apps.fas.usda.gov/psdonline/downloads/
"Oilseed, Rapeseed",World,1995,Crush,(1000 MT),30289.0,1,27,agg,"USDA FAS PS&D (Production, Supply & Distribution)",https://apps.fas.usda.gov/psdonline/downloads/
"Oilseed, Rapeseed",World,1996,Crush,(1000 MT),28789.0,1,27,agg,"USDA FAS PS&D (Production, Supply & Distribution)",https://apps.fas.usda.gov/psdonline/downloads/
"Oilseed, Rapeseed",World,1997,Crush,(1000 MT),31284.0,1,27,agg,"USDA FAS PS&D (Production, Supply & Distribution)",https://apps.fas.usda.gov/psdonline/downloads/
"Oilseed, Rapeseed",World,1998,Crush,(1000 MT),31890.0,1,27,agg,"USDA FAS PS&D (Production, Supply & Distribution)",https://apps.fas.usda.gov/psdonline/downloads/
"Oilseed, Rapeseed",World,1999,Crush,(1000 MT),37125.0,1,22,agg,"USDA FAS PS&D (Production, Supply & Distribution)",https://apps.fas.usda.gov/psdonline/downloads/
"Oilseed, Rapeseed",World,2000,Crush,(1000 MT),35543.0,1,22,agg,"USDA FAS PS&D (Production, Supply & Distribution)",https://apps.fas.usda.gov/psdonline/downloads/
"Oilseed, Rapeseed",World,2001,Crush,(1000 MT),33507.0,1,22,agg,"USDA FAS PS&D (Production, Supply & Distribution)",https://apps.fas.usda.gov/psdonline/downloads/
"Oilseed, Rapeseed",World,2002,Crush,(1000 MT),31654.0,1,22,agg,"USDA FAS PS&D (Production, Supply & Distribution)",https://apps.fas.usda.gov/psdonline/downloads/
"Oilseed, Rapeseed",World,2003,Crush,(1000 MT),36498.0,1,22,agg,"USDA FAS PS&D (Production, Supply & Distribution)",https://apps.fas.usda.gov/psdonline/downloads/
"Oilseed, Rapeseed",World,2004,Crush,(1000 MT),40721.0,1,22,agg,"USDA FAS PS&D (Production, Supply & Distribution)",https://apps.fas.usda.gov/psdonline/downloads/
"Oilseed, Rapeseed",World,2005,Crush,(1000 MT),45200.0,1,28,agg,"USDA FAS PS&D (Production, Supply & Distribution)",https://apps.fas.usda.gov/psdonline/downloads/
"Oilseed, Rapeseed",World,2006,Crush,(1000 MT),44315.0,1,28,agg,"USDA FAS PS&D (Production, Supply & Distribution)",https://apps.fas.usda.gov/psdonline/downloads/
"Oilseed, Rapeseed",World,2007,Crush,(1000 MT),47143.0,1,28,agg,"USDA FAS PS&D (Production, Supply & Distribution)",https://apps.fas.usda.gov/psdonline/downloads/
"Oilseed, Rapeseed",World,2008,Crush,(1000 MT),52763.0,1,28,agg,"USDA FAS PS&D (Production, Supply & Distribution)",https://apps.fas.usda.gov/psdonline/downloads/
"Oilseed, Rapeseed",World,2009,Crush,(1000 MT),57170.0,1,28,agg,"USDA FAS PS&D (Production, Supply & Distribution)",https://apps.fas.usda.gov/psdonline/downloads/
"Oilseed, Rapeseed",World,2010,Crush,(1000 MT),57623.0,1,29,agg,"USDA FAS PS&D (Production, Supply & Distribution)",https://apps.fas.usda.gov/psdonline/downloads/
"Oilseed, Rapeseed",World,2011,Crush,(1000 MT),60483.0,1,29,agg,"USDA FAS PS&D (Production, Supply & Distribution)",https://apps.fas.usda.gov/psdonline/downloads/
"Oilseed, Rapeseed",World,2012,Crush,(1000 MT),62324.0,1,30,agg,"USDA FAS PS&D (Production, Supply & Distribution)",https://apps.fas.usda.gov/psdonline/downloads/
"Oilseed, Rapeseed",World,2013,Crush,(1000 MT),66621.0,1,30,agg,"USDA FAS PS&D (Production, Supply & Distribution)",https://apps.fas.usda.gov/psdonline/downloads/
"Oilseed, Rapeseed",World,2014,Crush,(1000 MT),67562.0,1,30,agg,"USDA FAS PS&D (Production, Supply & Distribution)",https://apps.fas.usda.gov/psdonline/downloads/
"Oilseed, Rapeseed",World,2015,Crush,(1000 MT),67139.0,1,30,agg,"USDA FAS PS&D (Production, Supply & Distribution)",https://apps.fas.usda.gov/psdonline/downloads/
"Oilseed, Rapeseed",World,2016,Crush,(1000 MT),67935.0,1,31,agg,"USDA FAS PS&D (Production, Supply & Distribution)",https://apps.fas.usda.gov/psdonline/downloads/
"Oilseed, Rapeseed",World,2017,Crush,(1000 MT),68915.0,1,31,agg,"USDA FAS PS&D (Production, Supply & Distribution)",https://apps.fas.usda.gov/psdonline/downloads/
"Oilseed, Rapeseed",World,2018,Crush,(1000 MT),68729.0,1,31,agg,"USDA FAS PS&D (Production, Supply & Distribution)",https://apps.fas.usda.gov/psdonline/downloads/
"Oilseed, Rapeseed",World,2019,Crush,(1000 MT),69241.0,1,31,agg,"USDA FAS PS&D (Production, Supply & Distribution)",https://apps.fas.usda.gov/psdonline/downloads/
"Oilseed, Rapeseed",World,2020,Crush,(1000 MT),72107.0,1,31,agg,"USDA FAS PS&D (Production, Supply & Distribution)",https://apps.fas.usda.gov/psdonline/downloads/
"Oilseed, Rapeseed",World,2021,Crush,(1000 MT),72012.0,1,31,agg,"USDA FAS PS&D (Production, Supply & Distribution)",https://apps.fas.usda.gov/psdonline/downloads/
"Oilseed, Rapeseed",World,2022,Crush,(1000 MT),82107.0,1,31,agg,"USDA FAS PS&D (Production, Supply & Distribution)",https://apps.fas.usda.gov/psdonline/downloads/
"Oilseed, Rapeseed",World,2023,Crush,(1000 MT),84679.0,1,31,agg,"USDA FAS PS&D (Production, Supply & Distribution)",https://apps.fas.usda.gov/psdonline/downloads/
"Oilseed, Rapeseed",World,2024,Crush,(1000 MT),84627.0,1,31,agg,"USDA FAS PS&D (Production, Supply & Distribution)",https://apps.fas.usda.gov/psdonline/downloads/
"Oilseed, Rapeseed",World,2025,Crush,(1000 MT),88696.0,1,31,agg,"USDA FAS PS&D (Production, Supply & Distribution)",https://apps.fas.usda.gov/psdonline/downloads/
"Oilseed, Rapeseed",World,2026,Crush,(1000 MT),91820.0,1,31,agg,"USDA FAS PS&D (Production, Supply & Distribution)",https://apps.fas.usda.gov/psdonline/downloads/
"Oilseed, Rapeseed",World,1964,Domestic Consumption,(1000 MT),4604.0,1,32,agg,"USDA FAS PS&D (Production, Supply & Distribution)",https://apps.fas.usda.gov/psdonline/downloads/
"Oilseed, Rapeseed",World,1965,Domestic Consumption,(1000 MT),5091.0,1,32,agg,"USDA FAS PS&D (Production, Supply & Distribution)",https://apps.fas.usda.gov/psdonline/downloads/
"Oilseed, Rapeseed",World,1966,Domestic Consumption,(1000 MT),4796.0,1,32,agg,"USDA FAS PS&D (Production, Supply & Distribution)",https://apps.fas.usda.gov/psdonline/downloads/
"Oilseed, Rapeseed",World,1967,Domestic Consumption,(1000 MT),5524.0,1,33,agg,"USDA FAS PS&D (Production, Supply & Distribution)",https://apps.fas.usda.gov/psdonline/downloads/
"Oilseed, Rapeseed",World,1968,Domestic Consumption,(1000 MT),5862.0,1,34,agg,"USDA FAS PS&D (Production, Supply & Distribution)",https://apps.fas.usda.gov/psdonline/downloads/
"Oilseed, Rapeseed",World,1969,Domestic Consumption,(1000 MT),5397.0,1,33,agg,"USDA FAS PS&D (Production, Supply & Distribution)",https://apps.fas.usda.gov/psdonline/downloads/
"Oilseed, Rapeseed",World,1970,Domestic Consumption,(1000 MT),6647.0,1,33,agg,"USDA FAS PS&D (Production, Supply & Distribution)",https://apps.fas.usda.gov/psdonline/downloads/
"Oilseed, Rapeseed",World,1971,Domestic Consumption,(1000 MT),7308.0,1,34,agg,"USDA FAS PS&D (Production, Supply & Distribution)",https://apps.fas.usda.gov/psdonline/downloads/
"Oilseed, Rapeseed",World,1972,Domestic Consumption,(1000 MT),7627.0,1,33,agg,"USDA FAS PS&D (Production, Supply & Distribution)",https://apps.fas.usda.gov/psdonline/downloads/
"Oilseed, Rapeseed",World,1973,Domestic Consumption,(1000 MT),7312.0,1,33,agg,"USDA FAS PS&D (Production, Supply & Distribution)",https://apps.fas.usda.gov/psdonline/downloads/
"Oilseed, Rapeseed",World,1974,Domestic Consumption,(1000 MT),7524.0,1,34,agg,"USDA FAS PS&D (Production, Supply & Distribution)",https://apps.fas.usda.gov/psdonline/downloads/
"Oilseed, Rapeseed",World,1975,Domestic Consumption,(1000 MT),7886.0,1,35,agg,"USDA FAS PS&D (Production, Supply & Distribution)",https://apps.fas.usda.gov/psdonline/downloads/
"Oilseed, Rapeseed",World,1976,Domestic Consumption,(1000 MT),8150.0,1,33,agg,"USDA FAS PS&D (Production, Supply & Distribution)",https://apps.fas.usda.gov/psdonline/downloads/
"Oilseed, Rapeseed",World,1977,Domestic Consumption,(1000 MT),8004.0,1,33,agg,"USDA FAS PS&D (Production, Supply & Distribution)",https://apps.fas.usda.gov/psdonline/downloads/
"Oilseed, Rapeseed",World,1978,Domestic Consumption,(1000 MT),9718.0,1,36,agg,"USDA FAS PS&D (Production, Supply & Distribution)",https://apps.fas.usda.gov/psdonline/downloads/
"Oilseed, Rapeseed",World,1979,Domestic Consumption,(1000 MT),9601.0,1,35,agg,"USDA FAS PS&D (Production, Supply & Distribution)",https://apps.fas.usda.gov/psdonline/downloads/
"Oilseed, Rapeseed",World,1980,Domestic Consumption,(1000 MT),11317.0,1,35,agg,"USDA FAS PS&D (Production, Supply & Distribution)",https://apps.fas.usda.gov/psdonline/downloads/
"Oilseed, Rapeseed",World,1981,Domestic Consumption,(1000 MT),12929.0,1,35,agg,"USDA FAS PS&D (Production, Supply & Distribution)",https://apps.fas.usda.gov/psdonline/downloads/
"Oilseed, Rapeseed",World,1982,Domestic Consumption,(1000 MT),14848.0,1,34,agg,"USDA FAS PS&D (Production, Supply & Distribution)",https://apps.fas.usda.gov/psdonline/downloads/
"Oilseed, Rapeseed",World,1983,Domestic Consumption,(1000 MT),14557.0,1,34,agg,"USDA FAS PS&D (Production, Supply & Distribution)",https://apps.fas.usda.gov/psdonline/downloads/
"Oilseed, Rapeseed",World,1984,Domestic Consumption,(1000 MT),16661.0,1,33,agg,"USDA FAS PS&D (Production, Supply & Distribution)",https://apps.fas.usda.gov/psdonline/downloads/
"Oilseed, Rapeseed",World,1985,Domestic Consumption,(1000 MT),18300.0,1,33,agg,"USDA FAS PS&D (Production, Supply & Distribution)",https://apps.fas.usda.gov/psdonline/downloads/
"Oilseed, Rapeseed",World,1986,Domestic Consumption,(1000 MT),19860.0,1,34,agg,"USDA FAS PS&D (Production, Supply & Distribution)",https://apps.fas.usda.gov/psdonline/downloads/
"Oilseed, Rapeseed",World,1987,Domestic Consumption,(1000 MT),22741.0,1,38,agg,"USDA FAS PS&D (Production, Supply & Distribution)",https://apps.fas.usda.gov/psdonline/downloads/
"Oilseed, Rapeseed",World,1988,Domestic Consumption,(1000 MT),22244.0,1,38,agg,"USDA FAS PS&D (Production, Supply & Distribution)",https://apps.fas.usda.gov/psdonline/downloads/
"Oilseed, Rapeseed",World,1989,Domestic Consumption,(1000 MT),22661.0,1,39,agg,"USDA FAS PS&D (Production, Supply & Distribution)",https://apps.fas.usda.gov/psdonline/downloads/
"Oilseed, Rapeseed",World,1990,Domestic Consumption,(1000 MT),25992.0,1,38,agg,"USDA FAS PS&D (Production, Supply & Distribution)",https://apps.fas.usda.gov/psdonline/downloads/
"Oilseed, Rapeseed",World,1991,Domestic Consumption,(1000 MT),28166.0,1,26,agg,"USDA FAS PS&D (Production, Supply & Distribution)",https://apps.fas.usda.gov/psdonline/downloads/
"Oilseed, Rapeseed",World,1992,Domestic Consumption,(1000 MT),25367.0,1,26,agg,"USDA FAS PS&D (Production, Supply & Distribution)",https://apps.fas.usda.gov/psdonline/downloads/
"Oilseed, Rapeseed",World,1993,Domestic Consumption,(1000 MT),26973.0,1,27,agg,"USDA FAS PS&D (Production, Supply & Distribution)",https://apps.fas.usda.gov/psdonline/downloads/
"Oilseed, Rapeseed",World,1994,Domestic Consumption,(1000 MT),30051.0,1,27,agg,"USDA FAS PS&D (Production, Supply & Distribution)",https://apps.fas.usda.gov/psdonline/downloads/
"Oilseed, Rapeseed",World,1995,Domestic Consumption,(1000 MT),33359.0,1,27,agg,"USDA FAS PS&D (Production, Supply & Distribution)",https://apps.fas.usda.gov/psdonline/downloads/
"Oilseed, Rapeseed",World,1996,Domestic Consumption,(1000 MT),31338.0,1,27,agg,"USDA FAS PS&D (Production, Supply & Distribution)",https://apps.fas.usda.gov/psdonline/downloads/
"Oilseed, Rapeseed",World,1997,Domestic Consumption,(1000 MT),34132.0,1,27,agg,"USDA FAS PS&D (Production, Supply & Distribution)",https://apps.fas.usda.gov/psdonline/downloads/
"Oilseed, Rapeseed",World,1998,Domestic Consumption,(1000 MT),34794.0,1,27,agg,"USDA FAS PS&D (Production, Supply & Distribution)",https://apps.fas.usda.gov/psdonline/downloads/
"Oilseed, Rapeseed",World,1999,Domestic Consumption,(1000 MT),40480.0,1,22,agg,"USDA FAS PS&D (Production, Supply & Distribution)",https://apps.fas.usda.gov/psdonline/downloads/
"Oilseed, Rapeseed",World,2000,Domestic Consumption,(1000 MT),38754.0,1,22,agg,"USDA FAS PS&D (Production, Supply & Distribution)",https://apps.fas.usda.gov/psdonline/downloads/
"Oilseed, Rapeseed",World,2001,Domestic Consumption,(1000 MT),35902.0,1,22,agg,"USDA FAS PS&D (Production, Supply & Distribution)",https://apps.fas.usda.gov/psdonline/downloads/
"Oilseed, Rapeseed",World,2002,Domestic Consumption,(1000 MT),33978.0,1,22,agg,"USDA FAS PS&D (Production, Supply & Distribution)",https://apps.fas.usda.gov/psdonline/downloads/
"Oilseed, Rapeseed",World,2003,Domestic Consumption,(1000 MT),39123.0,1,22,agg,"USDA FAS PS&D (Production, Supply & Distribution)",https://apps.fas.usda.gov/psdonline/downloads/
"Oilseed, Rapeseed",World,2004,Domestic Consumption,(1000 MT),43571.0,1,22,agg,"USDA FAS PS&D (Production, Supply & Distribution)",https://apps.fas.usda.gov/psdonline/downloads/
"Oilseed, Rapeseed",World,2005,Domestic Consumption,(1000 MT),48305.0,1,28,agg,"USDA FAS PS&D (Production, Supply & Distribution)",https://apps.fas.usda.gov/psdonline/downloads/
"Oilseed, Rapeseed",World,2006,Domestic Consumption,(1000 MT),46878.0,1,28,agg,"USDA FAS PS&D (Production, Supply & Distribution)",https://apps.fas.usda.gov/psdonline/downloads/
"Oilseed, Rapeseed",World,2007,Domestic Consumption,(1000 MT),49522.0,1,28,agg,"USDA FAS PS&D (Production, Supply & Distribution)",https://apps.fas.usda.gov/psdonline/downloads/
"Oilseed, Rapeseed",World,2008,Domestic Consumption,(1000 MT),55281.0,1,28,agg,"USDA FAS PS&D (Production, Supply & Distribution)",https://apps.fas.usda.gov/psdonline/downloads/
"Oilseed, Rapeseed",World,2009,Domestic Consumption,(1000 MT),59939.0,1,28,agg,"USDA FAS PS&D (Production, Supply & Distribution)",https://apps.fas.usda.gov/psdonline/downloads/
"Oilseed, Rapeseed",World,2010,Domestic Consumption,(1000 MT),60101.0,1,29,agg,"USDA FAS PS&D (Production, Supply & Distribution)",https://apps.fas.usda.gov/psdonline/downloads/
"Oilseed, Rapeseed",World,2011,Domestic Consumption,(1000 MT),63462.0,1,29,agg,"USDA FAS PS&D (Production, Supply & Distribution)",https://apps.fas.usda.gov/psdonline/downloads/
"Oilseed, Rapeseed",World,2012,Domestic Consumption,(1000 MT),65294.0,1,30,agg,"USDA FAS PS&D (Production, Supply & Distribution)",https://apps.fas.usda.gov/psdonline/downloads/
"Oilseed, Rapeseed",World,2013,Domestic Consumption,(1000 MT),69389.0,1,30,agg,"USDA FAS PS&D (Production, Supply & Distribution)",https://apps.fas.usda.gov/psdonline/downloads/
"Oilseed, Rapeseed",World,2014,Domestic Consumption,(1000 MT),70750.0,1,30,agg,"USDA FAS PS&D (Production, Supply & Distribution)",https://apps.fas.usda.gov/psdonline/downloads/
"Oilseed, Rapeseed",World,2015,Domestic Consumption,(1000 MT),70275.0,1,30,agg,"USDA FAS PS&D (Production, Supply & Distribution)",https://apps.fas.usda.gov/psdonline/downloads/
"Oilseed, Rapeseed",World,2016,Domestic Consumption,(1000 MT),71040.0,1,31,agg,"USDA FAS PS&D (Production, Supply & Distribution)",https://apps.fas.usda.gov/psdonline/downloads/
"Oilseed, Rapeseed",World,2017,Domestic Consumption,(1000 MT),72195.0,1,31,agg,"USDA FAS PS&D (Production, Supply & Distribution)",https://apps.fas.usda.gov/psdonline/downloads/
"Oilseed, Rapeseed",World,2018,Domestic Consumption,(1000 MT),72003.0,1,31,agg,"USDA FAS PS&D (Production, Supply & Distribution)",https://apps.fas.usda.gov/psdonline/downloads/
"Oilseed, Rapeseed",World,2019,Domestic Consumption,(1000 MT),72556.0,1,31,agg,"USDA FAS PS&D (Production, Supply & Distribution)",https://apps.fas.usda.gov/psdonline/downloads/
"Oilseed, Rapeseed",World,2020,Domestic Consumption,(1000 MT),74812.0,1,31,agg,"USDA FAS PS&D (Production, Supply & Distribution)",https://apps.fas.usda.gov/psdonline/downloads/
"Oilseed, Rapeseed",World,2021,Domestic Consumption,(1000 MT),76024.0,1,31,agg,"USDA FAS PS&D (Production, Supply & Distribution)",https://apps.fas.usda.gov/psdonline/downloads/
"Oilseed, Rapeseed",World,2022,Domestic Consumption,(1000 MT),86457.0,1,31,agg,"USDA FAS PS&D (Production, Supply & Distribution)",https://apps.fas.usda.gov/psdonline/downloads/
"Oilseed, Rapeseed",World,2023,Domestic Consumption,(1000 MT),88729.0,1,31,agg,"USDA FAS PS&D (Production, Supply & Distribution)",https://apps.fas.usda.gov/psdonline/downloads/
"Oilseed, Rapeseed",World,2024,Domestic Consumption,(1000 MT),88465.0,1,31,agg,"USDA FAS PS&D (Production, Supply & Distribution)",https://apps.fas.usda.gov/psdonline/downloads/
"Oilseed, Rapeseed",World,2025,Domestic Consumption,(1000 MT),93004.0,1,31,agg,"USDA FAS PS&D (Production, Supply & Distribution)",https://apps.fas.usda.gov/psdonline/downloads/
"Oilseed, Rapeseed",World,2026,Domestic Consumption,(1000 MT),96454.0,1,31,agg,"USDA FAS PS&D (Production, Supply & Distribution)",https://apps.fas.usda.gov/psdonline/downloads/
"Oilseed, Rapeseed",World,1964,Ending Stocks,(1000 MT),90.0,1,32,agg,"USDA FAS PS&D (Production, Supply & Distribution)",https://apps.fas.usda.gov/psdonline/downloads/
"Oilseed, Rapeseed",World,1965,Ending Stocks,(1000 MT),150.0,1,32,agg,"USDA FAS PS&D (Production, Supply & Distribution)",https://apps.fas.usda.gov/psdonline/downloads/
"Oilseed, Rapeseed",World,1966,Ending Stocks,(1000 MT),209.0,1,32,agg,"USDA FAS PS&D (Production, Supply & Distribution)",https://apps.fas.usda.gov/psdonline/downloads/
"Oilseed, Rapeseed",World,1967,Ending Stocks,(1000 MT),564.0,1,33,agg,"USDA FAS PS&D (Production, Supply & Distribution)",https://apps.fas.usda.gov/psdonline/downloads/
"Oilseed, Rapeseed",World,1968,Ending Stocks,(1000 MT),189.0,1,34,agg,"USDA FAS PS&D (Production, Supply & Distribution)",https://apps.fas.usda.gov/psdonline/downloads/
"Oilseed, Rapeseed",World,1969,Ending Stocks,(1000 MT),157.0,1,33,agg,"USDA FAS PS&D (Production, Supply & Distribution)",https://apps.fas.usda.gov/psdonline/downloads/
"Oilseed, Rapeseed",World,1970,Ending Stocks,(1000 MT),581.0,1,33,agg,"USDA FAS PS&D (Production, Supply & Distribution)",https://apps.fas.usda.gov/psdonline/downloads/
"Oilseed, Rapeseed",World,1971,Ending Stocks,(1000 MT),1111.0,1,34,agg,"USDA FAS PS&D (Production, Supply & Distribution)",https://apps.fas.usda.gov/psdonline/downloads/
"Oilseed, Rapeseed",World,1972,Ending Stocks,(1000 MT),595.0,1,33,agg,"USDA FAS PS&D (Production, Supply & Distribution)",https://apps.fas.usda.gov/psdonline/downloads/
"Oilseed, Rapeseed",World,1973,Ending Stocks,(1000 MT),399.0,1,33,agg,"USDA FAS PS&D (Production, Supply & Distribution)",https://apps.fas.usda.gov/psdonline/downloads/
"Oilseed, Rapeseed",World,1974,Ending Stocks,(1000 MT),739.0,1,34,agg,"USDA FAS PS&D (Production, Supply & Distribution)",https://apps.fas.usda.gov/psdonline/downloads/
"Oilseed, Rapeseed",World,1975,Ending Stocks,(1000 MT),1357.0,1,35,agg,"USDA FAS PS&D (Production, Supply & Distribution)",https://apps.fas.usda.gov/psdonline/downloads/
"Oilseed, Rapeseed",World,1976,Ending Stocks,(1000 MT),287.0,1,33,agg,"USDA FAS PS&D (Production, Supply & Distribution)",https://apps.fas.usda.gov/psdonline/downloads/
"Oilseed, Rapeseed",World,1977,Ending Stocks,(1000 MT),401.0,1,33,agg,"USDA FAS PS&D (Production, Supply & Distribution)",https://apps.fas.usda.gov/psdonline/downloads/
"Oilseed, Rapeseed",World,1978,Ending Stocks,(1000 MT),1246.0,1,36,agg,"USDA FAS PS&D (Production, Supply & Distribution)",https://apps.fas.usda.gov/psdonline/downloads/
"Oilseed, Rapeseed",World,1979,Ending Stocks,(1000 MT),1694.0,1,35,agg,"USDA FAS PS&D (Production, Supply & Distribution)",https://apps.fas.usda.gov/psdonline/downloads/
"Oilseed, Rapeseed",World,1980,Ending Stocks,(1000 MT),1493.0,1,35,agg,"USDA FAS PS&D (Production, Supply & Distribution)",https://apps.fas.usda.gov/psdonline/downloads/
"Oilseed, Rapeseed",World,1981,Ending Stocks,(1000 MT),897.0,1,35,agg,"USDA FAS PS&D (Production, Supply & Distribution)",https://apps.fas.usda.gov/psdonline/downloads/
"Oilseed, Rapeseed",World,1982,Ending Stocks,(1000 MT),747.0,1,34,agg,"USDA FAS PS&D (Production, Supply & Distribution)",https://apps.fas.usda.gov/psdonline/downloads/
"Oilseed, Rapeseed",World,1983,Ending Stocks,(1000 MT),647.0,1,34,agg,"USDA FAS PS&D (Production, Supply & Distribution)",https://apps.fas.usda.gov/psdonline/downloads/
"Oilseed, Rapeseed",World,1984,Ending Stocks,(1000 MT),1033.0,1,33,agg,"USDA FAS PS&D (Production, Supply & Distribution)",https://apps.fas.usda.gov/psdonline/downloads/
"Oilseed, Rapeseed",World,1985,Ending Stocks,(1000 MT),1267.0,1,33,agg,"USDA FAS PS&D (Production, Supply & Distribution)",https://apps.fas.usda.gov/psdonline/downloads/
"Oilseed, Rapeseed",World,1986,Ending Stocks,(1000 MT),1043.0,1,34,agg,"USDA FAS PS&D (Production, Supply & Distribution)",https://apps.fas.usda.gov/psdonline/downloads/
"Oilseed, Rapeseed",World,1987,Ending Stocks,(1000 MT),1247.0,1,38,agg,"USDA FAS PS&D (Production, Supply & Distribution)",https://apps.fas.usda.gov/psdonline/downloads/
"Oilseed, Rapeseed",World,1988,Ending Stocks,(1000 MT),1793.0,1,38,agg,"USDA FAS PS&D (Production, Supply & Distribution)",https://apps.fas.usda.gov/psdonline/downloads/
"Oilseed, Rapeseed",World,1989,Ending Stocks,(1000 MT),1340.0,1,39,agg,"USDA FAS PS&D (Production, Supply & Distribution)",https://apps.fas.usda.gov/psdonline/downloads/
"Oilseed, Rapeseed",World,1990,Ending Stocks,(1000 MT),1022.0,1,38,agg,"USDA FAS PS&D (Production, Supply & Distribution)",https://apps.fas.usda.gov/psdonline/downloads/
"Oilseed, Rapeseed",World,1991,Ending Stocks,(1000 MT),1045.0,1,26,agg,"USDA FAS PS&D (Production, Supply & Distribution)",https://apps.fas.usda.gov/psdonline/downloads/
"Oilseed, Rapeseed",World,1992,Ending Stocks,(1000 MT),1045.0,1,26,agg,"USDA FAS PS&D (Production, Supply & Distribution)",https://apps.fas.usda.gov/psdonline/downloads/
"Oilseed, Rapeseed",World,1993,Ending Stocks,(1000 MT),838.0,1,27,agg,"USDA FAS PS&D (Production, Supply & Distribution)",https://apps.fas.usda.gov/psdonline/downloads/
"Oilseed, Rapeseed",World,1994,Ending Stocks,(1000 MT),1001.0,1,27,agg,"USDA FAS PS&D (Production, Supply & Distribution)",https://apps.fas.usda.gov/psdonline/downloads/
"Oilseed, Rapeseed",World,1995,Ending Stocks,(1000 MT),1674.0,1,27,agg,"USDA FAS PS&D (Production, Supply & Distribution)",https://apps.fas.usda.gov/psdonline/downloads/
"Oilseed, Rapeseed",World,1996,Ending Stocks,(1000 MT),2040.0,1,27,agg,"USDA FAS PS&D (Production, Supply & Distribution)",https://apps.fas.usda.gov/psdonline/downloads/
"Oilseed, Rapeseed",World,1997,Ending Stocks,(1000 MT),1074.0,1,27,agg,"USDA FAS PS&D (Production, Supply & Distribution)",https://apps.fas.usda.gov/psdonline/downloads/
"Oilseed, Rapeseed",World,1998,Ending Stocks,(1000 MT),2234.0,1,27,agg,"USDA FAS PS&D (Production, Supply & Distribution)",https://apps.fas.usda.gov/psdonline/downloads/
"Oilseed, Rapeseed",World,1999,Ending Stocks,(1000 MT),4271.0,1,22,agg,"USDA FAS PS&D (Production, Supply & Distribution)",https://apps.fas.usda.gov/psdonline/downloads/
"Oilseed, Rapeseed",World,2000,Ending Stocks,(1000 MT),2679.0,1,22,agg,"USDA FAS PS&D (Production, Supply & Distribution)",https://apps.fas.usda.gov/psdonline/downloads/
"Oilseed, Rapeseed",World,2001,Ending Stocks,(1000 MT),2875.0,1,22,agg,"USDA FAS PS&D (Production, Supply & Distribution)",https://apps.fas.usda.gov/psdonline/downloads/
"Oilseed, Rapeseed",World,2002,Ending Stocks,(1000 MT),2122.0,1,22,agg,"USDA FAS PS&D (Production, Supply & Distribution)",https://apps.fas.usda.gov/psdonline/downloads/
"Oilseed, Rapeseed",World,2003,Ending Stocks,(1000 MT),2188.0,1,22,agg,"USDA FAS PS&D (Production, Supply & Distribution)",https://apps.fas.usda.gov/psdonline/downloads/
"Oilseed, Rapeseed",World,2004,Ending Stocks,(1000 MT),5126.0,1,22,agg,"USDA FAS PS&D (Production, Supply & Distribution)",https://apps.fas.usda.gov/psdonline/downloads/
"Oilseed, Rapeseed",World,2005,Ending Stocks,(1000 MT),5640.0,1,28,agg,"USDA FAS PS&D (Production, Supply & Distribution)",https://apps.fas.usda.gov/psdonline/downloads/
"Oilseed, Rapeseed",World,2006,Ending Stocks,(1000 MT),5198.0,1,28,agg,"USDA FAS PS&D (Production, Supply & Distribution)",https://apps.fas.usda.gov/psdonline/downloads/
"Oilseed, Rapeseed",World,2007,Ending Stocks,(1000 MT),4534.0,1,28,agg,"USDA FAS PS&D (Production, Supply & Distribution)",https://apps.fas.usda.gov/psdonline/downloads/
"Oilseed, Rapeseed",World,2008,Ending Stocks,(1000 MT),7691.0,1,28,agg,"USDA FAS PS&D (Production, Supply & Distribution)",https://apps.fas.usda.gov/psdonline/downloads/
"Oilseed, Rapeseed",World,2009,Ending Stocks,(1000 MT),8739.0,1,28,agg,"USDA FAS PS&D (Production, Supply & Distribution)",https://apps.fas.usda.gov/psdonline/downloads/
"Oilseed, Rapeseed",World,2010,Ending Stocks,(1000 MT),9164.0,1,29,agg,"USDA FAS PS&D (Production, Supply & Distribution)",https://apps.fas.usda.gov/psdonline/downloads/
"Oilseed, Rapeseed",World,2011,Ending Stocks,(1000 MT),7750.0,1,29,agg,"USDA FAS PS&D (Production, Supply & Distribution)",https://apps.fas.usda.gov/psdonline/downloads/
"Oilseed, Rapeseed",World,2012,Ending Stocks,(1000 MT),6718.0,1,30,agg,"USDA FAS PS&D (Production, Supply & Distribution)",https://apps.fas.usda.gov/psdonline/downloads/
"Oilseed, Rapeseed",World,2013,Ending Stocks,(1000 MT),9154.0,1,30,agg,"USDA FAS PS&D (Production, Supply & Distribution)",https://apps.fas.usda.gov/psdonline/downloads/
"Oilseed, Rapeseed",World,2014,Ending Stocks,(1000 MT),8730.0,1,30,agg,"USDA FAS PS&D (Production, Supply & Distribution)",https://apps.fas.usda.gov/psdonline/downloads/
"Oilseed, Rapeseed",World,2015,Ending Stocks,(1000 MT),6982.0,1,30,agg,"USDA FAS PS&D (Production, Supply & Distribution)",https://apps.fas.usda.gov/psdonline/downloads/
"Oilseed, Rapeseed",World,2016,Ending Stocks,(1000 MT),5602.0,1,31,agg,"USDA FAS PS&D (Production, Supply & Distribution)",https://apps.fas.usda.gov/psdonline/downloads/
"Oilseed, Rapeseed",World,2017,Ending Stocks,(1000 MT),8364.0,1,31,agg,"USDA FAS PS&D (Production, Supply & Distribution)",https://apps.fas.usda.gov/psdonline/downloads/
"Oilseed, Rapeseed",World,2018,Ending Stocks,(1000 MT),9932.0,1,31,agg,"USDA FAS PS&D (Production, Supply & Distribution)",https://apps.fas.usda.gov/psdonline/downloads/
"Oilseed, Rapeseed",World,2019,Ending Stocks,(1000 MT),8414.0,1,31,agg,"USDA FAS PS&D (Production, Supply & Distribution)",https://apps.fas.usda.gov/psdonline/downloads/
"Oilseed, Rapeseed",World,2020,Ending Stocks,(1000 MT),7821.0,1,31,agg,"USDA FAS PS&D (Production, Supply & Distribution)",https://apps.fas.usda.gov/psdonline/downloads/
"Oilseed, Rapeseed",World,2021,Ending Stocks,(1000 MT),7330.0,1,31,agg,"USDA FAS PS&D (Production, Supply & Distribution)",https://apps.fas.usda.gov/psdonline/downloads/
"Oilseed, Rapeseed",World,2022,Ending Stocks,(1000 MT),10996.0,1,31,agg,"USDA FAS PS&D (Production, Supply & Distribution)",https://apps.fas.usda.gov/psdonline/downloads/
"Oilseed, Rapeseed",World,2023,Ending Stocks,(1000 MT),11945.0,1,31,agg,"USDA FAS PS&D (Production, Supply & Distribution)",https://apps.fas.usda.gov/psdonline/downloads/
"Oilseed, Rapeseed",World,2024,Ending Stocks,(1000 MT),9941.0,1,31,agg,"USDA FAS PS&D (Production, Supply & Distribution)",https://apps.fas.usda.gov/psdonline/downloads/
"Oilseed, Rapeseed",World,2025,Ending Stocks,(1000 MT),11854.0,1,31,agg,"USDA FAS PS&D (Production, Supply & Distribution)",https://apps.fas.usda.gov/psdonline/downloads/
"Oilseed, Rapeseed",World,2026,Ending Stocks,(1000 MT),12176.0,1,31,agg,"USDA FAS PS&D (Production, Supply & Distribution)",https://apps.fas.usda.gov/psdonline/downloads/
"Oilseed, Rapeseed",World,1964,Exports,(1000 MT),474.0,1,32,agg,"USDA FAS PS&D (Production, Supply & Distribution)",https://apps.fas.usda.gov/psdonline/downloads/
"Oilseed, Rapeseed",World,1965,Exports,(1000 MT),687.0,1,32,agg,"USDA FAS PS&D (Production, Supply & Distribution)",https://apps.fas.usda.gov/psdonline/downloads/
"Oilseed, Rapeseed",World,1966,Exports,(1000 MT),532.0,1,32,agg,"USDA FAS PS&D (Production, Supply & Distribution)",https://apps.fas.usda.gov/psdonline/downloads/
"Oilseed, Rapeseed",World,1967,Exports,(1000 MT),721.0,1,33,agg,"USDA FAS PS&D (Production, Supply & Distribution)",https://apps.fas.usda.gov/psdonline/downloads/
"Oilseed, Rapeseed",World,1968,Exports,(1000 MT),813.0,1,34,agg,"USDA FAS PS&D (Production, Supply & Distribution)",https://apps.fas.usda.gov/psdonline/downloads/
"Oilseed, Rapeseed",World,1969,Exports,(1000 MT),873.0,1,33,agg,"USDA FAS PS&D (Production, Supply & Distribution)",https://apps.fas.usda.gov/psdonline/downloads/
"Oilseed, Rapeseed",World,1970,Exports,(1000 MT),1538.0,1,33,agg,"USDA FAS PS&D (Production, Supply & Distribution)",https://apps.fas.usda.gov/psdonline/downloads/
"Oilseed, Rapeseed",World,1971,Exports,(1000 MT),1536.0,1,34,agg,"USDA FAS PS&D (Production, Supply & Distribution)",https://apps.fas.usda.gov/psdonline/downloads/
"Oilseed, Rapeseed",World,1972,Exports,(1000 MT),1732.0,1,33,agg,"USDA FAS PS&D (Production, Supply & Distribution)",https://apps.fas.usda.gov/psdonline/downloads/
"Oilseed, Rapeseed",World,1973,Exports,(1000 MT),1351.0,1,33,agg,"USDA FAS PS&D (Production, Supply & Distribution)",https://apps.fas.usda.gov/psdonline/downloads/
"Oilseed, Rapeseed",World,1974,Exports,(1000 MT),1163.0,1,34,agg,"USDA FAS PS&D (Production, Supply & Distribution)",https://apps.fas.usda.gov/psdonline/downloads/
"Oilseed, Rapeseed",World,1975,Exports,(1000 MT),1198.0,1,35,agg,"USDA FAS PS&D (Production, Supply & Distribution)",https://apps.fas.usda.gov/psdonline/downloads/
"Oilseed, Rapeseed",World,1976,Exports,(1000 MT),1598.0,1,33,agg,"USDA FAS PS&D (Production, Supply & Distribution)",https://apps.fas.usda.gov/psdonline/downloads/
"Oilseed, Rapeseed",World,1977,Exports,(1000 MT),1279.0,1,33,agg,"USDA FAS PS&D (Production, Supply & Distribution)",https://apps.fas.usda.gov/psdonline/downloads/
"Oilseed, Rapeseed",World,1978,Exports,(1000 MT),2069.0,1,36,agg,"USDA FAS PS&D (Production, Supply & Distribution)",https://apps.fas.usda.gov/psdonline/downloads/
"Oilseed, Rapeseed",World,1979,Exports,(1000 MT),2044.0,1,35,agg,"USDA FAS PS&D (Production, Supply & Distribution)",https://apps.fas.usda.gov/psdonline/downloads/
"Oilseed, Rapeseed",World,1980,Exports,(1000 MT),2299.0,1,35,agg,"USDA FAS PS&D (Production, Supply & Distribution)",https://apps.fas.usda.gov/psdonline/downloads/
"Oilseed, Rapeseed",World,1981,Exports,(1000 MT),2149.0,1,35,agg,"USDA FAS PS&D (Production, Supply & Distribution)",https://apps.fas.usda.gov/psdonline/downloads/
"Oilseed, Rapeseed",World,1982,Exports,(1000 MT),2505.0,1,34,agg,"USDA FAS PS&D (Production, Supply & Distribution)",https://apps.fas.usda.gov/psdonline/downloads/
"Oilseed, Rapeseed",World,1983,Exports,(1000 MT),2537.0,1,34,agg,"USDA FAS PS&D (Production, Supply & Distribution)",https://apps.fas.usda.gov/psdonline/downloads/
"Oilseed, Rapeseed",World,1984,Exports,(1000 MT),3153.0,1,33,agg,"USDA FAS PS&D (Production, Supply & Distribution)",https://apps.fas.usda.gov/psdonline/downloads/
"Oilseed, Rapeseed",World,1985,Exports,(1000 MT),3632.0,1,33,agg,"USDA FAS PS&D (Production, Supply & Distribution)",https://apps.fas.usda.gov/psdonline/downloads/
"Oilseed, Rapeseed",World,1986,Exports,(1000 MT),4599.0,1,34,agg,"USDA FAS PS&D (Production, Supply & Distribution)",https://apps.fas.usda.gov/psdonline/downloads/
"Oilseed, Rapeseed",World,1987,Exports,(1000 MT),4520.0,1,38,agg,"USDA FAS PS&D (Production, Supply & Distribution)",https://apps.fas.usda.gov/psdonline/downloads/
"Oilseed, Rapeseed",World,1988,Exports,(1000 MT),4229.0,1,38,agg,"USDA FAS PS&D (Production, Supply & Distribution)",https://apps.fas.usda.gov/psdonline/downloads/
"Oilseed, Rapeseed",World,1989,Exports,(1000 MT),4220.0,1,39,agg,"USDA FAS PS&D (Production, Supply & Distribution)",https://apps.fas.usda.gov/psdonline/downloads/
"Oilseed, Rapeseed",World,1990,Exports,(1000 MT),3970.0,1,38,agg,"USDA FAS PS&D (Production, Supply & Distribution)",https://apps.fas.usda.gov/psdonline/downloads/
"Oilseed, Rapeseed",World,1991,Exports,(1000 MT),2639.0,1,26,agg,"USDA FAS PS&D (Production, Supply & Distribution)",https://apps.fas.usda.gov/psdonline/downloads/
"Oilseed, Rapeseed",World,1992,Exports,(1000 MT),2640.0,1,26,agg,"USDA FAS PS&D (Production, Supply & Distribution)",https://apps.fas.usda.gov/psdonline/downloads/
"Oilseed, Rapeseed",World,1993,Exports,(1000 MT),3856.0,1,27,agg,"USDA FAS PS&D (Production, Supply & Distribution)",https://apps.fas.usda.gov/psdonline/downloads/
"Oilseed, Rapeseed",World,1994,Exports,(1000 MT),4341.0,1,27,agg,"USDA FAS PS&D (Production, Supply & Distribution)",https://apps.fas.usda.gov/psdonline/downloads/
"Oilseed, Rapeseed",World,1995,Exports,(1000 MT),4170.0,1,27,agg,"USDA FAS PS&D (Production, Supply & Distribution)",https://apps.fas.usda.gov/psdonline/downloads/
"Oilseed, Rapeseed",World,1996,Exports,(1000 MT),3603.0,1,27,agg,"USDA FAS PS&D (Production, Supply & Distribution)",https://apps.fas.usda.gov/psdonline/downloads/
"Oilseed, Rapeseed",World,1997,Exports,(1000 MT),4258.0,1,27,agg,"USDA FAS PS&D (Production, Supply & Distribution)",https://apps.fas.usda.gov/psdonline/downloads/
"Oilseed, Rapeseed",World,1998,Exports,(1000 MT),6836.0,1,27,agg,"USDA FAS PS&D (Production, Supply & Distribution)",https://apps.fas.usda.gov/psdonline/downloads/
"Oilseed, Rapeseed",World,1999,Exports,(1000 MT),8207.0,1,22,agg,"USDA FAS PS&D (Production, Supply & Distribution)",https://apps.fas.usda.gov/psdonline/downloads/
"Oilseed, Rapeseed",World,2000,Exports,(1000 MT),7179.0,1,22,agg,"USDA FAS PS&D (Production, Supply & Distribution)",https://apps.fas.usda.gov/psdonline/downloads/
"Oilseed, Rapeseed",World,2001,Exports,(1000 MT),4896.0,1,22,agg,"USDA FAS PS&D (Production, Supply & Distribution)",https://apps.fas.usda.gov/psdonline/downloads/
"Oilseed, Rapeseed",World,2002,Exports,(1000 MT),4129.0,1,22,agg,"USDA FAS PS&D (Production, Supply & Distribution)",https://apps.fas.usda.gov/psdonline/downloads/
"Oilseed, Rapeseed",World,2003,Exports,(1000 MT),5530.0,1,22,agg,"USDA FAS PS&D (Production, Supply & Distribution)",https://apps.fas.usda.gov/psdonline/downloads/
"Oilseed, Rapeseed",World,2004,Exports,(1000 MT),4905.0,1,22,agg,"USDA FAS PS&D (Production, Supply & Distribution)",https://apps.fas.usda.gov/psdonline/downloads/
"Oilseed, Rapeseed",World,2005,Exports,(1000 MT),6977.0,1,28,agg,"USDA FAS PS&D (Production, Supply & Distribution)",https://apps.fas.usda.gov/psdonline/downloads/
"Oilseed, Rapeseed",World,2006,Exports,(1000 MT),6648.0,1,28,agg,"USDA FAS PS&D (Production, Supply & Distribution)",https://apps.fas.usda.gov/psdonline/downloads/
"Oilseed, Rapeseed",World,2007,Exports,(1000 MT),8183.0,1,28,agg,"USDA FAS PS&D (Production, Supply & Distribution)",https://apps.fas.usda.gov/psdonline/downloads/
"Oilseed, Rapeseed",World,2008,Exports,(1000 MT),12170.0,1,28,agg,"USDA FAS PS&D (Production, Supply & Distribution)",https://apps.fas.usda.gov/psdonline/downloads/
"Oilseed, Rapeseed",World,2009,Exports,(1000 MT),10876.0,1,28,agg,"USDA FAS PS&D (Production, Supply & Distribution)",https://apps.fas.usda.gov/psdonline/downloads/
"Oilseed, Rapeseed",World,2010,Exports,(1000 MT),10863.0,1,29,agg,"USDA FAS PS&D (Production, Supply & Distribution)",https://apps.fas.usda.gov/psdonline/downloads/
"Oilseed, Rapeseed",World,2011,Exports,(1000 MT),13009.0,1,29,agg,"USDA FAS PS&D (Production, Supply & Distribution)",https://apps.fas.usda.gov/psdonline/downloads/
"Oilseed, Rapeseed",World,2012,Exports,(1000 MT),12366.0,1,30,agg,"USDA FAS PS&D (Production, Supply & Distribution)",https://apps.fas.usda.gov/psdonline/downloads/
"Oilseed, Rapeseed",World,2013,Exports,(1000 MT),15228.0,1,30,agg,"USDA FAS PS&D (Production, Supply & Distribution)",https://apps.fas.usda.gov/psdonline/downloads/
"Oilseed, Rapeseed",World,2014,Exports,(1000 MT),14925.0,1,30,agg,"USDA FAS PS&D (Production, Supply & Distribution)",https://apps.fas.usda.gov/psdonline/downloads/
"Oilseed, Rapeseed",World,2015,Exports,(1000 MT),14271.0,1,30,agg,"USDA FAS PS&D (Production, Supply & Distribution)",https://apps.fas.usda.gov/psdonline/downloads/
"Oilseed, Rapeseed",World,2016,Exports,(1000 MT),16502.0,1,31,agg,"USDA FAS PS&D (Production, Supply & Distribution)",https://apps.fas.usda.gov/psdonline/downloads/
"Oilseed, Rapeseed",World,2017,Exports,(1000 MT),16575.0,1,31,agg,"USDA FAS PS&D (Production, Supply & Distribution)",https://apps.fas.usda.gov/psdonline/downloads/
"Oilseed, Rapeseed",World,2018,Exports,(1000 MT),14755.0,1,31,agg,"USDA FAS PS&D (Production, Supply & Distribution)",https://apps.fas.usda.gov/psdonline/downloads/
"Oilseed, Rapeseed",World,2019,Exports,(1000 MT),15865.0,1,31,agg,"USDA FAS PS&D (Production, Supply & Distribution)",https://apps.fas.usda.gov/psdonline/downloads/
"Oilseed, Rapeseed",World,2020,Exports,(1000 MT),17783.0,1,31,agg,"USDA FAS PS&D (Production, Supply & Distribution)",https://apps.fas.usda.gov/psdonline/downloads/
"Oilseed, Rapeseed",World,2021,Exports,(1000 MT),15002.0,1,31,agg,"USDA FAS PS&D (Production, Supply & Distribution)",https://apps.fas.usda.gov/psdonline/downloads/
"Oilseed, Rapeseed",World,2022,Exports,(1000 MT),19800.0,1,31,agg,"USDA FAS PS&D (Production, Supply & Distribution)",https://apps.fas.usda.gov/psdonline/downloads/
"Oilseed, Rapeseed",World,2023,Exports,(1000 MT),18556.0,1,31,agg,"USDA FAS PS&D (Production, Supply & Distribution)",https://apps.fas.usda.gov/psdonline/downloads/
"Oilseed, Rapeseed",World,2024,Exports,(1000 MT),19822.0,1,31,agg,"USDA FAS PS&D (Production, Supply & Distribution)",https://apps.fas.usda.gov/psdonline/downloads/
"Oilseed, Rapeseed",World,2025,Exports,(1000 MT),18010.0,1,31,agg,"USDA FAS PS&D (Production, Supply & Distribution)",https://apps.fas.usda.gov/psdonline/downloads/
"Oilseed, Rapeseed",World,2026,Exports,(1000 MT),18535.0,1,31,agg,"USDA FAS PS&D (Production, Supply & Distribution)",https://apps.fas.usda.gov/psdonline/downloads/
"Oilseed, Rapeseed",World,1964,Feed Waste Dom. Cons.,(1000 MT),393.0,1,32,agg,"USDA FAS PS&D (Production, Supply & Distribution)",https://apps.fas.usda.gov/psdonline/downloads/
"Oilseed, Rapeseed",World,1965,Feed Waste Dom. Cons.,(1000 MT),443.0,1,32,agg,"USDA FAS PS&D (Production, Supply & Distribution)",https://apps.fas.usda.gov/psdonline/downloads/
"Oilseed, Rapeseed",World,1966,Feed Waste Dom. Cons.,(1000 MT),474.0,1,32,agg,"USDA FAS PS&D (Production, Supply & Distribution)",https://apps.fas.usda.gov/psdonline/downloads/
"Oilseed, Rapeseed",World,1967,Feed Waste Dom. Cons.,(1000 MT),490.0,1,33,agg,"USDA FAS PS&D (Production, Supply & Distribution)",https://apps.fas.usda.gov/psdonline/downloads/
"Oilseed, Rapeseed",World,1968,Feed Waste Dom. Cons.,(1000 MT),480.0,1,34,agg,"USDA FAS PS&D (Production, Supply & Distribution)",https://apps.fas.usda.gov/psdonline/downloads/
"Oilseed, Rapeseed",World,1969,Feed Waste Dom. Cons.,(1000 MT),552.0,1,33,agg,"USDA FAS PS&D (Production, Supply & Distribution)",https://apps.fas.usda.gov/psdonline/downloads/
"Oilseed, Rapeseed",World,1970,Feed Waste Dom. Cons.,(1000 MT),667.0,1,33,agg,"USDA FAS PS&D (Production, Supply & Distribution)",https://apps.fas.usda.gov/psdonline/downloads/
"Oilseed, Rapeseed",World,1971,Feed Waste Dom. Cons.,(1000 MT),634.0,1,34,agg,"USDA FAS PS&D (Production, Supply & Distribution)",https://apps.fas.usda.gov/psdonline/downloads/
"Oilseed, Rapeseed",World,1972,Feed Waste Dom. Cons.,(1000 MT),691.0,1,33,agg,"USDA FAS PS&D (Production, Supply & Distribution)",https://apps.fas.usda.gov/psdonline/downloads/
"Oilseed, Rapeseed",World,1973,Feed Waste Dom. Cons.,(1000 MT),594.0,1,33,agg,"USDA FAS PS&D (Production, Supply & Distribution)",https://apps.fas.usda.gov/psdonline/downloads/
"Oilseed, Rapeseed",World,1974,Feed Waste Dom. Cons.,(1000 MT),657.0,1,34,agg,"USDA FAS PS&D (Production, Supply & Distribution)",https://apps.fas.usda.gov/psdonline/downloads/
"Oilseed, Rapeseed",World,1975,Feed Waste Dom. Cons.,(1000 MT),663.0,1,35,agg,"USDA FAS PS&D (Production, Supply & Distribution)",https://apps.fas.usda.gov/psdonline/downloads/
"Oilseed, Rapeseed",World,1976,Feed Waste Dom. Cons.,(1000 MT),604.0,1,33,agg,"USDA FAS PS&D (Production, Supply & Distribution)",https://apps.fas.usda.gov/psdonline/downloads/
"Oilseed, Rapeseed",World,1977,Feed Waste Dom. Cons.,(1000 MT),665.0,1,33,agg,"USDA FAS PS&D (Production, Supply & Distribution)",https://apps.fas.usda.gov/psdonline/downloads/
"Oilseed, Rapeseed",World,1978,Feed Waste Dom. Cons.,(1000 MT),843.0,1,36,agg,"USDA FAS PS&D (Production, Supply & Distribution)",https://apps.fas.usda.gov/psdonline/downloads/
"Oilseed, Rapeseed",World,1979,Feed Waste Dom. Cons.,(1000 MT),820.0,1,35,agg,"USDA FAS PS&D (Production, Supply & Distribution)",https://apps.fas.usda.gov/psdonline/downloads/
"Oilseed, Rapeseed",World,1980,Feed Waste Dom. Cons.,(1000 MT),766.0,1,35,agg,"USDA FAS PS&D (Production, Supply & Distribution)",https://apps.fas.usda.gov/psdonline/downloads/
"Oilseed, Rapeseed",World,1981,Feed Waste Dom. Cons.,(1000 MT),870.0,1,35,agg,"USDA FAS PS&D (Production, Supply & Distribution)",https://apps.fas.usda.gov/psdonline/downloads/
"Oilseed, Rapeseed",World,1982,Feed Waste Dom. Cons.,(1000 MT),1060.0,1,34,agg,"USDA FAS PS&D (Production, Supply & Distribution)",https://apps.fas.usda.gov/psdonline/downloads/
"Oilseed, Rapeseed",World,1983,Feed Waste Dom. Cons.,(1000 MT),1036.0,1,34,agg,"USDA FAS PS&D (Production, Supply & Distribution)",https://apps.fas.usda.gov/psdonline/downloads/
"Oilseed, Rapeseed",World,1984,Feed Waste Dom. Cons.,(1000 MT),1100.0,1,33,agg,"USDA FAS PS&D (Production, Supply & Distribution)",https://apps.fas.usda.gov/psdonline/downloads/
"Oilseed, Rapeseed",World,1985,Feed Waste Dom. Cons.,(1000 MT),1298.0,1,33,agg,"USDA FAS PS&D (Production, Supply & Distribution)",https://apps.fas.usda.gov/psdonline/downloads/
"Oilseed, Rapeseed",World,1986,Feed Waste Dom. Cons.,(1000 MT),1436.0,1,34,agg,"USDA FAS PS&D (Production, Supply & Distribution)",https://apps.fas.usda.gov/psdonline/downloads/
"Oilseed, Rapeseed",World,1987,Feed Waste Dom. Cons.,(1000 MT),1661.0,1,38,agg,"USDA FAS PS&D (Production, Supply & Distribution)",https://apps.fas.usda.gov/psdonline/downloads/
"Oilseed, Rapeseed",World,1988,Feed Waste Dom. Cons.,(1000 MT),1535.0,1,38,agg,"USDA FAS PS&D (Production, Supply & Distribution)",https://apps.fas.usda.gov/psdonline/downloads/
"Oilseed, Rapeseed",World,1989,Feed Waste Dom. Cons.,(1000 MT),1663.0,1,39,agg,"USDA FAS PS&D (Production, Supply & Distribution)",https://apps.fas.usda.gov/psdonline/downloads/
"Oilseed, Rapeseed",World,1990,Feed Waste Dom. Cons.,(1000 MT),2066.0,1,38,agg,"USDA FAS PS&D (Production, Supply & Distribution)",https://apps.fas.usda.gov/psdonline/downloads/
"Oilseed, Rapeseed",World,1991,Feed Waste Dom. Cons.,(1000 MT),2209.0,1,26,agg,"USDA FAS PS&D (Production, Supply & Distribution)",https://apps.fas.usda.gov/psdonline/downloads/
"Oilseed, Rapeseed",World,1992,Feed Waste Dom. Cons.,(1000 MT),2069.0,1,26,agg,"USDA FAS PS&D (Production, Supply & Distribution)",https://apps.fas.usda.gov/psdonline/downloads/
"Oilseed, Rapeseed",World,1993,Feed Waste Dom. Cons.,(1000 MT),2083.0,1,27,agg,"USDA FAS PS&D (Production, Supply & Distribution)",https://apps.fas.usda.gov/psdonline/downloads/
"Oilseed, Rapeseed",World,1994,Feed Waste Dom. Cons.,(1000 MT),2588.0,1,27,agg,"USDA FAS PS&D (Production, Supply & Distribution)",https://apps.fas.usda.gov/psdonline/downloads/
"Oilseed, Rapeseed",World,1995,Feed Waste Dom. Cons.,(1000 MT),2670.0,1,27,agg,"USDA FAS PS&D (Production, Supply & Distribution)",https://apps.fas.usda.gov/psdonline/downloads/
"Oilseed, Rapeseed",World,1996,Feed Waste Dom. Cons.,(1000 MT),2199.0,1,27,agg,"USDA FAS PS&D (Production, Supply & Distribution)",https://apps.fas.usda.gov/psdonline/downloads/
"Oilseed, Rapeseed",World,1997,Feed Waste Dom. Cons.,(1000 MT),2488.0,1,27,agg,"USDA FAS PS&D (Production, Supply & Distribution)",https://apps.fas.usda.gov/psdonline/downloads/
"Oilseed, Rapeseed",World,1998,Feed Waste Dom. Cons.,(1000 MT),2627.0,1,27,agg,"USDA FAS PS&D (Production, Supply & Distribution)",https://apps.fas.usda.gov/psdonline/downloads/
"Oilseed, Rapeseed",World,1999,Feed Waste Dom. Cons.,(1000 MT),3005.0,1,22,agg,"USDA FAS PS&D (Production, Supply & Distribution)",https://apps.fas.usda.gov/psdonline/downloads/
"Oilseed, Rapeseed",World,2000,Feed Waste Dom. Cons.,(1000 MT),2881.0,1,22,agg,"USDA FAS PS&D (Production, Supply & Distribution)",https://apps.fas.usda.gov/psdonline/downloads/
"Oilseed, Rapeseed",World,2001,Feed Waste Dom. Cons.,(1000 MT),2080.0,1,22,agg,"USDA FAS PS&D (Production, Supply & Distribution)",https://apps.fas.usda.gov/psdonline/downloads/
"Oilseed, Rapeseed",World,2002,Feed Waste Dom. Cons.,(1000 MT),1964.0,1,22,agg,"USDA FAS PS&D (Production, Supply & Distribution)",https://apps.fas.usda.gov/psdonline/downloads/
"Oilseed, Rapeseed",World,2003,Feed Waste Dom. Cons.,(1000 MT),2275.0,1,22,agg,"USDA FAS PS&D (Production, Supply & Distribution)",https://apps.fas.usda.gov/psdonline/downloads/
"Oilseed, Rapeseed",World,2004,Feed Waste Dom. Cons.,(1000 MT),2490.0,1,22,agg,"USDA FAS PS&D (Production, Supply & Distribution)",https://apps.fas.usda.gov/psdonline/downloads/
"Oilseed, Rapeseed",World,2005,Feed Waste Dom. Cons.,(1000 MT),2745.0,1,28,agg,"USDA FAS PS&D (Production, Supply & Distribution)",https://apps.fas.usda.gov/psdonline/downloads/
"Oilseed, Rapeseed",World,2006,Feed Waste Dom. Cons.,(1000 MT),2203.0,1,28,agg,"USDA FAS PS&D (Production, Supply & Distribution)",https://apps.fas.usda.gov/psdonline/downloads/
"Oilseed, Rapeseed",World,2007,Feed Waste Dom. Cons.,(1000 MT),2019.0,1,28,agg,"USDA FAS PS&D (Production, Supply & Distribution)",https://apps.fas.usda.gov/psdonline/downloads/
"Oilseed, Rapeseed",World,2008,Feed Waste Dom. Cons.,(1000 MT),2108.0,1,28,agg,"USDA FAS PS&D (Production, Supply & Distribution)",https://apps.fas.usda.gov/psdonline/downloads/
"Oilseed, Rapeseed",World,2009,Feed Waste Dom. Cons.,(1000 MT),2339.0,1,28,agg,"USDA FAS PS&D (Production, Supply & Distribution)",https://apps.fas.usda.gov/psdonline/downloads/
"Oilseed, Rapeseed",World,2010,Feed Waste Dom. Cons.,(1000 MT),2018.0,1,29,agg,"USDA FAS PS&D (Production, Supply & Distribution)",https://apps.fas.usda.gov/psdonline/downloads/
"Oilseed, Rapeseed",World,2011,Feed Waste Dom. Cons.,(1000 MT),2519.0,1,29,agg,"USDA FAS PS&D (Production, Supply & Distribution)",https://apps.fas.usda.gov/psdonline/downloads/
"Oilseed, Rapeseed",World,2012,Feed Waste Dom. Cons.,(1000 MT),2490.0,1,30,agg,"USDA FAS PS&D (Production, Supply & Distribution)",https://apps.fas.usda.gov/psdonline/downloads/
"Oilseed, Rapeseed",World,2013,Feed Waste Dom. Cons.,(1000 MT),2268.0,1,30,agg,"USDA FAS PS&D (Production, Supply & Distribution)",https://apps.fas.usda.gov/psdonline/downloads/
"Oilseed, Rapeseed",World,2014,Feed Waste Dom. Cons.,(1000 MT),2628.0,1,30,agg,"USDA FAS PS&D (Production, Supply & Distribution)",https://apps.fas.usda.gov/psdonline/downloads/
"Oilseed, Rapeseed",World,2015,Feed Waste Dom. Cons.,(1000 MT),2476.0,1,30,agg,"USDA FAS PS&D (Production, Supply & Distribution)",https://apps.fas.usda.gov/psdonline/downloads/
"Oilseed, Rapeseed",World,2016,Feed Waste Dom. Cons.,(1000 MT),2445.0,1,31,agg,"USDA FAS PS&D (Production, Supply & Distribution)",https://apps.fas.usda.gov/psdonline/downloads/
"Oilseed, Rapeseed",World,2017,Feed Waste Dom. Cons.,(1000 MT),2620.0,1,31,agg,"USDA FAS PS&D (Production, Supply & Distribution)",https://apps.fas.usda.gov/psdonline/downloads/
"Oilseed, Rapeseed",World,2018,Feed Waste Dom. Cons.,(1000 MT),3109.0,1,31,agg,"USDA FAS PS&D (Production, Supply & Distribution)",https://apps.fas.usda.gov/psdonline/downloads/
"Oilseed, Rapeseed",World,2019,Feed Waste Dom. Cons.,(1000 MT),3050.0,1,31,agg,"USDA FAS PS&D (Production, Supply & Distribution)",https://apps.fas.usda.gov/psdonline/downloads/
"Oilseed, Rapeseed",World,2020,Feed Waste Dom. Cons.,(1000 MT),2340.0,1,31,agg,"USDA FAS PS&D (Production, Supply & Distribution)",https://apps.fas.usda.gov/psdonline/downloads/
"Oilseed, Rapeseed",World,2021,Feed Waste Dom. Cons.,(1000 MT),3347.0,1,31,agg,"USDA FAS PS&D (Production, Supply & Distribution)",https://apps.fas.usda.gov/psdonline/downloads/
"Oilseed, Rapeseed",World,2022,Feed Waste Dom. Cons.,(1000 MT),3680.0,1,31,agg,"USDA FAS PS&D (Production, Supply & Distribution)",https://apps.fas.usda.gov/psdonline/downloads/
"Oilseed, Rapeseed",World,2023,Feed Waste Dom. Cons.,(1000 MT),3380.0,1,31,agg,"USDA FAS PS&D (Production, Supply & Distribution)",https://apps.fas.usda.gov/psdonline/downloads/
"Oilseed, Rapeseed",World,2024,Feed Waste Dom. Cons.,(1000 MT),3163.0,1,31,agg,"USDA FAS PS&D (Production, Supply & Distribution)",https://apps.fas.usda.gov/psdonline/downloads/
"Oilseed, Rapeseed",World,2025,Feed Waste Dom. Cons.,(1000 MT),3633.0,1,31,agg,"USDA FAS PS&D (Production, Supply & Distribution)",https://apps.fas.usda.gov/psdonline/downloads/
"Oilseed, Rapeseed",World,2026,Feed Waste Dom. Cons.,(1000 MT),3959.0,1,31,agg,"USDA FAS PS&D (Production, Supply & Distribution)",https://apps.fas.usda.gov/psdonline/downloads/
"Oilseed, Rapeseed",World,1964,Food Use Dom. Cons.,(1000 MT),97.0,1,32,agg,"USDA FAS PS&D (Production, Supply & Distribution)",https://apps.fas.usda.gov/psdonline/downloads/
"Oilseed, Rapeseed",World,1965,Food Use Dom. Cons.,(1000 MT),86.0,1,32,agg,"USDA FAS PS&D (Production, Supply & Distribution)",https://apps.fas.usda.gov/psdonline/downloads/
"Oilseed, Rapeseed",World,1966,Food Use Dom. Cons.,(1000 MT),81.0,1,32,agg,"USDA FAS PS&D (Production, Supply & Distribution)",https://apps.fas.usda.gov/psdonline/downloads/
"Oilseed, Rapeseed",World,1967,Food Use Dom. Cons.,(1000 MT),103.0,1,33,agg,"USDA FAS PS&D (Production, Supply & Distribution)",https://apps.fas.usda.gov/psdonline/downloads/
"Oilseed, Rapeseed",World,1968,Food Use Dom. Cons.,(1000 MT),89.0,1,34,agg,"USDA FAS PS&D (Production, Supply & Distribution)",https://apps.fas.usda.gov/psdonline/downloads/
"Oilseed, Rapeseed",World,1969,Food Use Dom. Cons.,(1000 MT),103.0,1,33,agg,"USDA FAS PS&D (Production, Supply & Distribution)",https://apps.fas.usda.gov/psdonline/downloads/
"Oilseed, Rapeseed",World,1970,Food Use Dom. Cons.,(1000 MT),130.0,1,33,agg,"USDA FAS PS&D (Production, Supply & Distribution)",https://apps.fas.usda.gov/psdonline/downloads/
"Oilseed, Rapeseed",World,1971,Food Use Dom. Cons.,(1000 MT),115.0,1,34,agg,"USDA FAS PS&D (Production, Supply & Distribution)",https://apps.fas.usda.gov/psdonline/downloads/
"Oilseed, Rapeseed",World,1972,Food Use Dom. Cons.,(1000 MT),119.0,1,33,agg,"USDA FAS PS&D (Production, Supply & Distribution)",https://apps.fas.usda.gov/psdonline/downloads/
"Oilseed, Rapeseed",World,1973,Food Use Dom. Cons.,(1000 MT),112.0,1,33,agg,"USDA FAS PS&D (Production, Supply & Distribution)",https://apps.fas.usda.gov/psdonline/downloads/
"Oilseed, Rapeseed",World,1974,Food Use Dom. Cons.,(1000 MT),149.0,1,34,agg,"USDA FAS PS&D (Production, Supply & Distribution)",https://apps.fas.usda.gov/psdonline/downloads/
"Oilseed, Rapeseed",World,1975,Food Use Dom. Cons.,(1000 MT),128.0,1,35,agg,"USDA FAS PS&D (Production, Supply & Distribution)",https://apps.fas.usda.gov/psdonline/downloads/
"Oilseed, Rapeseed",World,1976,Food Use Dom. Cons.,(1000 MT),95.0,1,33,agg,"USDA FAS PS&D (Production, Supply & Distribution)",https://apps.fas.usda.gov/psdonline/downloads/
"Oilseed, Rapeseed",World,1977,Food Use Dom. Cons.,(1000 MT),109.0,1,33,agg,"USDA FAS PS&D (Production, Supply & Distribution)",https://apps.fas.usda.gov/psdonline/downloads/
"Oilseed, Rapeseed",World,1978,Food Use Dom. Cons.,(1000 MT),125.0,1,36,agg,"USDA FAS PS&D (Production, Supply & Distribution)",https://apps.fas.usda.gov/psdonline/downloads/
"Oilseed, Rapeseed",World,1979,Food Use Dom. Cons.,(1000 MT),95.0,1,35,agg,"USDA FAS PS&D (Production, Supply & Distribution)",https://apps.fas.usda.gov/psdonline/downloads/
"Oilseed, Rapeseed",World,1980,Food Use Dom. Cons.,(1000 MT),132.0,1,35,agg,"USDA FAS PS&D (Production, Supply & Distribution)",https://apps.fas.usda.gov/psdonline/downloads/
"Oilseed, Rapeseed",World,1981,Food Use Dom. Cons.,(1000 MT),157.0,1,35,agg,"USDA FAS PS&D (Production, Supply & Distribution)",https://apps.fas.usda.gov/psdonline/downloads/
"Oilseed, Rapeseed",World,1982,Food Use Dom. Cons.,(1000 MT),146.0,1,34,agg,"USDA FAS PS&D (Production, Supply & Distribution)",https://apps.fas.usda.gov/psdonline/downloads/
"Oilseed, Rapeseed",World,1983,Food Use Dom. Cons.,(1000 MT),173.0,1,34,agg,"USDA FAS PS&D (Production, Supply & Distribution)",https://apps.fas.usda.gov/psdonline/downloads/
"Oilseed, Rapeseed",World,1984,Food Use Dom. Cons.,(1000 MT),204.0,1,33,agg,"USDA FAS PS&D (Production, Supply & Distribution)",https://apps.fas.usda.gov/psdonline/downloads/
"Oilseed, Rapeseed",World,1985,Food Use Dom. Cons.,(1000 MT),182.0,1,33,agg,"USDA FAS PS&D (Production, Supply & Distribution)",https://apps.fas.usda.gov/psdonline/downloads/
"Oilseed, Rapeseed",World,1986,Food Use Dom. Cons.,(1000 MT),172.0,1,34,agg,"USDA FAS PS&D (Production, Supply & Distribution)",https://apps.fas.usda.gov/psdonline/downloads/
"Oilseed, Rapeseed",World,1987,Food Use Dom. Cons.,(1000 MT),231.0,1,38,agg,"USDA FAS PS&D (Production, Supply & Distribution)",https://apps.fas.usda.gov/psdonline/downloads/
"Oilseed, Rapeseed",World,1988,Food Use Dom. Cons.,(1000 MT),290.0,1,38,agg,"USDA FAS PS&D (Production, Supply & Distribution)",https://apps.fas.usda.gov/psdonline/downloads/
"Oilseed, Rapeseed",World,1989,Food Use Dom. Cons.,(1000 MT),275.0,1,39,agg,"USDA FAS PS&D (Production, Supply & Distribution)",https://apps.fas.usda.gov/psdonline/downloads/
"Oilseed, Rapeseed",World,1990,Food Use Dom. Cons.,(1000 MT),345.0,1,38,agg,"USDA FAS PS&D (Production, Supply & Distribution)",https://apps.fas.usda.gov/psdonline/downloads/
"Oilseed, Rapeseed",World,1991,Food Use Dom. Cons.,(1000 MT),390.0,1,26,agg,"USDA FAS PS&D (Production, Supply & Distribution)",https://apps.fas.usda.gov/psdonline/downloads/
"Oilseed, Rapeseed",World,1992,Food Use Dom. Cons.,(1000 MT),320.0,1,26,agg,"USDA FAS PS&D (Production, Supply & Distribution)",https://apps.fas.usda.gov/psdonline/downloads/
"Oilseed, Rapeseed",World,1993,Food Use Dom. Cons.,(1000 MT),350.0,1,27,agg,"USDA FAS PS&D (Production, Supply & Distribution)",https://apps.fas.usda.gov/psdonline/downloads/
"Oilseed, Rapeseed",World,1994,Food Use Dom. Cons.,(1000 MT),400.0,1,27,agg,"USDA FAS PS&D (Production, Supply & Distribution)",https://apps.fas.usda.gov/psdonline/downloads/
"Oilseed, Rapeseed",World,1995,Food Use Dom. Cons.,(1000 MT),400.0,1,27,agg,"USDA FAS PS&D (Production, Supply & Distribution)",https://apps.fas.usda.gov/psdonline/downloads/
"Oilseed, Rapeseed",World,1996,Food Use Dom. Cons.,(1000 MT),350.0,1,27,agg,"USDA FAS PS&D (Production, Supply & Distribution)",https://apps.fas.usda.gov/psdonline/downloads/
"Oilseed, Rapeseed",World,1997,Food Use Dom. Cons.,(1000 MT),360.0,1,27,agg,"USDA FAS PS&D (Production, Supply & Distribution)",https://apps.fas.usda.gov/psdonline/downloads/
"Oilseed, Rapeseed",World,1998,Food Use Dom. Cons.,(1000 MT),277.0,1,27,agg,"USDA FAS PS&D (Production, Supply & Distribution)",https://apps.fas.usda.gov/psdonline/downloads/
"Oilseed, Rapeseed",World,1999,Food Use Dom. Cons.,(1000 MT),350.0,1,22,agg,"USDA FAS PS&D (Production, Supply & Distribution)",https://apps.fas.usda.gov/psdonline/downloads/
"Oilseed, Rapeseed",World,2000,Food Use Dom. Cons.,(1000 MT),330.0,1,22,agg,"USDA FAS PS&D (Production, Supply & Distribution)",https://apps.fas.usda.gov/psdonline/downloads/
"Oilseed, Rapeseed",World,2001,Food Use Dom. Cons.,(1000 MT),315.0,1,22,agg,"USDA FAS PS&D (Production, Supply & Distribution)",https://apps.fas.usda.gov/psdonline/downloads/
"Oilseed, Rapeseed",World,2002,Food Use Dom. Cons.,(1000 MT),360.0,1,22,agg,"USDA FAS PS&D (Production, Supply & Distribution)",https://apps.fas.usda.gov/psdonline/downloads/
"Oilseed, Rapeseed",World,2003,Food Use Dom. Cons.,(1000 MT),350.0,1,22,agg,"USDA FAS PS&D (Production, Supply & Distribution)",https://apps.fas.usda.gov/psdonline/downloads/
"Oilseed, Rapeseed",World,2004,Food Use Dom. Cons.,(1000 MT),360.0,1,22,agg,"USDA FAS PS&D (Production, Supply & Distribution)",https://apps.fas.usda.gov/psdonline/downloads/
"Oilseed, Rapeseed",World,2005,Food Use Dom. Cons.,(1000 MT),360.0,1,28,agg,"USDA FAS PS&D (Production, Supply & Distribution)",https://apps.fas.usda.gov/psdonline/downloads/
"Oilseed, Rapeseed",World,2006,Food Use Dom. Cons.,(1000 MT),360.0,1,28,agg,"USDA FAS PS&D (Production, Supply & Distribution)",https://apps.fas.usda.gov/psdonline/downloads/
"Oilseed, Rapeseed",World,2007,Food Use Dom. Cons.,(1000 MT),360.0,1,28,agg,"USDA FAS PS&D (Production, Supply & Distribution)",https://apps.fas.usda.gov/psdonline/downloads/
"Oilseed, Rapeseed",World,2008,Food Use Dom. Cons.,(1000 MT),410.0,1,28,agg,"USDA FAS PS&D (Production, Supply & Distribution)",https://apps.fas.usda.gov/psdonline/downloads/
"Oilseed, Rapeseed",World,2009,Food Use Dom. Cons.,(1000 MT),430.0,1,28,agg,"USDA FAS PS&D (Production, Supply & Distribution)",https://apps.fas.usda.gov/psdonline/downloads/
"Oilseed, Rapeseed",World,2010,Food Use Dom. Cons.,(1000 MT),460.0,1,29,agg,"USDA FAS PS&D (Production, Supply & Distribution)",https://apps.fas.usda.gov/psdonline/downloads/
"Oilseed, Rapeseed",World,2011,Food Use Dom. Cons.,(1000 MT),460.0,1,29,agg,"USDA FAS PS&D (Production, Supply & Distribution)",https://apps.fas.usda.gov/psdonline/downloads/
"Oilseed, Rapeseed",World,2012,Food Use Dom. Cons.,(1000 MT),480.0,1,30,agg,"USDA FAS PS&D (Production, Supply & Distribution)",https://apps.fas.usda.gov/psdonline/downloads/
"Oilseed, Rapeseed",World,2013,Food Use Dom. Cons.,(1000 MT),500.0,1,30,agg,"USDA FAS PS&D (Production, Supply & Distribution)",https://apps.fas.usda.gov/psdonline/downloads/
"Oilseed, Rapeseed",World,2014,Food Use Dom. Cons.,(1000 MT),560.0,1,30,agg,"USDA FAS PS&D (Production, Supply & Distribution)",https://apps.fas.usda.gov/psdonline/downloads/
"Oilseed, Rapeseed",World,2015,Food Use Dom. Cons.,(1000 MT),660.0,1,30,agg,"USDA FAS PS&D (Production, Supply & Distribution)",https://apps.fas.usda.gov/psdonline/downloads/
"Oilseed, Rapeseed",World,2016,Food Use Dom. Cons.,(1000 MT),660.0,1,31,agg,"USDA FAS PS&D (Production, Supply & Distribution)",https://apps.fas.usda.gov/psdonline/downloads/
"Oilseed, Rapeseed",World,2017,Food Use Dom. Cons.,(1000 MT),660.0,1,31,agg,"USDA FAS PS&D (Production, Supply & Distribution)",https://apps.fas.usda.gov/psdonline/downloads/
"Oilseed, Rapeseed",World,2018,Food Use Dom. Cons.,(1000 MT),165.0,1,31,agg,"USDA FAS PS&D (Production, Supply & Distribution)",https://apps.fas.usda.gov/psdonline/downloads/
"Oilseed, Rapeseed",World,2019,Food Use Dom. Cons.,(1000 MT),265.0,1,31,agg,"USDA FAS PS&D (Production, Supply & Distribution)",https://apps.fas.usda.gov/psdonline/downloads/
"Oilseed, Rapeseed",World,2020,Food Use Dom. Cons.,(1000 MT),365.0,1,31,agg,"USDA FAS PS&D (Production, Supply & Distribution)",https://apps.fas.usda.gov/psdonline/downloads/
"Oilseed, Rapeseed",World,2021,Food Use Dom. Cons.,(1000 MT),665.0,1,31,agg,"USDA FAS PS&D (Production, Supply & Distribution)",https://apps.fas.usda.gov/psdonline/downloads/
"Oilseed, Rapeseed",World,2022,Food Use Dom. Cons.,(1000 MT),670.0,1,31,agg,"USDA FAS PS&D (Production, Supply & Distribution)",https://apps.fas.usda.gov/psdonline/downloads/
"Oilseed, Rapeseed",World,2023,Food Use Dom. Cons.,(1000 MT),670.0,1,31,agg,"USDA FAS PS&D (Production, Supply & Distribution)",https://apps.fas.usda.gov/psdonline/downloads/
"Oilseed, Rapeseed",World,2024,Food Use Dom. Cons.,(1000 MT),675.0,1,31,agg,"USDA FAS PS&D (Production, Supply & Distribution)",https://apps.fas.usda.gov/psdonline/downloads/
"Oilseed, Rapeseed",World,2025,Food Use Dom. Cons.,(1000 MT),675.0,1,31,agg,"USDA FAS PS&D (Production, Supply & Distribution)",https://apps.fas.usda.gov/psdonline/downloads/
"Oilseed, Rapeseed",World,2026,Food Use Dom. Cons.,(1000 MT),675.0,1,31,agg,"USDA FAS PS&D (Production, Supply & Distribution)",https://apps.fas.usda.gov/psdonline/downloads/
"Oilseed, Rapeseed",World,1964,Imports,(1000 MT),576.0,1,32,agg,"USDA FAS PS&D (Production, Supply & Distribution)",https://apps.fas.usda.gov/psdonline/downloads/
"Oilseed, Rapeseed",World,1965,Imports,(1000 MT),792.0,1,32,agg,"USDA FAS PS&D (Production, Supply & Distribution)",https://apps.fas.usda.gov/psdonline/downloads/
"Oilseed, Rapeseed",World,1966,Imports,(1000 MT),718.0,1,32,agg,"USDA FAS PS&D (Production, Supply & Distribution)",https://apps.fas.usda.gov/psdonline/downloads/
"Oilseed, Rapeseed",World,1967,Imports,(1000 MT),871.0,1,33,agg,"USDA FAS PS&D (Production, Supply & Distribution)",https://apps.fas.usda.gov/psdonline/downloads/
"Oilseed, Rapeseed",World,1968,Imports,(1000 MT),916.0,1,34,agg,"USDA FAS PS&D (Production, Supply & Distribution)",https://apps.fas.usda.gov/psdonline/downloads/
"Oilseed, Rapeseed",World,1969,Imports,(1000 MT),969.0,1,33,agg,"USDA FAS PS&D (Production, Supply & Distribution)",https://apps.fas.usda.gov/psdonline/downloads/
"Oilseed, Rapeseed",World,1970,Imports,(1000 MT),1521.0,1,33,agg,"USDA FAS PS&D (Production, Supply & Distribution)",https://apps.fas.usda.gov/psdonline/downloads/
"Oilseed, Rapeseed",World,1971,Imports,(1000 MT),1696.0,1,34,agg,"USDA FAS PS&D (Production, Supply & Distribution)",https://apps.fas.usda.gov/psdonline/downloads/
"Oilseed, Rapeseed",World,1972,Imports,(1000 MT),1581.0,1,33,agg,"USDA FAS PS&D (Production, Supply & Distribution)",https://apps.fas.usda.gov/psdonline/downloads/
"Oilseed, Rapeseed",World,1973,Imports,(1000 MT),1357.0,1,33,agg,"USDA FAS PS&D (Production, Supply & Distribution)",https://apps.fas.usda.gov/psdonline/downloads/
"Oilseed, Rapeseed",World,1974,Imports,(1000 MT),1206.0,1,34,agg,"USDA FAS PS&D (Production, Supply & Distribution)",https://apps.fas.usda.gov/psdonline/downloads/
"Oilseed, Rapeseed",World,1975,Imports,(1000 MT),1300.0,1,35,agg,"USDA FAS PS&D (Production, Supply & Distribution)",https://apps.fas.usda.gov/psdonline/downloads/
"Oilseed, Rapeseed",World,1976,Imports,(1000 MT),1551.0,1,33,agg,"USDA FAS PS&D (Production, Supply & Distribution)",https://apps.fas.usda.gov/psdonline/downloads/
"Oilseed, Rapeseed",World,1977,Imports,(1000 MT),1561.0,1,33,agg,"USDA FAS PS&D (Production, Supply & Distribution)",https://apps.fas.usda.gov/psdonline/downloads/
"Oilseed, Rapeseed",World,1978,Imports,(1000 MT),1997.0,1,36,agg,"USDA FAS PS&D (Production, Supply & Distribution)",https://apps.fas.usda.gov/psdonline/downloads/
"Oilseed, Rapeseed",World,1979,Imports,(1000 MT),2149.0,1,35,agg,"USDA FAS PS&D (Production, Supply & Distribution)",https://apps.fas.usda.gov/psdonline/downloads/
"Oilseed, Rapeseed",World,1980,Imports,(1000 MT),2361.0,1,35,agg,"USDA FAS PS&D (Production, Supply & Distribution)",https://apps.fas.usda.gov/psdonline/downloads/
"Oilseed, Rapeseed",World,1981,Imports,(1000 MT),2215.0,1,35,agg,"USDA FAS PS&D (Production, Supply & Distribution)",https://apps.fas.usda.gov/psdonline/downloads/
"Oilseed, Rapeseed",World,1982,Imports,(1000 MT),2483.0,1,34,agg,"USDA FAS PS&D (Production, Supply & Distribution)",https://apps.fas.usda.gov/psdonline/downloads/
"Oilseed, Rapeseed",World,1983,Imports,(1000 MT),2714.0,1,34,agg,"USDA FAS PS&D (Production, Supply & Distribution)",https://apps.fas.usda.gov/psdonline/downloads/
"Oilseed, Rapeseed",World,1984,Imports,(1000 MT),3247.0,1,33,agg,"USDA FAS PS&D (Production, Supply & Distribution)",https://apps.fas.usda.gov/psdonline/downloads/
"Oilseed, Rapeseed",World,1985,Imports,(1000 MT),3595.0,1,33,agg,"USDA FAS PS&D (Production, Supply & Distribution)",https://apps.fas.usda.gov/psdonline/downloads/
"Oilseed, Rapeseed",World,1986,Imports,(1000 MT),4897.0,1,34,agg,"USDA FAS PS&D (Production, Supply & Distribution)",https://apps.fas.usda.gov/psdonline/downloads/
"Oilseed, Rapeseed",World,1987,Imports,(1000 MT),4272.0,1,38,agg,"USDA FAS PS&D (Production, Supply & Distribution)",https://apps.fas.usda.gov/psdonline/downloads/
"Oilseed, Rapeseed",World,1988,Imports,(1000 MT),4463.0,1,38,agg,"USDA FAS PS&D (Production, Supply & Distribution)",https://apps.fas.usda.gov/psdonline/downloads/
"Oilseed, Rapeseed",World,1989,Imports,(1000 MT),4543.0,1,39,agg,"USDA FAS PS&D (Production, Supply & Distribution)",https://apps.fas.usda.gov/psdonline/downloads/
"Oilseed, Rapeseed",World,1990,Imports,(1000 MT),4538.0,1,38,agg,"USDA FAS PS&D (Production, Supply & Distribution)",https://apps.fas.usda.gov/psdonline/downloads/
"Oilseed, Rapeseed",World,1991,Imports,(1000 MT),2652.0,1,26,agg,"USDA FAS PS&D (Production, Supply & Distribution)",https://apps.fas.usda.gov/psdonline/downloads/
"Oilseed, Rapeseed",World,1992,Imports,(1000 MT),2719.0,1,26,agg,"USDA FAS PS&D (Production, Supply & Distribution)",https://apps.fas.usda.gov/psdonline/downloads/
"Oilseed, Rapeseed",World,1993,Imports,(1000 MT),3989.0,1,27,agg,"USDA FAS PS&D (Production, Supply & Distribution)",https://apps.fas.usda.gov/psdonline/downloads/
"Oilseed, Rapeseed",World,1994,Imports,(1000 MT),4365.0,1,27,agg,"USDA FAS PS&D (Production, Supply & Distribution)",https://apps.fas.usda.gov/psdonline/downloads/
"Oilseed, Rapeseed",World,1995,Imports,(1000 MT),3871.0,1,27,agg,"USDA FAS PS&D (Production, Supply & Distribution)",https://apps.fas.usda.gov/psdonline/downloads/
"Oilseed, Rapeseed",World,1996,Imports,(1000 MT),3834.0,1,27,agg,"USDA FAS PS&D (Production, Supply & Distribution)",https://apps.fas.usda.gov/psdonline/downloads/
"Oilseed, Rapeseed",World,1997,Imports,(1000 MT),4302.0,1,27,agg,"USDA FAS PS&D (Production, Supply & Distribution)",https://apps.fas.usda.gov/psdonline/downloads/
"Oilseed, Rapeseed",World,1998,Imports,(1000 MT),7035.0,1,27,agg,"USDA FAS PS&D (Production, Supply & Distribution)",https://apps.fas.usda.gov/psdonline/downloads/
"Oilseed, Rapeseed",World,1999,Imports,(1000 MT),8200.0,1,22,agg,"USDA FAS PS&D (Production, Supply & Distribution)",https://apps.fas.usda.gov/psdonline/downloads/
"Oilseed, Rapeseed",World,2000,Imports,(1000 MT),6992.0,1,22,agg,"USDA FAS PS&D (Production, Supply & Distribution)",https://apps.fas.usda.gov/psdonline/downloads/
"Oilseed, Rapeseed",World,2001,Imports,(1000 MT),4947.0,1,22,agg,"USDA FAS PS&D (Production, Supply & Distribution)",https://apps.fas.usda.gov/psdonline/downloads/
"Oilseed, Rapeseed",World,2002,Imports,(1000 MT),4016.0,1,22,agg,"USDA FAS PS&D (Production, Supply & Distribution)",https://apps.fas.usda.gov/psdonline/downloads/
"Oilseed, Rapeseed",World,2003,Imports,(1000 MT),5141.0,1,22,agg,"USDA FAS PS&D (Production, Supply & Distribution)",https://apps.fas.usda.gov/psdonline/downloads/
"Oilseed, Rapeseed",World,2004,Imports,(1000 MT),5000.0,1,22,agg,"USDA FAS PS&D (Production, Supply & Distribution)",https://apps.fas.usda.gov/psdonline/downloads/
"Oilseed, Rapeseed",World,2005,Imports,(1000 MT),6705.0,1,28,agg,"USDA FAS PS&D (Production, Supply & Distribution)",https://apps.fas.usda.gov/psdonline/downloads/
"Oilseed, Rapeseed",World,2006,Imports,(1000 MT),7023.0,1,28,agg,"USDA FAS PS&D (Production, Supply & Distribution)",https://apps.fas.usda.gov/psdonline/downloads/
"Oilseed, Rapeseed",World,2007,Imports,(1000 MT),7568.0,1,28,agg,"USDA FAS PS&D (Production, Supply & Distribution)",https://apps.fas.usda.gov/psdonline/downloads/
"Oilseed, Rapeseed",World,2008,Imports,(1000 MT),12146.0,1,28,agg,"USDA FAS PS&D (Production, Supply & Distribution)",https://apps.fas.usda.gov/psdonline/downloads/
"Oilseed, Rapeseed",World,2009,Imports,(1000 MT),10808.0,1,28,agg,"USDA FAS PS&D (Production, Supply & Distribution)",https://apps.fas.usda.gov/psdonline/downloads/
"Oilseed, Rapeseed",World,2010,Imports,(1000 MT),10180.0,1,29,agg,"USDA FAS PS&D (Production, Supply & Distribution)",https://apps.fas.usda.gov/psdonline/downloads/
"Oilseed, Rapeseed",World,2011,Imports,(1000 MT),13243.0,1,29,agg,"USDA FAS PS&D (Production, Supply & Distribution)",https://apps.fas.usda.gov/psdonline/downloads/
"Oilseed, Rapeseed",World,2012,Imports,(1000 MT),12834.0,1,30,agg,"USDA FAS PS&D (Production, Supply & Distribution)",https://apps.fas.usda.gov/psdonline/downloads/
"Oilseed, Rapeseed",World,2013,Imports,(1000 MT),15550.0,1,30,agg,"USDA FAS PS&D (Production, Supply & Distribution)",https://apps.fas.usda.gov/psdonline/downloads/
"Oilseed, Rapeseed",World,2014,Imports,(1000 MT),14316.0,1,30,agg,"USDA FAS PS&D (Production, Supply & Distribution)",https://apps.fas.usda.gov/psdonline/downloads/
"Oilseed, Rapeseed",World,2015,Imports,(1000 MT),14126.0,1,30,agg,"USDA FAS PS&D (Production, Supply & Distribution)",https://apps.fas.usda.gov/psdonline/downloads/
"Oilseed, Rapeseed",World,2016,Imports,(1000 MT),15794.0,1,31,agg,"USDA FAS PS&D (Production, Supply & Distribution)",https://apps.fas.usda.gov/psdonline/downloads/
"Oilseed, Rapeseed",World,2017,Imports,(1000 MT),15728.0,1,31,agg,"USDA FAS PS&D (Production, Supply & Distribution)",https://apps.fas.usda.gov/psdonline/downloads/
"Oilseed, Rapeseed",World,2018,Imports,(1000 MT),14636.0,1,31,agg,"USDA FAS PS&D (Production, Supply & Distribution)",https://apps.fas.usda.gov/psdonline/downloads/
"Oilseed, Rapeseed",World,2019,Imports,(1000 MT),15962.0,1,31,agg,"USDA FAS PS&D (Production, Supply & Distribution)",https://apps.fas.usda.gov/psdonline/downloads/
"Oilseed, Rapeseed",World,2020,Imports,(1000 MT),16563.0,1,31,agg,"USDA FAS PS&D (Production, Supply & Distribution)",https://apps.fas.usda.gov/psdonline/downloads/
"Oilseed, Rapeseed",World,2021,Imports,(1000 MT),13887.0,1,31,agg,"USDA FAS PS&D (Production, Supply & Distribution)",https://apps.fas.usda.gov/psdonline/downloads/
"Oilseed, Rapeseed",World,2022,Imports,(1000 MT),20065.0,1,31,agg,"USDA FAS PS&D (Production, Supply & Distribution)",https://apps.fas.usda.gov/psdonline/downloads/
"Oilseed, Rapeseed",World,2023,Imports,(1000 MT),18260.0,1,31,agg,"USDA FAS PS&D (Production, Supply & Distribution)",https://apps.fas.usda.gov/psdonline/downloads/
"Oilseed, Rapeseed",World,2024,Imports,(1000 MT),19998.0,1,31,agg,"USDA FAS PS&D (Production, Supply & Distribution)",https://apps.fas.usda.gov/psdonline/downloads/
"Oilseed, Rapeseed",World,2025,Imports,(1000 MT),17360.0,1,31,agg,"USDA FAS PS&D (Production, Supply & Distribution)",https://apps.fas.usda.gov/psdonline/downloads/
"Oilseed, Rapeseed",World,2026,Imports,(1000 MT),18402.0,1,31,agg,"USDA FAS PS&D (Production, Supply & Distribution)",https://apps.fas.usda.gov/psdonline/downloads/
"Oilseed, Rapeseed",World,1964,Production,(1000 MT),4509.0,1,32,agg,"USDA FAS PS&D (Production, Supply & Distribution)",https://apps.fas.usda.gov/psdonline/downloads/
"Oilseed, Rapeseed",World,1965,Production,(1000 MT),5046.0,1,32,agg,"USDA FAS PS&D (Production, Supply & Distribution)",https://apps.fas.usda.gov/psdonline/downloads/
"Oilseed, Rapeseed",World,1966,Production,(1000 MT),4669.0,1,32,agg,"USDA FAS PS&D (Production, Supply & Distribution)",https://apps.fas.usda.gov/psdonline/downloads/
"Oilseed, Rapeseed",World,1967,Production,(1000 MT),5729.0,1,33,agg,"USDA FAS PS&D (Production, Supply & Distribution)",https://apps.fas.usda.gov/psdonline/downloads/
"Oilseed, Rapeseed",World,1968,Production,(1000 MT),5384.0,1,34,agg,"USDA FAS PS&D (Production, Supply & Distribution)",https://apps.fas.usda.gov/psdonline/downloads/
"Oilseed, Rapeseed",World,1969,Production,(1000 MT),5269.0,1,33,agg,"USDA FAS PS&D (Production, Supply & Distribution)",https://apps.fas.usda.gov/psdonline/downloads/
"Oilseed, Rapeseed",World,1970,Production,(1000 MT),7088.0,1,33,agg,"USDA FAS PS&D (Production, Supply & Distribution)",https://apps.fas.usda.gov/psdonline/downloads/
"Oilseed, Rapeseed",World,1971,Production,(1000 MT),7678.0,1,34,agg,"USDA FAS PS&D (Production, Supply & Distribution)",https://apps.fas.usda.gov/psdonline/downloads/
"Oilseed, Rapeseed",World,1972,Production,(1000 MT),7262.0,1,33,agg,"USDA FAS PS&D (Production, Supply & Distribution)",https://apps.fas.usda.gov/psdonline/downloads/
"Oilseed, Rapeseed",World,1973,Production,(1000 MT),7110.0,1,33,agg,"USDA FAS PS&D (Production, Supply & Distribution)",https://apps.fas.usda.gov/psdonline/downloads/
"Oilseed, Rapeseed",World,1974,Production,(1000 MT),7821.0,1,34,agg,"USDA FAS PS&D (Production, Supply & Distribution)",https://apps.fas.usda.gov/psdonline/downloads/
"Oilseed, Rapeseed",World,1975,Production,(1000 MT),8402.0,1,35,agg,"USDA FAS PS&D (Production, Supply & Distribution)",https://apps.fas.usda.gov/psdonline/downloads/
"Oilseed, Rapeseed",World,1976,Production,(1000 MT),7127.0,1,33,agg,"USDA FAS PS&D (Production, Supply & Distribution)",https://apps.fas.usda.gov/psdonline/downloads/
"Oilseed, Rapeseed",World,1977,Production,(1000 MT),7836.0,1,33,agg,"USDA FAS PS&D (Production, Supply & Distribution)",https://apps.fas.usda.gov/psdonline/downloads/
"Oilseed, Rapeseed",World,1978,Production,(1000 MT),10635.0,1,36,agg,"USDA FAS PS&D (Production, Supply & Distribution)",https://apps.fas.usda.gov/psdonline/downloads/
"Oilseed, Rapeseed",World,1979,Production,(1000 MT),9944.0,1,35,agg,"USDA FAS PS&D (Production, Supply & Distribution)",https://apps.fas.usda.gov/psdonline/downloads/
"Oilseed, Rapeseed",World,1980,Production,(1000 MT),11054.0,1,35,agg,"USDA FAS PS&D (Production, Supply & Distribution)",https://apps.fas.usda.gov/psdonline/downloads/
"Oilseed, Rapeseed",World,1981,Production,(1000 MT),12267.0,1,35,agg,"USDA FAS PS&D (Production, Supply & Distribution)",https://apps.fas.usda.gov/psdonline/downloads/
"Oilseed, Rapeseed",World,1982,Production,(1000 MT),14720.0,1,34,agg,"USDA FAS PS&D (Production, Supply & Distribution)",https://apps.fas.usda.gov/psdonline/downloads/
"Oilseed, Rapeseed",World,1983,Production,(1000 MT),14280.0,1,34,agg,"USDA FAS PS&D (Production, Supply & Distribution)",https://apps.fas.usda.gov/psdonline/downloads/
"Oilseed, Rapeseed",World,1984,Production,(1000 MT),16953.0,1,33,agg,"USDA FAS PS&D (Production, Supply & Distribution)",https://apps.fas.usda.gov/psdonline/downloads/
"Oilseed, Rapeseed",World,1985,Production,(1000 MT),18571.0,1,33,agg,"USDA FAS PS&D (Production, Supply & Distribution)",https://apps.fas.usda.gov/psdonline/downloads/
"Oilseed, Rapeseed",World,1986,Production,(1000 MT),19338.0,1,34,agg,"USDA FAS PS&D (Production, Supply & Distribution)",https://apps.fas.usda.gov/psdonline/downloads/
"Oilseed, Rapeseed",World,1987,Production,(1000 MT),23192.0,1,38,agg,"USDA FAS PS&D (Production, Supply & Distribution)",https://apps.fas.usda.gov/psdonline/downloads/
"Oilseed, Rapeseed",World,1988,Production,(1000 MT),22556.0,1,38,agg,"USDA FAS PS&D (Production, Supply & Distribution)",https://apps.fas.usda.gov/psdonline/downloads/
"Oilseed, Rapeseed",World,1989,Production,(1000 MT),21885.0,1,39,agg,"USDA FAS PS&D (Production, Supply & Distribution)",https://apps.fas.usda.gov/psdonline/downloads/
"Oilseed, Rapeseed",World,1990,Production,(1000 MT),25106.0,1,38,agg,"USDA FAS PS&D (Production, Supply & Distribution)",https://apps.fas.usda.gov/psdonline/downloads/
"Oilseed, Rapeseed",World,1991,Production,(1000 MT),28226.0,1,26,agg,"USDA FAS PS&D (Production, Supply & Distribution)",https://apps.fas.usda.gov/psdonline/downloads/
"Oilseed, Rapeseed",World,1992,Production,(1000 MT),25288.0,1,26,agg,"USDA FAS PS&D (Production, Supply & Distribution)",https://apps.fas.usda.gov/psdonline/downloads/
"Oilseed, Rapeseed",World,1993,Production,(1000 MT),26633.0,1,27,agg,"USDA FAS PS&D (Production, Supply & Distribution)",https://apps.fas.usda.gov/psdonline/downloads/
"Oilseed, Rapeseed",World,1994,Production,(1000 MT),30190.0,1,27,agg,"USDA FAS PS&D (Production, Supply & Distribution)",https://apps.fas.usda.gov/psdonline/downloads/
"Oilseed, Rapeseed",World,1995,Production,(1000 MT),34331.0,1,27,agg,"USDA FAS PS&D (Production, Supply & Distribution)",https://apps.fas.usda.gov/psdonline/downloads/
"Oilseed, Rapeseed",World,1996,Production,(1000 MT),31473.0,1,27,agg,"USDA FAS PS&D (Production, Supply & Distribution)",https://apps.fas.usda.gov/psdonline/downloads/
"Oilseed, Rapeseed",World,1997,Production,(1000 MT),33122.0,1,27,agg,"USDA FAS PS&D (Production, Supply & Distribution)",https://apps.fas.usda.gov/psdonline/downloads/
"Oilseed, Rapeseed",World,1998,Production,(1000 MT),35755.0,1,27,agg,"USDA FAS PS&D (Production, Supply & Distribution)",https://apps.fas.usda.gov/psdonline/downloads/
"Oilseed, Rapeseed",World,1999,Production,(1000 MT),42524.0,1,22,agg,"USDA FAS PS&D (Production, Supply & Distribution)",https://apps.fas.usda.gov/psdonline/downloads/
"Oilseed, Rapeseed",World,2000,Production,(1000 MT),37349.0,1,22,agg,"USDA FAS PS&D (Production, Supply & Distribution)",https://apps.fas.usda.gov/psdonline/downloads/
"Oilseed, Rapeseed",World,2001,Production,(1000 MT),36047.0,1,22,agg,"USDA FAS PS&D (Production, Supply & Distribution)",https://apps.fas.usda.gov/psdonline/downloads/
"Oilseed, Rapeseed",World,2002,Production,(1000 MT),33338.0,1,22,agg,"USDA FAS PS&D (Production, Supply & Distribution)",https://apps.fas.usda.gov/psdonline/downloads/
"Oilseed, Rapeseed",World,2003,Production,(1000 MT),39578.0,1,22,agg,"USDA FAS PS&D (Production, Supply & Distribution)",https://apps.fas.usda.gov/psdonline/downloads/
"Oilseed, Rapeseed",World,2004,Production,(1000 MT),46414.0,1,22,agg,"USDA FAS PS&D (Production, Supply & Distribution)",https://apps.fas.usda.gov/psdonline/downloads/
"Oilseed, Rapeseed",World,2005,Production,(1000 MT),49091.0,1,28,agg,"USDA FAS PS&D (Production, Supply & Distribution)",https://apps.fas.usda.gov/psdonline/downloads/
"Oilseed, Rapeseed",World,2006,Production,(1000 MT),46061.0,1,28,agg,"USDA FAS PS&D (Production, Supply & Distribution)",https://apps.fas.usda.gov/psdonline/downloads/
"Oilseed, Rapeseed",World,2007,Production,(1000 MT),49473.0,1,28,agg,"USDA FAS PS&D (Production, Supply & Distribution)",https://apps.fas.usda.gov/psdonline/downloads/
"Oilseed, Rapeseed",World,2008,Production,(1000 MT),58462.0,1,28,agg,"USDA FAS PS&D (Production, Supply & Distribution)",https://apps.fas.usda.gov/psdonline/downloads/
"Oilseed, Rapeseed",World,2009,Production,(1000 MT),61055.0,1,28,agg,"USDA FAS PS&D (Production, Supply & Distribution)",https://apps.fas.usda.gov/psdonline/downloads/
"Oilseed, Rapeseed",World,2010,Production,(1000 MT),61199.0,1,29,agg,"USDA FAS PS&D (Production, Supply & Distribution)",https://apps.fas.usda.gov/psdonline/downloads/
"Oilseed, Rapeseed",World,2011,Production,(1000 MT),61814.0,1,29,agg,"USDA FAS PS&D (Production, Supply & Distribution)",https://apps.fas.usda.gov/psdonline/downloads/
"Oilseed, Rapeseed",World,2012,Production,(1000 MT),63794.0,1,30,agg,"USDA FAS PS&D (Production, Supply & Distribution)",https://apps.fas.usda.gov/psdonline/downloads/
"Oilseed, Rapeseed",World,2013,Production,(1000 MT),71503.0,1,30,agg,"USDA FAS PS&D (Production, Supply & Distribution)",https://apps.fas.usda.gov/psdonline/downloads/
"Oilseed, Rapeseed",World,2014,Production,(1000 MT),70935.0,1,30,agg,"USDA FAS PS&D (Production, Supply & Distribution)",https://apps.fas.usda.gov/psdonline/downloads/
"Oilseed, Rapeseed",World,2015,Production,(1000 MT),68672.0,1,30,agg,"USDA FAS PS&D (Production, Supply & Distribution)",https://apps.fas.usda.gov/psdonline/downloads/
"Oilseed, Rapeseed",World,2016,Production,(1000 MT),70311.0,1,31,agg,"USDA FAS PS&D (Production, Supply & Distribution)",https://apps.fas.usda.gov/psdonline/downloads/
"Oilseed, Rapeseed",World,2017,Production,(1000 MT),75804.0,1,31,agg,"USDA FAS PS&D (Production, Supply & Distribution)",https://apps.fas.usda.gov/psdonline/downloads/
"Oilseed, Rapeseed",World,2018,Production,(1000 MT),73690.0,1,31,agg,"USDA FAS PS&D (Production, Supply & Distribution)",https://apps.fas.usda.gov/psdonline/downloads/
"Oilseed, Rapeseed",World,2019,Production,(1000 MT),70941.0,1,31,agg,"USDA FAS PS&D (Production, Supply & Distribution)",https://apps.fas.usda.gov/psdonline/downloads/
"Oilseed, Rapeseed",World,2020,Production,(1000 MT),75439.0,1,31,agg,"USDA FAS PS&D (Production, Supply & Distribution)",https://apps.fas.usda.gov/psdonline/downloads/
"Oilseed, Rapeseed",World,2021,Production,(1000 MT),76648.0,1,31,agg,"USDA FAS PS&D (Production, Supply & Distribution)",https://apps.fas.usda.gov/psdonline/downloads/
"Oilseed, Rapeseed",World,2022,Production,(1000 MT),89858.0,1,31,agg,"USDA FAS PS&D (Production, Supply & Distribution)",https://apps.fas.usda.gov/psdonline/downloads/
"Oilseed, Rapeseed",World,2023,Production,(1000 MT),89974.0,1,31,agg,"USDA FAS PS&D (Production, Supply & Distribution)",https://apps.fas.usda.gov/psdonline/downloads/
"Oilseed, Rapeseed",World,2024,Production,(1000 MT),86285.0,1,31,agg,"USDA FAS PS&D (Production, Supply & Distribution)",https://apps.fas.usda.gov/psdonline/downloads/
"Oilseed, Rapeseed",World,2025,Production,(1000 MT),95567.0,1,31,agg,"USDA FAS PS&D (Production, Supply & Distribution)",https://apps.fas.usda.gov/psdonline/downloads/
"Oilseed, Rapeseed",World,2026,Production,(1000 MT),96909.0,1,31,agg,"USDA FAS PS&D (Production, Supply & Distribution)",https://apps.fas.usda.gov/psdonline/downloads/
"Oilseed, Rapeseed",World,1964,Total Distribution,(1000 MT),5168.0,1,32,agg,"USDA FAS PS&D (Production, Supply & Distribution)",https://apps.fas.usda.gov/psdonline/downloads/
"Oilseed, Rapeseed",World,1965,Total Distribution,(1000 MT),5928.0,1,32,agg,"USDA FAS PS&D (Production, Supply & Distribution)",https://apps.fas.usda.gov/psdonline/downloads/
"Oilseed, Rapeseed",World,1966,Total Distribution,(1000 MT),5537.0,1,32,agg,"USDA FAS PS&D (Production, Supply & Distribution)",https://apps.fas.usda.gov/psdonline/downloads/
"Oilseed, Rapeseed",World,1967,Total Distribution,(1000 MT),6809.0,1,33,agg,"USDA FAS PS&D (Production, Supply & Distribution)",https://apps.fas.usda.gov/psdonline/downloads/
"Oilseed, Rapeseed",World,1968,Total Distribution,(1000 MT),6864.0,1,34,agg,"USDA FAS PS&D (Production, Supply & Distribution)",https://apps.fas.usda.gov/psdonline/downloads/
"Oilseed, Rapeseed",World,1969,Total Distribution,(1000 MT),6427.0,1,33,agg,"USDA FAS PS&D (Production, Supply & Distribution)",https://apps.fas.usda.gov/psdonline/downloads/
"Oilseed, Rapeseed",World,1970,Total Distribution,(1000 MT),8766.0,1,33,agg,"USDA FAS PS&D (Production, Supply & Distribution)",https://apps.fas.usda.gov/psdonline/downloads/
"Oilseed, Rapeseed",World,1971,Total Distribution,(1000 MT),9955.0,1,34,agg,"USDA FAS PS&D (Production, Supply & Distribution)",https://apps.fas.usda.gov/psdonline/downloads/
"Oilseed, Rapeseed",World,1972,Total Distribution,(1000 MT),9954.0,1,33,agg,"USDA FAS PS&D (Production, Supply & Distribution)",https://apps.fas.usda.gov/psdonline/downloads/
"Oilseed, Rapeseed",World,1973,Total Distribution,(1000 MT),9062.0,1,33,agg,"USDA FAS PS&D (Production, Supply & Distribution)",https://apps.fas.usda.gov/psdonline/downloads/
"Oilseed, Rapeseed",World,1974,Total Distribution,(1000 MT),9426.0,1,34,agg,"USDA FAS PS&D (Production, Supply & Distribution)",https://apps.fas.usda.gov/psdonline/downloads/
"Oilseed, Rapeseed",World,1975,Total Distribution,(1000 MT),10441.0,1,35,agg,"USDA FAS PS&D (Production, Supply & Distribution)",https://apps.fas.usda.gov/psdonline/downloads/
"Oilseed, Rapeseed",World,1976,Total Distribution,(1000 MT),10035.0,1,33,agg,"USDA FAS PS&D (Production, Supply & Distribution)",https://apps.fas.usda.gov/psdonline/downloads/
"Oilseed, Rapeseed",World,1977,Total Distribution,(1000 MT),9684.0,1,33,agg,"USDA FAS PS&D (Production, Supply & Distribution)",https://apps.fas.usda.gov/psdonline/downloads/
"Oilseed, Rapeseed",World,1978,Total Distribution,(1000 MT),13033.0,1,36,agg,"USDA FAS PS&D (Production, Supply & Distribution)",https://apps.fas.usda.gov/psdonline/downloads/
"Oilseed, Rapeseed",World,1979,Total Distribution,(1000 MT),13339.0,1,35,agg,"USDA FAS PS&D (Production, Supply & Distribution)",https://apps.fas.usda.gov/psdonline/downloads/
"Oilseed, Rapeseed",World,1980,Total Distribution,(1000 MT),15109.0,1,35,agg,"USDA FAS PS&D (Production, Supply & Distribution)",https://apps.fas.usda.gov/psdonline/downloads/
"Oilseed, Rapeseed",World,1981,Total Distribution,(1000 MT),15975.0,1,35,agg,"USDA FAS PS&D (Production, Supply & Distribution)",https://apps.fas.usda.gov/psdonline/downloads/
"Oilseed, Rapeseed",World,1982,Total Distribution,(1000 MT),18100.0,1,34,agg,"USDA FAS PS&D (Production, Supply & Distribution)",https://apps.fas.usda.gov/psdonline/downloads/
"Oilseed, Rapeseed",World,1983,Total Distribution,(1000 MT),17741.0,1,34,agg,"USDA FAS PS&D (Production, Supply & Distribution)",https://apps.fas.usda.gov/psdonline/downloads/
"Oilseed, Rapeseed",World,1984,Total Distribution,(1000 MT),20847.0,1,33,agg,"USDA FAS PS&D (Production, Supply & Distribution)",https://apps.fas.usda.gov/psdonline/downloads/
"Oilseed, Rapeseed",World,1985,Total Distribution,(1000 MT),23199.0,1,33,agg,"USDA FAS PS&D (Production, Supply & Distribution)",https://apps.fas.usda.gov/psdonline/downloads/
"Oilseed, Rapeseed",World,1986,Total Distribution,(1000 MT),25502.0,1,34,agg,"USDA FAS PS&D (Production, Supply & Distribution)",https://apps.fas.usda.gov/psdonline/downloads/
"Oilseed, Rapeseed",World,1987,Total Distribution,(1000 MT),28508.0,1,38,agg,"USDA FAS PS&D (Production, Supply & Distribution)",https://apps.fas.usda.gov/psdonline/downloads/
"Oilseed, Rapeseed",World,1988,Total Distribution,(1000 MT),28266.0,1,38,agg,"USDA FAS PS&D (Production, Supply & Distribution)",https://apps.fas.usda.gov/psdonline/downloads/
"Oilseed, Rapeseed",World,1989,Total Distribution,(1000 MT),28221.0,1,39,agg,"USDA FAS PS&D (Production, Supply & Distribution)",https://apps.fas.usda.gov/psdonline/downloads/
"Oilseed, Rapeseed",World,1990,Total Distribution,(1000 MT),30984.0,1,38,agg,"USDA FAS PS&D (Production, Supply & Distribution)",https://apps.fas.usda.gov/psdonline/downloads/
"Oilseed, Rapeseed",World,1991,Total Distribution,(1000 MT),31850.0,1,26,agg,"USDA FAS PS&D (Production, Supply & Distribution)",https://apps.fas.usda.gov/psdonline/downloads/
"Oilseed, Rapeseed",World,1992,Total Distribution,(1000 MT),29052.0,1,26,agg,"USDA FAS PS&D (Production, Supply & Distribution)",https://apps.fas.usda.gov/psdonline/downloads/
"Oilseed, Rapeseed",World,1993,Total Distribution,(1000 MT),31667.0,1,27,agg,"USDA FAS PS&D (Production, Supply & Distribution)",https://apps.fas.usda.gov/psdonline/downloads/
"Oilseed, Rapeseed",World,1994,Total Distribution,(1000 MT),35393.0,1,27,agg,"USDA FAS PS&D (Production, Supply & Distribution)",https://apps.fas.usda.gov/psdonline/downloads/
"Oilseed, Rapeseed",World,1995,Total Distribution,(1000 MT),39203.0,1,27,agg,"USDA FAS PS&D (Production, Supply & Distribution)",https://apps.fas.usda.gov/psdonline/downloads/
"Oilseed, Rapeseed",World,1996,Total Distribution,(1000 MT),36981.0,1,27,agg,"USDA FAS PS&D (Production, Supply & Distribution)",https://apps.fas.usda.gov/psdonline/downloads/
"Oilseed, Rapeseed",World,1997,Total Distribution,(1000 MT),39464.0,1,27,agg,"USDA FAS PS&D (Production, Supply & Distribution)",https://apps.fas.usda.gov/psdonline/downloads/
"Oilseed, Rapeseed",World,1998,Total Distribution,(1000 MT),43864.0,1,27,agg,"USDA FAS PS&D (Production, Supply & Distribution)",https://apps.fas.usda.gov/psdonline/downloads/
"Oilseed, Rapeseed",World,1999,Total Distribution,(1000 MT),52958.0,1,22,agg,"USDA FAS PS&D (Production, Supply & Distribution)",https://apps.fas.usda.gov/psdonline/downloads/
"Oilseed, Rapeseed",World,2000,Total Distribution,(1000 MT),48612.0,1,22,agg,"USDA FAS PS&D (Production, Supply & Distribution)",https://apps.fas.usda.gov/psdonline/downloads/
"Oilseed, Rapeseed",World,2001,Total Distribution,(1000 MT),43673.0,1,22,agg,"USDA FAS PS&D (Production, Supply & Distribution)",https://apps.fas.usda.gov/psdonline/downloads/
"Oilseed, Rapeseed",World,2002,Total Distribution,(1000 MT),40229.0,1,22,agg,"USDA FAS PS&D (Production, Supply & Distribution)",https://apps.fas.usda.gov/psdonline/downloads/
"Oilseed, Rapeseed",World,2003,Total Distribution,(1000 MT),46841.0,1,22,agg,"USDA FAS PS&D (Production, Supply & Distribution)",https://apps.fas.usda.gov/psdonline/downloads/
"Oilseed, Rapeseed",World,2004,Total Distribution,(1000 MT),53602.0,1,22,agg,"USDA FAS PS&D (Production, Supply & Distribution)",https://apps.fas.usda.gov/psdonline/downloads/
"Oilseed, Rapeseed",World,2005,Total Distribution,(1000 MT),60922.0,1,28,agg,"USDA FAS PS&D (Production, Supply & Distribution)",https://apps.fas.usda.gov/psdonline/downloads/
"Oilseed, Rapeseed",World,2006,Total Distribution,(1000 MT),58724.0,1,28,agg,"USDA FAS PS&D (Production, Supply & Distribution)",https://apps.fas.usda.gov/psdonline/downloads/
"Oilseed, Rapeseed",World,2007,Total Distribution,(1000 MT),62239.0,1,28,agg,"USDA FAS PS&D (Production, Supply & Distribution)",https://apps.fas.usda.gov/psdonline/downloads/
"Oilseed, Rapeseed",World,2008,Total Distribution,(1000 MT),75142.0,1,28,agg,"USDA FAS PS&D (Production, Supply & Distribution)",https://apps.fas.usda.gov/psdonline/downloads/
"Oilseed, Rapeseed",World,2009,Total Distribution,(1000 MT),79554.0,1,28,agg,"USDA FAS PS&D (Production, Supply & Distribution)",https://apps.fas.usda.gov/psdonline/downloads/
"Oilseed, Rapeseed",World,2010,Total Distribution,(1000 MT),80128.0,1,29,agg,"USDA FAS PS&D (Production, Supply & Distribution)",https://apps.fas.usda.gov/psdonline/downloads/
"Oilseed, Rapeseed",World,2011,Total Distribution,(1000 MT),84221.0,1,29,agg,"USDA FAS PS&D (Production, Supply & Distribution)",https://apps.fas.usda.gov/psdonline/downloads/
"Oilseed, Rapeseed",World,2012,Total Distribution,(1000 MT),84378.0,1,30,agg,"USDA FAS PS&D (Production, Supply & Distribution)",https://apps.fas.usda.gov/psdonline/downloads/
"Oilseed, Rapeseed",World,2013,Total Distribution,(1000 MT),93771.0,1,30,agg,"USDA FAS PS&D (Production, Supply & Distribution)",https://apps.fas.usda.gov/psdonline/downloads/
"Oilseed, Rapeseed",World,2014,Total Distribution,(1000 MT),94405.0,1,30,agg,"USDA FAS PS&D (Production, Supply & Distribution)",https://apps.fas.usda.gov/psdonline/downloads/
"Oilseed, Rapeseed",World,2015,Total Distribution,(1000 MT),91528.0,1,30,agg,"USDA FAS PS&D (Production, Supply & Distribution)",https://apps.fas.usda.gov/psdonline/downloads/
"Oilseed, Rapeseed",World,2016,Total Distribution,(1000 MT),93144.0,1,31,agg,"USDA FAS PS&D (Production, Supply & Distribution)",https://apps.fas.usda.gov/psdonline/downloads/
"Oilseed, Rapeseed",World,2017,Total Distribution,(1000 MT),97134.0,1,31,agg,"USDA FAS PS&D (Production, Supply & Distribution)",https://apps.fas.usda.gov/psdonline/downloads/
"Oilseed, Rapeseed",World,2018,Total Distribution,(1000 MT),96690.0,1,31,agg,"USDA FAS PS&D (Production, Supply & Distribution)",https://apps.fas.usda.gov/psdonline/downloads/
"Oilseed, Rapeseed",World,2019,Total Distribution,(1000 MT),96835.0,1,31,agg,"USDA FAS PS&D (Production, Supply & Distribution)",https://apps.fas.usda.gov/psdonline/downloads/
"Oilseed, Rapeseed",World,2020,Total Distribution,(1000 MT),100416.0,1,31,agg,"USDA FAS PS&D (Production, Supply & Distribution)",https://apps.fas.usda.gov/psdonline/downloads/
"Oilseed, Rapeseed",World,2021,Total Distribution,(1000 MT),98356.0,1,31,agg,"USDA FAS PS&D (Production, Supply & Distribution)",https://apps.fas.usda.gov/psdonline/downloads/
"Oilseed, Rapeseed",World,2022,Total Distribution,(1000 MT),117253.0,1,31,agg,"USDA FAS PS&D (Production, Supply & Distribution)",https://apps.fas.usda.gov/psdonline/downloads/
"Oilseed, Rapeseed",World,2023,Total Distribution,(1000 MT),119230.0,1,31,agg,"USDA FAS PS&D (Production, Supply & Distribution)",https://apps.fas.usda.gov/psdonline/downloads/
"Oilseed, Rapeseed",World,2024,Total Distribution,(1000 MT),118228.0,1,31,agg,"USDA FAS PS&D (Production, Supply & Distribution)",https://apps.fas.usda.gov/psdonline/downloads/
"Oilseed, Rapeseed",World,2025,Total Distribution,(1000 MT),122868.0,1,31,agg,"USDA FAS PS&D (Production, Supply & Distribution)",https://apps.fas.usda.gov/psdonline/downloads/
"Oilseed, Rapeseed",World,2026,Total Distribution,(1000 MT),127165.0,1,31,agg,"USDA FAS PS&D (Production, Supply & Distribution)",https://apps.fas.usda.gov/psdonline/downloads/
"Oilseed, Rapeseed",World,1964,Total Supply,(1000 MT),5168.0,1,32,agg,"USDA FAS PS&D (Production, Supply & Distribution)",https://apps.fas.usda.gov/psdonline/downloads/
"Oilseed, Rapeseed",World,1965,Total Supply,(1000 MT),5928.0,1,32,agg,"USDA FAS PS&D (Production, Supply & Distribution)",https://apps.fas.usda.gov/psdonline/downloads/
"Oilseed, Rapeseed",World,1966,Total Supply,(1000 MT),5537.0,1,32,agg,"USDA FAS PS&D (Production, Supply & Distribution)",https://apps.fas.usda.gov/psdonline/downloads/
"Oilseed, Rapeseed",World,1967,Total Supply,(1000 MT),6809.0,1,33,agg,"USDA FAS PS&D (Production, Supply & Distribution)",https://apps.fas.usda.gov/psdonline/downloads/
"Oilseed, Rapeseed",World,1968,Total Supply,(1000 MT),6864.0,1,34,agg,"USDA FAS PS&D (Production, Supply & Distribution)",https://apps.fas.usda.gov/psdonline/downloads/
"Oilseed, Rapeseed",World,1969,Total Supply,(1000 MT),6427.0,1,33,agg,"USDA FAS PS&D (Production, Supply & Distribution)",https://apps.fas.usda.gov/psdonline/downloads/
"Oilseed, Rapeseed",World,1970,Total Supply,(1000 MT),8766.0,1,33,agg,"USDA FAS PS&D (Production, Supply & Distribution)",https://apps.fas.usda.gov/psdonline/downloads/
"Oilseed, Rapeseed",World,1971,Total Supply,(1000 MT),9955.0,1,34,agg,"USDA FAS PS&D (Production, Supply & Distribution)",https://apps.fas.usda.gov/psdonline/downloads/
"Oilseed, Rapeseed",World,1972,Total Supply,(1000 MT),9954.0,1,33,agg,"USDA FAS PS&D (Production, Supply & Distribution)",https://apps.fas.usda.gov/psdonline/downloads/
"Oilseed, Rapeseed",World,1973,Total Supply,(1000 MT),9062.0,1,33,agg,"USDA FAS PS&D (Production, Supply & Distribution)",https://apps.fas.usda.gov/psdonline/downloads/
"Oilseed, Rapeseed",World,1974,Total Supply,(1000 MT),9426.0,1,34,agg,"USDA FAS PS&D (Production, Supply & Distribution)",https://apps.fas.usda.gov/psdonline/downloads/
"Oilseed, Rapeseed",World,1975,Total Supply,(1000 MT),10441.0,1,35,agg,"USDA FAS PS&D (Production, Supply & Distribution)",https://apps.fas.usda.gov/psdonline/downloads/
"Oilseed, Rapeseed",World,1976,Total Supply,(1000 MT),10035.0,1,33,agg,"USDA FAS PS&D (Production, Supply & Distribution)",https://apps.fas.usda.gov/psdonline/downloads/
"Oilseed, Rapeseed",World,1977,Total Supply,(1000 MT),9684.0,1,33,agg,"USDA FAS PS&D (Production, Supply & Distribution)",https://apps.fas.usda.gov/psdonline/downloads/
"Oilseed, Rapeseed",World,1978,Total Supply,(1000 MT),13033.0,1,36,agg,"USDA FAS PS&D (Production, Supply & Distribution)",https://apps.fas.usda.gov/psdonline/downloads/
"Oilseed, Rapeseed",World,1979,Total Supply,(1000 MT),13339.0,1,35,agg,"USDA FAS PS&D (Production, Supply & Distribution)",https://apps.fas.usda.gov/psdonline/downloads/
"Oilseed, Rapeseed",World,1980,Total Supply,(1000 MT),15109.0,1,35,agg,"USDA FAS PS&D (Production, Supply & Distribution)",https://apps.fas.usda.gov/psdonline/downloads/
"Oilseed, Rapeseed",World,1981,Total Supply,(1000 MT),15975.0,1,35,agg,"USDA FAS PS&D (Production, Supply & Distribution)",https://apps.fas.usda.gov/psdonline/downloads/
"Oilseed, Rapeseed",World,1982,Total Supply,(1000 MT),18100.0,1,34,agg,"USDA FAS PS&D (Production, Supply & Distribution)",https://apps.fas.usda.gov/psdonline/downloads/
"Oilseed, Rapeseed",World,1983,Total Supply,(1000 MT),17741.0,1,34,agg,"USDA FAS PS&D (Production, Supply & Distribution)",https://apps.fas.usda.gov/psdonline/downloads/
"Oilseed, Rapeseed",World,1984,Total Supply,(1000 MT),20847.0,1,33,agg,"USDA FAS PS&D (Production, Supply & Distribution)",https://apps.fas.usda.gov/psdonline/downloads/
"Oilseed, Rapeseed",World,1985,Total Supply,(1000 MT),23199.0,1,33,agg,"USDA FAS PS&D (Production, Supply & Distribution)",https://apps.fas.usda.gov/psdonline/downloads/
"Oilseed, Rapeseed",World,1986,Total Supply,(1000 MT),25502.0,1,34,agg,"USDA FAS PS&D (Production, Supply & Distribution)",https://apps.fas.usda.gov/psdonline/downloads/
"Oilseed, Rapeseed",World,1987,Total Supply,(1000 MT),28508.0,1,38,agg,"USDA FAS PS&D (Production, Supply & Distribution)",https://apps.fas.usda.gov/psdonline/downloads/
"Oilseed, Rapeseed",World,1988,Total Supply,(1000 MT),28266.0,1,38,agg,"USDA FAS PS&D (Production, Supply & Distribution)",https://apps.fas.usda.gov/psdonline/downloads/
"Oilseed, Rapeseed",World,1989,Total Supply,(1000 MT),28221.0,1,39,agg,"USDA FAS PS&D (Production, Supply & Distribution)",https://apps.fas.usda.gov/psdonline/downloads/
"Oilseed, Rapeseed",World,1990,Total Supply,(1000 MT),30984.0,1,38,agg,"USDA FAS PS&D (Production, Supply & Distribution)",https://apps.fas.usda.gov/psdonline/downloads/
"Oilseed, Rapeseed",World,1991,Total Supply,(1000 MT),31850.0,1,26,agg,"USDA FAS PS&D (Production, Supply & Distribution)",https://apps.fas.usda.gov/psdonline/downloads/
"Oilseed, Rapeseed",World,1992,Total Supply,(1000 MT),29052.0,1,26,agg,"USDA FAS PS&D (Production, Supply & Distribution)",https://apps.fas.usda.gov/psdonline/downloads/
"Oilseed, Rapeseed",World,1993,Total Supply,(1000 MT),31667.0,1,27,agg,"USDA FAS PS&D (Production, Supply & Distribution)",https://apps.fas.usda.gov/psdonline/downloads/
"Oilseed, Rapeseed",World,1994,Total Supply,(1000 MT),35393.0,1,27,agg,"USDA FAS PS&D (Production, Supply & Distribution)",https://apps.fas.usda.gov/psdonline/downloads/
"Oilseed, Rapeseed",World,1995,Total Supply,(1000 MT),39203.0,1,27,agg,"USDA FAS PS&D (Production, Supply & Distribution)",https://apps.fas.usda.gov/psdonline/downloads/
"Oilseed, Rapeseed",World,1996,Total Supply,(1000 MT),36981.0,1,27,agg,"USDA FAS PS&D (Production, Supply & Distribution)",https://apps.fas.usda.gov/psdonline/downloads/
"Oilseed, Rapeseed",World,1997,Total Supply,(1000 MT),39464.0,1,27,agg,"USDA FAS PS&D (Production, Supply & Distribution)",https://apps.fas.usda.gov/psdonline/downloads/
"Oilseed, Rapeseed",World,1998,Total Supply,(1000 MT),43864.0,1,27,agg,"USDA FAS PS&D (Production, Supply & Distribution)",https://apps.fas.usda.gov/psdonline/downloads/
"Oilseed, Rapeseed",World,1999,Total Supply,(1000 MT),52958.0,1,22,agg,"USDA FAS PS&D (Production, Supply & Distribution)",https://apps.fas.usda.gov/psdonline/downloads/
"Oilseed, Rapeseed",World,2000,Total Supply,(1000 MT),48612.0,1,22,agg,"USDA FAS PS&D (Production, Supply & Distribution)",https://apps.fas.usda.gov/psdonline/downloads/
"Oilseed, Rapeseed",World,2001,Total Supply,(1000 MT),43673.0,1,22,agg,"USDA FAS PS&D (Production, Supply & Distribution)",https://apps.fas.usda.gov/psdonline/downloads/
"Oilseed, Rapeseed",World,2002,Total Supply,(1000 MT),40229.0,1,22,agg,"USDA FAS PS&D (Production, Supply & Distribution)",https://apps.fas.usda.gov/psdonline/downloads/
"Oilseed, Rapeseed",World,2003,Total Supply,(1000 MT),46841.0,1,22,agg,"USDA FAS PS&D (Production, Supply & Distribution)",https://apps.fas.usda.gov/psdonline/downloads/
"Oilseed, Rapeseed",World,2004,Total Supply,(1000 MT),53602.0,1,22,agg,"USDA FAS PS&D (Production, Supply & Distribution)",https://apps.fas.usda.gov/psdonline/downloads/
"Oilseed, Rapeseed",World,2005,Total Supply,(1000 MT),60922.0,1,28,agg,"USDA FAS PS&D (Production, Supply & Distribution)",https://apps.fas.usda.gov/psdonline/downloads/
"Oilseed, Rapeseed",World,2006,Total Supply,(1000 MT),58724.0,1,28,agg,"USDA FAS PS&D (Production, Supply & Distribution)",https://apps.fas.usda.gov/psdonline/downloads/
"Oilseed, Rapeseed",World,2007,Total Supply,(1000 MT),62239.0,1,28,agg,"USDA FAS PS&D (Production, Supply & Distribution)",https://apps.fas.usda.gov/psdonline/downloads/
"Oilseed, Rapeseed",World,2008,Total Supply,(1000 MT),75142.0,1,28,agg,"USDA FAS PS&D (Production, Supply & Distribution)",https://apps.fas.usda.gov/psdonline/downloads/
"Oilseed, Rapeseed",World,2009,Total Supply,(1000 MT),79554.0,1,28,agg,"USDA FAS PS&D (Production, Supply & Distribution)",https://apps.fas.usda.gov/psdonline/downloads/
"Oilseed, Rapeseed",World,2010,Total Supply,(1000 MT),80128.0,1,29,agg,"USDA FAS PS&D (Production, Supply & Distribution)",https://apps.fas.usda.gov/psdonline/downloads/
"Oilseed, Rapeseed",World,2011,Total Supply,(1000 MT),84221.0,1,29,agg,"USDA FAS PS&D (Production, Supply & Distribution)",https://apps.fas.usda.gov/psdonline/downloads/
"Oilseed, Rapeseed",World,2012,Total Supply,(1000 MT),84378.0,1,30,agg,"USDA FAS PS&D (Production, Supply & Distribution)",https://apps.fas.usda.gov/psdonline/downloads/
"Oilseed, Rapeseed",World,2013,Total Supply,(1000 MT),93771.0,1,30,agg,"USDA FAS PS&D (Production, Supply & Distribution)",https://apps.fas.usda.gov/psdonline/downloads/
"Oilseed, Rapeseed",World,2014,Total Supply,(1000 MT),94405.0,1,30,agg,"USDA FAS PS&D (Production, Supply & Distribution)",https://apps.fas.usda.gov/psdonline/downloads/
"Oilseed, Rapeseed",World,2015,Total Supply,(1000 MT),91528.0,1,30,agg,"USDA FAS PS&D (Production, Supply & Distribution)",https://apps.fas.usda.gov/psdonline/downloads/
"Oilseed, Rapeseed",World,2016,Total Supply,(1000 MT),93144.0,1,31,agg,"USDA FAS PS&D (Production, Supply & Distribution)",https://apps.fas.usda.gov/psdonline/downloads/
"Oilseed, Rapeseed",World,2017,Total Supply,(1000 MT),97134.0,1,31,agg,"USDA FAS PS&D (Production, Supply & Distribution)",https://apps.fas.usda.gov/psdonline/downloads/
"Oilseed, Rapeseed",World,2018,Total Supply,(1000 MT),96690.0,1,31,agg,"USDA FAS PS&D (Production, Supply & Distribution)",https://apps.fas.usda.gov/psdonline/downloads/
"Oilseed, Rapeseed",World,2019,Total Supply,(1000 MT),96835.0,1,31,agg,"USDA FAS PS&D (Production, Supply & Distribution)",https://apps.fas.usda.gov/psdonline/downloads/
"Oilseed, Rapeseed",World,2020,Total Supply,(1000 MT),100416.0,1,31,agg,"USDA FAS PS&D (Production, Supply & Distribution)",https://apps.fas.usda.gov/psdonline/downloads/
"Oilseed, Rapeseed",World,2021,Total Supply,(1000 MT),98356.0,1,31,agg,"USDA FAS PS&D (Production, Supply & Distribution)",https://apps.fas.usda.gov/psdonline/downloads/
"Oilseed, Rapeseed",World,2022,Total Supply,(1000 MT),117253.0,1,31,agg,"USDA FAS PS&D (Production, Supply & Distribution)",https://apps.fas.usda.gov/psdonline/downloads/
"Oilseed, Rapeseed",World,2023,Total Supply,(1000 MT),119230.0,1,31,agg,"USDA FAS PS&D (Production, Supply & Distribution)",https://apps.fas.usda.gov/psdonline/downloads/
"Oilseed, Rapeseed",World,2024,Total Supply,(1000 MT),118228.0,1,31,agg,"USDA FAS PS&D (Production, Supply & Distribution)",https://apps.fas.usda.gov/psdonline/downloads/
"Oilseed, Rapeseed",World,2025,Total Supply,(1000 MT),122868.0,1,31,agg,"USDA FAS PS&D (Production, Supply & Distribution)",https://apps.fas.usda.gov/psdonline/downloads/
"Oilseed, Rapeseed",World,2026,Total Supply,(1000 MT),127165.0,1,31,agg,"USDA FAS PS&D (Production, Supply & Distribution)",https://apps.fas.usda.gov/psdonline/downloads/
