commodity,country,market_year,attribute,unit,value,is_aggregate,n_countries,vintage_month,source,source_url
"Oil, Cottonseed",World,1966,Beginning Stocks,(1000 MT),0.0,1,1,agg,"USDA FAS PS&D (Production, Supply & Distribution)",https://apps.fas.usda.gov/psdonline/downloads/
"Oil, Cottonseed",World,1967,Beginning Stocks,(1000 MT),0.0,1,1,agg,"USDA FAS PS&D (Production, Supply & Distribution)",https://apps.fas.usda.gov/psdonline/downloads/
"Oil, Cottonseed",World,1968,Beginning Stocks,(1000 MT),0.0,1,1,agg,"USDA FAS PS&D (Production, Supply & Distribution)",https://apps.fas.usda.gov/psdonline/downloads/
"Oil, Cottonseed",World,1969,Beginning Stocks,(1000 MT),180.0,1,59,agg,"USDA FAS PS&D (Production, Supply & Distribution)",https://apps.fas.usda.gov/psdonline/downloads/
"Oil, Cottonseed",World,1970,Beginning Stocks,(1000 MT),69.0,1,58,agg,"USDA FAS PS&D (Production, Supply & Distribution)",https://apps.fas.usda.gov/psdonline/downloads/
"Oil, Cottonseed",World,1971,Beginning Stocks,(1000 MT),54.0,1,60,agg,"USDA FAS PS&D (Production, Supply & Distribution)",https://apps.fas.usda.gov/psdonline/downloads/
"Oil, Cottonseed",World,1972,Beginning Stocks,(1000 MT),74.0,1,60,agg,"USDA FAS PS&D (Production, Supply & Distribution)",https://apps.fas.usda.gov/psdonline/downloads/
"Oil, Cottonseed",World,1973,Beginning Stocks,(1000 MT),70.0,1,60,agg,"USDA FAS PS&D (Production, Supply & Distribution)",https://apps.fas.usda.gov/psdonline/downloads/
"Oil, Cottonseed",World,1974,Beginning Stocks,(1000 MT),58.0,1,58,agg,"USDA FAS PS&D (Production, Supply & Distribution)",https://apps.fas.usda.gov/psdonline/downloads/
"Oil, Cottonseed",World,1975,Beginning Stocks,(1000 MT),70.0,1,59,agg,"USDA FAS PS&D (Production, Supply & Distribution)",https://apps.fas.usda.gov/psdonline/downloads/
"Oil, Cottonseed",World,1976,Beginning Stocks,(1000 MT),56.0,1,58,agg,"USDA FAS PS&D (Production, Supply & Distribution)",https://apps.fas.usda.gov/psdonline/downloads/
"Oil, Cottonseed",World,1977,Beginning Stocks,(1000 MT),44.0,1,57,agg,"USDA FAS PS&D (Production, Supply & Distribution)",https://apps.fas.usda.gov/psdonline/downloads/
"Oil, Cottonseed",World,1978,Beginning Stocks,(1000 MT),66.0,1,56,agg,"USDA FAS PS&D (Production, Supply & Distribution)",https://apps.fas.usda.gov/psdonline/downloads/
"Oil, Cottonseed",World,1979,Beginning Stocks,(1000 MT),61.0,1,56,agg,"USDA FAS PS&D (Production, Supply & Distribution)",https://apps.fas.usda.gov/psdonline/downloads/
"Oil, Cottonseed",World,1980,Beginning Stocks,(1000 MT),91.0,1,56,agg,"USDA FAS PS&D (Production, Supply & Distribution)",https://apps.fas.usda.gov/psdonline/downloads/
"Oil, Cottonseed",World,1981,Beginning Stocks,(1000 MT),70.0,1,56,agg,"USDA FAS PS&D (Production, Supply & Distribution)",https://apps.fas.usda.gov/psdonline/downloads/
"Oil, Cottonseed",World,1982,Beginning Stocks,(1000 MT),87.0,1,54,agg,"USDA FAS PS&D (Production, Supply & Distribution)",https://apps.fas.usda.gov/psdonline/downloads/
"Oil, Cottonseed",World,1983,Beginning Stocks,(1000 MT),101.0,1,55,agg,"USDA FAS PS&D (Production, Supply & Distribution)",https://apps.fas.usda.gov/psdonline/downloads/
"Oil, Cottonseed",World,1984,Beginning Stocks,(1000 MT),83.0,1,55,agg,"USDA FAS PS&D (Production, Supply & Distribution)",https://apps.fas.usda.gov/psdonline/downloads/
"Oil, Cottonseed",World,1985,Beginning Stocks,(1000 MT),175.0,1,54,agg,"USDA FAS PS&D (Production, Supply & Distribution)",https://apps.fas.usda.gov/psdonline/downloads/
"Oil, Cottonseed",World,1986,Beginning Stocks,(1000 MT),141.0,1,54,agg,"USDA FAS PS&D (Production, Supply & Distribution)",https://apps.fas.usda.gov/psdonline/downloads/
"Oil, Cottonseed",World,1987,Beginning Stocks,(1000 MT),103.0,1,61,agg,"USDA FAS PS&D (Production, Supply & Distribution)",https://apps.fas.usda.gov/psdonline/downloads/
"Oil, Cottonseed",World,1988,Beginning Stocks,(1000 MT),127.0,1,61,agg,"USDA FAS PS&D (Production, Supply & Distribution)",https://apps.fas.usda.gov/psdonline/downloads/
"Oil, Cottonseed",World,1989,Beginning Stocks,(1000 MT),144.0,1,61,agg,"USDA FAS PS&D (Production, Supply & Distribution)",https://apps.fas.usda.gov/psdonline/downloads/
"Oil, Cottonseed",World,1990,Beginning Stocks,(1000 MT),113.0,1,61,agg,"USDA FAS PS&D (Production, Supply & Distribution)",https://apps.fas.usda.gov/psdonline/downloads/
"Oil, Cottonseed",World,1991,Beginning Stocks,(1000 MT),86.0,1,51,agg,"USDA FAS PS&D (Production, Supply & Distribution)",https://apps.fas.usda.gov/psdonline/downloads/
"Oil, Cottonseed",World,1992,Beginning Stocks,(1000 MT),111.0,1,51,agg,"USDA FAS PS&D (Production, Supply & Distribution)",https://apps.fas.usda.gov/psdonline/downloads/
"Oil, Cottonseed",World,1993,Beginning Stocks,(1000 MT),86.0,1,48,agg,"USDA FAS PS&D (Production, Supply & Distribution)",https://apps.fas.usda.gov/psdonline/downloads/
"Oil, Cottonseed",World,1994,Beginning Stocks,(1000 MT),87.0,1,48,agg,"USDA FAS PS&D (Production, Supply & Distribution)",https://apps.fas.usda.gov/psdonline/downloads/
"Oil, Cottonseed",World,1995,Beginning Stocks,(1000 MT),79.0,1,46,agg,"USDA FAS PS&D (Production, Supply & Distribution)",https://apps.fas.usda.gov/psdonline/downloads/
"Oil, Cottonseed",World,1996,Beginning Stocks,(1000 MT),104.0,1,46,agg,"USDA FAS PS&D (Production, Supply & Distribution)",https://apps.fas.usda.gov/psdonline/downloads/
"Oil, Cottonseed",World,1997,Beginning Stocks,(1000 MT),96.0,1,45,agg,"USDA FAS PS&D (Production, Supply & Distribution)",https://apps.fas.usda.gov/psdonline/downloads/
"Oil, Cottonseed",World,1998,Beginning Stocks,(1000 MT),83.0,1,45,agg,"USDA FAS PS&D (Production, Supply & Distribution)",https://apps.fas.usda.gov/psdonline/downloads/
"Oil, Cottonseed",World,1999,Beginning Stocks,(1000 MT),55.0,1,46,agg,"USDA FAS PS&D (Production, Supply & Distribution)",https://apps.fas.usda.gov/psdonline/downloads/
"Oil, Cottonseed",World,2000,Beginning Stocks,(1000 MT),86.0,1,44,agg,"USDA FAS PS&D (Production, Supply & Distribution)",https://apps.fas.usda.gov/psdonline/downloads/
"Oil, Cottonseed",World,2001,Beginning Stocks,(1000 MT),114.0,1,42,agg,"USDA FAS PS&D (Production, Supply & Distribution)",https://apps.fas.usda.gov/psdonline/downloads/
"Oil, Cottonseed",World,2002,Beginning Stocks,(1000 MT),127.0,1,41,agg,"USDA FAS PS&D (Production, Supply & Distribution)",https://apps.fas.usda.gov/psdonline/downloads/
"Oil, Cottonseed",World,2003,Beginning Stocks,(1000 MT),81.0,1,41,agg,"USDA FAS PS&D (Production, Supply & Distribution)",https://apps.fas.usda.gov/psdonline/downloads/
"Oil, Cottonseed",World,2004,Beginning Stocks,(1000 MT),115.0,1,40,agg,"USDA FAS PS&D (Production, Supply & Distribution)",https://apps.fas.usda.gov/psdonline/downloads/
"Oil, Cottonseed",World,2005,Beginning Stocks,(1000 MT),277.0,1,41,agg,"USDA FAS PS&D (Production, Supply & Distribution)",https://apps.fas.usda.gov/psdonline/downloads/
"Oil, Cottonseed",World,2006,Beginning Stocks,(1000 MT),295.0,1,41,agg,"USDA FAS PS&D (Production, Supply & Distribution)",https://apps.fas.usda.gov/psdonline/downloads/
"Oil, Cottonseed",World,2007,Beginning Stocks,(1000 MT),270.0,1,41,agg,"USDA FAS PS&D (Production, Supply & Distribution)",https://apps.fas.usda.gov/psdonline/downloads/
"Oil, Cottonseed",World,2008,Beginning Stocks,(1000 MT),291.0,1,41,agg,"USDA FAS PS&D (Production, Supply & Distribution)",https://apps.fas.usda.gov/psdonline/downloads/
"Oil, Cottonseed",World,2009,Beginning Stocks,(1000 MT),229.0,1,41,agg,"USDA FAS PS&D (Production, Supply & Distribution)",https://apps.fas.usda.gov/psdonline/downloads/
"Oil, Cottonseed",World,2010,Beginning Stocks,(1000 MT),196.0,1,41,agg,"USDA FAS PS&D (Production, Supply & Distribution)",https://apps.fas.usda.gov/psdonline/downloads/
"Oil, Cottonseed",World,2011,Beginning Stocks,(1000 MT),236.0,1,41,agg,"USDA FAS PS&D (Production, Supply & Distribution)",https://apps.fas.usda.gov/psdonline/downloads/
"Oil, Cottonseed",World,2012,Beginning Stocks,(1000 MT),254.0,1,41,agg,"USDA FAS PS&D (Production, Supply & Distribution)",https://apps.fas.usda.gov/psdonline/downloads/
"Oil, Cottonseed",World,2013,Beginning Stocks,(1000 MT),283.0,1,41,agg,"USDA FAS PS&D (Production, Supply & Distribution)",https://apps.fas.usda.gov/psdonline/downloads/
"Oil, Cottonseed",World,2014,Beginning Stocks,(1000 MT),202.0,1,41,agg,"USDA FAS PS&D (Production, Supply & Distribution)",https://apps.fas.usda.gov/psdonline/downloads/
"Oil, Cottonseed",World,2015,Beginning Stocks,(1000 MT),230.0,1,41,agg,"USDA FAS PS&D (Production, Supply & Distribution)",https://apps.fas.usda.gov/psdonline/downloads/
"Oil, Cottonseed",World,2016,Beginning Stocks,(1000 MT),150.0,1,41,agg,"USDA FAS PS&D (Production, Supply & Distribution)",https://apps.fas.usda.gov/psdonline/downloads/
"Oil, Cottonseed",World,2017,Beginning Stocks,(1000 MT),162.0,1,41,agg,"USDA FAS PS&D (Production, Supply & Distribution)",https://apps.fas.usda.gov/psdonline/downloads/
"Oil, Cottonseed",World,2018,Beginning Stocks,(1000 MT),214.0,1,41,agg,"USDA FAS PS&D (Production, Supply & Distribution)",https://apps.fas.usda.gov/psdonline/downloads/
"Oil, Cottonseed",World,2019,Beginning Stocks,(1000 MT),203.0,1,41,agg,"USDA FAS PS&D (Production, Supply & Distribution)",https://apps.fas.usda.gov/psdonline/downloads/
"Oil, Cottonseed",World,2020,Beginning Stocks,(1000 MT),221.0,1,41,agg,"USDA FAS PS&D (Production, Supply & Distribution)",https://apps.fas.usda.gov/psdonline/downloads/
"Oil, Cottonseed",World,2021,Beginning Stocks,(1000 MT),191.0,1,41,agg,"USDA FAS PS&D (Production, Supply & Distribution)",https://apps.fas.usda.gov/psdonline/downloads/
"Oil, Cottonseed",World,2022,Beginning Stocks,(1000 MT),157.0,1,41,agg,"USDA FAS PS&D (Production, Supply & Distribution)",https://apps.fas.usda.gov/psdonline/downloads/
"Oil, Cottonseed",World,2023,Beginning Stocks,(1000 MT),150.0,1,41,agg,"USDA FAS PS&D (Production, Supply & Distribution)",https://apps.fas.usda.gov/psdonline/downloads/
"Oil, Cottonseed",World,2024,Beginning Stocks,(1000 MT),188.0,1,41,agg,"USDA FAS PS&D (Production, Supply & Distribution)",https://apps.fas.usda.gov/psdonline/downloads/
"Oil, Cottonseed",World,2025,Beginning Stocks,(1000 MT),178.0,1,41,agg,"USDA FAS PS&D (Production, Supply & Distribution)",https://apps.fas.usda.gov/psdonline/downloads/
"Oil, Cottonseed",World,2026,Beginning Stocks,(1000 MT),196.0,1,25,agg,"USDA FAS PS&D (Production, Supply & Distribution)",https://apps.fas.usda.gov/psdonline/downloads/
"Oil, Cottonseed",World,1966,Crush,(1000 MT),216.0,1,1,agg,"USDA FAS PS&D (Production, Supply & Distribution)",https://apps.fas.usda.gov/psdonline/downloads/
"Oil, Cottonseed",World,1967,Crush,(1000 MT),246.0,1,1,agg,"USDA FAS PS&D (Production, Supply & Distribution)",https://apps.fas.usda.gov/psdonline/downloads/
"Oil, Cottonseed",World,1968,Crush,(1000 MT),244.0,1,1,agg,"USDA FAS PS&D (Production, Supply & Distribution)",https://apps.fas.usda.gov/psdonline/downloads/
"Oil, Cottonseed",World,1969,Crush,(1000 MT),17167.0,1,59,agg,"USDA FAS PS&D (Production, Supply & Distribution)",https://apps.fas.usda.gov/psdonline/downloads/
"Oil, Cottonseed",World,1970,Crush,(1000 MT),16616.0,1,58,agg,"USDA FAS PS&D (Production, Supply & Distribution)",https://apps.fas.usda.gov/psdonline/downloads/
"Oil, Cottonseed",World,1971,Crush,(1000 MT),18395.0,1,60,agg,"USDA FAS PS&D (Production, Supply & Distribution)",https://apps.fas.usda.gov/psdonline/downloads/
"Oil, Cottonseed",World,1972,Crush,(1000 MT),19288.0,1,60,agg,"USDA FAS PS&D (Production, Supply & Distribution)",https://apps.fas.usda.gov/psdonline/downloads/
"Oil, Cottonseed",World,1973,Crush,(1000 MT),19478.0,1,60,agg,"USDA FAS PS&D (Production, Supply & Distribution)",https://apps.fas.usda.gov/psdonline/downloads/
"Oil, Cottonseed",World,1974,Crush,(1000 MT),19198.0,1,58,agg,"USDA FAS PS&D (Production, Supply & Distribution)",https://apps.fas.usda.gov/psdonline/downloads/
"Oil, Cottonseed",World,1975,Crush,(1000 MT),16854.0,1,59,agg,"USDA FAS PS&D (Production, Supply & Distribution)",https://apps.fas.usda.gov/psdonline/downloads/
"Oil, Cottonseed",World,1976,Crush,(1000 MT),16941.0,1,58,agg,"USDA FAS PS&D (Production, Supply & Distribution)",https://apps.fas.usda.gov/psdonline/downloads/
"Oil, Cottonseed",World,1977,Crush,(1000 MT),18695.0,1,57,agg,"USDA FAS PS&D (Production, Supply & Distribution)",https://apps.fas.usda.gov/psdonline/downloads/
"Oil, Cottonseed",World,1978,Crush,(1000 MT),18151.0,1,56,agg,"USDA FAS PS&D (Production, Supply & Distribution)",https://apps.fas.usda.gov/psdonline/downloads/
"Oil, Cottonseed",World,1979,Crush,(1000 MT),18748.0,1,56,agg,"USDA FAS PS&D (Production, Supply & Distribution)",https://apps.fas.usda.gov/psdonline/downloads/
"Oil, Cottonseed",World,1980,Crush,(1000 MT),19700.0,1,56,agg,"USDA FAS PS&D (Production, Supply & Distribution)",https://apps.fas.usda.gov/psdonline/downloads/
"Oil, Cottonseed",World,1981,Crush,(1000 MT),21169.0,1,56,agg,"USDA FAS PS&D (Production, Supply & Distribution)",https://apps.fas.usda.gov/psdonline/downloads/
"Oil, Cottonseed",World,1982,Crush,(1000 MT),20802.0,1,54,agg,"USDA FAS PS&D (Production, Supply & Distribution)",https://apps.fas.usda.gov/psdonline/downloads/
"Oil, Cottonseed",World,1983,Crush,(1000 MT),19741.0,1,55,agg,"USDA FAS PS&D (Production, Supply & Distribution)",https://apps.fas.usda.gov/psdonline/downloads/
"Oil, Cottonseed",World,1984,Crush,(1000 MT),26010.0,1,55,agg,"USDA FAS PS&D (Production, Supply & Distribution)",https://apps.fas.usda.gov/psdonline/downloads/
"Oil, Cottonseed",World,1985,Crush,(1000 MT),22785.0,1,54,agg,"USDA FAS PS&D (Production, Supply & Distribution)",https://apps.fas.usda.gov/psdonline/downloads/
"Oil, Cottonseed",World,1986,Crush,(1000 MT),20626.0,1,54,agg,"USDA FAS PS&D (Production, Supply & Distribution)",https://apps.fas.usda.gov/psdonline/downloads/
"Oil, Cottonseed",World,1987,Crush,(1000 MT),23680.0,1,61,agg,"USDA FAS PS&D (Production, Supply & Distribution)",https://apps.fas.usda.gov/psdonline/downloads/
"Oil, Cottonseed",World,1988,Crush,(1000 MT),24871.0,1,61,agg,"USDA FAS PS&D (Production, Supply & Distribution)",https://apps.fas.usda.gov/psdonline/downloads/
"Oil, Cottonseed",World,1989,Crush,(1000 MT),23625.0,1,61,agg,"USDA FAS PS&D (Production, Supply & Distribution)",https://apps.fas.usda.gov/psdonline/downloads/
"Oil, Cottonseed",World,1990,Crush,(1000 MT),25354.0,1,61,agg,"USDA FAS PS&D (Production, Supply & Distribution)",https://apps.fas.usda.gov/psdonline/downloads/
"Oil, Cottonseed",World,1991,Crush,(1000 MT),27644.0,1,51,agg,"USDA FAS PS&D (Production, Supply & Distribution)",https://apps.fas.usda.gov/psdonline/downloads/
"Oil, Cottonseed",World,1992,Crush,(1000 MT),24173.0,1,51,agg,"USDA FAS PS&D (Production, Supply & Distribution)",https://apps.fas.usda.gov/psdonline/downloads/
"Oil, Cottonseed",World,1993,Crush,(1000 MT),22140.0,1,48,agg,"USDA FAS PS&D (Production, Supply & Distribution)",https://apps.fas.usda.gov/psdonline/downloads/
"Oil, Cottonseed",World,1994,Crush,(1000 MT),24326.0,1,48,agg,"USDA FAS PS&D (Production, Supply & Distribution)",https://apps.fas.usda.gov/psdonline/downloads/
"Oil, Cottonseed",World,1995,Crush,(1000 MT),26935.0,1,46,agg,"USDA FAS PS&D (Production, Supply & Distribution)",https://apps.fas.usda.gov/psdonline/downloads/
"Oil, Cottonseed",World,1996,Crush,(1000 MT),25293.0,1,46,agg,"USDA FAS PS&D (Production, Supply & Distribution)",https://apps.fas.usda.gov/psdonline/downloads/
"Oil, Cottonseed",World,1997,Crush,(1000 MT),25651.0,1,45,agg,"USDA FAS PS&D (Production, Supply & Distribution)",https://apps.fas.usda.gov/psdonline/downloads/
"Oil, Cottonseed",World,1998,Crush,(1000 MT),24462.0,1,45,agg,"USDA FAS PS&D (Production, Supply & Distribution)",https://apps.fas.usda.gov/psdonline/downloads/
"Oil, Cottonseed",World,1999,Crush,(1000 MT),24922.0,1,46,agg,"USDA FAS PS&D (Production, Supply & Distribution)",https://apps.fas.usda.gov/psdonline/downloads/
"Oil, Cottonseed",World,2000,Crush,(1000 MT),24120.0,1,44,agg,"USDA FAS PS&D (Production, Supply & Distribution)",https://apps.fas.usda.gov/psdonline/downloads/
"Oil, Cottonseed",World,2001,Crush,(1000 MT),26356.0,1,42,agg,"USDA FAS PS&D (Production, Supply & Distribution)",https://apps.fas.usda.gov/psdonline/downloads/
"Oil, Cottonseed",World,2002,Crush,(1000 MT),25039.0,1,41,agg,"USDA FAS PS&D (Production, Supply & Distribution)",https://apps.fas.usda.gov/psdonline/downloads/
"Oil, Cottonseed",World,2003,Crush,(1000 MT),25935.0,1,41,agg,"USDA FAS PS&D (Production, Supply & Distribution)",https://apps.fas.usda.gov/psdonline/downloads/
"Oil, Cottonseed",World,2004,Crush,(1000 MT),32821.0,1,41,agg,"USDA FAS PS&D (Production, Supply & Distribution)",https://apps.fas.usda.gov/psdonline/downloads/
"Oil, Cottonseed",World,2005,Crush,(1000 MT),31902.0,1,41,agg,"USDA FAS PS&D (Production, Supply & Distribution)",https://apps.fas.usda.gov/psdonline/downloads/
"Oil, Cottonseed",World,2006,Crush,(1000 MT),32620.0,1,41,agg,"USDA FAS PS&D (Production, Supply & Distribution)",https://apps.fas.usda.gov/psdonline/downloads/
"Oil, Cottonseed",World,2007,Crush,(1000 MT),33602.0,1,41,agg,"USDA FAS PS&D (Production, Supply & Distribution)",https://apps.fas.usda.gov/psdonline/downloads/
"Oil, Cottonseed",World,2008,Crush,(1000 MT),31723.0,1,41,agg,"USDA FAS PS&D (Production, Supply & Distribution)",https://apps.fas.usda.gov/psdonline/downloads/
"Oil, Cottonseed",World,2009,Crush,(1000 MT),30071.0,1,41,agg,"USDA FAS PS&D (Production, Supply & Distribution)",https://apps.fas.usda.gov/psdonline/downloads/
"Oil, Cottonseed",World,2010,Crush,(1000 MT),31339.0,1,41,agg,"USDA FAS PS&D (Production, Supply & Distribution)",https://apps.fas.usda.gov/psdonline/downloads/
"Oil, Cottonseed",World,2011,Crush,(1000 MT),34243.0,1,41,agg,"USDA FAS PS&D (Production, Supply & Distribution)",https://apps.fas.usda.gov/psdonline/downloads/
"Oil, Cottonseed",World,2012,Crush,(1000 MT),34846.0,1,41,agg,"USDA FAS PS&D (Production, Supply & Distribution)",https://apps.fas.usda.gov/psdonline/downloads/
"Oil, Cottonseed",World,2013,Crush,(1000 MT),33381.0,1,41,agg,"USDA FAS PS&D (Production, Supply & Distribution)",https://apps.fas.usda.gov/psdonline/downloads/
"Oil, Cottonseed",World,2014,Crush,(1000 MT),33517.0,1,41,agg,"USDA FAS PS&D (Production, Supply & Distribution)",https://apps.fas.usda.gov/psdonline/downloads/
"Oil, Cottonseed",World,2015,Crush,(1000 MT),28453.0,1,41,agg,"USDA FAS PS&D (Production, Supply & Distribution)",https://apps.fas.usda.gov/psdonline/downloads/
"Oil, Cottonseed",World,2016,Crush,(1000 MT),28676.0,1,41,agg,"USDA FAS PS&D (Production, Supply & Distribution)",https://apps.fas.usda.gov/psdonline/downloads/
"Oil, Cottonseed",World,2017,Crush,(1000 MT),30908.0,1,41,agg,"USDA FAS PS&D (Production, Supply & Distribution)",https://apps.fas.usda.gov/psdonline/downloads/
"Oil, Cottonseed",World,2018,Crush,(1000 MT),29489.0,1,41,agg,"USDA FAS PS&D (Production, Supply & Distribution)",https://apps.fas.usda.gov/psdonline/downloads/
"Oil, Cottonseed",World,2019,Crush,(1000 MT),31183.0,1,41,agg,"USDA FAS PS&D (Production, Supply & Distribution)",https://apps.fas.usda.gov/psdonline/downloads/
"Oil, Cottonseed",World,2020,Crush,(1000 MT),30042.0,1,41,agg,"USDA FAS PS&D (Production, Supply & Distribution)",https://apps.fas.usda.gov/psdonline/downloads/
"Oil, Cottonseed",World,2021,Crush,(1000 MT),30019.0,1,41,agg,"USDA FAS PS&D (Production, Supply & Distribution)",https://apps.fas.usda.gov/psdonline/downloads/
"Oil, Cottonseed",World,2022,Crush,(1000 MT),30216.0,1,41,agg,"USDA FAS PS&D (Production, Supply & Distribution)",https://apps.fas.usda.gov/psdonline/downloads/
"Oil, Cottonseed",World,2023,Crush,(1000 MT),31409.0,1,41,agg,"USDA FAS PS&D (Production, Supply & Distribution)",https://apps.fas.usda.gov/psdonline/downloads/
"Oil, Cottonseed",World,2024,Crush,(1000 MT),31259.0,1,41,agg,"USDA FAS PS&D (Production, Supply & Distribution)",https://apps.fas.usda.gov/psdonline/downloads/
"Oil, Cottonseed",World,2025,Crush,(1000 MT),31361.0,1,41,agg,"USDA FAS PS&D (Production, Supply & Distribution)",https://apps.fas.usda.gov/psdonline/downloads/
"Oil, Cottonseed",World,2026,Crush,(1000 MT),29710.0,1,25,agg,"USDA FAS PS&D (Production, Supply & Distribution)",https://apps.fas.usda.gov/psdonline/downloads/
"Oil, Cottonseed",World,1966,Domestic Consumption,(1000 MT),39.0,1,1,agg,"USDA FAS PS&D (Production, Supply & Distribution)",https://apps.fas.usda.gov/psdonline/downloads/
"Oil, Cottonseed",World,1967,Domestic Consumption,(1000 MT),43.0,1,1,agg,"USDA FAS PS&D (Production, Supply & Distribution)",https://apps.fas.usda.gov/psdonline/downloads/
"Oil, Cottonseed",World,1968,Domestic Consumption,(1000 MT),40.0,1,1,agg,"USDA FAS PS&D (Production, Supply & Distribution)",https://apps.fas.usda.gov/psdonline/downloads/
"Oil, Cottonseed",World,1969,Domestic Consumption,(1000 MT),2730.0,1,59,agg,"USDA FAS PS&D (Production, Supply & Distribution)",https://apps.fas.usda.gov/psdonline/downloads/
"Oil, Cottonseed",World,1970,Domestic Consumption,(1000 MT),2634.0,1,58,agg,"USDA FAS PS&D (Production, Supply & Distribution)",https://apps.fas.usda.gov/psdonline/downloads/
"Oil, Cottonseed",World,1971,Domestic Consumption,(1000 MT),2836.0,1,60,agg,"USDA FAS PS&D (Production, Supply & Distribution)",https://apps.fas.usda.gov/psdonline/downloads/
"Oil, Cottonseed",World,1972,Domestic Consumption,(1000 MT),2967.0,1,60,agg,"USDA FAS PS&D (Production, Supply & Distribution)",https://apps.fas.usda.gov/psdonline/downloads/
"Oil, Cottonseed",World,1973,Domestic Consumption,(1000 MT),3005.0,1,60,agg,"USDA FAS PS&D (Production, Supply & Distribution)",https://apps.fas.usda.gov/psdonline/downloads/
"Oil, Cottonseed",World,1974,Domestic Consumption,(1000 MT),2860.0,1,58,agg,"USDA FAS PS&D (Production, Supply & Distribution)",https://apps.fas.usda.gov/psdonline/downloads/
"Oil, Cottonseed",World,1975,Domestic Consumption,(1000 MT),2592.0,1,59,agg,"USDA FAS PS&D (Production, Supply & Distribution)",https://apps.fas.usda.gov/psdonline/downloads/
"Oil, Cottonseed",World,1976,Domestic Consumption,(1000 MT),2621.0,1,58,agg,"USDA FAS PS&D (Production, Supply & Distribution)",https://apps.fas.usda.gov/psdonline/downloads/
"Oil, Cottonseed",World,1977,Domestic Consumption,(1000 MT),2833.0,1,57,agg,"USDA FAS PS&D (Production, Supply & Distribution)",https://apps.fas.usda.gov/psdonline/downloads/
"Oil, Cottonseed",World,1978,Domestic Consumption,(1000 MT),2719.0,1,56,agg,"USDA FAS PS&D (Production, Supply & Distribution)",https://apps.fas.usda.gov/psdonline/downloads/
"Oil, Cottonseed",World,1979,Domestic Consumption,(1000 MT),2737.0,1,56,agg,"USDA FAS PS&D (Production, Supply & Distribution)",https://apps.fas.usda.gov/psdonline/downloads/
"Oil, Cottonseed",World,1980,Domestic Consumption,(1000 MT),2778.0,1,56,agg,"USDA FAS PS&D (Production, Supply & Distribution)",https://apps.fas.usda.gov/psdonline/downloads/
"Oil, Cottonseed",World,1981,Domestic Consumption,(1000 MT),2999.0,1,56,agg,"USDA FAS PS&D (Production, Supply & Distribution)",https://apps.fas.usda.gov/psdonline/downloads/
"Oil, Cottonseed",World,1982,Domestic Consumption,(1000 MT),2896.0,1,54,agg,"USDA FAS PS&D (Production, Supply & Distribution)",https://apps.fas.usda.gov/psdonline/downloads/
"Oil, Cottonseed",World,1983,Domestic Consumption,(1000 MT),2787.0,1,55,agg,"USDA FAS PS&D (Production, Supply & Distribution)",https://apps.fas.usda.gov/psdonline/downloads/
"Oil, Cottonseed",World,1984,Domestic Consumption,(1000 MT),3583.0,1,55,agg,"USDA FAS PS&D (Production, Supply & Distribution)",https://apps.fas.usda.gov/psdonline/downloads/
"Oil, Cottonseed",World,1985,Domestic Consumption,(1000 MT),3184.0,1,54,agg,"USDA FAS PS&D (Production, Supply & Distribution)",https://apps.fas.usda.gov/psdonline/downloads/
"Oil, Cottonseed",World,1986,Domestic Consumption,(1000 MT),2967.0,1,54,agg,"USDA FAS PS&D (Production, Supply & Distribution)",https://apps.fas.usda.gov/psdonline/downloads/
"Oil, Cottonseed",World,1987,Domestic Consumption,(1000 MT),3018.0,1,61,agg,"USDA FAS PS&D (Production, Supply & Distribution)",https://apps.fas.usda.gov/psdonline/downloads/
"Oil, Cottonseed",World,1988,Domestic Consumption,(1000 MT),3207.0,1,61,agg,"USDA FAS PS&D (Production, Supply & Distribution)",https://apps.fas.usda.gov/psdonline/downloads/
"Oil, Cottonseed",World,1989,Domestic Consumption,(1000 MT),3030.0,1,61,agg,"USDA FAS PS&D (Production, Supply & Distribution)",https://apps.fas.usda.gov/psdonline/downloads/
"Oil, Cottonseed",World,1990,Domestic Consumption,(1000 MT),3467.0,1,61,agg,"USDA FAS PS&D (Production, Supply & Distribution)",https://apps.fas.usda.gov/psdonline/downloads/
"Oil, Cottonseed",World,1991,Domestic Consumption,(1000 MT),3806.0,1,51,agg,"USDA FAS PS&D (Production, Supply & Distribution)",https://apps.fas.usda.gov/psdonline/downloads/
"Oil, Cottonseed",World,1992,Domestic Consumption,(1000 MT),3509.0,1,51,agg,"USDA FAS PS&D (Production, Supply & Distribution)",https://apps.fas.usda.gov/psdonline/downloads/
"Oil, Cottonseed",World,1993,Domestic Consumption,(1000 MT),3183.0,1,48,agg,"USDA FAS PS&D (Production, Supply & Distribution)",https://apps.fas.usda.gov/psdonline/downloads/
"Oil, Cottonseed",World,1994,Domestic Consumption,(1000 MT),3535.0,1,48,agg,"USDA FAS PS&D (Production, Supply & Distribution)",https://apps.fas.usda.gov/psdonline/downloads/
"Oil, Cottonseed",World,1995,Domestic Consumption,(1000 MT),4040.0,1,46,agg,"USDA FAS PS&D (Production, Supply & Distribution)",https://apps.fas.usda.gov/psdonline/downloads/
"Oil, Cottonseed",World,1996,Domestic Consumption,(1000 MT),3744.0,1,46,agg,"USDA FAS PS&D (Production, Supply & Distribution)",https://apps.fas.usda.gov/psdonline/downloads/
"Oil, Cottonseed",World,1997,Domestic Consumption,(1000 MT),3671.0,1,45,agg,"USDA FAS PS&D (Production, Supply & Distribution)",https://apps.fas.usda.gov/psdonline/downloads/
"Oil, Cottonseed",World,1998,Domestic Consumption,(1000 MT),3544.0,1,45,agg,"USDA FAS PS&D (Production, Supply & Distribution)",https://apps.fas.usda.gov/psdonline/downloads/
"Oil, Cottonseed",World,1999,Domestic Consumption,(1000 MT),3514.0,1,46,agg,"USDA FAS PS&D (Production, Supply & Distribution)",https://apps.fas.usda.gov/psdonline/downloads/
"Oil, Cottonseed",World,2000,Domestic Consumption,(1000 MT),3428.0,1,44,agg,"USDA FAS PS&D (Production, Supply & Distribution)",https://apps.fas.usda.gov/psdonline/downloads/
"Oil, Cottonseed",World,2001,Domestic Consumption,(1000 MT),3778.0,1,42,agg,"USDA FAS PS&D (Production, Supply & Distribution)",https://apps.fas.usda.gov/psdonline/downloads/
"Oil, Cottonseed",World,2002,Domestic Consumption,(1000 MT),3788.0,1,41,agg,"USDA FAS PS&D (Production, Supply & Distribution)",https://apps.fas.usda.gov/psdonline/downloads/
"Oil, Cottonseed",World,2003,Domestic Consumption,(1000 MT),3861.0,1,41,agg,"USDA FAS PS&D (Production, Supply & Distribution)",https://apps.fas.usda.gov/psdonline/downloads/
"Oil, Cottonseed",World,2004,Domestic Consumption,(1000 MT),4798.0,1,40,agg,"USDA FAS PS&D (Production, Supply & Distribution)",https://apps.fas.usda.gov/psdonline/downloads/
"Oil, Cottonseed",World,2005,Domestic Consumption,(1000 MT),4793.0,1,41,agg,"USDA FAS PS&D (Production, Supply & Distribution)",https://apps.fas.usda.gov/psdonline/downloads/
"Oil, Cottonseed",World,2006,Domestic Consumption,(1000 MT),4932.0,1,41,agg,"USDA FAS PS&D (Production, Supply & Distribution)",https://apps.fas.usda.gov/psdonline/downloads/
"Oil, Cottonseed",World,2007,Domestic Consumption,(1000 MT),4985.0,1,41,agg,"USDA FAS PS&D (Production, Supply & Distribution)",https://apps.fas.usda.gov/psdonline/downloads/
"Oil, Cottonseed",World,2008,Domestic Consumption,(1000 MT),4735.0,1,41,agg,"USDA FAS PS&D (Production, Supply & Distribution)",https://apps.fas.usda.gov/psdonline/downloads/
"Oil, Cottonseed",World,2009,Domestic Consumption,(1000 MT),4541.0,1,41,agg,"USDA FAS PS&D (Production, Supply & Distribution)",https://apps.fas.usda.gov/psdonline/downloads/
"Oil, Cottonseed",World,2010,Domestic Consumption,(1000 MT),4655.0,1,41,agg,"USDA FAS PS&D (Production, Supply & Distribution)",https://apps.fas.usda.gov/psdonline/downloads/
"Oil, Cottonseed",World,2011,Domestic Consumption,(1000 MT),5093.0,1,41,agg,"USDA FAS PS&D (Production, Supply & Distribution)",https://apps.fas.usda.gov/psdonline/downloads/
"Oil, Cottonseed",World,2012,Domestic Consumption,(1000 MT),5176.0,1,41,agg,"USDA FAS PS&D (Production, Supply & Distribution)",https://apps.fas.usda.gov/psdonline/downloads/
"Oil, Cottonseed",World,2013,Domestic Consumption,(1000 MT),5062.0,1,41,agg,"USDA FAS PS&D (Production, Supply & Distribution)",https://apps.fas.usda.gov/psdonline/downloads/
"Oil, Cottonseed",World,2014,Domestic Consumption,(1000 MT),4975.0,1,41,agg,"USDA FAS PS&D (Production, Supply & Distribution)",https://apps.fas.usda.gov/psdonline/downloads/
"Oil, Cottonseed",World,2015,Domestic Consumption,(1000 MT),4378.0,1,41,agg,"USDA FAS PS&D (Production, Supply & Distribution)",https://apps.fas.usda.gov/psdonline/downloads/
"Oil, Cottonseed",World,2016,Domestic Consumption,(1000 MT),4299.0,1,41,agg,"USDA FAS PS&D (Production, Supply & Distribution)",https://apps.fas.usda.gov/psdonline/downloads/
"Oil, Cottonseed",World,2017,Domestic Consumption,(1000 MT),4636.0,1,41,agg,"USDA FAS PS&D (Production, Supply & Distribution)",https://apps.fas.usda.gov/psdonline/downloads/
"Oil, Cottonseed",World,2018,Domestic Consumption,(1000 MT),4444.0,1,41,agg,"USDA FAS PS&D (Production, Supply & Distribution)",https://apps.fas.usda.gov/psdonline/downloads/
"Oil, Cottonseed",World,2019,Domestic Consumption,(1000 MT),4688.0,1,41,agg,"USDA FAS PS&D (Production, Supply & Distribution)",https://apps.fas.usda.gov/psdonline/downloads/
"Oil, Cottonseed",World,2020,Domestic Consumption,(1000 MT),4538.0,1,41,agg,"USDA FAS PS&D (Production, Supply & Distribution)",https://apps.fas.usda.gov/psdonline/downloads/
"Oil, Cottonseed",World,2021,Domestic Consumption,(1000 MT),4588.0,1,41,agg,"USDA FAS PS&D (Production, Supply & Distribution)",https://apps.fas.usda.gov/psdonline/downloads/
"Oil, Cottonseed",World,2022,Domestic Consumption,(1000 MT),4571.0,1,41,agg,"USDA FAS PS&D (Production, Supply & Distribution)",https://apps.fas.usda.gov/psdonline/downloads/
"Oil, Cottonseed",World,2023,Domestic Consumption,(1000 MT),4724.0,1,41,agg,"USDA FAS PS&D (Production, Supply & Distribution)",https://apps.fas.usda.gov/psdonline/downloads/
"Oil, Cottonseed",World,2024,Domestic Consumption,(1000 MT),4731.0,1,41,agg,"USDA FAS PS&D (Production, Supply & Distribution)",https://apps.fas.usda.gov/psdonline/downloads/
"Oil, Cottonseed",World,2025,Domestic Consumption,(1000 MT),4723.0,1,41,agg,"USDA FAS PS&D (Production, Supply & Distribution)",https://apps.fas.usda.gov/psdonline/downloads/
"Oil, Cottonseed",World,2026,Domestic Consumption,(1000 MT),4492.0,1,25,agg,"USDA FAS PS&D (Production, Supply & Distribution)",https://apps.fas.usda.gov/psdonline/downloads/
"Oil, Cottonseed",World,1966,Ending Stocks,(1000 MT),0.0,1,1,agg,"USDA FAS PS&D (Production, Supply & Distribution)",https://apps.fas.usda.gov/psdonline/downloads/
"Oil, Cottonseed",World,1967,Ending Stocks,(1000 MT),0.0,1,1,agg,"USDA FAS PS&D (Production, Supply & Distribution)",https://apps.fas.usda.gov/psdonline/downloads/
"Oil, Cottonseed",World,1968,Ending Stocks,(1000 MT),3.0,1,1,agg,"USDA FAS PS&D (Production, Supply & Distribution)",https://apps.fas.usda.gov/psdonline/downloads/
"Oil, Cottonseed",World,1969,Ending Stocks,(1000 MT),69.0,1,59,agg,"USDA FAS PS&D (Production, Supply & Distribution)",https://apps.fas.usda.gov/psdonline/downloads/
"Oil, Cottonseed",World,1970,Ending Stocks,(1000 MT),54.0,1,58,agg,"USDA FAS PS&D (Production, Supply & Distribution)",https://apps.fas.usda.gov/psdonline/downloads/
"Oil, Cottonseed",World,1971,Ending Stocks,(1000 MT),74.0,1,60,agg,"USDA FAS PS&D (Production, Supply & Distribution)",https://apps.fas.usda.gov/psdonline/downloads/
"Oil, Cottonseed",World,1972,Ending Stocks,(1000 MT),70.0,1,60,agg,"USDA FAS PS&D (Production, Supply & Distribution)",https://apps.fas.usda.gov/psdonline/downloads/
"Oil, Cottonseed",World,1973,Ending Stocks,(1000 MT),58.0,1,60,agg,"USDA FAS PS&D (Production, Supply & Distribution)",https://apps.fas.usda.gov/psdonline/downloads/
"Oil, Cottonseed",World,1974,Ending Stocks,(1000 MT),70.0,1,58,agg,"USDA FAS PS&D (Production, Supply & Distribution)",https://apps.fas.usda.gov/psdonline/downloads/
"Oil, Cottonseed",World,1975,Ending Stocks,(1000 MT),56.0,1,59,agg,"USDA FAS PS&D (Production, Supply & Distribution)",https://apps.fas.usda.gov/psdonline/downloads/
"Oil, Cottonseed",World,1976,Ending Stocks,(1000 MT),44.0,1,58,agg,"USDA FAS PS&D (Production, Supply & Distribution)",https://apps.fas.usda.gov/psdonline/downloads/
"Oil, Cottonseed",World,1977,Ending Stocks,(1000 MT),66.0,1,57,agg,"USDA FAS PS&D (Production, Supply & Distribution)",https://apps.fas.usda.gov/psdonline/downloads/
"Oil, Cottonseed",World,1978,Ending Stocks,(1000 MT),61.0,1,56,agg,"USDA FAS PS&D (Production, Supply & Distribution)",https://apps.fas.usda.gov/psdonline/downloads/
"Oil, Cottonseed",World,1979,Ending Stocks,(1000 MT),91.0,1,56,agg,"USDA FAS PS&D (Production, Supply & Distribution)",https://apps.fas.usda.gov/psdonline/downloads/
"Oil, Cottonseed",World,1980,Ending Stocks,(1000 MT),70.0,1,56,agg,"USDA FAS PS&D (Production, Supply & Distribution)",https://apps.fas.usda.gov/psdonline/downloads/
"Oil, Cottonseed",World,1981,Ending Stocks,(1000 MT),87.0,1,56,agg,"USDA FAS PS&D (Production, Supply & Distribution)",https://apps.fas.usda.gov/psdonline/downloads/
"Oil, Cottonseed",World,1982,Ending Stocks,(1000 MT),101.0,1,54,agg,"USDA FAS PS&D (Production, Supply & Distribution)",https://apps.fas.usda.gov/psdonline/downloads/
"Oil, Cottonseed",World,1983,Ending Stocks,(1000 MT),83.0,1,55,agg,"USDA FAS PS&D (Production, Supply & Distribution)",https://apps.fas.usda.gov/psdonline/downloads/
"Oil, Cottonseed",World,1984,Ending Stocks,(1000 MT),175.0,1,55,agg,"USDA FAS PS&D (Production, Supply & Distribution)",https://apps.fas.usda.gov/psdonline/downloads/
"Oil, Cottonseed",World,1985,Ending Stocks,(1000 MT),141.0,1,54,agg,"USDA FAS PS&D (Production, Supply & Distribution)",https://apps.fas.usda.gov/psdonline/downloads/
"Oil, Cottonseed",World,1986,Ending Stocks,(1000 MT),103.0,1,54,agg,"USDA FAS PS&D (Production, Supply & Distribution)",https://apps.fas.usda.gov/psdonline/downloads/
"Oil, Cottonseed",World,1987,Ending Stocks,(1000 MT),127.0,1,61,agg,"USDA FAS PS&D (Production, Supply & Distribution)",https://apps.fas.usda.gov/psdonline/downloads/
"Oil, Cottonseed",World,1988,Ending Stocks,(1000 MT),144.0,1,61,agg,"USDA FAS PS&D (Production, Supply & Distribution)",https://apps.fas.usda.gov/psdonline/downloads/
"Oil, Cottonseed",World,1989,Ending Stocks,(1000 MT),113.0,1,61,agg,"USDA FAS PS&D (Production, Supply & Distribution)",https://apps.fas.usda.gov/psdonline/downloads/
"Oil, Cottonseed",World,1990,Ending Stocks,(1000 MT),137.0,1,61,agg,"USDA FAS PS&D (Production, Supply & Distribution)",https://apps.fas.usda.gov/psdonline/downloads/
"Oil, Cottonseed",World,1991,Ending Stocks,(1000 MT),111.0,1,51,agg,"USDA FAS PS&D (Production, Supply & Distribution)",https://apps.fas.usda.gov/psdonline/downloads/
"Oil, Cottonseed",World,1992,Ending Stocks,(1000 MT),86.0,1,51,agg,"USDA FAS PS&D (Production, Supply & Distribution)",https://apps.fas.usda.gov/psdonline/downloads/
"Oil, Cottonseed",World,1993,Ending Stocks,(1000 MT),87.0,1,48,agg,"USDA FAS PS&D (Production, Supply & Distribution)",https://apps.fas.usda.gov/psdonline/downloads/
"Oil, Cottonseed",World,1994,Ending Stocks,(1000 MT),79.0,1,48,agg,"USDA FAS PS&D (Production, Supply & Distribution)",https://apps.fas.usda.gov/psdonline/downloads/
"Oil, Cottonseed",World,1995,Ending Stocks,(1000 MT),104.0,1,46,agg,"USDA FAS PS&D (Production, Supply & Distribution)",https://apps.fas.usda.gov/psdonline/downloads/
"Oil, Cottonseed",World,1996,Ending Stocks,(1000 MT),96.0,1,46,agg,"USDA FAS PS&D (Production, Supply & Distribution)",https://apps.fas.usda.gov/psdonline/downloads/
"Oil, Cottonseed",World,1997,Ending Stocks,(1000 MT),83.0,1,45,agg,"USDA FAS PS&D (Production, Supply & Distribution)",https://apps.fas.usda.gov/psdonline/downloads/
"Oil, Cottonseed",World,1998,Ending Stocks,(1000 MT),56.0,1,45,agg,"USDA FAS PS&D (Production, Supply & Distribution)",https://apps.fas.usda.gov/psdonline/downloads/
"Oil, Cottonseed",World,1999,Ending Stocks,(1000 MT),86.0,1,46,agg,"USDA FAS PS&D (Production, Supply & Distribution)",https://apps.fas.usda.gov/psdonline/downloads/
"Oil, Cottonseed",World,2000,Ending Stocks,(1000 MT),114.0,1,44,agg,"USDA FAS PS&D (Production, Supply & Distribution)",https://apps.fas.usda.gov/psdonline/downloads/
"Oil, Cottonseed",World,2001,Ending Stocks,(1000 MT),127.0,1,42,agg,"USDA FAS PS&D (Production, Supply & Distribution)",https://apps.fas.usda.gov/psdonline/downloads/
"Oil, Cottonseed",World,2002,Ending Stocks,(1000 MT),81.0,1,41,agg,"USDA FAS PS&D (Production, Supply & Distribution)",https://apps.fas.usda.gov/psdonline/downloads/
"Oil, Cottonseed",World,2003,Ending Stocks,(1000 MT),115.0,1,41,agg,"USDA FAS PS&D (Production, Supply & Distribution)",https://apps.fas.usda.gov/psdonline/downloads/
"Oil, Cottonseed",World,2004,Ending Stocks,(1000 MT),277.0,1,40,agg,"USDA FAS PS&D (Production, Supply & Distribution)",https://apps.fas.usda.gov/psdonline/downloads/
"Oil, Cottonseed",World,2005,Ending Stocks,(1000 MT),295.0,1,41,agg,"USDA FAS PS&D (Production, Supply & Distribution)",https://apps.fas.usda.gov/psdonline/downloads/
"Oil, Cottonseed",World,2006,Ending Stocks,(1000 MT),270.0,1,41,agg,"USDA FAS PS&D (Production, Supply & Distribution)",https://apps.fas.usda.gov/psdonline/downloads/
"Oil, Cottonseed",World,2007,Ending Stocks,(1000 MT),291.0,1,41,agg,"USDA FAS PS&D (Production, Supply & Distribution)",https://apps.fas.usda.gov/psdonline/downloads/
"Oil, Cottonseed",World,2008,Ending Stocks,(1000 MT),229.0,1,41,agg,"USDA FAS PS&D (Production, Supply & Distribution)",https://apps.fas.usda.gov/psdonline/downloads/
"Oil, Cottonseed",World,2009,Ending Stocks,(1000 MT),196.0,1,41,agg,"USDA FAS PS&D (Production, Supply & Distribution)",https://apps.fas.usda.gov/psdonline/downloads/
"Oil, Cottonseed",World,2010,Ending Stocks,(1000 MT),236.0,1,41,agg,"USDA FAS PS&D (Production, Supply & Distribution)",https://apps.fas.usda.gov/psdonline/downloads/
"Oil, Cottonseed",World,2011,Ending Stocks,(1000 MT),254.0,1,41,agg,"USDA FAS PS&D (Production, Supply & Distribution)",https://apps.fas.usda.gov/psdonline/downloads/
"Oil, Cottonseed",World,2012,Ending Stocks,(1000 MT),283.0,1,41,agg,"USDA FAS PS&D (Production, Supply & Distribution)",https://apps.fas.usda.gov/psdonline/downloads/
"Oil, Cottonseed",World,2013,Ending Stocks,(1000 MT),202.0,1,41,agg,"USDA FAS PS&D (Production, Supply & Distribution)",https://apps.fas.usda.gov/psdonline/downloads/
"Oil, Cottonseed",World,2014,Ending Stocks,(1000 MT),230.0,1,41,agg,"USDA FAS PS&D (Production, Supply & Distribution)",https://apps.fas.usda.gov/psdonline/downloads/
"Oil, Cottonseed",World,2015,Ending Stocks,(1000 MT),150.0,1,41,agg,"USDA FAS PS&D (Production, Supply & Distribution)",https://apps.fas.usda.gov/psdonline/downloads/
"Oil, Cottonseed",World,2016,Ending Stocks,(1000 MT),162.0,1,41,agg,"USDA FAS PS&D (Production, Supply & Distribution)",https://apps.fas.usda.gov/psdonline/downloads/
"Oil, Cottonseed",World,2017,Ending Stocks,(1000 MT),214.0,1,41,agg,"USDA FAS PS&D (Production, Supply & Distribution)",https://apps.fas.usda.gov/psdonline/downloads/
"Oil, Cottonseed",World,2018,Ending Stocks,(1000 MT),203.0,1,41,agg,"USDA FAS PS&D (Production, Supply & Distribution)",https://apps.fas.usda.gov/psdonline/downloads/
"Oil, Cottonseed",World,2019,Ending Stocks,(1000 MT),221.0,1,41,agg,"USDA FAS PS&D (Production, Supply & Distribution)",https://apps.fas.usda.gov/psdonline/downloads/
"Oil, Cottonseed",World,2020,Ending Stocks,(1000 MT),191.0,1,41,agg,"USDA FAS PS&D (Production, Supply & Distribution)",https://apps.fas.usda.gov/psdonline/downloads/
"Oil, Cottonseed",World,2021,Ending Stocks,(1000 MT),157.0,1,41,agg,"USDA FAS PS&D (Production, Supply & Distribution)",https://apps.fas.usda.gov/psdonline/downloads/
"Oil, Cottonseed",World,2022,Ending Stocks,(1000 MT),150.0,1,41,agg,"USDA FAS PS&D (Production, Supply & Distribution)",https://apps.fas.usda.gov/psdonline/downloads/
"Oil, Cottonseed",World,2023,Ending Stocks,(1000 MT),188.0,1,41,agg,"USDA FAS PS&D (Production, Supply & Distribution)",https://apps.fas.usda.gov/psdonline/downloads/
"Oil, Cottonseed",World,2024,Ending Stocks,(1000 MT),178.0,1,41,agg,"USDA FAS PS&D (Production, Supply & Distribution)",https://apps.fas.usda.gov/psdonline/downloads/
"Oil, Cottonseed",World,2025,Ending Stocks,(1000 MT),196.0,1,41,agg,"USDA FAS PS&D (Production, Supply & Distribution)",https://apps.fas.usda.gov/psdonline/downloads/
"Oil, Cottonseed",World,2026,Ending Stocks,(1000 MT),183.0,1,25,agg,"USDA FAS PS&D (Production, Supply & Distribution)",https://apps.fas.usda.gov/psdonline/downloads/
"Oil, Cottonseed",World,1966,Exports,(1000 MT),0.0,1,1,agg,"USDA FAS PS&D (Production, Supply & Distribution)",https://apps.fas.usda.gov/psdonline/downloads/
"Oil, Cottonseed",World,1967,Exports,(1000 MT),0.0,1,1,agg,"USDA FAS PS&D (Production, Supply & Distribution)",https://apps.fas.usda.gov/psdonline/downloads/
"Oil, Cottonseed",World,1968,Exports,(1000 MT),0.0,1,1,agg,"USDA FAS PS&D (Production, Supply & Distribution)",https://apps.fas.usda.gov/psdonline/downloads/
"Oil, Cottonseed",World,1969,Exports,(1000 MT),278.0,1,59,agg,"USDA FAS PS&D (Production, Supply & Distribution)",https://apps.fas.usda.gov/psdonline/downloads/
"Oil, Cottonseed",World,1970,Exports,(1000 MT),241.0,1,58,agg,"USDA FAS PS&D (Production, Supply & Distribution)",https://apps.fas.usda.gov/psdonline/downloads/
"Oil, Cottonseed",World,1971,Exports,(1000 MT),276.0,1,60,agg,"USDA FAS PS&D (Production, Supply & Distribution)",https://apps.fas.usda.gov/psdonline/downloads/
"Oil, Cottonseed",World,1972,Exports,(1000 MT),322.0,1,60,agg,"USDA FAS PS&D (Production, Supply & Distribution)",https://apps.fas.usda.gov/psdonline/downloads/
"Oil, Cottonseed",World,1973,Exports,(1000 MT),310.0,1,60,agg,"USDA FAS PS&D (Production, Supply & Distribution)",https://apps.fas.usda.gov/psdonline/downloads/
"Oil, Cottonseed",World,1974,Exports,(1000 MT),367.0,1,58,agg,"USDA FAS PS&D (Production, Supply & Distribution)",https://apps.fas.usda.gov/psdonline/downloads/
"Oil, Cottonseed",World,1975,Exports,(1000 MT),254.0,1,59,agg,"USDA FAS PS&D (Production, Supply & Distribution)",https://apps.fas.usda.gov/psdonline/downloads/
"Oil, Cottonseed",World,1976,Exports,(1000 MT),350.0,1,58,agg,"USDA FAS PS&D (Production, Supply & Distribution)",https://apps.fas.usda.gov/psdonline/downloads/
"Oil, Cottonseed",World,1977,Exports,(1000 MT),373.0,1,57,agg,"USDA FAS PS&D (Production, Supply & Distribution)",https://apps.fas.usda.gov/psdonline/downloads/
"Oil, Cottonseed",World,1978,Exports,(1000 MT),367.0,1,56,agg,"USDA FAS PS&D (Production, Supply & Distribution)",https://apps.fas.usda.gov/psdonline/downloads/
"Oil, Cottonseed",World,1979,Exports,(1000 MT),421.0,1,56,agg,"USDA FAS PS&D (Production, Supply & Distribution)",https://apps.fas.usda.gov/psdonline/downloads/
"Oil, Cottonseed",World,1980,Exports,(1000 MT),448.0,1,56,agg,"USDA FAS PS&D (Production, Supply & Distribution)",https://apps.fas.usda.gov/psdonline/downloads/
"Oil, Cottonseed",World,1981,Exports,(1000 MT),545.0,1,56,agg,"USDA FAS PS&D (Production, Supply & Distribution)",https://apps.fas.usda.gov/psdonline/downloads/
"Oil, Cottonseed",World,1982,Exports,(1000 MT),387.0,1,54,agg,"USDA FAS PS&D (Production, Supply & Distribution)",https://apps.fas.usda.gov/psdonline/downloads/
"Oil, Cottonseed",World,1983,Exports,(1000 MT),314.0,1,55,agg,"USDA FAS PS&D (Production, Supply & Distribution)",https://apps.fas.usda.gov/psdonline/downloads/
"Oil, Cottonseed",World,1984,Exports,(1000 MT),384.0,1,55,agg,"USDA FAS PS&D (Production, Supply & Distribution)",https://apps.fas.usda.gov/psdonline/downloads/
"Oil, Cottonseed",World,1985,Exports,(1000 MT),350.0,1,54,agg,"USDA FAS PS&D (Production, Supply & Distribution)",https://apps.fas.usda.gov/psdonline/downloads/
"Oil, Cottonseed",World,1986,Exports,(1000 MT),234.0,1,54,agg,"USDA FAS PS&D (Production, Supply & Distribution)",https://apps.fas.usda.gov/psdonline/downloads/
"Oil, Cottonseed",World,1987,Exports,(1000 MT),874.0,1,61,agg,"USDA FAS PS&D (Production, Supply & Distribution)",https://apps.fas.usda.gov/psdonline/downloads/
"Oil, Cottonseed",World,1988,Exports,(1000 MT),862.0,1,61,agg,"USDA FAS PS&D (Production, Supply & Distribution)",https://apps.fas.usda.gov/psdonline/downloads/
"Oil, Cottonseed",World,1989,Exports,(1000 MT),877.0,1,61,agg,"USDA FAS PS&D (Production, Supply & Distribution)",https://apps.fas.usda.gov/psdonline/downloads/
"Oil, Cottonseed",World,1990,Exports,(1000 MT),665.0,1,61,agg,"USDA FAS PS&D (Production, Supply & Distribution)",https://apps.fas.usda.gov/psdonline/downloads/
"Oil, Cottonseed",World,1991,Exports,(1000 MT),610.0,1,51,agg,"USDA FAS PS&D (Production, Supply & Distribution)",https://apps.fas.usda.gov/psdonline/downloads/
"Oil, Cottonseed",World,1992,Exports,(1000 MT),490.0,1,51,agg,"USDA FAS PS&D (Production, Supply & Distribution)",https://apps.fas.usda.gov/psdonline/downloads/
"Oil, Cottonseed",World,1993,Exports,(1000 MT),497.0,1,48,agg,"USDA FAS PS&D (Production, Supply & Distribution)",https://apps.fas.usda.gov/psdonline/downloads/
"Oil, Cottonseed",World,1994,Exports,(1000 MT),557.0,1,48,agg,"USDA FAS PS&D (Production, Supply & Distribution)",https://apps.fas.usda.gov/psdonline/downloads/
"Oil, Cottonseed",World,1995,Exports,(1000 MT),252.0,1,46,agg,"USDA FAS PS&D (Production, Supply & Distribution)",https://apps.fas.usda.gov/psdonline/downloads/
"Oil, Cottonseed",World,1996,Exports,(1000 MT),212.0,1,46,agg,"USDA FAS PS&D (Production, Supply & Distribution)",https://apps.fas.usda.gov/psdonline/downloads/
"Oil, Cottonseed",World,1997,Exports,(1000 MT),232.0,1,45,agg,"USDA FAS PS&D (Production, Supply & Distribution)",https://apps.fas.usda.gov/psdonline/downloads/
"Oil, Cottonseed",World,1998,Exports,(1000 MT),153.0,1,45,agg,"USDA FAS PS&D (Production, Supply & Distribution)",https://apps.fas.usda.gov/psdonline/downloads/
"Oil, Cottonseed",World,1999,Exports,(1000 MT),158.0,1,46,agg,"USDA FAS PS&D (Production, Supply & Distribution)",https://apps.fas.usda.gov/psdonline/downloads/
"Oil, Cottonseed",World,2000,Exports,(1000 MT),194.0,1,44,agg,"USDA FAS PS&D (Production, Supply & Distribution)",https://apps.fas.usda.gov/psdonline/downloads/
"Oil, Cottonseed",World,2001,Exports,(1000 MT),177.0,1,42,agg,"USDA FAS PS&D (Production, Supply & Distribution)",https://apps.fas.usda.gov/psdonline/downloads/
"Oil, Cottonseed",World,2002,Exports,(1000 MT),171.0,1,41,agg,"USDA FAS PS&D (Production, Supply & Distribution)",https://apps.fas.usda.gov/psdonline/downloads/
"Oil, Cottonseed",World,2003,Exports,(1000 MT),173.0,1,41,agg,"USDA FAS PS&D (Production, Supply & Distribution)",https://apps.fas.usda.gov/psdonline/downloads/
"Oil, Cottonseed",World,2004,Exports,(1000 MT),155.0,1,40,agg,"USDA FAS PS&D (Production, Supply & Distribution)",https://apps.fas.usda.gov/psdonline/downloads/
"Oil, Cottonseed",World,2005,Exports,(1000 MT),129.0,1,41,agg,"USDA FAS PS&D (Production, Supply & Distribution)",https://apps.fas.usda.gov/psdonline/downloads/
"Oil, Cottonseed",World,2006,Exports,(1000 MT),132.0,1,41,agg,"USDA FAS PS&D (Production, Supply & Distribution)",https://apps.fas.usda.gov/psdonline/downloads/
"Oil, Cottonseed",World,2007,Exports,(1000 MT),154.0,1,41,agg,"USDA FAS PS&D (Production, Supply & Distribution)",https://apps.fas.usda.gov/psdonline/downloads/
"Oil, Cottonseed",World,2008,Exports,(1000 MT),161.0,1,41,agg,"USDA FAS PS&D (Production, Supply & Distribution)",https://apps.fas.usda.gov/psdonline/downloads/
"Oil, Cottonseed",World,2009,Exports,(1000 MT),109.0,1,41,agg,"USDA FAS PS&D (Production, Supply & Distribution)",https://apps.fas.usda.gov/psdonline/downloads/
"Oil, Cottonseed",World,2010,Exports,(1000 MT),143.0,1,41,agg,"USDA FAS PS&D (Production, Supply & Distribution)",https://apps.fas.usda.gov/psdonline/downloads/
"Oil, Cottonseed",World,2011,Exports,(1000 MT),174.0,1,41,agg,"USDA FAS PS&D (Production, Supply & Distribution)",https://apps.fas.usda.gov/psdonline/downloads/
"Oil, Cottonseed",World,2012,Exports,(1000 MT),163.0,1,41,agg,"USDA FAS PS&D (Production, Supply & Distribution)",https://apps.fas.usda.gov/psdonline/downloads/
"Oil, Cottonseed",World,2013,Exports,(1000 MT),145.0,1,41,agg,"USDA FAS PS&D (Production, Supply & Distribution)",https://apps.fas.usda.gov/psdonline/downloads/
"Oil, Cottonseed",World,2014,Exports,(1000 MT),147.0,1,41,agg,"USDA FAS PS&D (Production, Supply & Distribution)",https://apps.fas.usda.gov/psdonline/downloads/
"Oil, Cottonseed",World,2015,Exports,(1000 MT),72.0,1,41,agg,"USDA FAS PS&D (Production, Supply & Distribution)",https://apps.fas.usda.gov/psdonline/downloads/
"Oil, Cottonseed",World,2016,Exports,(1000 MT),97.0,1,41,agg,"USDA FAS PS&D (Production, Supply & Distribution)",https://apps.fas.usda.gov/psdonline/downloads/
"Oil, Cottonseed",World,2017,Exports,(1000 MT),96.0,1,41,agg,"USDA FAS PS&D (Production, Supply & Distribution)",https://apps.fas.usda.gov/psdonline/downloads/
"Oil, Cottonseed",World,2018,Exports,(1000 MT),101.0,1,41,agg,"USDA FAS PS&D (Production, Supply & Distribution)",https://apps.fas.usda.gov/psdonline/downloads/
"Oil, Cottonseed",World,2019,Exports,(1000 MT),115.0,1,41,agg,"USDA FAS PS&D (Production, Supply & Distribution)",https://apps.fas.usda.gov/psdonline/downloads/
"Oil, Cottonseed",World,2020,Exports,(1000 MT),96.0,1,41,agg,"USDA FAS PS&D (Production, Supply & Distribution)",https://apps.fas.usda.gov/psdonline/downloads/
"Oil, Cottonseed",World,2021,Exports,(1000 MT),104.0,1,41,agg,"USDA FAS PS&D (Production, Supply & Distribution)",https://apps.fas.usda.gov/psdonline/downloads/
"Oil, Cottonseed",World,2022,Exports,(1000 MT),83.0,1,41,agg,"USDA FAS PS&D (Production, Supply & Distribution)",https://apps.fas.usda.gov/psdonline/downloads/
"Oil, Cottonseed",World,2023,Exports,(1000 MT),53.0,1,41,agg,"USDA FAS PS&D (Production, Supply & Distribution)",https://apps.fas.usda.gov/psdonline/downloads/
"Oil, Cottonseed",World,2024,Exports,(1000 MT),57.0,1,41,agg,"USDA FAS PS&D (Production, Supply & Distribution)",https://apps.fas.usda.gov/psdonline/downloads/
"Oil, Cottonseed",World,2025,Exports,(1000 MT),82.0,1,41,agg,"USDA FAS PS&D (Production, Supply & Distribution)",https://apps.fas.usda.gov/psdonline/downloads/
"Oil, Cottonseed",World,2026,Exports,(1000 MT),62.0,1,25,agg,"USDA FAS PS&D (Production, Supply & Distribution)",https://apps.fas.usda.gov/psdonline/downloads/
"Oil, Cottonseed",World,1966,Feed Waste Dom. Cons.,(1000 MT),0.0,1,1,agg,"USDA FAS PS&D (Production, Supply & Distribution)",https://apps.fas.usda.gov/psdonline/downloads/
"Oil, Cottonseed",World,1967,Feed Waste Dom. Cons.,(1000 MT),0.0,1,1,agg,"USDA FAS PS&D (Production, Supply & Distribution)",https://apps.fas.usda.gov/psdonline/downloads/
"Oil, Cottonseed",World,1968,Feed Waste Dom. Cons.,(1000 MT),0.0,1,1,agg,"USDA FAS PS&D (Production, Supply & Distribution)",https://apps.fas.usda.gov/psdonline/downloads/
"Oil, Cottonseed",World,1969,Feed Waste Dom. Cons.,(1000 MT),493.0,1,59,agg,"USDA FAS PS&D (Production, Supply & Distribution)",https://apps.fas.usda.gov/psdonline/downloads/
"Oil, Cottonseed",World,1970,Feed Waste Dom. Cons.,(1000 MT),420.0,1,58,agg,"USDA FAS PS&D (Production, Supply & Distribution)",https://apps.fas.usda.gov/psdonline/downloads/
"Oil, Cottonseed",World,1971,Feed Waste Dom. Cons.,(1000 MT),396.0,1,60,agg,"USDA FAS PS&D (Production, Supply & Distribution)",https://apps.fas.usda.gov/psdonline/downloads/
"Oil, Cottonseed",World,1972,Feed Waste Dom. Cons.,(1000 MT),5.0,1,60,agg,"USDA FAS PS&D (Production, Supply & Distribution)",https://apps.fas.usda.gov/psdonline/downloads/
"Oil, Cottonseed",World,1973,Feed Waste Dom. Cons.,(1000 MT),4.0,1,60,agg,"USDA FAS PS&D (Production, Supply & Distribution)",https://apps.fas.usda.gov/psdonline/downloads/
"Oil, Cottonseed",World,1974,Feed Waste Dom. Cons.,(1000 MT),6.0,1,58,agg,"USDA FAS PS&D (Production, Supply & Distribution)",https://apps.fas.usda.gov/psdonline/downloads/
"Oil, Cottonseed",World,1975,Feed Waste Dom. Cons.,(1000 MT),5.0,1,59,agg,"USDA FAS PS&D (Production, Supply & Distribution)",https://apps.fas.usda.gov/psdonline/downloads/
"Oil, Cottonseed",World,1976,Feed Waste Dom. Cons.,(1000 MT),5.0,1,58,agg,"USDA FAS PS&D (Production, Supply & Distribution)",https://apps.fas.usda.gov/psdonline/downloads/
"Oil, Cottonseed",World,1977,Feed Waste Dom. Cons.,(1000 MT),0.0,1,57,agg,"USDA FAS PS&D (Production, Supply & Distribution)",https://apps.fas.usda.gov/psdonline/downloads/
"Oil, Cottonseed",World,1978,Feed Waste Dom. Cons.,(1000 MT),0.0,1,56,agg,"USDA FAS PS&D (Production, Supply & Distribution)",https://apps.fas.usda.gov/psdonline/downloads/
"Oil, Cottonseed",World,1979,Feed Waste Dom. Cons.,(1000 MT),0.0,1,56,agg,"USDA FAS PS&D (Production, Supply & Distribution)",https://apps.fas.usda.gov/psdonline/downloads/
"Oil, Cottonseed",World,1980,Feed Waste Dom. Cons.,(1000 MT),0.0,1,56,agg,"USDA FAS PS&D (Production, Supply & Distribution)",https://apps.fas.usda.gov/psdonline/downloads/
"Oil, Cottonseed",World,1981,Feed Waste Dom. Cons.,(1000 MT),0.0,1,56,agg,"USDA FAS PS&D (Production, Supply & Distribution)",https://apps.fas.usda.gov/psdonline/downloads/
"Oil, Cottonseed",World,1982,Feed Waste Dom. Cons.,(1000 MT),0.0,1,54,agg,"USDA FAS PS&D (Production, Supply & Distribution)",https://apps.fas.usda.gov/psdonline/downloads/
"Oil, Cottonseed",World,1983,Feed Waste Dom. Cons.,(1000 MT),0.0,1,55,agg,"USDA FAS PS&D (Production, Supply & Distribution)",https://apps.fas.usda.gov/psdonline/downloads/
"Oil, Cottonseed",World,1984,Feed Waste Dom. Cons.,(1000 MT),0.0,1,55,agg,"USDA FAS PS&D (Production, Supply & Distribution)",https://apps.fas.usda.gov/psdonline/downloads/
"Oil, Cottonseed",World,1985,Feed Waste Dom. Cons.,(1000 MT),5.0,1,54,agg,"USDA FAS PS&D (Production, Supply & Distribution)",https://apps.fas.usda.gov/psdonline/downloads/
"Oil, Cottonseed",World,1986,Feed Waste Dom. Cons.,(1000 MT),5.0,1,54,agg,"USDA FAS PS&D (Production, Supply & Distribution)",https://apps.fas.usda.gov/psdonline/downloads/
"Oil, Cottonseed",World,1987,Feed Waste Dom. Cons.,(1000 MT),5.0,1,61,agg,"USDA FAS PS&D (Production, Supply & Distribution)",https://apps.fas.usda.gov/psdonline/downloads/
"Oil, Cottonseed",World,1988,Feed Waste Dom. Cons.,(1000 MT),16.0,1,61,agg,"USDA FAS PS&D (Production, Supply & Distribution)",https://apps.fas.usda.gov/psdonline/downloads/
"Oil, Cottonseed",World,1989,Feed Waste Dom. Cons.,(1000 MT),12.0,1,61,agg,"USDA FAS PS&D (Production, Supply & Distribution)",https://apps.fas.usda.gov/psdonline/downloads/
"Oil, Cottonseed",World,1990,Feed Waste Dom. Cons.,(1000 MT),8.0,1,61,agg,"USDA FAS PS&D (Production, Supply & Distribution)",https://apps.fas.usda.gov/psdonline/downloads/
"Oil, Cottonseed",World,1991,Feed Waste Dom. Cons.,(1000 MT),7.0,1,51,agg,"USDA FAS PS&D (Production, Supply & Distribution)",https://apps.fas.usda.gov/psdonline/downloads/
"Oil, Cottonseed",World,1992,Feed Waste Dom. Cons.,(1000 MT),4.0,1,51,agg,"USDA FAS PS&D (Production, Supply & Distribution)",https://apps.fas.usda.gov/psdonline/downloads/
"Oil, Cottonseed",World,1993,Feed Waste Dom. Cons.,(1000 MT),6.0,1,48,agg,"USDA FAS PS&D (Production, Supply & Distribution)",https://apps.fas.usda.gov/psdonline/downloads/
"Oil, Cottonseed",World,1994,Feed Waste Dom. Cons.,(1000 MT),3.0,1,48,agg,"USDA FAS PS&D (Production, Supply & Distribution)",https://apps.fas.usda.gov/psdonline/downloads/
"Oil, Cottonseed",World,1995,Feed Waste Dom. Cons.,(1000 MT),3.0,1,46,agg,"USDA FAS PS&D (Production, Supply & Distribution)",https://apps.fas.usda.gov/psdonline/downloads/
"Oil, Cottonseed",World,1996,Feed Waste Dom. Cons.,(1000 MT),3.0,1,46,agg,"USDA FAS PS&D (Production, Supply & Distribution)",https://apps.fas.usda.gov/psdonline/downloads/
"Oil, Cottonseed",World,1997,Feed Waste Dom. Cons.,(1000 MT),2.0,1,45,agg,"USDA FAS PS&D (Production, Supply & Distribution)",https://apps.fas.usda.gov/psdonline/downloads/
"Oil, Cottonseed",World,1998,Feed Waste Dom. Cons.,(1000 MT),3.0,1,45,agg,"USDA FAS PS&D (Production, Supply & Distribution)",https://apps.fas.usda.gov/psdonline/downloads/
"Oil, Cottonseed",World,1999,Feed Waste Dom. Cons.,(1000 MT),3.0,1,46,agg,"USDA FAS PS&D (Production, Supply & Distribution)",https://apps.fas.usda.gov/psdonline/downloads/
"Oil, Cottonseed",World,2000,Feed Waste Dom. Cons.,(1000 MT),3.0,1,44,agg,"USDA FAS PS&D (Production, Supply & Distribution)",https://apps.fas.usda.gov/psdonline/downloads/
"Oil, Cottonseed",World,2001,Feed Waste Dom. Cons.,(1000 MT),3.0,1,42,agg,"USDA FAS PS&D (Production, Supply & Distribution)",https://apps.fas.usda.gov/psdonline/downloads/
"Oil, Cottonseed",World,2002,Feed Waste Dom. Cons.,(1000 MT),3.0,1,41,agg,"USDA FAS PS&D (Production, Supply & Distribution)",https://apps.fas.usda.gov/psdonline/downloads/
"Oil, Cottonseed",World,2003,Feed Waste Dom. Cons.,(1000 MT),3.0,1,41,agg,"USDA FAS PS&D (Production, Supply & Distribution)",https://apps.fas.usda.gov/psdonline/downloads/
"Oil, Cottonseed",World,2004,Feed Waste Dom. Cons.,(1000 MT),4.0,1,40,agg,"USDA FAS PS&D (Production, Supply & Distribution)",https://apps.fas.usda.gov/psdonline/downloads/
"Oil, Cottonseed",World,2005,Feed Waste Dom. Cons.,(1000 MT),4.0,1,41,agg,"USDA FAS PS&D (Production, Supply & Distribution)",https://apps.fas.usda.gov/psdonline/downloads/
"Oil, Cottonseed",World,2006,Feed Waste Dom. Cons.,(1000 MT),5.0,1,41,agg,"USDA FAS PS&D (Production, Supply & Distribution)",https://apps.fas.usda.gov/psdonline/downloads/
"Oil, Cottonseed",World,2007,Feed Waste Dom. Cons.,(1000 MT),5.0,1,41,agg,"USDA FAS PS&D (Production, Supply & Distribution)",https://apps.fas.usda.gov/psdonline/downloads/
"Oil, Cottonseed",World,2008,Feed Waste Dom. Cons.,(1000 MT),0.0,1,41,agg,"USDA FAS PS&D (Production, Supply & Distribution)",https://apps.fas.usda.gov/psdonline/downloads/
"Oil, Cottonseed",World,2009,Feed Waste Dom. Cons.,(1000 MT),0.0,1,41,agg,"USDA FAS PS&D (Production, Supply & Distribution)",https://apps.fas.usda.gov/psdonline/downloads/
"Oil, Cottonseed",World,2010,Feed Waste Dom. Cons.,(1000 MT),0.0,1,41,agg,"USDA FAS PS&D (Production, Supply & Distribution)",https://apps.fas.usda.gov/psdonline/downloads/
"Oil, Cottonseed",World,2011,Feed Waste Dom. Cons.,(1000 MT),0.0,1,41,agg,"USDA FAS PS&D (Production, Supply & Distribution)",https://apps.fas.usda.gov/psdonline/downloads/
"Oil, Cottonseed",World,2012,Feed Waste Dom. Cons.,(1000 MT),0.0,1,41,agg,"USDA FAS PS&D (Production, Supply & Distribution)",https://apps.fas.usda.gov/psdonline/downloads/
"Oil, Cottonseed",World,2013,Feed Waste Dom. Cons.,(1000 MT),0.0,1,41,agg,"USDA FAS PS&D (Production, Supply & Distribution)",https://apps.fas.usda.gov/psdonline/downloads/
"Oil, Cottonseed",World,2014,Feed Waste Dom. Cons.,(1000 MT),0.0,1,41,agg,"USDA FAS PS&D (Production, Supply & Distribution)",https://apps.fas.usda.gov/psdonline/downloads/
"Oil, Cottonseed",World,2015,Feed Waste Dom. Cons.,(1000 MT),0.0,1,41,agg,"USDA FAS PS&D (Production, Supply & Distribution)",https://apps.fas.usda.gov/psdonline/downloads/
"Oil, Cottonseed",World,2016,Feed Waste Dom. Cons.,(1000 MT),0.0,1,41,agg,"USDA FAS PS&D (Production, Supply & Distribution)",https://apps.fas.usda.gov/psdonline/downloads/
"Oil, Cottonseed",World,2017,Feed Waste Dom. Cons.,(1000 MT),0.0,1,41,agg,"USDA FAS PS&D (Production, Supply & Distribution)",https://apps.fas.usda.gov/psdonline/downloads/
"Oil, Cottonseed",World,2018,Feed Waste Dom. Cons.,(1000 MT),0.0,1,41,agg,"USDA FAS PS&D (Production, Supply & Distribution)",https://apps.fas.usda.gov/psdonline/downloads/
"Oil, Cottonseed",World,2019,Feed Waste Dom. Cons.,(1000 MT),0.0,1,41,agg,"USDA FAS PS&D (Production, Supply & Distribution)",https://apps.fas.usda.gov/psdonline/downloads/
"Oil, Cottonseed",World,2020,Feed Waste Dom. Cons.,(1000 MT),0.0,1,41,agg,"USDA FAS PS&D (Production, Supply & Distribution)",https://apps.fas.usda.gov/psdonline/downloads/
"Oil, Cottonseed",World,2021,Feed Waste Dom. Cons.,(1000 MT),0.0,1,41,agg,"USDA FAS PS&D (Production, Supply & Distribution)",https://apps.fas.usda.gov/psdonline/downloads/
"Oil, Cottonseed",World,2022,Feed Waste Dom. Cons.,(1000 MT),0.0,1,41,agg,"USDA FAS PS&D (Production, Supply & Distribution)",https://apps.fas.usda.gov/psdonline/downloads/
"Oil, Cottonseed",World,2023,Feed Waste Dom. Cons.,(1000 MT),0.0,1,41,agg,"USDA FAS PS&D (Production, Supply & Distribution)",https://apps.fas.usda.gov/psdonline/downloads/
"Oil, Cottonseed",World,2024,Feed Waste Dom. Cons.,(1000 MT),0.0,1,41,agg,"USDA FAS PS&D (Production, Supply & Distribution)",https://apps.fas.usda.gov/psdonline/downloads/
"Oil, Cottonseed",World,2025,Feed Waste Dom. Cons.,(1000 MT),0.0,1,41,agg,"USDA FAS PS&D (Production, Supply & Distribution)",https://apps.fas.usda.gov/psdonline/downloads/
"Oil, Cottonseed",World,2026,Feed Waste Dom. Cons.,(1000 MT),0.0,1,25,agg,"USDA FAS PS&D (Production, Supply & Distribution)",https://apps.fas.usda.gov/psdonline/downloads/
"Oil, Cottonseed",World,1966,Food Use Dom. Cons.,(1000 MT),39.0,1,1,agg,"USDA FAS PS&D (Production, Supply & Distribution)",https://apps.fas.usda.gov/psdonline/downloads/
"Oil, Cottonseed",World,1967,Food Use Dom. Cons.,(1000 MT),43.0,1,1,agg,"USDA FAS PS&D (Production, Supply & Distribution)",https://apps.fas.usda.gov/psdonline/downloads/
"Oil, Cottonseed",World,1968,Food Use Dom. Cons.,(1000 MT),40.0,1,1,agg,"USDA FAS PS&D (Production, Supply & Distribution)",https://apps.fas.usda.gov/psdonline/downloads/
"Oil, Cottonseed",World,1969,Food Use Dom. Cons.,(1000 MT),2237.0,1,59,agg,"USDA FAS PS&D (Production, Supply & Distribution)",https://apps.fas.usda.gov/psdonline/downloads/
"Oil, Cottonseed",World,1970,Food Use Dom. Cons.,(1000 MT),2214.0,1,58,agg,"USDA FAS PS&D (Production, Supply & Distribution)",https://apps.fas.usda.gov/psdonline/downloads/
"Oil, Cottonseed",World,1971,Food Use Dom. Cons.,(1000 MT),2440.0,1,60,agg,"USDA FAS PS&D (Production, Supply & Distribution)",https://apps.fas.usda.gov/psdonline/downloads/
"Oil, Cottonseed",World,1972,Food Use Dom. Cons.,(1000 MT),2962.0,1,60,agg,"USDA FAS PS&D (Production, Supply & Distribution)",https://apps.fas.usda.gov/psdonline/downloads/
"Oil, Cottonseed",World,1973,Food Use Dom. Cons.,(1000 MT),3001.0,1,60,agg,"USDA FAS PS&D (Production, Supply & Distribution)",https://apps.fas.usda.gov/psdonline/downloads/
"Oil, Cottonseed",World,1974,Food Use Dom. Cons.,(1000 MT),2854.0,1,58,agg,"USDA FAS PS&D (Production, Supply & Distribution)",https://apps.fas.usda.gov/psdonline/downloads/
"Oil, Cottonseed",World,1975,Food Use Dom. Cons.,(1000 MT),2587.0,1,59,agg,"USDA FAS PS&D (Production, Supply & Distribution)",https://apps.fas.usda.gov/psdonline/downloads/
"Oil, Cottonseed",World,1976,Food Use Dom. Cons.,(1000 MT),2616.0,1,58,agg,"USDA FAS PS&D (Production, Supply & Distribution)",https://apps.fas.usda.gov/psdonline/downloads/
"Oil, Cottonseed",World,1977,Food Use Dom. Cons.,(1000 MT),2833.0,1,57,agg,"USDA FAS PS&D (Production, Supply & Distribution)",https://apps.fas.usda.gov/psdonline/downloads/
"Oil, Cottonseed",World,1978,Food Use Dom. Cons.,(1000 MT),2719.0,1,56,agg,"USDA FAS PS&D (Production, Supply & Distribution)",https://apps.fas.usda.gov/psdonline/downloads/
"Oil, Cottonseed",World,1979,Food Use Dom. Cons.,(1000 MT),2737.0,1,56,agg,"USDA FAS PS&D (Production, Supply & Distribution)",https://apps.fas.usda.gov/psdonline/downloads/
"Oil, Cottonseed",World,1980,Food Use Dom. Cons.,(1000 MT),2778.0,1,56,agg,"USDA FAS PS&D (Production, Supply & Distribution)",https://apps.fas.usda.gov/psdonline/downloads/
"Oil, Cottonseed",World,1981,Food Use Dom. Cons.,(1000 MT),2979.0,1,56,agg,"USDA FAS PS&D (Production, Supply & Distribution)",https://apps.fas.usda.gov/psdonline/downloads/
"Oil, Cottonseed",World,1982,Food Use Dom. Cons.,(1000 MT),2804.0,1,54,agg,"USDA FAS PS&D (Production, Supply & Distribution)",https://apps.fas.usda.gov/psdonline/downloads/
"Oil, Cottonseed",World,1983,Food Use Dom. Cons.,(1000 MT),2702.0,1,55,agg,"USDA FAS PS&D (Production, Supply & Distribution)",https://apps.fas.usda.gov/psdonline/downloads/
"Oil, Cottonseed",World,1984,Food Use Dom. Cons.,(1000 MT),3487.0,1,55,agg,"USDA FAS PS&D (Production, Supply & Distribution)",https://apps.fas.usda.gov/psdonline/downloads/
"Oil, Cottonseed",World,1985,Food Use Dom. Cons.,(1000 MT),3057.0,1,54,agg,"USDA FAS PS&D (Production, Supply & Distribution)",https://apps.fas.usda.gov/psdonline/downloads/
"Oil, Cottonseed",World,1986,Food Use Dom. Cons.,(1000 MT),2854.0,1,54,agg,"USDA FAS PS&D (Production, Supply & Distribution)",https://apps.fas.usda.gov/psdonline/downloads/
"Oil, Cottonseed",World,1987,Food Use Dom. Cons.,(1000 MT),2912.0,1,61,agg,"USDA FAS PS&D (Production, Supply & Distribution)",https://apps.fas.usda.gov/psdonline/downloads/
"Oil, Cottonseed",World,1988,Food Use Dom. Cons.,(1000 MT),3082.0,1,61,agg,"USDA FAS PS&D (Production, Supply & Distribution)",https://apps.fas.usda.gov/psdonline/downloads/
"Oil, Cottonseed",World,1989,Food Use Dom. Cons.,(1000 MT),2901.0,1,61,agg,"USDA FAS PS&D (Production, Supply & Distribution)",https://apps.fas.usda.gov/psdonline/downloads/
"Oil, Cottonseed",World,1990,Food Use Dom. Cons.,(1000 MT),3337.0,1,61,agg,"USDA FAS PS&D (Production, Supply & Distribution)",https://apps.fas.usda.gov/psdonline/downloads/
"Oil, Cottonseed",World,1991,Food Use Dom. Cons.,(1000 MT),3671.0,1,51,agg,"USDA FAS PS&D (Production, Supply & Distribution)",https://apps.fas.usda.gov/psdonline/downloads/
"Oil, Cottonseed",World,1992,Food Use Dom. Cons.,(1000 MT),3398.0,1,51,agg,"USDA FAS PS&D (Production, Supply & Distribution)",https://apps.fas.usda.gov/psdonline/downloads/
"Oil, Cottonseed",World,1993,Food Use Dom. Cons.,(1000 MT),3071.0,1,48,agg,"USDA FAS PS&D (Production, Supply & Distribution)",https://apps.fas.usda.gov/psdonline/downloads/
"Oil, Cottonseed",World,1994,Food Use Dom. Cons.,(1000 MT),3428.0,1,48,agg,"USDA FAS PS&D (Production, Supply & Distribution)",https://apps.fas.usda.gov/psdonline/downloads/
"Oil, Cottonseed",World,1995,Food Use Dom. Cons.,(1000 MT),3926.0,1,46,agg,"USDA FAS PS&D (Production, Supply & Distribution)",https://apps.fas.usda.gov/psdonline/downloads/
"Oil, Cottonseed",World,1996,Food Use Dom. Cons.,(1000 MT),3625.0,1,46,agg,"USDA FAS PS&D (Production, Supply & Distribution)",https://apps.fas.usda.gov/psdonline/downloads/
"Oil, Cottonseed",World,1997,Food Use Dom. Cons.,(1000 MT),3549.0,1,45,agg,"USDA FAS PS&D (Production, Supply & Distribution)",https://apps.fas.usda.gov/psdonline/downloads/
"Oil, Cottonseed",World,1998,Food Use Dom. Cons.,(1000 MT),3421.0,1,45,agg,"USDA FAS PS&D (Production, Supply & Distribution)",https://apps.fas.usda.gov/psdonline/downloads/
"Oil, Cottonseed",World,1999,Food Use Dom. Cons.,(1000 MT),3373.0,1,46,agg,"USDA FAS PS&D (Production, Supply & Distribution)",https://apps.fas.usda.gov/psdonline/downloads/
"Oil, Cottonseed",World,2000,Food Use Dom. Cons.,(1000 MT),3314.0,1,44,agg,"USDA FAS PS&D (Production, Supply & Distribution)",https://apps.fas.usda.gov/psdonline/downloads/
"Oil, Cottonseed",World,2001,Food Use Dom. Cons.,(1000 MT),3645.0,1,42,agg,"USDA FAS PS&D (Production, Supply & Distribution)",https://apps.fas.usda.gov/psdonline/downloads/
"Oil, Cottonseed",World,2002,Food Use Dom. Cons.,(1000 MT),3668.0,1,41,agg,"USDA FAS PS&D (Production, Supply & Distribution)",https://apps.fas.usda.gov/psdonline/downloads/
"Oil, Cottonseed",World,2003,Food Use Dom. Cons.,(1000 MT),3752.0,1,41,agg,"USDA FAS PS&D (Production, Supply & Distribution)",https://apps.fas.usda.gov/psdonline/downloads/
"Oil, Cottonseed",World,2004,Food Use Dom. Cons.,(1000 MT),4624.0,1,40,agg,"USDA FAS PS&D (Production, Supply & Distribution)",https://apps.fas.usda.gov/psdonline/downloads/
"Oil, Cottonseed",World,2005,Food Use Dom. Cons.,(1000 MT),4593.0,1,41,agg,"USDA FAS PS&D (Production, Supply & Distribution)",https://apps.fas.usda.gov/psdonline/downloads/
"Oil, Cottonseed",World,2006,Food Use Dom. Cons.,(1000 MT),4730.0,1,41,agg,"USDA FAS PS&D (Production, Supply & Distribution)",https://apps.fas.usda.gov/psdonline/downloads/
"Oil, Cottonseed",World,2007,Food Use Dom. Cons.,(1000 MT),4780.0,1,41,agg,"USDA FAS PS&D (Production, Supply & Distribution)",https://apps.fas.usda.gov/psdonline/downloads/
"Oil, Cottonseed",World,2008,Food Use Dom. Cons.,(1000 MT),4495.0,1,41,agg,"USDA FAS PS&D (Production, Supply & Distribution)",https://apps.fas.usda.gov/psdonline/downloads/
"Oil, Cottonseed",World,2009,Food Use Dom. Cons.,(1000 MT),4326.0,1,41,agg,"USDA FAS PS&D (Production, Supply & Distribution)",https://apps.fas.usda.gov/psdonline/downloads/
"Oil, Cottonseed",World,2010,Food Use Dom. Cons.,(1000 MT),4447.0,1,41,agg,"USDA FAS PS&D (Production, Supply & Distribution)",https://apps.fas.usda.gov/psdonline/downloads/
"Oil, Cottonseed",World,2011,Food Use Dom. Cons.,(1000 MT),4782.0,1,41,agg,"USDA FAS PS&D (Production, Supply & Distribution)",https://apps.fas.usda.gov/psdonline/downloads/
"Oil, Cottonseed",World,2012,Food Use Dom. Cons.,(1000 MT),4873.0,1,41,agg,"USDA FAS PS&D (Production, Supply & Distribution)",https://apps.fas.usda.gov/psdonline/downloads/
"Oil, Cottonseed",World,2013,Food Use Dom. Cons.,(1000 MT),4783.0,1,41,agg,"USDA FAS PS&D (Production, Supply & Distribution)",https://apps.fas.usda.gov/psdonline/downloads/
"Oil, Cottonseed",World,2014,Food Use Dom. Cons.,(1000 MT),4686.0,1,41,agg,"USDA FAS PS&D (Production, Supply & Distribution)",https://apps.fas.usda.gov/psdonline/downloads/
"Oil, Cottonseed",World,2015,Food Use Dom. Cons.,(1000 MT),4101.0,1,41,agg,"USDA FAS PS&D (Production, Supply & Distribution)",https://apps.fas.usda.gov/psdonline/downloads/
"Oil, Cottonseed",World,2016,Food Use Dom. Cons.,(1000 MT),4029.0,1,41,agg,"USDA FAS PS&D (Production, Supply & Distribution)",https://apps.fas.usda.gov/psdonline/downloads/
"Oil, Cottonseed",World,2017,Food Use Dom. Cons.,(1000 MT),4346.0,1,41,agg,"USDA FAS PS&D (Production, Supply & Distribution)",https://apps.fas.usda.gov/psdonline/downloads/
"Oil, Cottonseed",World,2018,Food Use Dom. Cons.,(1000 MT),4119.0,1,41,agg,"USDA FAS PS&D (Production, Supply & Distribution)",https://apps.fas.usda.gov/psdonline/downloads/
"Oil, Cottonseed",World,2019,Food Use Dom. Cons.,(1000 MT),4198.0,1,41,agg,"USDA FAS PS&D (Production, Supply & Distribution)",https://apps.fas.usda.gov/psdonline/downloads/
"Oil, Cottonseed",World,2020,Food Use Dom. Cons.,(1000 MT),4015.0,1,41,agg,"USDA FAS PS&D (Production, Supply & Distribution)",https://apps.fas.usda.gov/psdonline/downloads/
"Oil, Cottonseed",World,2021,Food Use Dom. Cons.,(1000 MT),4114.0,1,41,agg,"USDA FAS PS&D (Production, Supply & Distribution)",https://apps.fas.usda.gov/psdonline/downloads/
"Oil, Cottonseed",World,2022,Food Use Dom. Cons.,(1000 MT),4105.0,1,41,agg,"USDA FAS PS&D (Production, Supply & Distribution)",https://apps.fas.usda.gov/psdonline/downloads/
"Oil, Cottonseed",World,2023,Food Use Dom. Cons.,(1000 MT),4144.0,1,41,agg,"USDA FAS PS&D (Production, Supply & Distribution)",https://apps.fas.usda.gov/psdonline/downloads/
"Oil, Cottonseed",World,2024,Food Use Dom. Cons.,(1000 MT),4106.0,1,41,agg,"USDA FAS PS&D (Production, Supply & Distribution)",https://apps.fas.usda.gov/psdonline/downloads/
"Oil, Cottonseed",World,2025,Food Use Dom. Cons.,(1000 MT),4073.0,1,41,agg,"USDA FAS PS&D (Production, Supply & Distribution)",https://apps.fas.usda.gov/psdonline/downloads/
"Oil, Cottonseed",World,2026,Food Use Dom. Cons.,(1000 MT),3867.0,1,25,agg,"USDA FAS PS&D (Production, Supply & Distribution)",https://apps.fas.usda.gov/psdonline/downloads/
"Oil, Cottonseed",World,1966,Imports,(1000 MT),3.0,1,1,agg,"USDA FAS PS&D (Production, Supply & Distribution)",https://apps.fas.usda.gov/psdonline/downloads/
"Oil, Cottonseed",World,1967,Imports,(1000 MT),2.0,1,1,agg,"USDA FAS PS&D (Production, Supply & Distribution)",https://apps.fas.usda.gov/psdonline/downloads/
"Oil, Cottonseed",World,1968,Imports,(1000 MT),2.0,1,1,agg,"USDA FAS PS&D (Production, Supply & Distribution)",https://apps.fas.usda.gov/psdonline/downloads/
"Oil, Cottonseed",World,1969,Imports,(1000 MT),248.0,1,59,agg,"USDA FAS PS&D (Production, Supply & Distribution)",https://apps.fas.usda.gov/psdonline/downloads/
"Oil, Cottonseed",World,1970,Imports,(1000 MT),277.0,1,58,agg,"USDA FAS PS&D (Production, Supply & Distribution)",https://apps.fas.usda.gov/psdonline/downloads/
"Oil, Cottonseed",World,1971,Imports,(1000 MT),263.0,1,60,agg,"USDA FAS PS&D (Production, Supply & Distribution)",https://apps.fas.usda.gov/psdonline/downloads/
"Oil, Cottonseed",World,1972,Imports,(1000 MT),313.0,1,60,agg,"USDA FAS PS&D (Production, Supply & Distribution)",https://apps.fas.usda.gov/psdonline/downloads/
"Oil, Cottonseed",World,1973,Imports,(1000 MT),317.0,1,60,agg,"USDA FAS PS&D (Production, Supply & Distribution)",https://apps.fas.usda.gov/psdonline/downloads/
"Oil, Cottonseed",World,1974,Imports,(1000 MT),310.0,1,58,agg,"USDA FAS PS&D (Production, Supply & Distribution)",https://apps.fas.usda.gov/psdonline/downloads/
"Oil, Cottonseed",World,1975,Imports,(1000 MT),240.0,1,59,agg,"USDA FAS PS&D (Production, Supply & Distribution)",https://apps.fas.usda.gov/psdonline/downloads/
"Oil, Cottonseed",World,1976,Imports,(1000 MT),301.0,1,58,agg,"USDA FAS PS&D (Production, Supply & Distribution)",https://apps.fas.usda.gov/psdonline/downloads/
"Oil, Cottonseed",World,1977,Imports,(1000 MT),344.0,1,57,agg,"USDA FAS PS&D (Production, Supply & Distribution)",https://apps.fas.usda.gov/psdonline/downloads/
"Oil, Cottonseed",World,1978,Imports,(1000 MT),294.0,1,56,agg,"USDA FAS PS&D (Production, Supply & Distribution)",https://apps.fas.usda.gov/psdonline/downloads/
"Oil, Cottonseed",World,1979,Imports,(1000 MT),315.0,1,56,agg,"USDA FAS PS&D (Production, Supply & Distribution)",https://apps.fas.usda.gov/psdonline/downloads/
"Oil, Cottonseed",World,1980,Imports,(1000 MT),316.0,1,56,agg,"USDA FAS PS&D (Production, Supply & Distribution)",https://apps.fas.usda.gov/psdonline/downloads/
"Oil, Cottonseed",World,1981,Imports,(1000 MT),378.0,1,56,agg,"USDA FAS PS&D (Production, Supply & Distribution)",https://apps.fas.usda.gov/psdonline/downloads/
"Oil, Cottonseed",World,1982,Imports,(1000 MT),254.0,1,54,agg,"USDA FAS PS&D (Production, Supply & Distribution)",https://apps.fas.usda.gov/psdonline/downloads/
"Oil, Cottonseed",World,1983,Imports,(1000 MT),230.0,1,55,agg,"USDA FAS PS&D (Production, Supply & Distribution)",https://apps.fas.usda.gov/psdonline/downloads/
"Oil, Cottonseed",World,1984,Imports,(1000 MT),300.0,1,55,agg,"USDA FAS PS&D (Production, Supply & Distribution)",https://apps.fas.usda.gov/psdonline/downloads/
"Oil, Cottonseed",World,1985,Imports,(1000 MT),238.0,1,54,agg,"USDA FAS PS&D (Production, Supply & Distribution)",https://apps.fas.usda.gov/psdonline/downloads/
"Oil, Cottonseed",World,1986,Imports,(1000 MT),206.0,1,54,agg,"USDA FAS PS&D (Production, Supply & Distribution)",https://apps.fas.usda.gov/psdonline/downloads/
"Oil, Cottonseed",World,1987,Imports,(1000 MT),465.0,1,61,agg,"USDA FAS PS&D (Production, Supply & Distribution)",https://apps.fas.usda.gov/psdonline/downloads/
"Oil, Cottonseed",World,1988,Imports,(1000 MT),390.0,1,61,agg,"USDA FAS PS&D (Production, Supply & Distribution)",https://apps.fas.usda.gov/psdonline/downloads/
"Oil, Cottonseed",World,1989,Imports,(1000 MT),405.0,1,61,agg,"USDA FAS PS&D (Production, Supply & Distribution)",https://apps.fas.usda.gov/psdonline/downloads/
"Oil, Cottonseed",World,1990,Imports,(1000 MT),444.0,1,61,agg,"USDA FAS PS&D (Production, Supply & Distribution)",https://apps.fas.usda.gov/psdonline/downloads/
"Oil, Cottonseed",World,1991,Imports,(1000 MT),404.0,1,51,agg,"USDA FAS PS&D (Production, Supply & Distribution)",https://apps.fas.usda.gov/psdonline/downloads/
"Oil, Cottonseed",World,1992,Imports,(1000 MT),433.0,1,51,agg,"USDA FAS PS&D (Production, Supply & Distribution)",https://apps.fas.usda.gov/psdonline/downloads/
"Oil, Cottonseed",World,1993,Imports,(1000 MT),442.0,1,48,agg,"USDA FAS PS&D (Production, Supply & Distribution)",https://apps.fas.usda.gov/psdonline/downloads/
"Oil, Cottonseed",World,1994,Imports,(1000 MT),513.0,1,48,agg,"USDA FAS PS&D (Production, Supply & Distribution)",https://apps.fas.usda.gov/psdonline/downloads/
"Oil, Cottonseed",World,1995,Imports,(1000 MT),426.0,1,46,agg,"USDA FAS PS&D (Production, Supply & Distribution)",https://apps.fas.usda.gov/psdonline/downloads/
"Oil, Cottonseed",World,1996,Imports,(1000 MT),285.0,1,46,agg,"USDA FAS PS&D (Production, Supply & Distribution)",https://apps.fas.usda.gov/psdonline/downloads/
"Oil, Cottonseed",World,1997,Imports,(1000 MT),224.0,1,45,agg,"USDA FAS PS&D (Production, Supply & Distribution)",https://apps.fas.usda.gov/psdonline/downloads/
"Oil, Cottonseed",World,1998,Imports,(1000 MT),171.0,1,45,agg,"USDA FAS PS&D (Production, Supply & Distribution)",https://apps.fas.usda.gov/psdonline/downloads/
"Oil, Cottonseed",World,1999,Imports,(1000 MT),159.0,1,46,agg,"USDA FAS PS&D (Production, Supply & Distribution)",https://apps.fas.usda.gov/psdonline/downloads/
"Oil, Cottonseed",World,2000,Imports,(1000 MT),187.0,1,44,agg,"USDA FAS PS&D (Production, Supply & Distribution)",https://apps.fas.usda.gov/psdonline/downloads/
"Oil, Cottonseed",World,2001,Imports,(1000 MT),166.0,1,42,agg,"USDA FAS PS&D (Production, Supply & Distribution)",https://apps.fas.usda.gov/psdonline/downloads/
"Oil, Cottonseed",World,2002,Imports,(1000 MT),111.0,1,41,agg,"USDA FAS PS&D (Production, Supply & Distribution)",https://apps.fas.usda.gov/psdonline/downloads/
"Oil, Cottonseed",World,2003,Imports,(1000 MT),90.0,1,41,agg,"USDA FAS PS&D (Production, Supply & Distribution)",https://apps.fas.usda.gov/psdonline/downloads/
"Oil, Cottonseed",World,2004,Imports,(1000 MT),105.0,1,40,agg,"USDA FAS PS&D (Production, Supply & Distribution)",https://apps.fas.usda.gov/psdonline/downloads/
"Oil, Cottonseed",World,2005,Imports,(1000 MT),67.0,1,41,agg,"USDA FAS PS&D (Production, Supply & Distribution)",https://apps.fas.usda.gov/psdonline/downloads/
"Oil, Cottonseed",World,2006,Imports,(1000 MT),83.0,1,41,agg,"USDA FAS PS&D (Production, Supply & Distribution)",https://apps.fas.usda.gov/psdonline/downloads/
"Oil, Cottonseed",World,2007,Imports,(1000 MT),73.0,1,41,agg,"USDA FAS PS&D (Production, Supply & Distribution)",https://apps.fas.usda.gov/psdonline/downloads/
"Oil, Cottonseed",World,2008,Imports,(1000 MT),61.0,1,41,agg,"USDA FAS PS&D (Production, Supply & Distribution)",https://apps.fas.usda.gov/psdonline/downloads/
"Oil, Cottonseed",World,2009,Imports,(1000 MT),69.0,1,41,agg,"USDA FAS PS&D (Production, Supply & Distribution)",https://apps.fas.usda.gov/psdonline/downloads/
"Oil, Cottonseed",World,2010,Imports,(1000 MT),82.0,1,41,agg,"USDA FAS PS&D (Production, Supply & Distribution)",https://apps.fas.usda.gov/psdonline/downloads/
"Oil, Cottonseed",World,2011,Imports,(1000 MT),81.0,1,41,agg,"USDA FAS PS&D (Production, Supply & Distribution)",https://apps.fas.usda.gov/psdonline/downloads/
"Oil, Cottonseed",World,2012,Imports,(1000 MT),90.0,1,41,agg,"USDA FAS PS&D (Production, Supply & Distribution)",https://apps.fas.usda.gov/psdonline/downloads/
"Oil, Cottonseed",World,2013,Imports,(1000 MT),96.0,1,41,agg,"USDA FAS PS&D (Production, Supply & Distribution)",https://apps.fas.usda.gov/psdonline/downloads/
"Oil, Cottonseed",World,2014,Imports,(1000 MT),76.0,1,41,agg,"USDA FAS PS&D (Production, Supply & Distribution)",https://apps.fas.usda.gov/psdonline/downloads/
"Oil, Cottonseed",World,2015,Imports,(1000 MT),61.0,1,41,agg,"USDA FAS PS&D (Production, Supply & Distribution)",https://apps.fas.usda.gov/psdonline/downloads/
"Oil, Cottonseed",World,2016,Imports,(1000 MT),55.0,1,41,agg,"USDA FAS PS&D (Production, Supply & Distribution)",https://apps.fas.usda.gov/psdonline/downloads/
"Oil, Cottonseed",World,2017,Imports,(1000 MT),91.0,1,41,agg,"USDA FAS PS&D (Production, Supply & Distribution)",https://apps.fas.usda.gov/psdonline/downloads/
"Oil, Cottonseed",World,2018,Imports,(1000 MT),99.0,1,41,agg,"USDA FAS PS&D (Production, Supply & Distribution)",https://apps.fas.usda.gov/psdonline/downloads/
"Oil, Cottonseed",World,2019,Imports,(1000 MT),117.0,1,41,agg,"USDA FAS PS&D (Production, Supply & Distribution)",https://apps.fas.usda.gov/psdonline/downloads/
"Oil, Cottonseed",World,2020,Imports,(1000 MT),98.0,1,41,agg,"USDA FAS PS&D (Production, Supply & Distribution)",https://apps.fas.usda.gov/psdonline/downloads/
"Oil, Cottonseed",World,2021,Imports,(1000 MT),128.0,1,41,agg,"USDA FAS PS&D (Production, Supply & Distribution)",https://apps.fas.usda.gov/psdonline/downloads/
"Oil, Cottonseed",World,2022,Imports,(1000 MT),85.0,1,41,agg,"USDA FAS PS&D (Production, Supply & Distribution)",https://apps.fas.usda.gov/psdonline/downloads/
"Oil, Cottonseed",World,2023,Imports,(1000 MT),78.0,1,41,agg,"USDA FAS PS&D (Production, Supply & Distribution)",https://apps.fas.usda.gov/psdonline/downloads/
"Oil, Cottonseed",World,2024,Imports,(1000 MT),65.0,1,41,agg,"USDA FAS PS&D (Production, Supply & Distribution)",https://apps.fas.usda.gov/psdonline/downloads/
"Oil, Cottonseed",World,2025,Imports,(1000 MT),85.0,1,41,agg,"USDA FAS PS&D (Production, Supply & Distribution)",https://apps.fas.usda.gov/psdonline/downloads/
"Oil, Cottonseed",World,2026,Imports,(1000 MT),79.0,1,25,agg,"USDA FAS PS&D (Production, Supply & Distribution)",https://apps.fas.usda.gov/psdonline/downloads/
"Oil, Cottonseed",World,1966,Industrial Dom. Cons.,(1000 MT),0.0,1,1,agg,"USDA FAS PS&D (Production, Supply & Distribution)",https://apps.fas.usda.gov/psdonline/downloads/
"Oil, Cottonseed",World,1967,Industrial Dom. Cons.,(1000 MT),0.0,1,1,agg,"USDA FAS PS&D (Production, Supply & Distribution)",https://apps.fas.usda.gov/psdonline/downloads/
"Oil, Cottonseed",World,1968,Industrial Dom. Cons.,(1000 MT),0.0,1,1,agg,"USDA FAS PS&D (Production, Supply & Distribution)",https://apps.fas.usda.gov/psdonline/downloads/
"Oil, Cottonseed",World,1969,Industrial Dom. Cons.,(1000 MT),0.0,1,59,agg,"USDA FAS PS&D (Production, Supply & Distribution)",https://apps.fas.usda.gov/psdonline/downloads/
"Oil, Cottonseed",World,1970,Industrial Dom. Cons.,(1000 MT),0.0,1,58,agg,"USDA FAS PS&D (Production, Supply & Distribution)",https://apps.fas.usda.gov/psdonline/downloads/
"Oil, Cottonseed",World,1971,Industrial Dom. Cons.,(1000 MT),0.0,1,60,agg,"USDA FAS PS&D (Production, Supply & Distribution)",https://apps.fas.usda.gov/psdonline/downloads/
"Oil, Cottonseed",World,1972,Industrial Dom. Cons.,(1000 MT),0.0,1,60,agg,"USDA FAS PS&D (Production, Supply & Distribution)",https://apps.fas.usda.gov/psdonline/downloads/
"Oil, Cottonseed",World,1973,Industrial Dom. Cons.,(1000 MT),0.0,1,60,agg,"USDA FAS PS&D (Production, Supply & Distribution)",https://apps.fas.usda.gov/psdonline/downloads/
"Oil, Cottonseed",World,1974,Industrial Dom. Cons.,(1000 MT),0.0,1,58,agg,"USDA FAS PS&D (Production, Supply & Distribution)",https://apps.fas.usda.gov/psdonline/downloads/
"Oil, Cottonseed",World,1975,Industrial Dom. Cons.,(1000 MT),0.0,1,59,agg,"USDA FAS PS&D (Production, Supply & Distribution)",https://apps.fas.usda.gov/psdonline/downloads/
"Oil, Cottonseed",World,1976,Industrial Dom. Cons.,(1000 MT),0.0,1,58,agg,"USDA FAS PS&D (Production, Supply & Distribution)",https://apps.fas.usda.gov/psdonline/downloads/
"Oil, Cottonseed",World,1977,Industrial Dom. Cons.,(1000 MT),0.0,1,57,agg,"USDA FAS PS&D (Production, Supply & Distribution)",https://apps.fas.usda.gov/psdonline/downloads/
"Oil, Cottonseed",World,1978,Industrial Dom. Cons.,(1000 MT),0.0,1,56,agg,"USDA FAS PS&D (Production, Supply & Distribution)",https://apps.fas.usda.gov/psdonline/downloads/
"Oil, Cottonseed",World,1979,Industrial Dom. Cons.,(1000 MT),0.0,1,56,agg,"USDA FAS PS&D (Production, Supply & Distribution)",https://apps.fas.usda.gov/psdonline/downloads/
"Oil, Cottonseed",World,1980,Industrial Dom. Cons.,(1000 MT),0.0,1,56,agg,"USDA FAS PS&D (Production, Supply & Distribution)",https://apps.fas.usda.gov/psdonline/downloads/
"Oil, Cottonseed",World,1981,Industrial Dom. Cons.,(1000 MT),20.0,1,56,agg,"USDA FAS PS&D (Production, Supply & Distribution)",https://apps.fas.usda.gov/psdonline/downloads/
"Oil, Cottonseed",World,1982,Industrial Dom. Cons.,(1000 MT),92.0,1,54,agg,"USDA FAS PS&D (Production, Supply & Distribution)",https://apps.fas.usda.gov/psdonline/downloads/
"Oil, Cottonseed",World,1983,Industrial Dom. Cons.,(1000 MT),85.0,1,55,agg,"USDA FAS PS&D (Production, Supply & Distribution)",https://apps.fas.usda.gov/psdonline/downloads/
"Oil, Cottonseed",World,1984,Industrial Dom. Cons.,(1000 MT),96.0,1,55,agg,"USDA FAS PS&D (Production, Supply & Distribution)",https://apps.fas.usda.gov/psdonline/downloads/
"Oil, Cottonseed",World,1985,Industrial Dom. Cons.,(1000 MT),122.0,1,54,agg,"USDA FAS PS&D (Production, Supply & Distribution)",https://apps.fas.usda.gov/psdonline/downloads/
"Oil, Cottonseed",World,1986,Industrial Dom. Cons.,(1000 MT),108.0,1,54,agg,"USDA FAS PS&D (Production, Supply & Distribution)",https://apps.fas.usda.gov/psdonline/downloads/
"Oil, Cottonseed",World,1987,Industrial Dom. Cons.,(1000 MT),101.0,1,61,agg,"USDA FAS PS&D (Production, Supply & Distribution)",https://apps.fas.usda.gov/psdonline/downloads/
"Oil, Cottonseed",World,1988,Industrial Dom. Cons.,(1000 MT),109.0,1,61,agg,"USDA FAS PS&D (Production, Supply & Distribution)",https://apps.fas.usda.gov/psdonline/downloads/
"Oil, Cottonseed",World,1989,Industrial Dom. Cons.,(1000 MT),117.0,1,61,agg,"USDA FAS PS&D (Production, Supply & Distribution)",https://apps.fas.usda.gov/psdonline/downloads/
"Oil, Cottonseed",World,1990,Industrial Dom. Cons.,(1000 MT),122.0,1,61,agg,"USDA FAS PS&D (Production, Supply & Distribution)",https://apps.fas.usda.gov/psdonline/downloads/
"Oil, Cottonseed",World,1991,Industrial Dom. Cons.,(1000 MT),128.0,1,51,agg,"USDA FAS PS&D (Production, Supply & Distribution)",https://apps.fas.usda.gov/psdonline/downloads/
"Oil, Cottonseed",World,1992,Industrial Dom. Cons.,(1000 MT),107.0,1,51,agg,"USDA FAS PS&D (Production, Supply & Distribution)",https://apps.fas.usda.gov/psdonline/downloads/
"Oil, Cottonseed",World,1993,Industrial Dom. Cons.,(1000 MT),106.0,1,48,agg,"USDA FAS PS&D (Production, Supply & Distribution)",https://apps.fas.usda.gov/psdonline/downloads/
"Oil, Cottonseed",World,1994,Industrial Dom. Cons.,(1000 MT),104.0,1,48,agg,"USDA FAS PS&D (Production, Supply & Distribution)",https://apps.fas.usda.gov/psdonline/downloads/
"Oil, Cottonseed",World,1995,Industrial Dom. Cons.,(1000 MT),111.0,1,46,agg,"USDA FAS PS&D (Production, Supply & Distribution)",https://apps.fas.usda.gov/psdonline/downloads/
"Oil, Cottonseed",World,1996,Industrial Dom. Cons.,(1000 MT),116.0,1,46,agg,"USDA FAS PS&D (Production, Supply & Distribution)",https://apps.fas.usda.gov/psdonline/downloads/
"Oil, Cottonseed",World,1997,Industrial Dom. Cons.,(1000 MT),120.0,1,45,agg,"USDA FAS PS&D (Production, Supply & Distribution)",https://apps.fas.usda.gov/psdonline/downloads/
"Oil, Cottonseed",World,1998,Industrial Dom. Cons.,(1000 MT),120.0,1,45,agg,"USDA FAS PS&D (Production, Supply & Distribution)",https://apps.fas.usda.gov/psdonline/downloads/
"Oil, Cottonseed",World,1999,Industrial Dom. Cons.,(1000 MT),138.0,1,46,agg,"USDA FAS PS&D (Production, Supply & Distribution)",https://apps.fas.usda.gov/psdonline/downloads/
"Oil, Cottonseed",World,2000,Industrial Dom. Cons.,(1000 MT),111.0,1,44,agg,"USDA FAS PS&D (Production, Supply & Distribution)",https://apps.fas.usda.gov/psdonline/downloads/
"Oil, Cottonseed",World,2001,Industrial Dom. Cons.,(1000 MT),130.0,1,42,agg,"USDA FAS PS&D (Production, Supply & Distribution)",https://apps.fas.usda.gov/psdonline/downloads/
"Oil, Cottonseed",World,2002,Industrial Dom. Cons.,(1000 MT),117.0,1,41,agg,"USDA FAS PS&D (Production, Supply & Distribution)",https://apps.fas.usda.gov/psdonline/downloads/
"Oil, Cottonseed",World,2003,Industrial Dom. Cons.,(1000 MT),106.0,1,41,agg,"USDA FAS PS&D (Production, Supply & Distribution)",https://apps.fas.usda.gov/psdonline/downloads/
"Oil, Cottonseed",World,2004,Industrial Dom. Cons.,(1000 MT),170.0,1,40,agg,"USDA FAS PS&D (Production, Supply & Distribution)",https://apps.fas.usda.gov/psdonline/downloads/
"Oil, Cottonseed",World,2005,Industrial Dom. Cons.,(1000 MT),196.0,1,41,agg,"USDA FAS PS&D (Production, Supply & Distribution)",https://apps.fas.usda.gov/psdonline/downloads/
"Oil, Cottonseed",World,2006,Industrial Dom. Cons.,(1000 MT),197.0,1,41,agg,"USDA FAS PS&D (Production, Supply & Distribution)",https://apps.fas.usda.gov/psdonline/downloads/
"Oil, Cottonseed",World,2007,Industrial Dom. Cons.,(1000 MT),200.0,1,41,agg,"USDA FAS PS&D (Production, Supply & Distribution)",https://apps.fas.usda.gov/psdonline/downloads/
"Oil, Cottonseed",World,2008,Industrial Dom. Cons.,(1000 MT),240.0,1,41,agg,"USDA FAS PS&D (Production, Supply & Distribution)",https://apps.fas.usda.gov/psdonline/downloads/
"Oil, Cottonseed",World,2009,Industrial Dom. Cons.,(1000 MT),215.0,1,41,agg,"USDA FAS PS&D (Production, Supply & Distribution)",https://apps.fas.usda.gov/psdonline/downloads/
"Oil, Cottonseed",World,2010,Industrial Dom. Cons.,(1000 MT),208.0,1,41,agg,"USDA FAS PS&D (Production, Supply & Distribution)",https://apps.fas.usda.gov/psdonline/downloads/
"Oil, Cottonseed",World,2011,Industrial Dom. Cons.,(1000 MT),311.0,1,41,agg,"USDA FAS PS&D (Production, Supply & Distribution)",https://apps.fas.usda.gov/psdonline/downloads/
"Oil, Cottonseed",World,2012,Industrial Dom. Cons.,(1000 MT),303.0,1,41,agg,"USDA FAS PS&D (Production, Supply & Distribution)",https://apps.fas.usda.gov/psdonline/downloads/
"Oil, Cottonseed",World,2013,Industrial Dom. Cons.,(1000 MT),279.0,1,41,agg,"USDA FAS PS&D (Production, Supply & Distribution)",https://apps.fas.usda.gov/psdonline/downloads/
"Oil, Cottonseed",World,2014,Industrial Dom. Cons.,(1000 MT),289.0,1,41,agg,"USDA FAS PS&D (Production, Supply & Distribution)",https://apps.fas.usda.gov/psdonline/downloads/
"Oil, Cottonseed",World,2015,Industrial Dom. Cons.,(1000 MT),277.0,1,41,agg,"USDA FAS PS&D (Production, Supply & Distribution)",https://apps.fas.usda.gov/psdonline/downloads/
"Oil, Cottonseed",World,2016,Industrial Dom. Cons.,(1000 MT),270.0,1,41,agg,"USDA FAS PS&D (Production, Supply & Distribution)",https://apps.fas.usda.gov/psdonline/downloads/
"Oil, Cottonseed",World,2017,Industrial Dom. Cons.,(1000 MT),290.0,1,41,agg,"USDA FAS PS&D (Production, Supply & Distribution)",https://apps.fas.usda.gov/psdonline/downloads/
"Oil, Cottonseed",World,2018,Industrial Dom. Cons.,(1000 MT),325.0,1,41,agg,"USDA FAS PS&D (Production, Supply & Distribution)",https://apps.fas.usda.gov/psdonline/downloads/
"Oil, Cottonseed",World,2019,Industrial Dom. Cons.,(1000 MT),490.0,1,41,agg,"USDA FAS PS&D (Production, Supply & Distribution)",https://apps.fas.usda.gov/psdonline/downloads/
"Oil, Cottonseed",World,2020,Industrial Dom. Cons.,(1000 MT),523.0,1,41,agg,"USDA FAS PS&D (Production, Supply & Distribution)",https://apps.fas.usda.gov/psdonline/downloads/
"Oil, Cottonseed",World,2021,Industrial Dom. Cons.,(1000 MT),474.0,1,41,agg,"USDA FAS PS&D (Production, Supply & Distribution)",https://apps.fas.usda.gov/psdonline/downloads/
"Oil, Cottonseed",World,2022,Industrial Dom. Cons.,(1000 MT),466.0,1,41,agg,"USDA FAS PS&D (Production, Supply & Distribution)",https://apps.fas.usda.gov/psdonline/downloads/
"Oil, Cottonseed",World,2023,Industrial Dom. Cons.,(1000 MT),580.0,1,41,agg,"USDA FAS PS&D (Production, Supply & Distribution)",https://apps.fas.usda.gov/psdonline/downloads/
"Oil, Cottonseed",World,2024,Industrial Dom. Cons.,(1000 MT),625.0,1,41,agg,"USDA FAS PS&D (Production, Supply & Distribution)",https://apps.fas.usda.gov/psdonline/downloads/
"Oil, Cottonseed",World,2025,Industrial Dom. Cons.,(1000 MT),650.0,1,41,agg,"USDA FAS PS&D (Production, Supply & Distribution)",https://apps.fas.usda.gov/psdonline/downloads/
"Oil, Cottonseed",World,2026,Industrial Dom. Cons.,(1000 MT),625.0,1,25,agg,"USDA FAS PS&D (Production, Supply & Distribution)",https://apps.fas.usda.gov/psdonline/downloads/
"Oil, Cottonseed",World,1966,Production,(1000 MT),36.0,1,1,agg,"USDA FAS PS&D (Production, Supply & Distribution)",https://apps.fas.usda.gov/psdonline/downloads/
"Oil, Cottonseed",World,1967,Production,(1000 MT),41.0,1,1,agg,"USDA FAS PS&D (Production, Supply & Distribution)",https://apps.fas.usda.gov/psdonline/downloads/
"Oil, Cottonseed",World,1968,Production,(1000 MT),41.0,1,1,agg,"USDA FAS PS&D (Production, Supply & Distribution)",https://apps.fas.usda.gov/psdonline/downloads/
"Oil, Cottonseed",World,1969,Production,(1000 MT),2649.0,1,59,agg,"USDA FAS PS&D (Production, Supply & Distribution)",https://apps.fas.usda.gov/psdonline/downloads/
"Oil, Cottonseed",World,1970,Production,(1000 MT),2583.0,1,58,agg,"USDA FAS PS&D (Production, Supply & Distribution)",https://apps.fas.usda.gov/psdonline/downloads/
"Oil, Cottonseed",World,1971,Production,(1000 MT),2869.0,1,60,agg,"USDA FAS PS&D (Production, Supply & Distribution)",https://apps.fas.usda.gov/psdonline/downloads/
"Oil, Cottonseed",World,1972,Production,(1000 MT),2972.0,1,60,agg,"USDA FAS PS&D (Production, Supply & Distribution)",https://apps.fas.usda.gov/psdonline/downloads/
"Oil, Cottonseed",World,1973,Production,(1000 MT),2986.0,1,60,agg,"USDA FAS PS&D (Production, Supply & Distribution)",https://apps.fas.usda.gov/psdonline/downloads/
"Oil, Cottonseed",World,1974,Production,(1000 MT),2929.0,1,58,agg,"USDA FAS PS&D (Production, Supply & Distribution)",https://apps.fas.usda.gov/psdonline/downloads/
"Oil, Cottonseed",World,1975,Production,(1000 MT),2592.0,1,59,agg,"USDA FAS PS&D (Production, Supply & Distribution)",https://apps.fas.usda.gov/psdonline/downloads/
"Oil, Cottonseed",World,1976,Production,(1000 MT),2658.0,1,58,agg,"USDA FAS PS&D (Production, Supply & Distribution)",https://apps.fas.usda.gov/psdonline/downloads/
"Oil, Cottonseed",World,1977,Production,(1000 MT),2884.0,1,57,agg,"USDA FAS PS&D (Production, Supply & Distribution)",https://apps.fas.usda.gov/psdonline/downloads/
"Oil, Cottonseed",World,1978,Production,(1000 MT),2787.0,1,56,agg,"USDA FAS PS&D (Production, Supply & Distribution)",https://apps.fas.usda.gov/psdonline/downloads/
"Oil, Cottonseed",World,1979,Production,(1000 MT),2873.0,1,56,agg,"USDA FAS PS&D (Production, Supply & Distribution)",https://apps.fas.usda.gov/psdonline/downloads/
"Oil, Cottonseed",World,1980,Production,(1000 MT),2889.0,1,56,agg,"USDA FAS PS&D (Production, Supply & Distribution)",https://apps.fas.usda.gov/psdonline/downloads/
"Oil, Cottonseed",World,1981,Production,(1000 MT),3183.0,1,56,agg,"USDA FAS PS&D (Production, Supply & Distribution)",https://apps.fas.usda.gov/psdonline/downloads/
"Oil, Cottonseed",World,1982,Production,(1000 MT),3043.0,1,54,agg,"USDA FAS PS&D (Production, Supply & Distribution)",https://apps.fas.usda.gov/psdonline/downloads/
"Oil, Cottonseed",World,1983,Production,(1000 MT),2853.0,1,55,agg,"USDA FAS PS&D (Production, Supply & Distribution)",https://apps.fas.usda.gov/psdonline/downloads/
"Oil, Cottonseed",World,1984,Production,(1000 MT),3759.0,1,55,agg,"USDA FAS PS&D (Production, Supply & Distribution)",https://apps.fas.usda.gov/psdonline/downloads/
"Oil, Cottonseed",World,1985,Production,(1000 MT),3262.0,1,54,agg,"USDA FAS PS&D (Production, Supply & Distribution)",https://apps.fas.usda.gov/psdonline/downloads/
"Oil, Cottonseed",World,1986,Production,(1000 MT),2957.0,1,54,agg,"USDA FAS PS&D (Production, Supply & Distribution)",https://apps.fas.usda.gov/psdonline/downloads/
"Oil, Cottonseed",World,1987,Production,(1000 MT),3451.0,1,61,agg,"USDA FAS PS&D (Production, Supply & Distribution)",https://apps.fas.usda.gov/psdonline/downloads/
"Oil, Cottonseed",World,1988,Production,(1000 MT),3696.0,1,61,agg,"USDA FAS PS&D (Production, Supply & Distribution)",https://apps.fas.usda.gov/psdonline/downloads/
"Oil, Cottonseed",World,1989,Production,(1000 MT),3471.0,1,61,agg,"USDA FAS PS&D (Production, Supply & Distribution)",https://apps.fas.usda.gov/psdonline/downloads/
"Oil, Cottonseed",World,1990,Production,(1000 MT),3712.0,1,61,agg,"USDA FAS PS&D (Production, Supply & Distribution)",https://apps.fas.usda.gov/psdonline/downloads/
"Oil, Cottonseed",World,1991,Production,(1000 MT),4037.0,1,51,agg,"USDA FAS PS&D (Production, Supply & Distribution)",https://apps.fas.usda.gov/psdonline/downloads/
"Oil, Cottonseed",World,1992,Production,(1000 MT),3541.0,1,51,agg,"USDA FAS PS&D (Production, Supply & Distribution)",https://apps.fas.usda.gov/psdonline/downloads/
"Oil, Cottonseed",World,1993,Production,(1000 MT),3239.0,1,48,agg,"USDA FAS PS&D (Production, Supply & Distribution)",https://apps.fas.usda.gov/psdonline/downloads/
"Oil, Cottonseed",World,1994,Production,(1000 MT),3571.0,1,48,agg,"USDA FAS PS&D (Production, Supply & Distribution)",https://apps.fas.usda.gov/psdonline/downloads/
"Oil, Cottonseed",World,1995,Production,(1000 MT),3891.0,1,46,agg,"USDA FAS PS&D (Production, Supply & Distribution)",https://apps.fas.usda.gov/psdonline/downloads/
"Oil, Cottonseed",World,1996,Production,(1000 MT),3663.0,1,46,agg,"USDA FAS PS&D (Production, Supply & Distribution)",https://apps.fas.usda.gov/psdonline/downloads/
"Oil, Cottonseed",World,1997,Production,(1000 MT),3666.0,1,45,agg,"USDA FAS PS&D (Production, Supply & Distribution)",https://apps.fas.usda.gov/psdonline/downloads/
"Oil, Cottonseed",World,1998,Production,(1000 MT),3499.0,1,45,agg,"USDA FAS PS&D (Production, Supply & Distribution)",https://apps.fas.usda.gov/psdonline/downloads/
"Oil, Cottonseed",World,1999,Production,(1000 MT),3544.0,1,46,agg,"USDA FAS PS&D (Production, Supply & Distribution)",https://apps.fas.usda.gov/psdonline/downloads/
"Oil, Cottonseed",World,2000,Production,(1000 MT),3463.0,1,44,agg,"USDA FAS PS&D (Production, Supply & Distribution)",https://apps.fas.usda.gov/psdonline/downloads/
"Oil, Cottonseed",World,2001,Production,(1000 MT),3802.0,1,42,agg,"USDA FAS PS&D (Production, Supply & Distribution)",https://apps.fas.usda.gov/psdonline/downloads/
"Oil, Cottonseed",World,2002,Production,(1000 MT),3802.0,1,41,agg,"USDA FAS PS&D (Production, Supply & Distribution)",https://apps.fas.usda.gov/psdonline/downloads/
"Oil, Cottonseed",World,2003,Production,(1000 MT),3978.0,1,41,agg,"USDA FAS PS&D (Production, Supply & Distribution)",https://apps.fas.usda.gov/psdonline/downloads/
"Oil, Cottonseed",World,2004,Production,(1000 MT),5010.0,1,40,agg,"USDA FAS PS&D (Production, Supply & Distribution)",https://apps.fas.usda.gov/psdonline/downloads/
"Oil, Cottonseed",World,2005,Production,(1000 MT),4873.0,1,41,agg,"USDA FAS PS&D (Production, Supply & Distribution)",https://apps.fas.usda.gov/psdonline/downloads/
"Oil, Cottonseed",World,2006,Production,(1000 MT),4956.0,1,41,agg,"USDA FAS PS&D (Production, Supply & Distribution)",https://apps.fas.usda.gov/psdonline/downloads/
"Oil, Cottonseed",World,2007,Production,(1000 MT),5087.0,1,41,agg,"USDA FAS PS&D (Production, Supply & Distribution)",https://apps.fas.usda.gov/psdonline/downloads/
"Oil, Cottonseed",World,2008,Production,(1000 MT),4773.0,1,41,agg,"USDA FAS PS&D (Production, Supply & Distribution)",https://apps.fas.usda.gov/psdonline/downloads/
"Oil, Cottonseed",World,2009,Production,(1000 MT),4548.0,1,41,agg,"USDA FAS PS&D (Production, Supply & Distribution)",https://apps.fas.usda.gov/psdonline/downloads/
"Oil, Cottonseed",World,2010,Production,(1000 MT),4756.0,1,41,agg,"USDA FAS PS&D (Production, Supply & Distribution)",https://apps.fas.usda.gov/psdonline/downloads/
"Oil, Cottonseed",World,2011,Production,(1000 MT),5204.0,1,41,agg,"USDA FAS PS&D (Production, Supply & Distribution)",https://apps.fas.usda.gov/psdonline/downloads/
"Oil, Cottonseed",World,2012,Production,(1000 MT),5278.0,1,41,agg,"USDA FAS PS&D (Production, Supply & Distribution)",https://apps.fas.usda.gov/psdonline/downloads/
"Oil, Cottonseed",World,2013,Production,(1000 MT),5030.0,1,41,agg,"USDA FAS PS&D (Production, Supply & Distribution)",https://apps.fas.usda.gov/psdonline/downloads/
"Oil, Cottonseed",World,2014,Production,(1000 MT),5074.0,1,41,agg,"USDA FAS PS&D (Production, Supply & Distribution)",https://apps.fas.usda.gov/psdonline/downloads/
"Oil, Cottonseed",World,2015,Production,(1000 MT),4309.0,1,41,agg,"USDA FAS PS&D (Production, Supply & Distribution)",https://apps.fas.usda.gov/psdonline/downloads/
"Oil, Cottonseed",World,2016,Production,(1000 MT),4353.0,1,41,agg,"USDA FAS PS&D (Production, Supply & Distribution)",https://apps.fas.usda.gov/psdonline/downloads/
"Oil, Cottonseed",World,2017,Production,(1000 MT),4693.0,1,41,agg,"USDA FAS PS&D (Production, Supply & Distribution)",https://apps.fas.usda.gov/psdonline/downloads/
"Oil, Cottonseed",World,2018,Production,(1000 MT),4435.0,1,41,agg,"USDA FAS PS&D (Production, Supply & Distribution)",https://apps.fas.usda.gov/psdonline/downloads/
"Oil, Cottonseed",World,2019,Production,(1000 MT),4704.0,1,41,agg,"USDA FAS PS&D (Production, Supply & Distribution)",https://apps.fas.usda.gov/psdonline/downloads/
"Oil, Cottonseed",World,2020,Production,(1000 MT),4506.0,1,41,agg,"USDA FAS PS&D (Production, Supply & Distribution)",https://apps.fas.usda.gov/psdonline/downloads/
"Oil, Cottonseed",World,2021,Production,(1000 MT),4530.0,1,41,agg,"USDA FAS PS&D (Production, Supply & Distribution)",https://apps.fas.usda.gov/psdonline/downloads/
"Oil, Cottonseed",World,2022,Production,(1000 MT),4562.0,1,41,agg,"USDA FAS PS&D (Production, Supply & Distribution)",https://apps.fas.usda.gov/psdonline/downloads/
"Oil, Cottonseed",World,2023,Production,(1000 MT),4737.0,1,41,agg,"USDA FAS PS&D (Production, Supply & Distribution)",https://apps.fas.usda.gov/psdonline/downloads/
"Oil, Cottonseed",World,2024,Production,(1000 MT),4713.0,1,41,agg,"USDA FAS PS&D (Production, Supply & Distribution)",https://apps.fas.usda.gov/psdonline/downloads/
"Oil, Cottonseed",World,2025,Production,(1000 MT),4738.0,1,41,agg,"USDA FAS PS&D (Production, Supply & Distribution)",https://apps.fas.usda.gov/psdonline/downloads/
"Oil, Cottonseed",World,2026,Production,(1000 MT),4462.0,1,25,agg,"USDA FAS PS&D (Production, Supply & Distribution)",https://apps.fas.usda.gov/psdonline/downloads/
"Oil, Cottonseed",World,1966,Total Distribution,(1000 MT),39.0,1,1,agg,"USDA FAS PS&D (Production, Supply & Distribution)",https://apps.fas.usda.gov/psdonline/downloads/
"Oil, Cottonseed",World,1967,Total Distribution,(1000 MT),43.0,1,1,agg,"USDA FAS PS&D (Production, Supply & Distribution)",https://apps.fas.usda.gov/psdonline/downloads/
"Oil, Cottonseed",World,1968,Total Distribution,(1000 MT),43.0,1,1,agg,"USDA FAS PS&D (Production, Supply & Distribution)",https://apps.fas.usda.gov/psdonline/downloads/
"Oil, Cottonseed",World,1969,Total Distribution,(1000 MT),3077.0,1,59,agg,"USDA FAS PS&D (Production, Supply & Distribution)",https://apps.fas.usda.gov/psdonline/downloads/
"Oil, Cottonseed",World,1970,Total Distribution,(1000 MT),2929.0,1,58,agg,"USDA FAS PS&D (Production, Supply & Distribution)",https://apps.fas.usda.gov/psdonline/downloads/
"Oil, Cottonseed",World,1971,Total Distribution,(1000 MT),3186.0,1,60,agg,"USDA FAS PS&D (Production, Supply & Distribution)",https://apps.fas.usda.gov/psdonline/downloads/
"Oil, Cottonseed",World,1972,Total Distribution,(1000 MT),3359.0,1,60,agg,"USDA FAS PS&D (Production, Supply & Distribution)",https://apps.fas.usda.gov/psdonline/downloads/
"Oil, Cottonseed",World,1973,Total Distribution,(1000 MT),3373.0,1,60,agg,"USDA FAS PS&D (Production, Supply & Distribution)",https://apps.fas.usda.gov/psdonline/downloads/
"Oil, Cottonseed",World,1974,Total Distribution,(1000 MT),3297.0,1,58,agg,"USDA FAS PS&D (Production, Supply & Distribution)",https://apps.fas.usda.gov/psdonline/downloads/
"Oil, Cottonseed",World,1975,Total Distribution,(1000 MT),2902.0,1,59,agg,"USDA FAS PS&D (Production, Supply & Distribution)",https://apps.fas.usda.gov/psdonline/downloads/
"Oil, Cottonseed",World,1976,Total Distribution,(1000 MT),3015.0,1,58,agg,"USDA FAS PS&D (Production, Supply & Distribution)",https://apps.fas.usda.gov/psdonline/downloads/
"Oil, Cottonseed",World,1977,Total Distribution,(1000 MT),3272.0,1,57,agg,"USDA FAS PS&D (Production, Supply & Distribution)",https://apps.fas.usda.gov/psdonline/downloads/
"Oil, Cottonseed",World,1978,Total Distribution,(1000 MT),3147.0,1,56,agg,"USDA FAS PS&D (Production, Supply & Distribution)",https://apps.fas.usda.gov/psdonline/downloads/
"Oil, Cottonseed",World,1979,Total Distribution,(1000 MT),3249.0,1,56,agg,"USDA FAS PS&D (Production, Supply & Distribution)",https://apps.fas.usda.gov/psdonline/downloads/
"Oil, Cottonseed",World,1980,Total Distribution,(1000 MT),3296.0,1,56,agg,"USDA FAS PS&D (Production, Supply & Distribution)",https://apps.fas.usda.gov/psdonline/downloads/
"Oil, Cottonseed",World,1981,Total Distribution,(1000 MT),3631.0,1,56,agg,"USDA FAS PS&D (Production, Supply & Distribution)",https://apps.fas.usda.gov/psdonline/downloads/
"Oil, Cottonseed",World,1982,Total Distribution,(1000 MT),3384.0,1,54,agg,"USDA FAS PS&D (Production, Supply & Distribution)",https://apps.fas.usda.gov/psdonline/downloads/
"Oil, Cottonseed",World,1983,Total Distribution,(1000 MT),3184.0,1,55,agg,"USDA FAS PS&D (Production, Supply & Distribution)",https://apps.fas.usda.gov/psdonline/downloads/
"Oil, Cottonseed",World,1984,Total Distribution,(1000 MT),4142.0,1,55,agg,"USDA FAS PS&D (Production, Supply & Distribution)",https://apps.fas.usda.gov/psdonline/downloads/
"Oil, Cottonseed",World,1985,Total Distribution,(1000 MT),3675.0,1,54,agg,"USDA FAS PS&D (Production, Supply & Distribution)",https://apps.fas.usda.gov/psdonline/downloads/
"Oil, Cottonseed",World,1986,Total Distribution,(1000 MT),3304.0,1,54,agg,"USDA FAS PS&D (Production, Supply & Distribution)",https://apps.fas.usda.gov/psdonline/downloads/
"Oil, Cottonseed",World,1987,Total Distribution,(1000 MT),4019.0,1,61,agg,"USDA FAS PS&D (Production, Supply & Distribution)",https://apps.fas.usda.gov/psdonline/downloads/
"Oil, Cottonseed",World,1988,Total Distribution,(1000 MT),4213.0,1,61,agg,"USDA FAS PS&D (Production, Supply & Distribution)",https://apps.fas.usda.gov/psdonline/downloads/
"Oil, Cottonseed",World,1989,Total Distribution,(1000 MT),4020.0,1,61,agg,"USDA FAS PS&D (Production, Supply & Distribution)",https://apps.fas.usda.gov/psdonline/downloads/
"Oil, Cottonseed",World,1990,Total Distribution,(1000 MT),4269.0,1,61,agg,"USDA FAS PS&D (Production, Supply & Distribution)",https://apps.fas.usda.gov/psdonline/downloads/
"Oil, Cottonseed",World,1991,Total Distribution,(1000 MT),4527.0,1,51,agg,"USDA FAS PS&D (Production, Supply & Distribution)",https://apps.fas.usda.gov/psdonline/downloads/
"Oil, Cottonseed",World,1992,Total Distribution,(1000 MT),4085.0,1,51,agg,"USDA FAS PS&D (Production, Supply & Distribution)",https://apps.fas.usda.gov/psdonline/downloads/
"Oil, Cottonseed",World,1993,Total Distribution,(1000 MT),3767.0,1,48,agg,"USDA FAS PS&D (Production, Supply & Distribution)",https://apps.fas.usda.gov/psdonline/downloads/
"Oil, Cottonseed",World,1994,Total Distribution,(1000 MT),4171.0,1,48,agg,"USDA FAS PS&D (Production, Supply & Distribution)",https://apps.fas.usda.gov/psdonline/downloads/
"Oil, Cottonseed",World,1995,Total Distribution,(1000 MT),4396.0,1,46,agg,"USDA FAS PS&D (Production, Supply & Distribution)",https://apps.fas.usda.gov/psdonline/downloads/
"Oil, Cottonseed",World,1996,Total Distribution,(1000 MT),4052.0,1,46,agg,"USDA FAS PS&D (Production, Supply & Distribution)",https://apps.fas.usda.gov/psdonline/downloads/
"Oil, Cottonseed",World,1997,Total Distribution,(1000 MT),3986.0,1,45,agg,"USDA FAS PS&D (Production, Supply & Distribution)",https://apps.fas.usda.gov/psdonline/downloads/
"Oil, Cottonseed",World,1998,Total Distribution,(1000 MT),3753.0,1,45,agg,"USDA FAS PS&D (Production, Supply & Distribution)",https://apps.fas.usda.gov/psdonline/downloads/
"Oil, Cottonseed",World,1999,Total Distribution,(1000 MT),3758.0,1,46,agg,"USDA FAS PS&D (Production, Supply & Distribution)",https://apps.fas.usda.gov/psdonline/downloads/
"Oil, Cottonseed",World,2000,Total Distribution,(1000 MT),3736.0,1,44,agg,"USDA FAS PS&D (Production, Supply & Distribution)",https://apps.fas.usda.gov/psdonline/downloads/
"Oil, Cottonseed",World,2001,Total Distribution,(1000 MT),4082.0,1,42,agg,"USDA FAS PS&D (Production, Supply & Distribution)",https://apps.fas.usda.gov/psdonline/downloads/
"Oil, Cottonseed",World,2002,Total Distribution,(1000 MT),4040.0,1,41,agg,"USDA FAS PS&D (Production, Supply & Distribution)",https://apps.fas.usda.gov/psdonline/downloads/
"Oil, Cottonseed",World,2003,Total Distribution,(1000 MT),4149.0,1,41,agg,"USDA FAS PS&D (Production, Supply & Distribution)",https://apps.fas.usda.gov/psdonline/downloads/
"Oil, Cottonseed",World,2004,Total Distribution,(1000 MT),5230.0,1,40,agg,"USDA FAS PS&D (Production, Supply & Distribution)",https://apps.fas.usda.gov/psdonline/downloads/
"Oil, Cottonseed",World,2005,Total Distribution,(1000 MT),5217.0,1,41,agg,"USDA FAS PS&D (Production, Supply & Distribution)",https://apps.fas.usda.gov/psdonline/downloads/
"Oil, Cottonseed",World,2006,Total Distribution,(1000 MT),5334.0,1,41,agg,"USDA FAS PS&D (Production, Supply & Distribution)",https://apps.fas.usda.gov/psdonline/downloads/
"Oil, Cottonseed",World,2007,Total Distribution,(1000 MT),5430.0,1,41,agg,"USDA FAS PS&D (Production, Supply & Distribution)",https://apps.fas.usda.gov/psdonline/downloads/
"Oil, Cottonseed",World,2008,Total Distribution,(1000 MT),5125.0,1,41,agg,"USDA FAS PS&D (Production, Supply & Distribution)",https://apps.fas.usda.gov/psdonline/downloads/
"Oil, Cottonseed",World,2009,Total Distribution,(1000 MT),4846.0,1,41,agg,"USDA FAS PS&D (Production, Supply & Distribution)",https://apps.fas.usda.gov/psdonline/downloads/
"Oil, Cottonseed",World,2010,Total Distribution,(1000 MT),5034.0,1,41,agg,"USDA FAS PS&D (Production, Supply & Distribution)",https://apps.fas.usda.gov/psdonline/downloads/
"Oil, Cottonseed",World,2011,Total Distribution,(1000 MT),5521.0,1,41,agg,"USDA FAS PS&D (Production, Supply & Distribution)",https://apps.fas.usda.gov/psdonline/downloads/
"Oil, Cottonseed",World,2012,Total Distribution,(1000 MT),5622.0,1,41,agg,"USDA FAS PS&D (Production, Supply & Distribution)",https://apps.fas.usda.gov/psdonline/downloads/
"Oil, Cottonseed",World,2013,Total Distribution,(1000 MT),5409.0,1,41,agg,"USDA FAS PS&D (Production, Supply & Distribution)",https://apps.fas.usda.gov/psdonline/downloads/
"Oil, Cottonseed",World,2014,Total Distribution,(1000 MT),5352.0,1,41,agg,"USDA FAS PS&D (Production, Supply & Distribution)",https://apps.fas.usda.gov/psdonline/downloads/
"Oil, Cottonseed",World,2015,Total Distribution,(1000 MT),4600.0,1,41,agg,"USDA FAS PS&D (Production, Supply & Distribution)",https://apps.fas.usda.gov/psdonline/downloads/
"Oil, Cottonseed",World,2016,Total Distribution,(1000 MT),4558.0,1,41,agg,"USDA FAS PS&D (Production, Supply & Distribution)",https://apps.fas.usda.gov/psdonline/downloads/
"Oil, Cottonseed",World,2017,Total Distribution,(1000 MT),4946.0,1,41,agg,"USDA FAS PS&D (Production, Supply & Distribution)",https://apps.fas.usda.gov/psdonline/downloads/
"Oil, Cottonseed",World,2018,Total Distribution,(1000 MT),4748.0,1,41,agg,"USDA FAS PS&D (Production, Supply & Distribution)",https://apps.fas.usda.gov/psdonline/downloads/
"Oil, Cottonseed",World,2019,Total Distribution,(1000 MT),5024.0,1,41,agg,"USDA FAS PS&D (Production, Supply & Distribution)",https://apps.fas.usda.gov/psdonline/downloads/
"Oil, Cottonseed",World,2020,Total Distribution,(1000 MT),4825.0,1,41,agg,"USDA FAS PS&D (Production, Supply & Distribution)",https://apps.fas.usda.gov/psdonline/downloads/
"Oil, Cottonseed",World,2021,Total Distribution,(1000 MT),4849.0,1,41,agg,"USDA FAS PS&D (Production, Supply & Distribution)",https://apps.fas.usda.gov/psdonline/downloads/
"Oil, Cottonseed",World,2022,Total Distribution,(1000 MT),4804.0,1,41,agg,"USDA FAS PS&D (Production, Supply & Distribution)",https://apps.fas.usda.gov/psdonline/downloads/
"Oil, Cottonseed",World,2023,Total Distribution,(1000 MT),4965.0,1,41,agg,"USDA FAS PS&D (Production, Supply & Distribution)",https://apps.fas.usda.gov/psdonline/downloads/
"Oil, Cottonseed",World,2024,Total Distribution,(1000 MT),4966.0,1,41,agg,"USDA FAS PS&D (Production, Supply & Distribution)",https://apps.fas.usda.gov/psdonline/downloads/
"Oil, Cottonseed",World,2025,Total Distribution,(1000 MT),5001.0,1,41,agg,"USDA FAS PS&D (Production, Supply & Distribution)",https://apps.fas.usda.gov/psdonline/downloads/
"Oil, Cottonseed",World,2026,Total Distribution,(1000 MT),4737.0,1,25,agg,"USDA FAS PS&D (Production, Supply & Distribution)",https://apps.fas.usda.gov/psdonline/downloads/
"Oil, Cottonseed",World,1966,Total Supply,(1000 MT),39.0,1,1,agg,"USDA FAS PS&D (Production, Supply & Distribution)",https://apps.fas.usda.gov/psdonline/downloads/
"Oil, Cottonseed",World,1967,Total Supply,(1000 MT),43.0,1,1,agg,"USDA FAS PS&D (Production, Supply & Distribution)",https://apps.fas.usda.gov/psdonline/downloads/
"Oil, Cottonseed",World,1968,Total Supply,(1000 MT),43.0,1,1,agg,"USDA FAS PS&D (Production, Supply & Distribution)",https://apps.fas.usda.gov/psdonline/downloads/
"Oil, Cottonseed",World,1969,Total Supply,(1000 MT),3077.0,1,59,agg,"USDA FAS PS&D (Production, Supply & Distribution)",https://apps.fas.usda.gov/psdonline/downloads/
"Oil, Cottonseed",World,1970,Total Supply,(1000 MT),2929.0,1,58,agg,"USDA FAS PS&D (Production, Supply & Distribution)",https://apps.fas.usda.gov/psdonline/downloads/
"Oil, Cottonseed",World,1971,Total Supply,(1000 MT),3186.0,1,60,agg,"USDA FAS PS&D (Production, Supply & Distribution)",https://apps.fas.usda.gov/psdonline/downloads/
"Oil, Cottonseed",World,1972,Total Supply,(1000 MT),3359.0,1,60,agg,"USDA FAS PS&D (Production, Supply & Distribution)",https://apps.fas.usda.gov/psdonline/downloads/
"Oil, Cottonseed",World,1973,Total Supply,(1000 MT),3373.0,1,60,agg,"USDA FAS PS&D (Production, Supply & Distribution)",https://apps.fas.usda.gov/psdonline/downloads/
"Oil, Cottonseed",World,1974,Total Supply,(1000 MT),3297.0,1,58,agg,"USDA FAS PS&D (Production, Supply & Distribution)",https://apps.fas.usda.gov/psdonline/downloads/
"Oil, Cottonseed",World,1975,Total Supply,(1000 MT),2902.0,1,59,agg,"USDA FAS PS&D (Production, Supply & Distribution)",https://apps.fas.usda.gov/psdonline/downloads/
"Oil, Cottonseed",World,1976,Total Supply,(1000 MT),3015.0,1,58,agg,"USDA FAS PS&D (Production, Supply & Distribution)",https://apps.fas.usda.gov/psdonline/downloads/
"Oil, Cottonseed",World,1977,Total Supply,(1000 MT),3272.0,1,57,agg,"USDA FAS PS&D (Production, Supply & Distribution)",https://apps.fas.usda.gov/psdonline/downloads/
"Oil, Cottonseed",World,1978,Total Supply,(1000 MT),3147.0,1,56,agg,"USDA FAS PS&D (Production, Supply & Distribution)",https://apps.fas.usda.gov/psdonline/downloads/
"Oil, Cottonseed",World,1979,Total Supply,(1000 MT),3249.0,1,56,agg,"USDA FAS PS&D (Production, Supply & Distribution)",https://apps.fas.usda.gov/psdonline/downloads/
"Oil, Cottonseed",World,1980,Total Supply,(1000 MT),3296.0,1,56,agg,"USDA FAS PS&D (Production, Supply & Distribution)",https://apps.fas.usda.gov/psdonline/downloads/
"Oil, Cottonseed",World,1981,Total Supply,(1000 MT),3631.0,1,56,agg,"USDA FAS PS&D (Production, Supply & Distribution)",https://apps.fas.usda.gov/psdonline/downloads/
"Oil, Cottonseed",World,1982,Total Supply,(1000 MT),3384.0,1,54,agg,"USDA FAS PS&D (Production, Supply & Distribution)",https://apps.fas.usda.gov/psdonline/downloads/
"Oil, Cottonseed",World,1983,Total Supply,(1000 MT),3184.0,1,55,agg,"USDA FAS PS&D (Production, Supply & Distribution)",https://apps.fas.usda.gov/psdonline/downloads/
"Oil, Cottonseed",World,1984,Total Supply,(1000 MT),4142.0,1,55,agg,"USDA FAS PS&D (Production, Supply & Distribution)",https://apps.fas.usda.gov/psdonline/downloads/
"Oil, Cottonseed",World,1985,Total Supply,(1000 MT),3675.0,1,54,agg,"USDA FAS PS&D (Production, Supply & Distribution)",https://apps.fas.usda.gov/psdonline/downloads/
"Oil, Cottonseed",World,1986,Total Supply,(1000 MT),3304.0,1,54,agg,"USDA FAS PS&D (Production, Supply & Distribution)",https://apps.fas.usda.gov/psdonline/downloads/
"Oil, Cottonseed",World,1987,Total Supply,(1000 MT),4019.0,1,61,agg,"USDA FAS PS&D (Production, Supply & Distribution)",https://apps.fas.usda.gov/psdonline/downloads/
"Oil, Cottonseed",World,1988,Total Supply,(1000 MT),4213.0,1,61,agg,"USDA FAS PS&D (Production, Supply & Distribution)",https://apps.fas.usda.gov/psdonline/downloads/
"Oil, Cottonseed",World,1989,Total Supply,(1000 MT),4020.0,1,61,agg,"USDA FAS PS&D (Production, Supply & Distribution)",https://apps.fas.usda.gov/psdonline/downloads/
"Oil, Cottonseed",World,1990,Total Supply,(1000 MT),4269.0,1,61,agg,"USDA FAS PS&D (Production, Supply & Distribution)",https://apps.fas.usda.gov/psdonline/downloads/
"Oil, Cottonseed",World,1991,Total Supply,(1000 MT),4527.0,1,51,agg,"USDA FAS PS&D (Production, Supply & Distribution)",https://apps.fas.usda.gov/psdonline/downloads/
"Oil, Cottonseed",World,1992,Total Supply,(1000 MT),4085.0,1,51,agg,"USDA FAS PS&D (Production, Supply & Distribution)",https://apps.fas.usda.gov/psdonline/downloads/
"Oil, Cottonseed",World,1993,Total Supply,(1000 MT),3767.0,1,48,agg,"USDA FAS PS&D (Production, Supply & Distribution)",https://apps.fas.usda.gov/psdonline/downloads/
"Oil, Cottonseed",World,1994,Total Supply,(1000 MT),4171.0,1,48,agg,"USDA FAS PS&D (Production, Supply & Distribution)",https://apps.fas.usda.gov/psdonline/downloads/
"Oil, Cottonseed",World,1995,Total Supply,(1000 MT),4396.0,1,46,agg,"USDA FAS PS&D (Production, Supply & Distribution)",https://apps.fas.usda.gov/psdonline/downloads/
"Oil, Cottonseed",World,1996,Total Supply,(1000 MT),4052.0,1,46,agg,"USDA FAS PS&D (Production, Supply & Distribution)",https://apps.fas.usda.gov/psdonline/downloads/
"Oil, Cottonseed",World,1997,Total Supply,(1000 MT),3986.0,1,45,agg,"USDA FAS PS&D (Production, Supply & Distribution)",https://apps.fas.usda.gov/psdonline/downloads/
"Oil, Cottonseed",World,1998,Total Supply,(1000 MT),3753.0,1,45,agg,"USDA FAS PS&D (Production, Supply & Distribution)",https://apps.fas.usda.gov/psdonline/downloads/
"Oil, Cottonseed",World,1999,Total Supply,(1000 MT),3758.0,1,46,agg,"USDA FAS PS&D (Production, Supply & Distribution)",https://apps.fas.usda.gov/psdonline/downloads/
"Oil, Cottonseed",World,2000,Total Supply,(1000 MT),3736.0,1,44,agg,"USDA FAS PS&D (Production, Supply & Distribution)",https://apps.fas.usda.gov/psdonline/downloads/
"Oil, Cottonseed",World,2001,Total Supply,(1000 MT),4082.0,1,42,agg,"USDA FAS PS&D (Production, Supply & Distribution)",https://apps.fas.usda.gov/psdonline/downloads/
"Oil, Cottonseed",World,2002,Total Supply,(1000 MT),4040.0,1,41,agg,"USDA FAS PS&D (Production, Supply & Distribution)",https://apps.fas.usda.gov/psdonline/downloads/
"Oil, Cottonseed",World,2003,Total Supply,(1000 MT),4149.0,1,41,agg,"USDA FAS PS&D (Production, Supply & Distribution)",https://apps.fas.usda.gov/psdonline/downloads/
"Oil, Cottonseed",World,2004,Total Supply,(1000 MT),5230.0,1,40,agg,"USDA FAS PS&D (Production, Supply & Distribution)",https://apps.fas.usda.gov/psdonline/downloads/
"Oil, Cottonseed",World,2005,Total Supply,(1000 MT),5217.0,1,41,agg,"USDA FAS PS&D (Production, Supply & Distribution)",https://apps.fas.usda.gov/psdonline/downloads/
"Oil, Cottonseed",World,2006,Total Supply,(1000 MT),5334.0,1,41,agg,"USDA FAS PS&D (Production, Supply & Distribution)",https://apps.fas.usda.gov/psdonline/downloads/
"Oil, Cottonseed",World,2007,Total Supply,(1000 MT),5430.0,1,41,agg,"USDA FAS PS&D (Production, Supply & Distribution)",https://apps.fas.usda.gov/psdonline/downloads/
"Oil, Cottonseed",World,2008,Total Supply,(1000 MT),5125.0,1,41,agg,"USDA FAS PS&D (Production, Supply & Distribution)",https://apps.fas.usda.gov/psdonline/downloads/
"Oil, Cottonseed",World,2009,Total Supply,(1000 MT),4846.0,1,41,agg,"USDA FAS PS&D (Production, Supply & Distribution)",https://apps.fas.usda.gov/psdonline/downloads/
"Oil, Cottonseed",World,2010,Total Supply,(1000 MT),5034.0,1,41,agg,"USDA FAS PS&D (Production, Supply & Distribution)",https://apps.fas.usda.gov/psdonline/downloads/
"Oil, Cottonseed",World,2011,Total Supply,(1000 MT),5521.0,1,41,agg,"USDA FAS PS&D (Production, Supply & Distribution)",https://apps.fas.usda.gov/psdonline/downloads/
"Oil, Cottonseed",World,2012,Total Supply,(1000 MT),5622.0,1,41,agg,"USDA FAS PS&D (Production, Supply & Distribution)",https://apps.fas.usda.gov/psdonline/downloads/
"Oil, Cottonseed",World,2013,Total Supply,(1000 MT),5409.0,1,41,agg,"USDA FAS PS&D (Production, Supply & Distribution)",https://apps.fas.usda.gov/psdonline/downloads/
"Oil, Cottonseed",World,2014,Total Supply,(1000 MT),5352.0,1,41,agg,"USDA FAS PS&D (Production, Supply & Distribution)",https://apps.fas.usda.gov/psdonline/downloads/
"Oil, Cottonseed",World,2015,Total Supply,(1000 MT),4600.0,1,41,agg,"USDA FAS PS&D (Production, Supply & Distribution)",https://apps.fas.usda.gov/psdonline/downloads/
"Oil, Cottonseed",World,2016,Total Supply,(1000 MT),4558.0,1,41,agg,"USDA FAS PS&D (Production, Supply & Distribution)",https://apps.fas.usda.gov/psdonline/downloads/
"Oil, Cottonseed",World,2017,Total Supply,(1000 MT),4946.0,1,41,agg,"USDA FAS PS&D (Production, Supply & Distribution)",https://apps.fas.usda.gov/psdonline/downloads/
"Oil, Cottonseed",World,2018,Total Supply,(1000 MT),4748.0,1,41,agg,"USDA FAS PS&D (Production, Supply & Distribution)",https://apps.fas.usda.gov/psdonline/downloads/
"Oil, Cottonseed",World,2019,Total Supply,(1000 MT),5024.0,1,41,agg,"USDA FAS PS&D (Production, Supply & Distribution)",https://apps.fas.usda.gov/psdonline/downloads/
"Oil, Cottonseed",World,2020,Total Supply,(1000 MT),4825.0,1,41,agg,"USDA FAS PS&D (Production, Supply & Distribution)",https://apps.fas.usda.gov/psdonline/downloads/
"Oil, Cottonseed",World,2021,Total Supply,(1000 MT),4849.0,1,41,agg,"USDA FAS PS&D (Production, Supply & Distribution)",https://apps.fas.usda.gov/psdonline/downloads/
"Oil, Cottonseed",World,2022,Total Supply,(1000 MT),4804.0,1,41,agg,"USDA FAS PS&D (Production, Supply & Distribution)",https://apps.fas.usda.gov/psdonline/downloads/
"Oil, Cottonseed",World,2023,Total Supply,(1000 MT),4965.0,1,41,agg,"USDA FAS PS&D (Production, Supply & Distribution)",https://apps.fas.usda.gov/psdonline/downloads/
"Oil, Cottonseed",World,2024,Total Supply,(1000 MT),4966.0,1,41,agg,"USDA FAS PS&D (Production, Supply & Distribution)",https://apps.fas.usda.gov/psdonline/downloads/
"Oil, Cottonseed",World,2025,Total Supply,(1000 MT),5001.0,1,41,agg,"USDA FAS PS&D (Production, Supply & Distribution)",https://apps.fas.usda.gov/psdonline/downloads/
"Oil, Cottonseed",World,2026,Total Supply,(1000 MT),4737.0,1,25,agg,"USDA FAS PS&D (Production, Supply & Distribution)",https://apps.fas.usda.gov/psdonline/downloads/
