commodity,country,market_year,attribute,unit,value,is_aggregate,n_countries,vintage_month,source,source_url
"Oil, Soybean (Local)",World,1964,Beginning Stocks,(1000 MT),2.0,1,2,agg,"USDA FAS PS&D (Production, Supply & Distribution)",https://apps.fas.usda.gov/psdonline/downloads/
"Oil, Soybean (Local)",World,1965,Beginning Stocks,(1000 MT),4.0,1,2,agg,"USDA FAS PS&D (Production, Supply & Distribution)",https://apps.fas.usda.gov/psdonline/downloads/
"Oil, Soybean (Local)",World,1966,Beginning Stocks,(1000 MT),5.0,1,2,agg,"USDA FAS PS&D (Production, Supply & Distribution)",https://apps.fas.usda.gov/psdonline/downloads/
"Oil, Soybean (Local)",World,1967,Beginning Stocks,(1000 MT),6.0,1,2,agg,"USDA FAS PS&D (Production, Supply & Distribution)",https://apps.fas.usda.gov/psdonline/downloads/
"Oil, Soybean (Local)",World,1968,Beginning Stocks,(1000 MT),6.0,1,2,agg,"USDA FAS PS&D (Production, Supply & Distribution)",https://apps.fas.usda.gov/psdonline/downloads/
"Oil, Soybean (Local)",World,1969,Beginning Stocks,(1000 MT),9.0,1,2,agg,"USDA FAS PS&D (Production, Supply & Distribution)",https://apps.fas.usda.gov/psdonline/downloads/
"Oil, Soybean (Local)",World,1970,Beginning Stocks,(1000 MT),14.0,1,2,agg,"USDA FAS PS&D (Production, Supply & Distribution)",https://apps.fas.usda.gov/psdonline/downloads/
"Oil, Soybean (Local)",World,1971,Beginning Stocks,(1000 MT),25.0,1,2,agg,"USDA FAS PS&D (Production, Supply & Distribution)",https://apps.fas.usda.gov/psdonline/downloads/
"Oil, Soybean (Local)",World,1972,Beginning Stocks,(1000 MT),33.0,1,2,agg,"USDA FAS PS&D (Production, Supply & Distribution)",https://apps.fas.usda.gov/psdonline/downloads/
"Oil, Soybean (Local)",World,1973,Beginning Stocks,(1000 MT),47.0,1,2,agg,"USDA FAS PS&D (Production, Supply & Distribution)",https://apps.fas.usda.gov/psdonline/downloads/
"Oil, Soybean (Local)",World,1974,Beginning Stocks,(1000 MT),153.0,1,2,agg,"USDA FAS PS&D (Production, Supply & Distribution)",https://apps.fas.usda.gov/psdonline/downloads/
"Oil, Soybean (Local)",World,1975,Beginning Stocks,(1000 MT),198.0,1,2,agg,"USDA FAS PS&D (Production, Supply & Distribution)",https://apps.fas.usda.gov/psdonline/downloads/
"Oil, Soybean (Local)",World,1976,Beginning Stocks,(1000 MT),129.0,1,2,agg,"USDA FAS PS&D (Production, Supply & Distribution)",https://apps.fas.usda.gov/psdonline/downloads/
"Oil, Soybean (Local)",World,1977,Beginning Stocks,(1000 MT),128.0,1,2,agg,"USDA FAS PS&D (Production, Supply & Distribution)",https://apps.fas.usda.gov/psdonline/downloads/
"Oil, Soybean (Local)",World,1978,Beginning Stocks,(1000 MT),137.0,1,2,agg,"USDA FAS PS&D (Production, Supply & Distribution)",https://apps.fas.usda.gov/psdonline/downloads/
"Oil, Soybean (Local)",World,1979,Beginning Stocks,(1000 MT),91.0,1,2,agg,"USDA FAS PS&D (Production, Supply & Distribution)",https://apps.fas.usda.gov/psdonline/downloads/
"Oil, Soybean (Local)",World,1980,Beginning Stocks,(1000 MT),252.0,1,2,agg,"USDA FAS PS&D (Production, Supply & Distribution)",https://apps.fas.usda.gov/psdonline/downloads/
"Oil, Soybean (Local)",World,1981,Beginning Stocks,(1000 MT),143.0,1,2,agg,"USDA FAS PS&D (Production, Supply & Distribution)",https://apps.fas.usda.gov/psdonline/downloads/
"Oil, Soybean (Local)",World,1982,Beginning Stocks,(1000 MT),169.0,1,2,agg,"USDA FAS PS&D (Production, Supply & Distribution)",https://apps.fas.usda.gov/psdonline/downloads/
"Oil, Soybean (Local)",World,1983,Beginning Stocks,(1000 MT),142.0,1,2,agg,"USDA FAS PS&D (Production, Supply & Distribution)",https://apps.fas.usda.gov/psdonline/downloads/
"Oil, Soybean (Local)",World,1984,Beginning Stocks,(1000 MT),171.0,1,2,agg,"USDA FAS PS&D (Production, Supply & Distribution)",https://apps.fas.usda.gov/psdonline/downloads/
"Oil, Soybean (Local)",World,1985,Beginning Stocks,(1000 MT),234.0,1,2,agg,"USDA FAS PS&D (Production, Supply & Distribution)",https://apps.fas.usda.gov/psdonline/downloads/
"Oil, Soybean (Local)",World,1986,Beginning Stocks,(1000 MT),397.0,1,2,agg,"USDA FAS PS&D (Production, Supply & Distribution)",https://apps.fas.usda.gov/psdonline/downloads/
"Oil, Soybean (Local)",World,1987,Beginning Stocks,(1000 MT),142.0,1,2,agg,"USDA FAS PS&D (Production, Supply & Distribution)",https://apps.fas.usda.gov/psdonline/downloads/
"Oil, Soybean (Local)",World,1988,Beginning Stocks,(1000 MT),290.0,1,2,agg,"USDA FAS PS&D (Production, Supply & Distribution)",https://apps.fas.usda.gov/psdonline/downloads/
"Oil, Soybean (Local)",World,1989,Beginning Stocks,(1000 MT),335.0,1,2,agg,"USDA FAS PS&D (Production, Supply & Distribution)",https://apps.fas.usda.gov/psdonline/downloads/
"Oil, Soybean (Local)",World,1990,Beginning Stocks,(1000 MT),196.0,1,2,agg,"USDA FAS PS&D (Production, Supply & Distribution)",https://apps.fas.usda.gov/psdonline/downloads/
"Oil, Soybean (Local)",World,1991,Beginning Stocks,(1000 MT),301.0,1,2,agg,"USDA FAS PS&D (Production, Supply & Distribution)",https://apps.fas.usda.gov/psdonline/downloads/
"Oil, Soybean (Local)",World,1992,Beginning Stocks,(1000 MT),285.0,1,2,agg,"USDA FAS PS&D (Production, Supply & Distribution)",https://apps.fas.usda.gov/psdonline/downloads/
"Oil, Soybean (Local)",World,1993,Beginning Stocks,(1000 MT),558.0,1,2,agg,"USDA FAS PS&D (Production, Supply & Distribution)",https://apps.fas.usda.gov/psdonline/downloads/
"Oil, Soybean (Local)",World,1994,Beginning Stocks,(1000 MT),440.0,1,2,agg,"USDA FAS PS&D (Production, Supply & Distribution)",https://apps.fas.usda.gov/psdonline/downloads/
"Oil, Soybean (Local)",World,1995,Beginning Stocks,(1000 MT),555.0,1,2,agg,"USDA FAS PS&D (Production, Supply & Distribution)",https://apps.fas.usda.gov/psdonline/downloads/
"Oil, Soybean (Local)",World,1996,Beginning Stocks,(1000 MT),404.0,1,2,agg,"USDA FAS PS&D (Production, Supply & Distribution)",https://apps.fas.usda.gov/psdonline/downloads/
"Oil, Soybean (Local)",World,1997,Beginning Stocks,(1000 MT),609.0,1,2,agg,"USDA FAS PS&D (Production, Supply & Distribution)",https://apps.fas.usda.gov/psdonline/downloads/
"Oil, Soybean (Local)",World,1998,Beginning Stocks,(1000 MT),863.0,1,2,agg,"USDA FAS PS&D (Production, Supply & Distribution)",https://apps.fas.usda.gov/psdonline/downloads/
"Oil, Soybean (Local)",World,1999,Beginning Stocks,(1000 MT),676.0,1,2,agg,"USDA FAS PS&D (Production, Supply & Distribution)",https://apps.fas.usda.gov/psdonline/downloads/
"Oil, Soybean (Local)",World,2000,Beginning Stocks,(1000 MT),750.0,1,2,agg,"USDA FAS PS&D (Production, Supply & Distribution)",https://apps.fas.usda.gov/psdonline/downloads/
"Oil, Soybean (Local)",World,2001,Beginning Stocks,(1000 MT),474.0,1,2,agg,"USDA FAS PS&D (Production, Supply & Distribution)",https://apps.fas.usda.gov/psdonline/downloads/
"Oil, Soybean (Local)",World,2002,Beginning Stocks,(1000 MT),819.0,1,2,agg,"USDA FAS PS&D (Production, Supply & Distribution)",https://apps.fas.usda.gov/psdonline/downloads/
"Oil, Soybean (Local)",World,2003,Beginning Stocks,(1000 MT),727.0,1,2,agg,"USDA FAS PS&D (Production, Supply & Distribution)",https://apps.fas.usda.gov/psdonline/downloads/
"Oil, Soybean (Local)",World,2004,Beginning Stocks,(1000 MT),617.0,1,2,agg,"USDA FAS PS&D (Production, Supply & Distribution)",https://apps.fas.usda.gov/psdonline/downloads/
"Oil, Soybean (Local)",World,2005,Beginning Stocks,(1000 MT),633.0,1,2,agg,"USDA FAS PS&D (Production, Supply & Distribution)",https://apps.fas.usda.gov/psdonline/downloads/
"Oil, Soybean (Local)",World,2006,Beginning Stocks,(1000 MT),652.0,1,2,agg,"USDA FAS PS&D (Production, Supply & Distribution)",https://apps.fas.usda.gov/psdonline/downloads/
"Oil, Soybean (Local)",World,2007,Beginning Stocks,(1000 MT),643.0,1,2,agg,"USDA FAS PS&D (Production, Supply & Distribution)",https://apps.fas.usda.gov/psdonline/downloads/
"Oil, Soybean (Local)",World,2008,Beginning Stocks,(1000 MT),466.0,1,2,agg,"USDA FAS PS&D (Production, Supply & Distribution)",https://apps.fas.usda.gov/psdonline/downloads/
"Oil, Soybean (Local)",World,2009,Beginning Stocks,(1000 MT),405.0,1,2,agg,"USDA FAS PS&D (Production, Supply & Distribution)",https://apps.fas.usda.gov/psdonline/downloads/
"Oil, Soybean (Local)",World,2010,Beginning Stocks,(1000 MT),618.0,1,2,agg,"USDA FAS PS&D (Production, Supply & Distribution)",https://apps.fas.usda.gov/psdonline/downloads/
"Oil, Soybean (Local)",World,2011,Beginning Stocks,(1000 MT),824.0,1,2,agg,"USDA FAS PS&D (Production, Supply & Distribution)",https://apps.fas.usda.gov/psdonline/downloads/
"Oil, Soybean (Local)",World,2012,Beginning Stocks,(1000 MT),583.0,1,2,agg,"USDA FAS PS&D (Production, Supply & Distribution)",https://apps.fas.usda.gov/psdonline/downloads/
"Oil, Soybean (Local)",World,2013,Beginning Stocks,(1000 MT),600.0,1,2,agg,"USDA FAS PS&D (Production, Supply & Distribution)",https://apps.fas.usda.gov/psdonline/downloads/
"Oil, Soybean (Local)",World,2014,Beginning Stocks,(1000 MT),771.0,1,2,agg,"USDA FAS PS&D (Production, Supply & Distribution)",https://apps.fas.usda.gov/psdonline/downloads/
"Oil, Soybean (Local)",World,2015,Beginning Stocks,(1000 MT),770.0,1,2,agg,"USDA FAS PS&D (Production, Supply & Distribution)",https://apps.fas.usda.gov/psdonline/downloads/
"Oil, Soybean (Local)",World,2016,Beginning Stocks,(1000 MT),734.0,1,2,agg,"USDA FAS PS&D (Production, Supply & Distribution)",https://apps.fas.usda.gov/psdonline/downloads/
"Oil, Soybean (Local)",World,2017,Beginning Stocks,(1000 MT),612.0,1,2,agg,"USDA FAS PS&D (Production, Supply & Distribution)",https://apps.fas.usda.gov/psdonline/downloads/
"Oil, Soybean (Local)",World,2018,Beginning Stocks,(1000 MT),600.0,1,2,agg,"USDA FAS PS&D (Production, Supply & Distribution)",https://apps.fas.usda.gov/psdonline/downloads/
"Oil, Soybean (Local)",World,2019,Beginning Stocks,(1000 MT),887.0,1,2,agg,"USDA FAS PS&D (Production, Supply & Distribution)",https://apps.fas.usda.gov/psdonline/downloads/
"Oil, Soybean (Local)",World,2020,Beginning Stocks,(1000 MT),781.0,1,2,agg,"USDA FAS PS&D (Production, Supply & Distribution)",https://apps.fas.usda.gov/psdonline/downloads/
"Oil, Soybean (Local)",World,2021,Beginning Stocks,(1000 MT),887.0,1,2,agg,"USDA FAS PS&D (Production, Supply & Distribution)",https://apps.fas.usda.gov/psdonline/downloads/
"Oil, Soybean (Local)",World,2022,Beginning Stocks,(1000 MT),783.0,1,2,agg,"USDA FAS PS&D (Production, Supply & Distribution)",https://apps.fas.usda.gov/psdonline/downloads/
"Oil, Soybean (Local)",World,2023,Beginning Stocks,(1000 MT),991.0,1,2,agg,"USDA FAS PS&D (Production, Supply & Distribution)",https://apps.fas.usda.gov/psdonline/downloads/
"Oil, Soybean (Local)",World,2024,Beginning Stocks,(1000 MT),930.0,1,2,agg,"USDA FAS PS&D (Production, Supply & Distribution)",https://apps.fas.usda.gov/psdonline/downloads/
"Oil, Soybean (Local)",World,2025,Beginning Stocks,(1000 MT),1071.0,1,2,agg,"USDA FAS PS&D (Production, Supply & Distribution)",https://apps.fas.usda.gov/psdonline/downloads/
"Oil, Soybean (Local)",World,2026,Beginning Stocks,(1000 MT),980.0,1,2,agg,"USDA FAS PS&D (Production, Supply & Distribution)",https://apps.fas.usda.gov/psdonline/downloads/
"Oil, Soybean (Local)",World,1964,Crush,(1000 MT),288.0,1,2,agg,"USDA FAS PS&D (Production, Supply & Distribution)",https://apps.fas.usda.gov/psdonline/downloads/
"Oil, Soybean (Local)",World,1965,Crush,(1000 MT),400.0,1,2,agg,"USDA FAS PS&D (Production, Supply & Distribution)",https://apps.fas.usda.gov/psdonline/downloads/
"Oil, Soybean (Local)",World,1966,Crush,(1000 MT),428.0,1,2,agg,"USDA FAS PS&D (Production, Supply & Distribution)",https://apps.fas.usda.gov/psdonline/downloads/
"Oil, Soybean (Local)",World,1967,Crush,(1000 MT),482.0,1,2,agg,"USDA FAS PS&D (Production, Supply & Distribution)",https://apps.fas.usda.gov/psdonline/downloads/
"Oil, Soybean (Local)",World,1968,Crush,(1000 MT),627.0,1,2,agg,"USDA FAS PS&D (Production, Supply & Distribution)",https://apps.fas.usda.gov/psdonline/downloads/
"Oil, Soybean (Local)",World,1969,Crush,(1000 MT),953.0,1,2,agg,"USDA FAS PS&D (Production, Supply & Distribution)",https://apps.fas.usda.gov/psdonline/downloads/
"Oil, Soybean (Local)",World,1970,Crush,(1000 MT),1736.0,1,2,agg,"USDA FAS PS&D (Production, Supply & Distribution)",https://apps.fas.usda.gov/psdonline/downloads/
"Oil, Soybean (Local)",World,1971,Crush,(1000 MT),2178.0,1,2,agg,"USDA FAS PS&D (Production, Supply & Distribution)",https://apps.fas.usda.gov/psdonline/downloads/
"Oil, Soybean (Local)",World,1972,Crush,(1000 MT),2909.0,1,2,agg,"USDA FAS PS&D (Production, Supply & Distribution)",https://apps.fas.usda.gov/psdonline/downloads/
"Oil, Soybean (Local)",World,1973,Crush,(1000 MT),4583.0,1,2,agg,"USDA FAS PS&D (Production, Supply & Distribution)",https://apps.fas.usda.gov/psdonline/downloads/
"Oil, Soybean (Local)",World,1974,Crush,(1000 MT),6045.0,1,2,agg,"USDA FAS PS&D (Production, Supply & Distribution)",https://apps.fas.usda.gov/psdonline/downloads/
"Oil, Soybean (Local)",World,1975,Crush,(1000 MT),6870.0,1,2,agg,"USDA FAS PS&D (Production, Supply & Distribution)",https://apps.fas.usda.gov/psdonline/downloads/
"Oil, Soybean (Local)",World,1976,Crush,(1000 MT),9250.0,1,2,agg,"USDA FAS PS&D (Production, Supply & Distribution)",https://apps.fas.usda.gov/psdonline/downloads/
"Oil, Soybean (Local)",World,1977,Crush,(1000 MT),9568.0,1,2,agg,"USDA FAS PS&D (Production, Supply & Distribution)",https://apps.fas.usda.gov/psdonline/downloads/
"Oil, Soybean (Local)",World,1978,Crush,(1000 MT),9733.0,1,2,agg,"USDA FAS PS&D (Production, Supply & Distribution)",https://apps.fas.usda.gov/psdonline/downloads/
"Oil, Soybean (Local)",World,1979,Crush,(1000 MT),13729.0,1,2,agg,"USDA FAS PS&D (Production, Supply & Distribution)",https://apps.fas.usda.gov/psdonline/downloads/
"Oil, Soybean (Local)",World,1980,Crush,(1000 MT),14877.0,1,2,agg,"USDA FAS PS&D (Production, Supply & Distribution)",https://apps.fas.usda.gov/psdonline/downloads/
"Oil, Soybean (Local)",World,1981,Crush,(1000 MT),14635.0,1,2,agg,"USDA FAS PS&D (Production, Supply & Distribution)",https://apps.fas.usda.gov/psdonline/downloads/
"Oil, Soybean (Local)",World,1982,Crush,(1000 MT),15272.0,1,2,agg,"USDA FAS PS&D (Production, Supply & Distribution)",https://apps.fas.usda.gov/psdonline/downloads/
"Oil, Soybean (Local)",World,1983,Crush,(1000 MT),16134.0,1,2,agg,"USDA FAS PS&D (Production, Supply & Distribution)",https://apps.fas.usda.gov/psdonline/downloads/
"Oil, Soybean (Local)",World,1984,Crush,(1000 MT),17222.0,1,2,agg,"USDA FAS PS&D (Production, Supply & Distribution)",https://apps.fas.usda.gov/psdonline/downloads/
"Oil, Soybean (Local)",World,1985,Crush,(1000 MT),16676.0,1,2,agg,"USDA FAS PS&D (Production, Supply & Distribution)",https://apps.fas.usda.gov/psdonline/downloads/
"Oil, Soybean (Local)",World,1986,Crush,(1000 MT),18790.0,1,2,agg,"USDA FAS PS&D (Production, Supply & Distribution)",https://apps.fas.usda.gov/psdonline/downloads/
"Oil, Soybean (Local)",World,1987,Crush,(1000 MT),20645.0,1,2,agg,"USDA FAS PS&D (Production, Supply & Distribution)",https://apps.fas.usda.gov/psdonline/downloads/
"Oil, Soybean (Local)",World,1988,Crush,(1000 MT),21602.0,1,2,agg,"USDA FAS PS&D (Production, Supply & Distribution)",https://apps.fas.usda.gov/psdonline/downloads/
"Oil, Soybean (Local)",World,1989,Crush,(1000 MT),21999.0,1,2,agg,"USDA FAS PS&D (Production, Supply & Distribution)",https://apps.fas.usda.gov/psdonline/downloads/
"Oil, Soybean (Local)",World,1990,Crush,(1000 MT),20448.0,1,2,agg,"USDA FAS PS&D (Production, Supply & Distribution)",https://apps.fas.usda.gov/psdonline/downloads/
"Oil, Soybean (Local)",World,1991,Crush,(1000 MT),22770.0,1,2,agg,"USDA FAS PS&D (Production, Supply & Distribution)",https://apps.fas.usda.gov/psdonline/downloads/
"Oil, Soybean (Local)",World,1992,Crush,(1000 MT),25505.0,1,2,agg,"USDA FAS PS&D (Production, Supply & Distribution)",https://apps.fas.usda.gov/psdonline/downloads/
"Oil, Soybean (Local)",World,1993,Crush,(1000 MT),27508.0,1,2,agg,"USDA FAS PS&D (Production, Supply & Distribution)",https://apps.fas.usda.gov/psdonline/downloads/
"Oil, Soybean (Local)",World,1994,Crush,(1000 MT),30951.0,1,2,agg,"USDA FAS PS&D (Production, Supply & Distribution)",https://apps.fas.usda.gov/psdonline/downloads/
"Oil, Soybean (Local)",World,1995,Crush,(1000 MT),30028.0,1,2,agg,"USDA FAS PS&D (Production, Supply & Distribution)",https://apps.fas.usda.gov/psdonline/downloads/
"Oil, Soybean (Local)",World,1996,Crush,(1000 MT),29367.0,1,2,agg,"USDA FAS PS&D (Production, Supply & Distribution)",https://apps.fas.usda.gov/psdonline/downloads/
"Oil, Soybean (Local)",World,1997,Crush,(1000 MT),38574.0,1,2,agg,"USDA FAS PS&D (Production, Supply & Distribution)",https://apps.fas.usda.gov/psdonline/downloads/
"Oil, Soybean (Local)",World,1998,Crush,(1000 MT),38753.0,1,2,agg,"USDA FAS PS&D (Production, Supply & Distribution)",https://apps.fas.usda.gov/psdonline/downloads/
"Oil, Soybean (Local)",World,1999,Crush,(1000 MT),37694.0,1,2,agg,"USDA FAS PS&D (Production, Supply & Distribution)",https://apps.fas.usda.gov/psdonline/downloads/
"Oil, Soybean (Local)",World,2000,Crush,(1000 MT),42611.0,1,2,agg,"USDA FAS PS&D (Production, Supply & Distribution)",https://apps.fas.usda.gov/psdonline/downloads/
"Oil, Soybean (Local)",World,2001,Crush,(1000 MT),48157.0,1,2,agg,"USDA FAS PS&D (Production, Supply & Distribution)",https://apps.fas.usda.gov/psdonline/downloads/
"Oil, Soybean (Local)",World,2002,Crush,(1000 MT),52262.0,1,2,agg,"USDA FAS PS&D (Production, Supply & Distribution)",https://apps.fas.usda.gov/psdonline/downloads/
"Oil, Soybean (Local)",World,2003,Crush,(1000 MT),53778.0,1,2,agg,"USDA FAS PS&D (Production, Supply & Distribution)",https://apps.fas.usda.gov/psdonline/downloads/
"Oil, Soybean (Local)",World,2004,Crush,(1000 MT),59420.0,1,2,agg,"USDA FAS PS&D (Production, Supply & Distribution)",https://apps.fas.usda.gov/psdonline/downloads/
"Oil, Soybean (Local)",World,2005,Crush,(1000 MT),61080.0,1,2,agg,"USDA FAS PS&D (Production, Supply & Distribution)",https://apps.fas.usda.gov/psdonline/downloads/
"Oil, Soybean (Local)",World,2006,Crush,(1000 MT),67448.0,1,2,agg,"USDA FAS PS&D (Production, Supply & Distribution)",https://apps.fas.usda.gov/psdonline/downloads/
"Oil, Soybean (Local)",World,2007,Crush,(1000 MT),64208.0,1,2,agg,"USDA FAS PS&D (Production, Supply & Distribution)",https://apps.fas.usda.gov/psdonline/downloads/
"Oil, Soybean (Local)",World,2008,Crush,(1000 MT),58981.0,1,2,agg,"USDA FAS PS&D (Production, Supply & Distribution)",https://apps.fas.usda.gov/psdonline/downloads/
"Oil, Soybean (Local)",World,2009,Crush,(1000 MT),74702.0,1,2,agg,"USDA FAS PS&D (Production, Supply & Distribution)",https://apps.fas.usda.gov/psdonline/downloads/
"Oil, Soybean (Local)",World,2010,Crush,(1000 MT),74791.0,1,2,agg,"USDA FAS PS&D (Production, Supply & Distribution)",https://apps.fas.usda.gov/psdonline/downloads/
"Oil, Soybean (Local)",World,2011,Crush,(1000 MT),67115.0,1,2,agg,"USDA FAS PS&D (Production, Supply & Distribution)",https://apps.fas.usda.gov/psdonline/downloads/
"Oil, Soybean (Local)",World,2012,Crush,(1000 MT),71246.0,1,2,agg,"USDA FAS PS&D (Production, Supply & Distribution)",https://apps.fas.usda.gov/psdonline/downloads/
"Oil, Soybean (Local)",World,2013,Crush,(1000 MT),76125.0,1,2,agg,"USDA FAS PS&D (Production, Supply & Distribution)",https://apps.fas.usda.gov/psdonline/downloads/
"Oil, Soybean (Local)",World,2014,Crush,(1000 MT),85666.0,1,2,agg,"USDA FAS PS&D (Production, Supply & Distribution)",https://apps.fas.usda.gov/psdonline/downloads/
"Oil, Soybean (Local)",World,2015,Crush,(1000 MT),82573.0,1,2,agg,"USDA FAS PS&D (Production, Supply & Distribution)",https://apps.fas.usda.gov/psdonline/downloads/
"Oil, Soybean (Local)",World,2016,Crush,(1000 MT),82777.0,1,2,agg,"USDA FAS PS&D (Production, Supply & Distribution)",https://apps.fas.usda.gov/psdonline/downloads/
"Oil, Soybean (Local)",World,2017,Crush,(1000 MT),79915.0,1,2,agg,"USDA FAS PS&D (Production, Supply & Distribution)",https://apps.fas.usda.gov/psdonline/downloads/
"Oil, Soybean (Local)",World,2018,Crush,(1000 MT),84642.0,1,2,agg,"USDA FAS PS&D (Production, Supply & Distribution)",https://apps.fas.usda.gov/psdonline/downloads/
"Oil, Soybean (Local)",World,2019,Crush,(1000 MT),84715.0,1,2,agg,"USDA FAS PS&D (Production, Supply & Distribution)",https://apps.fas.usda.gov/psdonline/downloads/
"Oil, Soybean (Local)",World,2020,Crush,(1000 MT),88835.0,1,2,agg,"USDA FAS PS&D (Production, Supply & Distribution)",https://apps.fas.usda.gov/psdonline/downloads/
"Oil, Soybean (Local)",World,2021,Crush,(1000 MT),86832.0,1,2,agg,"USDA FAS PS&D (Production, Supply & Distribution)",https://apps.fas.usda.gov/psdonline/downloads/
"Oil, Soybean (Local)",World,2022,Crush,(1000 MT),83151.0,1,2,agg,"USDA FAS PS&D (Production, Supply & Distribution)",https://apps.fas.usda.gov/psdonline/downloads/
"Oil, Soybean (Local)",World,2023,Crush,(1000 MT),99361.0,1,2,agg,"USDA FAS PS&D (Production, Supply & Distribution)",https://apps.fas.usda.gov/psdonline/downloads/
"Oil, Soybean (Local)",World,2024,Crush,(1000 MT),100519.0,1,2,agg,"USDA FAS PS&D (Production, Supply & Distribution)",https://apps.fas.usda.gov/psdonline/downloads/
"Oil, Soybean (Local)",World,2025,Crush,(1000 MT),104500.0,1,2,agg,"USDA FAS PS&D (Production, Supply & Distribution)",https://apps.fas.usda.gov/psdonline/downloads/
"Oil, Soybean (Local)",World,2026,Crush,(1000 MT),108000.0,1,2,agg,"USDA FAS PS&D (Production, Supply & Distribution)",https://apps.fas.usda.gov/psdonline/downloads/
"Oil, Soybean (Local)",World,1964,Domestic Consumption,(1000 MT),53.0,1,2,agg,"USDA FAS PS&D (Production, Supply & Distribution)",https://apps.fas.usda.gov/psdonline/downloads/
"Oil, Soybean (Local)",World,1965,Domestic Consumption,(1000 MT),73.0,1,2,agg,"USDA FAS PS&D (Production, Supply & Distribution)",https://apps.fas.usda.gov/psdonline/downloads/
"Oil, Soybean (Local)",World,1966,Domestic Consumption,(1000 MT),82.0,1,2,agg,"USDA FAS PS&D (Production, Supply & Distribution)",https://apps.fas.usda.gov/psdonline/downloads/
"Oil, Soybean (Local)",World,1967,Domestic Consumption,(1000 MT),87.0,1,2,agg,"USDA FAS PS&D (Production, Supply & Distribution)",https://apps.fas.usda.gov/psdonline/downloads/
"Oil, Soybean (Local)",World,1968,Domestic Consumption,(1000 MT),102.0,1,2,agg,"USDA FAS PS&D (Production, Supply & Distribution)",https://apps.fas.usda.gov/psdonline/downloads/
"Oil, Soybean (Local)",World,1969,Domestic Consumption,(1000 MT),167.0,1,2,agg,"USDA FAS PS&D (Production, Supply & Distribution)",https://apps.fas.usda.gov/psdonline/downloads/
"Oil, Soybean (Local)",World,1970,Domestic Consumption,(1000 MT),297.0,1,2,agg,"USDA FAS PS&D (Production, Supply & Distribution)",https://apps.fas.usda.gov/psdonline/downloads/
"Oil, Soybean (Local)",World,1971,Domestic Consumption,(1000 MT),346.0,1,2,agg,"USDA FAS PS&D (Production, Supply & Distribution)",https://apps.fas.usda.gov/psdonline/downloads/
"Oil, Soybean (Local)",World,1972,Domestic Consumption,(1000 MT),440.0,1,2,agg,"USDA FAS PS&D (Production, Supply & Distribution)",https://apps.fas.usda.gov/psdonline/downloads/
"Oil, Soybean (Local)",World,1973,Domestic Consumption,(1000 MT),689.0,1,2,agg,"USDA FAS PS&D (Production, Supply & Distribution)",https://apps.fas.usda.gov/psdonline/downloads/
"Oil, Soybean (Local)",World,1974,Domestic Consumption,(1000 MT),729.0,1,2,agg,"USDA FAS PS&D (Production, Supply & Distribution)",https://apps.fas.usda.gov/psdonline/downloads/
"Oil, Soybean (Local)",World,1975,Domestic Consumption,(1000 MT),833.0,1,2,agg,"USDA FAS PS&D (Production, Supply & Distribution)",https://apps.fas.usda.gov/psdonline/downloads/
"Oil, Soybean (Local)",World,1976,Domestic Consumption,(1000 MT),1058.0,1,2,agg,"USDA FAS PS&D (Production, Supply & Distribution)",https://apps.fas.usda.gov/psdonline/downloads/
"Oil, Soybean (Local)",World,1977,Domestic Consumption,(1000 MT),1151.0,1,2,agg,"USDA FAS PS&D (Production, Supply & Distribution)",https://apps.fas.usda.gov/psdonline/downloads/
"Oil, Soybean (Local)",World,1978,Domestic Consumption,(1000 MT),1383.0,1,2,agg,"USDA FAS PS&D (Production, Supply & Distribution)",https://apps.fas.usda.gov/psdonline/downloads/
"Oil, Soybean (Local)",World,1979,Domestic Consumption,(1000 MT),1529.0,1,2,agg,"USDA FAS PS&D (Production, Supply & Distribution)",https://apps.fas.usda.gov/psdonline/downloads/
"Oil, Soybean (Local)",World,1980,Domestic Consumption,(1000 MT),1581.0,1,2,agg,"USDA FAS PS&D (Production, Supply & Distribution)",https://apps.fas.usda.gov/psdonline/downloads/
"Oil, Soybean (Local)",World,1981,Domestic Consumption,(1000 MT),1607.0,1,2,agg,"USDA FAS PS&D (Production, Supply & Distribution)",https://apps.fas.usda.gov/psdonline/downloads/
"Oil, Soybean (Local)",World,1982,Domestic Consumption,(1000 MT),1626.0,1,2,agg,"USDA FAS PS&D (Production, Supply & Distribution)",https://apps.fas.usda.gov/psdonline/downloads/
"Oil, Soybean (Local)",World,1983,Domestic Consumption,(1000 MT),1628.0,1,2,agg,"USDA FAS PS&D (Production, Supply & Distribution)",https://apps.fas.usda.gov/psdonline/downloads/
"Oil, Soybean (Local)",World,1984,Domestic Consumption,(1000 MT),1748.0,1,2,agg,"USDA FAS PS&D (Production, Supply & Distribution)",https://apps.fas.usda.gov/psdonline/downloads/
"Oil, Soybean (Local)",World,1985,Domestic Consumption,(1000 MT),2004.0,1,2,agg,"USDA FAS PS&D (Production, Supply & Distribution)",https://apps.fas.usda.gov/psdonline/downloads/
"Oil, Soybean (Local)",World,1986,Domestic Consumption,(1000 MT),2017.0,1,2,agg,"USDA FAS PS&D (Production, Supply & Distribution)",https://apps.fas.usda.gov/psdonline/downloads/
"Oil, Soybean (Local)",World,1987,Domestic Consumption,(1000 MT),2048.0,1,2,agg,"USDA FAS PS&D (Production, Supply & Distribution)",https://apps.fas.usda.gov/psdonline/downloads/
"Oil, Soybean (Local)",World,1988,Domestic Consumption,(1000 MT),2314.0,1,2,agg,"USDA FAS PS&D (Production, Supply & Distribution)",https://apps.fas.usda.gov/psdonline/downloads/
"Oil, Soybean (Local)",World,1989,Domestic Consumption,(1000 MT),2109.0,1,2,agg,"USDA FAS PS&D (Production, Supply & Distribution)",https://apps.fas.usda.gov/psdonline/downloads/
"Oil, Soybean (Local)",World,1990,Domestic Consumption,(1000 MT),2176.0,1,2,agg,"USDA FAS PS&D (Production, Supply & Distribution)",https://apps.fas.usda.gov/psdonline/downloads/
"Oil, Soybean (Local)",World,1991,Domestic Consumption,(1000 MT),2264.0,1,2,agg,"USDA FAS PS&D (Production, Supply & Distribution)",https://apps.fas.usda.gov/psdonline/downloads/
"Oil, Soybean (Local)",World,1992,Domestic Consumption,(1000 MT),2466.0,1,2,agg,"USDA FAS PS&D (Production, Supply & Distribution)",https://apps.fas.usda.gov/psdonline/downloads/
"Oil, Soybean (Local)",World,1993,Domestic Consumption,(1000 MT),2538.0,1,2,agg,"USDA FAS PS&D (Production, Supply & Distribution)",https://apps.fas.usda.gov/psdonline/downloads/
"Oil, Soybean (Local)",World,1994,Domestic Consumption,(1000 MT),2653.0,1,2,agg,"USDA FAS PS&D (Production, Supply & Distribution)",https://apps.fas.usda.gov/psdonline/downloads/
"Oil, Soybean (Local)",World,1995,Domestic Consumption,(1000 MT),2843.0,1,2,agg,"USDA FAS PS&D (Production, Supply & Distribution)",https://apps.fas.usda.gov/psdonline/downloads/
"Oil, Soybean (Local)",World,1996,Domestic Consumption,(1000 MT),2870.0,1,2,agg,"USDA FAS PS&D (Production, Supply & Distribution)",https://apps.fas.usda.gov/psdonline/downloads/
"Oil, Soybean (Local)",World,1997,Domestic Consumption,(1000 MT),3022.0,1,2,agg,"USDA FAS PS&D (Production, Supply & Distribution)",https://apps.fas.usda.gov/psdonline/downloads/
"Oil, Soybean (Local)",World,1998,Domestic Consumption,(1000 MT),2992.0,1,2,agg,"USDA FAS PS&D (Production, Supply & Distribution)",https://apps.fas.usda.gov/psdonline/downloads/
"Oil, Soybean (Local)",World,1999,Domestic Consumption,(1000 MT),3162.0,1,2,agg,"USDA FAS PS&D (Production, Supply & Distribution)",https://apps.fas.usda.gov/psdonline/downloads/
"Oil, Soybean (Local)",World,2000,Domestic Consumption,(1000 MT),3207.0,1,2,agg,"USDA FAS PS&D (Production, Supply & Distribution)",https://apps.fas.usda.gov/psdonline/downloads/
"Oil, Soybean (Local)",World,2001,Domestic Consumption,(1000 MT),3277.0,1,2,agg,"USDA FAS PS&D (Production, Supply & Distribution)",https://apps.fas.usda.gov/psdonline/downloads/
"Oil, Soybean (Local)",World,2002,Domestic Consumption,(1000 MT),3284.0,1,2,agg,"USDA FAS PS&D (Production, Supply & Distribution)",https://apps.fas.usda.gov/psdonline/downloads/
"Oil, Soybean (Local)",World,2003,Domestic Consumption,(1000 MT),3352.0,1,2,agg,"USDA FAS PS&D (Production, Supply & Distribution)",https://apps.fas.usda.gov/psdonline/downloads/
"Oil, Soybean (Local)",World,2004,Domestic Consumption,(1000 MT),3440.0,1,2,agg,"USDA FAS PS&D (Production, Supply & Distribution)",https://apps.fas.usda.gov/psdonline/downloads/
"Oil, Soybean (Local)",World,2005,Domestic Consumption,(1000 MT),3472.0,1,2,agg,"USDA FAS PS&D (Production, Supply & Distribution)",https://apps.fas.usda.gov/psdonline/downloads/
"Oil, Soybean (Local)",World,2006,Domestic Consumption,(1000 MT),4095.0,1,2,agg,"USDA FAS PS&D (Production, Supply & Distribution)",https://apps.fas.usda.gov/psdonline/downloads/
"Oil, Soybean (Local)",World,2007,Domestic Consumption,(1000 MT),5080.0,1,2,agg,"USDA FAS PS&D (Production, Supply & Distribution)",https://apps.fas.usda.gov/psdonline/downloads/
"Oil, Soybean (Local)",World,2008,Domestic Consumption,(1000 MT),6016.0,1,2,agg,"USDA FAS PS&D (Production, Supply & Distribution)",https://apps.fas.usda.gov/psdonline/downloads/
"Oil, Soybean (Local)",World,2009,Domestic Consumption,(1000 MT),7265.0,1,2,agg,"USDA FAS PS&D (Production, Supply & Distribution)",https://apps.fas.usda.gov/psdonline/downloads/
"Oil, Soybean (Local)",World,2010,Domestic Consumption,(1000 MT),8055.0,1,2,agg,"USDA FAS PS&D (Production, Supply & Distribution)",https://apps.fas.usda.gov/psdonline/downloads/
"Oil, Soybean (Local)",World,2011,Domestic Consumption,(1000 MT),7850.0,1,2,agg,"USDA FAS PS&D (Production, Supply & Distribution)",https://apps.fas.usda.gov/psdonline/downloads/
"Oil, Soybean (Local)",World,2012,Domestic Consumption,(1000 MT),7905.0,1,2,agg,"USDA FAS PS&D (Production, Supply & Distribution)",https://apps.fas.usda.gov/psdonline/downloads/
"Oil, Soybean (Local)",World,2013,Domestic Consumption,(1000 MT),8593.0,1,2,agg,"USDA FAS PS&D (Production, Supply & Distribution)",https://apps.fas.usda.gov/psdonline/downloads/
"Oil, Soybean (Local)",World,2014,Domestic Consumption,(1000 MT),8508.0,1,2,agg,"USDA FAS PS&D (Production, Supply & Distribution)",https://apps.fas.usda.gov/psdonline/downloads/
"Oil, Soybean (Local)",World,2015,Domestic Consumption,(1000 MT),9355.0,1,2,agg,"USDA FAS PS&D (Production, Supply & Distribution)",https://apps.fas.usda.gov/psdonline/downloads/
"Oil, Soybean (Local)",World,2016,Domestic Consumption,(1000 MT),9990.0,1,2,agg,"USDA FAS PS&D (Production, Supply & Distribution)",https://apps.fas.usda.gov/psdonline/downloads/
"Oil, Soybean (Local)",World,2017,Domestic Consumption,(1000 MT),9710.0,1,2,agg,"USDA FAS PS&D (Production, Supply & Distribution)",https://apps.fas.usda.gov/psdonline/downloads/
"Oil, Soybean (Local)",World,2018,Domestic Consumption,(1000 MT),10125.0,1,2,agg,"USDA FAS PS&D (Production, Supply & Distribution)",https://apps.fas.usda.gov/psdonline/downloads/
"Oil, Soybean (Local)",World,2019,Domestic Consumption,(1000 MT),9640.0,1,2,agg,"USDA FAS PS&D (Production, Supply & Distribution)",https://apps.fas.usda.gov/psdonline/downloads/
"Oil, Soybean (Local)",World,2020,Domestic Consumption,(1000 MT),10545.0,1,2,agg,"USDA FAS PS&D (Production, Supply & Distribution)",https://apps.fas.usda.gov/psdonline/downloads/
"Oil, Soybean (Local)",World,2021,Domestic Consumption,(1000 MT),10300.0,1,2,agg,"USDA FAS PS&D (Production, Supply & Distribution)",https://apps.fas.usda.gov/psdonline/downloads/
"Oil, Soybean (Local)",World,2022,Domestic Consumption,(1000 MT),9860.0,1,2,agg,"USDA FAS PS&D (Production, Supply & Distribution)",https://apps.fas.usda.gov/psdonline/downloads/
"Oil, Soybean (Local)",World,2023,Domestic Consumption,(1000 MT),11870.0,1,2,agg,"USDA FAS PS&D (Production, Supply & Distribution)",https://apps.fas.usda.gov/psdonline/downloads/
"Oil, Soybean (Local)",World,2024,Domestic Consumption,(1000 MT),12290.0,1,2,agg,"USDA FAS PS&D (Production, Supply & Distribution)",https://apps.fas.usda.gov/psdonline/downloads/
"Oil, Soybean (Local)",World,2025,Domestic Consumption,(1000 MT),13030.0,1,2,agg,"USDA FAS PS&D (Production, Supply & Distribution)",https://apps.fas.usda.gov/psdonline/downloads/
"Oil, Soybean (Local)",World,2026,Domestic Consumption,(1000 MT),13390.0,1,2,agg,"USDA FAS PS&D (Production, Supply & Distribution)",https://apps.fas.usda.gov/psdonline/downloads/
"Oil, Soybean (Local)",World,1964,Ending Stocks,(1000 MT),4.0,1,2,agg,"USDA FAS PS&D (Production, Supply & Distribution)",https://apps.fas.usda.gov/psdonline/downloads/
"Oil, Soybean (Local)",World,1965,Ending Stocks,(1000 MT),5.0,1,2,agg,"USDA FAS PS&D (Production, Supply & Distribution)",https://apps.fas.usda.gov/psdonline/downloads/
"Oil, Soybean (Local)",World,1966,Ending Stocks,(1000 MT),6.0,1,2,agg,"USDA FAS PS&D (Production, Supply & Distribution)",https://apps.fas.usda.gov/psdonline/downloads/
"Oil, Soybean (Local)",World,1967,Ending Stocks,(1000 MT),6.0,1,2,agg,"USDA FAS PS&D (Production, Supply & Distribution)",https://apps.fas.usda.gov/psdonline/downloads/
"Oil, Soybean (Local)",World,1968,Ending Stocks,(1000 MT),9.0,1,2,agg,"USDA FAS PS&D (Production, Supply & Distribution)",https://apps.fas.usda.gov/psdonline/downloads/
"Oil, Soybean (Local)",World,1969,Ending Stocks,(1000 MT),14.0,1,2,agg,"USDA FAS PS&D (Production, Supply & Distribution)",https://apps.fas.usda.gov/psdonline/downloads/
"Oil, Soybean (Local)",World,1970,Ending Stocks,(1000 MT),25.0,1,2,agg,"USDA FAS PS&D (Production, Supply & Distribution)",https://apps.fas.usda.gov/psdonline/downloads/
"Oil, Soybean (Local)",World,1971,Ending Stocks,(1000 MT),33.0,1,2,agg,"USDA FAS PS&D (Production, Supply & Distribution)",https://apps.fas.usda.gov/psdonline/downloads/
"Oil, Soybean (Local)",World,1972,Ending Stocks,(1000 MT),47.0,1,2,agg,"USDA FAS PS&D (Production, Supply & Distribution)",https://apps.fas.usda.gov/psdonline/downloads/
"Oil, Soybean (Local)",World,1973,Ending Stocks,(1000 MT),153.0,1,2,agg,"USDA FAS PS&D (Production, Supply & Distribution)",https://apps.fas.usda.gov/psdonline/downloads/
"Oil, Soybean (Local)",World,1974,Ending Stocks,(1000 MT),198.0,1,2,agg,"USDA FAS PS&D (Production, Supply & Distribution)",https://apps.fas.usda.gov/psdonline/downloads/
"Oil, Soybean (Local)",World,1975,Ending Stocks,(1000 MT),129.0,1,2,agg,"USDA FAS PS&D (Production, Supply & Distribution)",https://apps.fas.usda.gov/psdonline/downloads/
"Oil, Soybean (Local)",World,1976,Ending Stocks,(1000 MT),128.0,1,2,agg,"USDA FAS PS&D (Production, Supply & Distribution)",https://apps.fas.usda.gov/psdonline/downloads/
"Oil, Soybean (Local)",World,1977,Ending Stocks,(1000 MT),137.0,1,2,agg,"USDA FAS PS&D (Production, Supply & Distribution)",https://apps.fas.usda.gov/psdonline/downloads/
"Oil, Soybean (Local)",World,1978,Ending Stocks,(1000 MT),91.0,1,2,agg,"USDA FAS PS&D (Production, Supply & Distribution)",https://apps.fas.usda.gov/psdonline/downloads/
"Oil, Soybean (Local)",World,1979,Ending Stocks,(1000 MT),252.0,1,2,agg,"USDA FAS PS&D (Production, Supply & Distribution)",https://apps.fas.usda.gov/psdonline/downloads/
"Oil, Soybean (Local)",World,1980,Ending Stocks,(1000 MT),143.0,1,2,agg,"USDA FAS PS&D (Production, Supply & Distribution)",https://apps.fas.usda.gov/psdonline/downloads/
"Oil, Soybean (Local)",World,1981,Ending Stocks,(1000 MT),169.0,1,2,agg,"USDA FAS PS&D (Production, Supply & Distribution)",https://apps.fas.usda.gov/psdonline/downloads/
"Oil, Soybean (Local)",World,1982,Ending Stocks,(1000 MT),142.0,1,2,agg,"USDA FAS PS&D (Production, Supply & Distribution)",https://apps.fas.usda.gov/psdonline/downloads/
"Oil, Soybean (Local)",World,1983,Ending Stocks,(1000 MT),171.0,1,2,agg,"USDA FAS PS&D (Production, Supply & Distribution)",https://apps.fas.usda.gov/psdonline/downloads/
"Oil, Soybean (Local)",World,1984,Ending Stocks,(1000 MT),234.0,1,2,agg,"USDA FAS PS&D (Production, Supply & Distribution)",https://apps.fas.usda.gov/psdonline/downloads/
"Oil, Soybean (Local)",World,1985,Ending Stocks,(1000 MT),397.0,1,2,agg,"USDA FAS PS&D (Production, Supply & Distribution)",https://apps.fas.usda.gov/psdonline/downloads/
"Oil, Soybean (Local)",World,1986,Ending Stocks,(1000 MT),142.0,1,2,agg,"USDA FAS PS&D (Production, Supply & Distribution)",https://apps.fas.usda.gov/psdonline/downloads/
"Oil, Soybean (Local)",World,1987,Ending Stocks,(1000 MT),290.0,1,2,agg,"USDA FAS PS&D (Production, Supply & Distribution)",https://apps.fas.usda.gov/psdonline/downloads/
"Oil, Soybean (Local)",World,1988,Ending Stocks,(1000 MT),335.0,1,2,agg,"USDA FAS PS&D (Production, Supply & Distribution)",https://apps.fas.usda.gov/psdonline/downloads/
"Oil, Soybean (Local)",World,1989,Ending Stocks,(1000 MT),196.0,1,2,agg,"USDA FAS PS&D (Production, Supply & Distribution)",https://apps.fas.usda.gov/psdonline/downloads/
"Oil, Soybean (Local)",World,1990,Ending Stocks,(1000 MT),301.0,1,2,agg,"USDA FAS PS&D (Production, Supply & Distribution)",https://apps.fas.usda.gov/psdonline/downloads/
"Oil, Soybean (Local)",World,1991,Ending Stocks,(1000 MT),285.0,1,2,agg,"USDA FAS PS&D (Production, Supply & Distribution)",https://apps.fas.usda.gov/psdonline/downloads/
"Oil, Soybean (Local)",World,1992,Ending Stocks,(1000 MT),558.0,1,2,agg,"USDA FAS PS&D (Production, Supply & Distribution)",https://apps.fas.usda.gov/psdonline/downloads/
"Oil, Soybean (Local)",World,1993,Ending Stocks,(1000 MT),440.0,1,2,agg,"USDA FAS PS&D (Production, Supply & Distribution)",https://apps.fas.usda.gov/psdonline/downloads/
"Oil, Soybean (Local)",World,1994,Ending Stocks,(1000 MT),555.0,1,2,agg,"USDA FAS PS&D (Production, Supply & Distribution)",https://apps.fas.usda.gov/psdonline/downloads/
"Oil, Soybean (Local)",World,1995,Ending Stocks,(1000 MT),404.0,1,2,agg,"USDA FAS PS&D (Production, Supply & Distribution)",https://apps.fas.usda.gov/psdonline/downloads/
"Oil, Soybean (Local)",World,1996,Ending Stocks,(1000 MT),609.0,1,2,agg,"USDA FAS PS&D (Production, Supply & Distribution)",https://apps.fas.usda.gov/psdonline/downloads/
"Oil, Soybean (Local)",World,1997,Ending Stocks,(1000 MT),863.0,1,2,agg,"USDA FAS PS&D (Production, Supply & Distribution)",https://apps.fas.usda.gov/psdonline/downloads/
"Oil, Soybean (Local)",World,1998,Ending Stocks,(1000 MT),676.0,1,2,agg,"USDA FAS PS&D (Production, Supply & Distribution)",https://apps.fas.usda.gov/psdonline/downloads/
"Oil, Soybean (Local)",World,1999,Ending Stocks,(1000 MT),750.0,1,2,agg,"USDA FAS PS&D (Production, Supply & Distribution)",https://apps.fas.usda.gov/psdonline/downloads/
"Oil, Soybean (Local)",World,2000,Ending Stocks,(1000 MT),474.0,1,2,agg,"USDA FAS PS&D (Production, Supply & Distribution)",https://apps.fas.usda.gov/psdonline/downloads/
"Oil, Soybean (Local)",World,2001,Ending Stocks,(1000 MT),819.0,1,2,agg,"USDA FAS PS&D (Production, Supply & Distribution)",https://apps.fas.usda.gov/psdonline/downloads/
"Oil, Soybean (Local)",World,2002,Ending Stocks,(1000 MT),727.0,1,2,agg,"USDA FAS PS&D (Production, Supply & Distribution)",https://apps.fas.usda.gov/psdonline/downloads/
"Oil, Soybean (Local)",World,2003,Ending Stocks,(1000 MT),617.0,1,2,agg,"USDA FAS PS&D (Production, Supply & Distribution)",https://apps.fas.usda.gov/psdonline/downloads/
"Oil, Soybean (Local)",World,2004,Ending Stocks,(1000 MT),633.0,1,2,agg,"USDA FAS PS&D (Production, Supply & Distribution)",https://apps.fas.usda.gov/psdonline/downloads/
"Oil, Soybean (Local)",World,2005,Ending Stocks,(1000 MT),652.0,1,2,agg,"USDA FAS PS&D (Production, Supply & Distribution)",https://apps.fas.usda.gov/psdonline/downloads/
"Oil, Soybean (Local)",World,2006,Ending Stocks,(1000 MT),643.0,1,2,agg,"USDA FAS PS&D (Production, Supply & Distribution)",https://apps.fas.usda.gov/psdonline/downloads/
"Oil, Soybean (Local)",World,2007,Ending Stocks,(1000 MT),466.0,1,2,agg,"USDA FAS PS&D (Production, Supply & Distribution)",https://apps.fas.usda.gov/psdonline/downloads/
"Oil, Soybean (Local)",World,2008,Ending Stocks,(1000 MT),405.0,1,2,agg,"USDA FAS PS&D (Production, Supply & Distribution)",https://apps.fas.usda.gov/psdonline/downloads/
"Oil, Soybean (Local)",World,2009,Ending Stocks,(1000 MT),618.0,1,2,agg,"USDA FAS PS&D (Production, Supply & Distribution)",https://apps.fas.usda.gov/psdonline/downloads/
"Oil, Soybean (Local)",World,2010,Ending Stocks,(1000 MT),824.0,1,2,agg,"USDA FAS PS&D (Production, Supply & Distribution)",https://apps.fas.usda.gov/psdonline/downloads/
"Oil, Soybean (Local)",World,2011,Ending Stocks,(1000 MT),583.0,1,2,agg,"USDA FAS PS&D (Production, Supply & Distribution)",https://apps.fas.usda.gov/psdonline/downloads/
"Oil, Soybean (Local)",World,2012,Ending Stocks,(1000 MT),600.0,1,2,agg,"USDA FAS PS&D (Production, Supply & Distribution)",https://apps.fas.usda.gov/psdonline/downloads/
"Oil, Soybean (Local)",World,2013,Ending Stocks,(1000 MT),771.0,1,2,agg,"USDA FAS PS&D (Production, Supply & Distribution)",https://apps.fas.usda.gov/psdonline/downloads/
"Oil, Soybean (Local)",World,2014,Ending Stocks,(1000 MT),770.0,1,2,agg,"USDA FAS PS&D (Production, Supply & Distribution)",https://apps.fas.usda.gov/psdonline/downloads/
"Oil, Soybean (Local)",World,2015,Ending Stocks,(1000 MT),734.0,1,2,agg,"USDA FAS PS&D (Production, Supply & Distribution)",https://apps.fas.usda.gov/psdonline/downloads/
"Oil, Soybean (Local)",World,2016,Ending Stocks,(1000 MT),612.0,1,2,agg,"USDA FAS PS&D (Production, Supply & Distribution)",https://apps.fas.usda.gov/psdonline/downloads/
"Oil, Soybean (Local)",World,2017,Ending Stocks,(1000 MT),600.0,1,2,agg,"USDA FAS PS&D (Production, Supply & Distribution)",https://apps.fas.usda.gov/psdonline/downloads/
"Oil, Soybean (Local)",World,2018,Ending Stocks,(1000 MT),887.0,1,2,agg,"USDA FAS PS&D (Production, Supply & Distribution)",https://apps.fas.usda.gov/psdonline/downloads/
"Oil, Soybean (Local)",World,2019,Ending Stocks,(1000 MT),781.0,1,2,agg,"USDA FAS PS&D (Production, Supply & Distribution)",https://apps.fas.usda.gov/psdonline/downloads/
"Oil, Soybean (Local)",World,2020,Ending Stocks,(1000 MT),887.0,1,2,agg,"USDA FAS PS&D (Production, Supply & Distribution)",https://apps.fas.usda.gov/psdonline/downloads/
"Oil, Soybean (Local)",World,2021,Ending Stocks,(1000 MT),783.0,1,2,agg,"USDA FAS PS&D (Production, Supply & Distribution)",https://apps.fas.usda.gov/psdonline/downloads/
"Oil, Soybean (Local)",World,2022,Ending Stocks,(1000 MT),991.0,1,2,agg,"USDA FAS PS&D (Production, Supply & Distribution)",https://apps.fas.usda.gov/psdonline/downloads/
"Oil, Soybean (Local)",World,2023,Ending Stocks,(1000 MT),930.0,1,2,agg,"USDA FAS PS&D (Production, Supply & Distribution)",https://apps.fas.usda.gov/psdonline/downloads/
"Oil, Soybean (Local)",World,2024,Ending Stocks,(1000 MT),1071.0,1,2,agg,"USDA FAS PS&D (Production, Supply & Distribution)",https://apps.fas.usda.gov/psdonline/downloads/
"Oil, Soybean (Local)",World,2025,Ending Stocks,(1000 MT),980.0,1,2,agg,"USDA FAS PS&D (Production, Supply & Distribution)",https://apps.fas.usda.gov/psdonline/downloads/
"Oil, Soybean (Local)",World,2026,Ending Stocks,(1000 MT),1149.0,1,2,agg,"USDA FAS PS&D (Production, Supply & Distribution)",https://apps.fas.usda.gov/psdonline/downloads/
"Oil, Soybean (Local)",World,1964,Exports,(1000 MT),0.0,1,2,agg,"USDA FAS PS&D (Production, Supply & Distribution)",https://apps.fas.usda.gov/psdonline/downloads/
"Oil, Soybean (Local)",World,1965,Exports,(1000 MT),0.0,1,2,agg,"USDA FAS PS&D (Production, Supply & Distribution)",https://apps.fas.usda.gov/psdonline/downloads/
"Oil, Soybean (Local)",World,1966,Exports,(1000 MT),0.0,1,2,agg,"USDA FAS PS&D (Production, Supply & Distribution)",https://apps.fas.usda.gov/psdonline/downloads/
"Oil, Soybean (Local)",World,1967,Exports,(1000 MT),0.0,1,2,agg,"USDA FAS PS&D (Production, Supply & Distribution)",https://apps.fas.usda.gov/psdonline/downloads/
"Oil, Soybean (Local)",World,1968,Exports,(1000 MT),0.0,1,2,agg,"USDA FAS PS&D (Production, Supply & Distribution)",https://apps.fas.usda.gov/psdonline/downloads/
"Oil, Soybean (Local)",World,1969,Exports,(1000 MT),3.0,1,2,agg,"USDA FAS PS&D (Production, Supply & Distribution)",https://apps.fas.usda.gov/psdonline/downloads/
"Oil, Soybean (Local)",World,1970,Exports,(1000 MT),7.0,1,2,agg,"USDA FAS PS&D (Production, Supply & Distribution)",https://apps.fas.usda.gov/psdonline/downloads/
"Oil, Soybean (Local)",World,1971,Exports,(1000 MT),38.0,1,2,agg,"USDA FAS PS&D (Production, Supply & Distribution)",https://apps.fas.usda.gov/psdonline/downloads/
"Oil, Soybean (Local)",World,1972,Exports,(1000 MT),104.0,1,2,agg,"USDA FAS PS&D (Production, Supply & Distribution)",https://apps.fas.usda.gov/psdonline/downloads/
"Oil, Soybean (Local)",World,1973,Exports,(1000 MT),49.0,1,2,agg,"USDA FAS PS&D (Production, Supply & Distribution)",https://apps.fas.usda.gov/psdonline/downloads/
"Oil, Soybean (Local)",World,1974,Exports,(1000 MT),340.0,1,2,agg,"USDA FAS PS&D (Production, Supply & Distribution)",https://apps.fas.usda.gov/psdonline/downloads/
"Oil, Soybean (Local)",World,1975,Exports,(1000 MT),497.0,1,2,agg,"USDA FAS PS&D (Production, Supply & Distribution)",https://apps.fas.usda.gov/psdonline/downloads/
"Oil, Soybean (Local)",World,1976,Exports,(1000 MT),624.0,1,2,agg,"USDA FAS PS&D (Production, Supply & Distribution)",https://apps.fas.usda.gov/psdonline/downloads/
"Oil, Soybean (Local)",World,1977,Exports,(1000 MT),581.0,1,2,agg,"USDA FAS PS&D (Production, Supply & Distribution)",https://apps.fas.usda.gov/psdonline/downloads/
"Oil, Soybean (Local)",World,1978,Exports,(1000 MT),561.0,1,2,agg,"USDA FAS PS&D (Production, Supply & Distribution)",https://apps.fas.usda.gov/psdonline/downloads/
"Oil, Soybean (Local)",World,1979,Exports,(1000 MT),897.0,1,2,agg,"USDA FAS PS&D (Production, Supply & Distribution)",https://apps.fas.usda.gov/psdonline/downloads/
"Oil, Soybean (Local)",World,1980,Exports,(1000 MT),1296.0,1,2,agg,"USDA FAS PS&D (Production, Supply & Distribution)",https://apps.fas.usda.gov/psdonline/downloads/
"Oil, Soybean (Local)",World,1981,Exports,(1000 MT),1093.0,1,2,agg,"USDA FAS PS&D (Production, Supply & Distribution)",https://apps.fas.usda.gov/psdonline/downloads/
"Oil, Soybean (Local)",World,1982,Exports,(1000 MT),1245.0,1,2,agg,"USDA FAS PS&D (Production, Supply & Distribution)",https://apps.fas.usda.gov/psdonline/downloads/
"Oil, Soybean (Local)",World,1983,Exports,(1000 MT),1433.0,1,2,agg,"USDA FAS PS&D (Production, Supply & Distribution)",https://apps.fas.usda.gov/psdonline/downloads/
"Oil, Soybean (Local)",World,1984,Exports,(1000 MT),1463.0,1,2,agg,"USDA FAS PS&D (Production, Supply & Distribution)",https://apps.fas.usda.gov/psdonline/downloads/
"Oil, Soybean (Local)",World,1985,Exports,(1000 MT),1041.0,1,2,agg,"USDA FAS PS&D (Production, Supply & Distribution)",https://apps.fas.usda.gov/psdonline/downloads/
"Oil, Soybean (Local)",World,1986,Exports,(1000 MT),1755.0,1,2,agg,"USDA FAS PS&D (Production, Supply & Distribution)",https://apps.fas.usda.gov/psdonline/downloads/
"Oil, Soybean (Local)",World,1987,Exports,(1000 MT),1641.0,1,2,agg,"USDA FAS PS&D (Production, Supply & Distribution)",https://apps.fas.usda.gov/psdonline/downloads/
"Oil, Soybean (Local)",World,1988,Exports,(1000 MT),1636.0,1,2,agg,"USDA FAS PS&D (Production, Supply & Distribution)",https://apps.fas.usda.gov/psdonline/downloads/
"Oil, Soybean (Local)",World,1989,Exports,(1000 MT),2075.0,1,2,agg,"USDA FAS PS&D (Production, Supply & Distribution)",https://apps.fas.usda.gov/psdonline/downloads/
"Oil, Soybean (Local)",World,1990,Exports,(1000 MT),1478.0,1,2,agg,"USDA FAS PS&D (Production, Supply & Distribution)",https://apps.fas.usda.gov/psdonline/downloads/
"Oil, Soybean (Local)",World,1991,Exports,(1000 MT),1960.0,1,2,agg,"USDA FAS PS&D (Production, Supply & Distribution)",https://apps.fas.usda.gov/psdonline/downloads/
"Oil, Soybean (Local)",World,1992,Exports,(1000 MT),2068.0,1,2,agg,"USDA FAS PS&D (Production, Supply & Distribution)",https://apps.fas.usda.gov/psdonline/downloads/
"Oil, Soybean (Local)",World,1993,Exports,(1000 MT),2974.0,1,2,agg,"USDA FAS PS&D (Production, Supply & Distribution)",https://apps.fas.usda.gov/psdonline/downloads/
"Oil, Soybean (Local)",World,1994,Exports,(1000 MT),3188.0,1,2,agg,"USDA FAS PS&D (Production, Supply & Distribution)",https://apps.fas.usda.gov/psdonline/downloads/
"Oil, Soybean (Local)",World,1995,Exports,(1000 MT),3017.0,1,2,agg,"USDA FAS PS&D (Production, Supply & Distribution)",https://apps.fas.usda.gov/psdonline/downloads/
"Oil, Soybean (Local)",World,1996,Exports,(1000 MT),2489.0,1,2,agg,"USDA FAS PS&D (Production, Supply & Distribution)",https://apps.fas.usda.gov/psdonline/downloads/
"Oil, Soybean (Local)",World,1997,Exports,(1000 MT),3957.0,1,2,agg,"USDA FAS PS&D (Production, Supply & Distribution)",https://apps.fas.usda.gov/psdonline/downloads/
"Oil, Soybean (Local)",World,1998,Exports,(1000 MT),4604.0,1,2,agg,"USDA FAS PS&D (Production, Supply & Distribution)",https://apps.fas.usda.gov/psdonline/downloads/
"Oil, Soybean (Local)",World,1999,Exports,(1000 MT),3910.0,1,2,agg,"USDA FAS PS&D (Production, Supply & Distribution)",https://apps.fas.usda.gov/psdonline/downloads/
"Oil, Soybean (Local)",World,2000,Exports,(1000 MT),5162.0,1,2,agg,"USDA FAS PS&D (Production, Supply & Distribution)",https://apps.fas.usda.gov/psdonline/downloads/
"Oil, Soybean (Local)",World,2001,Exports,(1000 MT),5571.0,1,2,agg,"USDA FAS PS&D (Production, Supply & Distribution)",https://apps.fas.usda.gov/psdonline/downloads/
"Oil, Soybean (Local)",World,2002,Exports,(1000 MT),6731.0,1,2,agg,"USDA FAS PS&D (Production, Supply & Distribution)",https://apps.fas.usda.gov/psdonline/downloads/
"Oil, Soybean (Local)",World,2003,Exports,(1000 MT),6963.0,1,2,agg,"USDA FAS PS&D (Production, Supply & Distribution)",https://apps.fas.usda.gov/psdonline/downloads/
"Oil, Soybean (Local)",World,2004,Exports,(1000 MT),7778.0,1,2,agg,"USDA FAS PS&D (Production, Supply & Distribution)",https://apps.fas.usda.gov/psdonline/downloads/
"Oil, Soybean (Local)",World,2005,Exports,(1000 MT),8086.0,1,2,agg,"USDA FAS PS&D (Production, Supply & Distribution)",https://apps.fas.usda.gov/psdonline/downloads/
"Oil, Soybean (Local)",World,2006,Exports,(1000 MT),8857.0,1,2,agg,"USDA FAS PS&D (Production, Supply & Distribution)",https://apps.fas.usda.gov/psdonline/downloads/
"Oil, Soybean (Local)",World,2007,Exports,(1000 MT),7303.0,1,2,agg,"USDA FAS PS&D (Production, Supply & Distribution)",https://apps.fas.usda.gov/psdonline/downloads/
"Oil, Soybean (Local)",World,2008,Exports,(1000 MT),5301.0,1,2,agg,"USDA FAS PS&D (Production, Supply & Distribution)",https://apps.fas.usda.gov/psdonline/downloads/
"Oil, Soybean (Local)",World,2009,Exports,(1000 MT),6744.0,1,2,agg,"USDA FAS PS&D (Production, Supply & Distribution)",https://apps.fas.usda.gov/psdonline/downloads/
"Oil, Soybean (Local)",World,2010,Exports,(1000 MT),5968.0,1,2,agg,"USDA FAS PS&D (Production, Supply & Distribution)",https://apps.fas.usda.gov/psdonline/downloads/
"Oil, Soybean (Local)",World,2011,Exports,(1000 MT),5189.0,1,2,agg,"USDA FAS PS&D (Production, Supply & Distribution)",https://apps.fas.usda.gov/psdonline/downloads/
"Oil, Soybean (Local)",World,2012,Exports,(1000 MT),5643.0,1,2,agg,"USDA FAS PS&D (Production, Supply & Distribution)",https://apps.fas.usda.gov/psdonline/downloads/
"Oil, Soybean (Local)",World,2013,Exports,(1000 MT),5601.0,1,2,agg,"USDA FAS PS&D (Production, Supply & Distribution)",https://apps.fas.usda.gov/psdonline/downloads/
"Oil, Soybean (Local)",World,2014,Exports,(1000 MT),7982.0,1,2,agg,"USDA FAS PS&D (Production, Supply & Distribution)",https://apps.fas.usda.gov/psdonline/downloads/
"Oil, Soybean (Local)",World,2015,Exports,(1000 MT),6640.0,1,2,agg,"USDA FAS PS&D (Production, Supply & Distribution)",https://apps.fas.usda.gov/psdonline/downloads/
"Oil, Soybean (Local)",World,2016,Exports,(1000 MT),6064.0,1,2,agg,"USDA FAS PS&D (Production, Supply & Distribution)",https://apps.fas.usda.gov/psdonline/downloads/
"Oil, Soybean (Local)",World,2017,Exports,(1000 MT),5981.0,1,2,agg,"USDA FAS PS&D (Production, Supply & Distribution)",https://apps.fas.usda.gov/psdonline/downloads/
"Oil, Soybean (Local)",World,2018,Exports,(1000 MT),6154.0,1,2,agg,"USDA FAS PS&D (Production, Supply & Distribution)",https://apps.fas.usda.gov/psdonline/downloads/
"Oil, Soybean (Local)",World,2019,Exports,(1000 MT),7260.0,1,2,agg,"USDA FAS PS&D (Production, Supply & Distribution)",https://apps.fas.usda.gov/psdonline/downloads/
"Oil, Soybean (Local)",World,2020,Exports,(1000 MT),7131.0,1,2,agg,"USDA FAS PS&D (Production, Supply & Distribution)",https://apps.fas.usda.gov/psdonline/downloads/
"Oil, Soybean (Local)",World,2021,Exports,(1000 MT),7171.0,1,2,agg,"USDA FAS PS&D (Production, Supply & Distribution)",https://apps.fas.usda.gov/psdonline/downloads/
"Oil, Soybean (Local)",World,2022,Exports,(1000 MT),6511.0,1,2,agg,"USDA FAS PS&D (Production, Supply & Distribution)",https://apps.fas.usda.gov/psdonline/downloads/
"Oil, Soybean (Local)",World,2023,Exports,(1000 MT),8330.0,1,2,agg,"USDA FAS PS&D (Production, Supply & Distribution)",https://apps.fas.usda.gov/psdonline/downloads/
"Oil, Soybean (Local)",World,2024,Exports,(1000 MT),8107.0,1,2,agg,"USDA FAS PS&D (Production, Supply & Distribution)",https://apps.fas.usda.gov/psdonline/downloads/
"Oil, Soybean (Local)",World,2025,Exports,(1000 MT),8400.0,1,2,agg,"USDA FAS PS&D (Production, Supply & Distribution)",https://apps.fas.usda.gov/psdonline/downloads/
"Oil, Soybean (Local)",World,2026,Exports,(1000 MT),8500.0,1,2,agg,"USDA FAS PS&D (Production, Supply & Distribution)",https://apps.fas.usda.gov/psdonline/downloads/
"Oil, Soybean (Local)",World,1964,Feed Waste Dom. Cons.,(1000 MT),0.0,1,2,agg,"USDA FAS PS&D (Production, Supply & Distribution)",https://apps.fas.usda.gov/psdonline/downloads/
"Oil, Soybean (Local)",World,1965,Feed Waste Dom. Cons.,(1000 MT),0.0,1,2,agg,"USDA FAS PS&D (Production, Supply & Distribution)",https://apps.fas.usda.gov/psdonline/downloads/
"Oil, Soybean (Local)",World,1966,Feed Waste Dom. Cons.,(1000 MT),0.0,1,2,agg,"USDA FAS PS&D (Production, Supply & Distribution)",https://apps.fas.usda.gov/psdonline/downloads/
"Oil, Soybean (Local)",World,1967,Feed Waste Dom. Cons.,(1000 MT),0.0,1,2,agg,"USDA FAS PS&D (Production, Supply & Distribution)",https://apps.fas.usda.gov/psdonline/downloads/
"Oil, Soybean (Local)",World,1968,Feed Waste Dom. Cons.,(1000 MT),0.0,1,2,agg,"USDA FAS PS&D (Production, Supply & Distribution)",https://apps.fas.usda.gov/psdonline/downloads/
"Oil, Soybean (Local)",World,1969,Feed Waste Dom. Cons.,(1000 MT),0.0,1,2,agg,"USDA FAS PS&D (Production, Supply & Distribution)",https://apps.fas.usda.gov/psdonline/downloads/
"Oil, Soybean (Local)",World,1970,Feed Waste Dom. Cons.,(1000 MT),0.0,1,2,agg,"USDA FAS PS&D (Production, Supply & Distribution)",https://apps.fas.usda.gov/psdonline/downloads/
"Oil, Soybean (Local)",World,1971,Feed Waste Dom. Cons.,(1000 MT),0.0,1,2,agg,"USDA FAS PS&D (Production, Supply & Distribution)",https://apps.fas.usda.gov/psdonline/downloads/
"Oil, Soybean (Local)",World,1972,Feed Waste Dom. Cons.,(1000 MT),0.0,1,2,agg,"USDA FAS PS&D (Production, Supply & Distribution)",https://apps.fas.usda.gov/psdonline/downloads/
"Oil, Soybean (Local)",World,1973,Feed Waste Dom. Cons.,(1000 MT),0.0,1,2,agg,"USDA FAS PS&D (Production, Supply & Distribution)",https://apps.fas.usda.gov/psdonline/downloads/
"Oil, Soybean (Local)",World,1974,Feed Waste Dom. Cons.,(1000 MT),0.0,1,2,agg,"USDA FAS PS&D (Production, Supply & Distribution)",https://apps.fas.usda.gov/psdonline/downloads/
"Oil, Soybean (Local)",World,1975,Feed Waste Dom. Cons.,(1000 MT),0.0,1,2,agg,"USDA FAS PS&D (Production, Supply & Distribution)",https://apps.fas.usda.gov/psdonline/downloads/
"Oil, Soybean (Local)",World,1976,Feed Waste Dom. Cons.,(1000 MT),0.0,1,2,agg,"USDA FAS PS&D (Production, Supply & Distribution)",https://apps.fas.usda.gov/psdonline/downloads/
"Oil, Soybean (Local)",World,1977,Feed Waste Dom. Cons.,(1000 MT),0.0,1,2,agg,"USDA FAS PS&D (Production, Supply & Distribution)",https://apps.fas.usda.gov/psdonline/downloads/
"Oil, Soybean (Local)",World,1978,Feed Waste Dom. Cons.,(1000 MT),0.0,1,2,agg,"USDA FAS PS&D (Production, Supply & Distribution)",https://apps.fas.usda.gov/psdonline/downloads/
"Oil, Soybean (Local)",World,1979,Feed Waste Dom. Cons.,(1000 MT),0.0,1,2,agg,"USDA FAS PS&D (Production, Supply & Distribution)",https://apps.fas.usda.gov/psdonline/downloads/
"Oil, Soybean (Local)",World,1980,Feed Waste Dom. Cons.,(1000 MT),0.0,1,2,agg,"USDA FAS PS&D (Production, Supply & Distribution)",https://apps.fas.usda.gov/psdonline/downloads/
"Oil, Soybean (Local)",World,1981,Feed Waste Dom. Cons.,(1000 MT),0.0,1,2,agg,"USDA FAS PS&D (Production, Supply & Distribution)",https://apps.fas.usda.gov/psdonline/downloads/
"Oil, Soybean (Local)",World,1982,Feed Waste Dom. Cons.,(1000 MT),0.0,1,2,agg,"USDA FAS PS&D (Production, Supply & Distribution)",https://apps.fas.usda.gov/psdonline/downloads/
"Oil, Soybean (Local)",World,1983,Feed Waste Dom. Cons.,(1000 MT),0.0,1,2,agg,"USDA FAS PS&D (Production, Supply & Distribution)",https://apps.fas.usda.gov/psdonline/downloads/
"Oil, Soybean (Local)",World,1984,Feed Waste Dom. Cons.,(1000 MT),0.0,1,2,agg,"USDA FAS PS&D (Production, Supply & Distribution)",https://apps.fas.usda.gov/psdonline/downloads/
"Oil, Soybean (Local)",World,1985,Feed Waste Dom. Cons.,(1000 MT),0.0,1,2,agg,"USDA FAS PS&D (Production, Supply & Distribution)",https://apps.fas.usda.gov/psdonline/downloads/
"Oil, Soybean (Local)",World,1986,Feed Waste Dom. Cons.,(1000 MT),0.0,1,2,agg,"USDA FAS PS&D (Production, Supply & Distribution)",https://apps.fas.usda.gov/psdonline/downloads/
"Oil, Soybean (Local)",World,1987,Feed Waste Dom. Cons.,(1000 MT),0.0,1,2,agg,"USDA FAS PS&D (Production, Supply & Distribution)",https://apps.fas.usda.gov/psdonline/downloads/
"Oil, Soybean (Local)",World,1988,Feed Waste Dom. Cons.,(1000 MT),0.0,1,2,agg,"USDA FAS PS&D (Production, Supply & Distribution)",https://apps.fas.usda.gov/psdonline/downloads/
"Oil, Soybean (Local)",World,1989,Feed Waste Dom. Cons.,(1000 MT),0.0,1,2,agg,"USDA FAS PS&D (Production, Supply & Distribution)",https://apps.fas.usda.gov/psdonline/downloads/
"Oil, Soybean (Local)",World,1990,Feed Waste Dom. Cons.,(1000 MT),0.0,1,2,agg,"USDA FAS PS&D (Production, Supply & Distribution)",https://apps.fas.usda.gov/psdonline/downloads/
"Oil, Soybean (Local)",World,1991,Feed Waste Dom. Cons.,(1000 MT),0.0,1,2,agg,"USDA FAS PS&D (Production, Supply & Distribution)",https://apps.fas.usda.gov/psdonline/downloads/
"Oil, Soybean (Local)",World,1992,Feed Waste Dom. Cons.,(1000 MT),0.0,1,2,agg,"USDA FAS PS&D (Production, Supply & Distribution)",https://apps.fas.usda.gov/psdonline/downloads/
"Oil, Soybean (Local)",World,1993,Feed Waste Dom. Cons.,(1000 MT),0.0,1,2,agg,"USDA FAS PS&D (Production, Supply & Distribution)",https://apps.fas.usda.gov/psdonline/downloads/
"Oil, Soybean (Local)",World,1994,Feed Waste Dom. Cons.,(1000 MT),0.0,1,2,agg,"USDA FAS PS&D (Production, Supply & Distribution)",https://apps.fas.usda.gov/psdonline/downloads/
"Oil, Soybean (Local)",World,1995,Feed Waste Dom. Cons.,(1000 MT),0.0,1,2,agg,"USDA FAS PS&D (Production, Supply & Distribution)",https://apps.fas.usda.gov/psdonline/downloads/
"Oil, Soybean (Local)",World,1996,Feed Waste Dom. Cons.,(1000 MT),0.0,1,2,agg,"USDA FAS PS&D (Production, Supply & Distribution)",https://apps.fas.usda.gov/psdonline/downloads/
"Oil, Soybean (Local)",World,1997,Feed Waste Dom. Cons.,(1000 MT),0.0,1,2,agg,"USDA FAS PS&D (Production, Supply & Distribution)",https://apps.fas.usda.gov/psdonline/downloads/
"Oil, Soybean (Local)",World,1998,Feed Waste Dom. Cons.,(1000 MT),0.0,1,2,agg,"USDA FAS PS&D (Production, Supply & Distribution)",https://apps.fas.usda.gov/psdonline/downloads/
"Oil, Soybean (Local)",World,1999,Feed Waste Dom. Cons.,(1000 MT),0.0,1,2,agg,"USDA FAS PS&D (Production, Supply & Distribution)",https://apps.fas.usda.gov/psdonline/downloads/
"Oil, Soybean (Local)",World,2000,Feed Waste Dom. Cons.,(1000 MT),0.0,1,2,agg,"USDA FAS PS&D (Production, Supply & Distribution)",https://apps.fas.usda.gov/psdonline/downloads/
"Oil, Soybean (Local)",World,2001,Feed Waste Dom. Cons.,(1000 MT),0.0,1,2,agg,"USDA FAS PS&D (Production, Supply & Distribution)",https://apps.fas.usda.gov/psdonline/downloads/
"Oil, Soybean (Local)",World,2002,Feed Waste Dom. Cons.,(1000 MT),0.0,1,2,agg,"USDA FAS PS&D (Production, Supply & Distribution)",https://apps.fas.usda.gov/psdonline/downloads/
"Oil, Soybean (Local)",World,2003,Feed Waste Dom. Cons.,(1000 MT),0.0,1,2,agg,"USDA FAS PS&D (Production, Supply & Distribution)",https://apps.fas.usda.gov/psdonline/downloads/
"Oil, Soybean (Local)",World,2004,Feed Waste Dom. Cons.,(1000 MT),0.0,1,2,agg,"USDA FAS PS&D (Production, Supply & Distribution)",https://apps.fas.usda.gov/psdonline/downloads/
"Oil, Soybean (Local)",World,2005,Feed Waste Dom. Cons.,(1000 MT),0.0,1,2,agg,"USDA FAS PS&D (Production, Supply & Distribution)",https://apps.fas.usda.gov/psdonline/downloads/
"Oil, Soybean (Local)",World,2006,Feed Waste Dom. Cons.,(1000 MT),0.0,1,2,agg,"USDA FAS PS&D (Production, Supply & Distribution)",https://apps.fas.usda.gov/psdonline/downloads/
"Oil, Soybean (Local)",World,2007,Feed Waste Dom. Cons.,(1000 MT),0.0,1,2,agg,"USDA FAS PS&D (Production, Supply & Distribution)",https://apps.fas.usda.gov/psdonline/downloads/
"Oil, Soybean (Local)",World,2008,Feed Waste Dom. Cons.,(1000 MT),0.0,1,2,agg,"USDA FAS PS&D (Production, Supply & Distribution)",https://apps.fas.usda.gov/psdonline/downloads/
"Oil, Soybean (Local)",World,2009,Feed Waste Dom. Cons.,(1000 MT),0.0,1,2,agg,"USDA FAS PS&D (Production, Supply & Distribution)",https://apps.fas.usda.gov/psdonline/downloads/
"Oil, Soybean (Local)",World,2010,Feed Waste Dom. Cons.,(1000 MT),0.0,1,2,agg,"USDA FAS PS&D (Production, Supply & Distribution)",https://apps.fas.usda.gov/psdonline/downloads/
"Oil, Soybean (Local)",World,2011,Feed Waste Dom. Cons.,(1000 MT),0.0,1,2,agg,"USDA FAS PS&D (Production, Supply & Distribution)",https://apps.fas.usda.gov/psdonline/downloads/
"Oil, Soybean (Local)",World,2012,Feed Waste Dom. Cons.,(1000 MT),0.0,1,2,agg,"USDA FAS PS&D (Production, Supply & Distribution)",https://apps.fas.usda.gov/psdonline/downloads/
"Oil, Soybean (Local)",World,2013,Feed Waste Dom. Cons.,(1000 MT),0.0,1,2,agg,"USDA FAS PS&D (Production, Supply & Distribution)",https://apps.fas.usda.gov/psdonline/downloads/
"Oil, Soybean (Local)",World,2014,Feed Waste Dom. Cons.,(1000 MT),0.0,1,2,agg,"USDA FAS PS&D (Production, Supply & Distribution)",https://apps.fas.usda.gov/psdonline/downloads/
"Oil, Soybean (Local)",World,2015,Feed Waste Dom. Cons.,(1000 MT),0.0,1,2,agg,"USDA FAS PS&D (Production, Supply & Distribution)",https://apps.fas.usda.gov/psdonline/downloads/
"Oil, Soybean (Local)",World,2016,Feed Waste Dom. Cons.,(1000 MT),0.0,1,2,agg,"USDA FAS PS&D (Production, Supply & Distribution)",https://apps.fas.usda.gov/psdonline/downloads/
"Oil, Soybean (Local)",World,2017,Feed Waste Dom. Cons.,(1000 MT),0.0,1,2,agg,"USDA FAS PS&D (Production, Supply & Distribution)",https://apps.fas.usda.gov/psdonline/downloads/
"Oil, Soybean (Local)",World,2018,Feed Waste Dom. Cons.,(1000 MT),0.0,1,2,agg,"USDA FAS PS&D (Production, Supply & Distribution)",https://apps.fas.usda.gov/psdonline/downloads/
"Oil, Soybean (Local)",World,2019,Feed Waste Dom. Cons.,(1000 MT),0.0,1,2,agg,"USDA FAS PS&D (Production, Supply & Distribution)",https://apps.fas.usda.gov/psdonline/downloads/
"Oil, Soybean (Local)",World,2020,Feed Waste Dom. Cons.,(1000 MT),0.0,1,2,agg,"USDA FAS PS&D (Production, Supply & Distribution)",https://apps.fas.usda.gov/psdonline/downloads/
"Oil, Soybean (Local)",World,2021,Feed Waste Dom. Cons.,(1000 MT),0.0,1,2,agg,"USDA FAS PS&D (Production, Supply & Distribution)",https://apps.fas.usda.gov/psdonline/downloads/
"Oil, Soybean (Local)",World,2022,Feed Waste Dom. Cons.,(1000 MT),0.0,1,2,agg,"USDA FAS PS&D (Production, Supply & Distribution)",https://apps.fas.usda.gov/psdonline/downloads/
"Oil, Soybean (Local)",World,2023,Feed Waste Dom. Cons.,(1000 MT),0.0,1,2,agg,"USDA FAS PS&D (Production, Supply & Distribution)",https://apps.fas.usda.gov/psdonline/downloads/
"Oil, Soybean (Local)",World,2024,Feed Waste Dom. Cons.,(1000 MT),0.0,1,2,agg,"USDA FAS PS&D (Production, Supply & Distribution)",https://apps.fas.usda.gov/psdonline/downloads/
"Oil, Soybean (Local)",World,2025,Feed Waste Dom. Cons.,(1000 MT),0.0,1,2,agg,"USDA FAS PS&D (Production, Supply & Distribution)",https://apps.fas.usda.gov/psdonline/downloads/
"Oil, Soybean (Local)",World,2026,Feed Waste Dom. Cons.,(1000 MT),0.0,1,2,agg,"USDA FAS PS&D (Production, Supply & Distribution)",https://apps.fas.usda.gov/psdonline/downloads/
"Oil, Soybean (Local)",World,1964,Food Use Dom. Cons.,(1000 MT),53.0,1,2,agg,"USDA FAS PS&D (Production, Supply & Distribution)",https://apps.fas.usda.gov/psdonline/downloads/
"Oil, Soybean (Local)",World,1965,Food Use Dom. Cons.,(1000 MT),73.0,1,2,agg,"USDA FAS PS&D (Production, Supply & Distribution)",https://apps.fas.usda.gov/psdonline/downloads/
"Oil, Soybean (Local)",World,1966,Food Use Dom. Cons.,(1000 MT),82.0,1,2,agg,"USDA FAS PS&D (Production, Supply & Distribution)",https://apps.fas.usda.gov/psdonline/downloads/
"Oil, Soybean (Local)",World,1967,Food Use Dom. Cons.,(1000 MT),87.0,1,2,agg,"USDA FAS PS&D (Production, Supply & Distribution)",https://apps.fas.usda.gov/psdonline/downloads/
"Oil, Soybean (Local)",World,1968,Food Use Dom. Cons.,(1000 MT),102.0,1,2,agg,"USDA FAS PS&D (Production, Supply & Distribution)",https://apps.fas.usda.gov/psdonline/downloads/
"Oil, Soybean (Local)",World,1969,Food Use Dom. Cons.,(1000 MT),167.0,1,2,agg,"USDA FAS PS&D (Production, Supply & Distribution)",https://apps.fas.usda.gov/psdonline/downloads/
"Oil, Soybean (Local)",World,1970,Food Use Dom. Cons.,(1000 MT),297.0,1,2,agg,"USDA FAS PS&D (Production, Supply & Distribution)",https://apps.fas.usda.gov/psdonline/downloads/
"Oil, Soybean (Local)",World,1971,Food Use Dom. Cons.,(1000 MT),346.0,1,2,agg,"USDA FAS PS&D (Production, Supply & Distribution)",https://apps.fas.usda.gov/psdonline/downloads/
"Oil, Soybean (Local)",World,1972,Food Use Dom. Cons.,(1000 MT),440.0,1,2,agg,"USDA FAS PS&D (Production, Supply & Distribution)",https://apps.fas.usda.gov/psdonline/downloads/
"Oil, Soybean (Local)",World,1973,Food Use Dom. Cons.,(1000 MT),689.0,1,2,agg,"USDA FAS PS&D (Production, Supply & Distribution)",https://apps.fas.usda.gov/psdonline/downloads/
"Oil, Soybean (Local)",World,1974,Food Use Dom. Cons.,(1000 MT),729.0,1,2,agg,"USDA FAS PS&D (Production, Supply & Distribution)",https://apps.fas.usda.gov/psdonline/downloads/
"Oil, Soybean (Local)",World,1975,Food Use Dom. Cons.,(1000 MT),833.0,1,2,agg,"USDA FAS PS&D (Production, Supply & Distribution)",https://apps.fas.usda.gov/psdonline/downloads/
"Oil, Soybean (Local)",World,1976,Food Use Dom. Cons.,(1000 MT),1058.0,1,2,agg,"USDA FAS PS&D (Production, Supply & Distribution)",https://apps.fas.usda.gov/psdonline/downloads/
"Oil, Soybean (Local)",World,1977,Food Use Dom. Cons.,(1000 MT),1131.0,1,2,agg,"USDA FAS PS&D (Production, Supply & Distribution)",https://apps.fas.usda.gov/psdonline/downloads/
"Oil, Soybean (Local)",World,1978,Food Use Dom. Cons.,(1000 MT),1333.0,1,2,agg,"USDA FAS PS&D (Production, Supply & Distribution)",https://apps.fas.usda.gov/psdonline/downloads/
"Oil, Soybean (Local)",World,1979,Food Use Dom. Cons.,(1000 MT),1479.0,1,2,agg,"USDA FAS PS&D (Production, Supply & Distribution)",https://apps.fas.usda.gov/psdonline/downloads/
"Oil, Soybean (Local)",World,1980,Food Use Dom. Cons.,(1000 MT),1528.0,1,2,agg,"USDA FAS PS&D (Production, Supply & Distribution)",https://apps.fas.usda.gov/psdonline/downloads/
"Oil, Soybean (Local)",World,1981,Food Use Dom. Cons.,(1000 MT),1554.0,1,2,agg,"USDA FAS PS&D (Production, Supply & Distribution)",https://apps.fas.usda.gov/psdonline/downloads/
"Oil, Soybean (Local)",World,1982,Food Use Dom. Cons.,(1000 MT),1575.0,1,2,agg,"USDA FAS PS&D (Production, Supply & Distribution)",https://apps.fas.usda.gov/psdonline/downloads/
"Oil, Soybean (Local)",World,1983,Food Use Dom. Cons.,(1000 MT),1577.0,1,2,agg,"USDA FAS PS&D (Production, Supply & Distribution)",https://apps.fas.usda.gov/psdonline/downloads/
"Oil, Soybean (Local)",World,1984,Food Use Dom. Cons.,(1000 MT),1697.0,1,2,agg,"USDA FAS PS&D (Production, Supply & Distribution)",https://apps.fas.usda.gov/psdonline/downloads/
"Oil, Soybean (Local)",World,1985,Food Use Dom. Cons.,(1000 MT),1953.0,1,2,agg,"USDA FAS PS&D (Production, Supply & Distribution)",https://apps.fas.usda.gov/psdonline/downloads/
"Oil, Soybean (Local)",World,1986,Food Use Dom. Cons.,(1000 MT),1966.0,1,2,agg,"USDA FAS PS&D (Production, Supply & Distribution)",https://apps.fas.usda.gov/psdonline/downloads/
"Oil, Soybean (Local)",World,1987,Food Use Dom. Cons.,(1000 MT),1994.0,1,2,agg,"USDA FAS PS&D (Production, Supply & Distribution)",https://apps.fas.usda.gov/psdonline/downloads/
"Oil, Soybean (Local)",World,1988,Food Use Dom. Cons.,(1000 MT),2259.0,1,2,agg,"USDA FAS PS&D (Production, Supply & Distribution)",https://apps.fas.usda.gov/psdonline/downloads/
"Oil, Soybean (Local)",World,1989,Food Use Dom. Cons.,(1000 MT),2056.0,1,2,agg,"USDA FAS PS&D (Production, Supply & Distribution)",https://apps.fas.usda.gov/psdonline/downloads/
"Oil, Soybean (Local)",World,1990,Food Use Dom. Cons.,(1000 MT),2028.0,1,2,agg,"USDA FAS PS&D (Production, Supply & Distribution)",https://apps.fas.usda.gov/psdonline/downloads/
"Oil, Soybean (Local)",World,1991,Food Use Dom. Cons.,(1000 MT),2111.0,1,2,agg,"USDA FAS PS&D (Production, Supply & Distribution)",https://apps.fas.usda.gov/psdonline/downloads/
"Oil, Soybean (Local)",World,1992,Food Use Dom. Cons.,(1000 MT),2314.0,1,2,agg,"USDA FAS PS&D (Production, Supply & Distribution)",https://apps.fas.usda.gov/psdonline/downloads/
"Oil, Soybean (Local)",World,1993,Food Use Dom. Cons.,(1000 MT),2366.0,1,2,agg,"USDA FAS PS&D (Production, Supply & Distribution)",https://apps.fas.usda.gov/psdonline/downloads/
"Oil, Soybean (Local)",World,1994,Food Use Dom. Cons.,(1000 MT),2461.0,1,2,agg,"USDA FAS PS&D (Production, Supply & Distribution)",https://apps.fas.usda.gov/psdonline/downloads/
"Oil, Soybean (Local)",World,1995,Food Use Dom. Cons.,(1000 MT),2651.0,1,2,agg,"USDA FAS PS&D (Production, Supply & Distribution)",https://apps.fas.usda.gov/psdonline/downloads/
"Oil, Soybean (Local)",World,1996,Food Use Dom. Cons.,(1000 MT),2678.0,1,2,agg,"USDA FAS PS&D (Production, Supply & Distribution)",https://apps.fas.usda.gov/psdonline/downloads/
"Oil, Soybean (Local)",World,1997,Food Use Dom. Cons.,(1000 MT),2830.0,1,2,agg,"USDA FAS PS&D (Production, Supply & Distribution)",https://apps.fas.usda.gov/psdonline/downloads/
"Oil, Soybean (Local)",World,1998,Food Use Dom. Cons.,(1000 MT),2799.0,1,2,agg,"USDA FAS PS&D (Production, Supply & Distribution)",https://apps.fas.usda.gov/psdonline/downloads/
"Oil, Soybean (Local)",World,1999,Food Use Dom. Cons.,(1000 MT),2990.0,1,2,agg,"USDA FAS PS&D (Production, Supply & Distribution)",https://apps.fas.usda.gov/psdonline/downloads/
"Oil, Soybean (Local)",World,2000,Food Use Dom. Cons.,(1000 MT),3035.0,1,2,agg,"USDA FAS PS&D (Production, Supply & Distribution)",https://apps.fas.usda.gov/psdonline/downloads/
"Oil, Soybean (Local)",World,2001,Food Use Dom. Cons.,(1000 MT),3105.0,1,2,agg,"USDA FAS PS&D (Production, Supply & Distribution)",https://apps.fas.usda.gov/psdonline/downloads/
"Oil, Soybean (Local)",World,2002,Food Use Dom. Cons.,(1000 MT),3112.0,1,2,agg,"USDA FAS PS&D (Production, Supply & Distribution)",https://apps.fas.usda.gov/psdonline/downloads/
"Oil, Soybean (Local)",World,2003,Food Use Dom. Cons.,(1000 MT),3177.0,1,2,agg,"USDA FAS PS&D (Production, Supply & Distribution)",https://apps.fas.usda.gov/psdonline/downloads/
"Oil, Soybean (Local)",World,2004,Food Use Dom. Cons.,(1000 MT),3230.0,1,2,agg,"USDA FAS PS&D (Production, Supply & Distribution)",https://apps.fas.usda.gov/psdonline/downloads/
"Oil, Soybean (Local)",World,2005,Food Use Dom. Cons.,(1000 MT),3227.0,1,2,agg,"USDA FAS PS&D (Production, Supply & Distribution)",https://apps.fas.usda.gov/psdonline/downloads/
"Oil, Soybean (Local)",World,2006,Food Use Dom. Cons.,(1000 MT),3375.0,1,2,agg,"USDA FAS PS&D (Production, Supply & Distribution)",https://apps.fas.usda.gov/psdonline/downloads/
"Oil, Soybean (Local)",World,2007,Food Use Dom. Cons.,(1000 MT),3400.0,1,2,agg,"USDA FAS PS&D (Production, Supply & Distribution)",https://apps.fas.usda.gov/psdonline/downloads/
"Oil, Soybean (Local)",World,2008,Food Use Dom. Cons.,(1000 MT),3470.0,1,2,agg,"USDA FAS PS&D (Production, Supply & Distribution)",https://apps.fas.usda.gov/psdonline/downloads/
"Oil, Soybean (Local)",World,2009,Food Use Dom. Cons.,(1000 MT),3565.0,1,2,agg,"USDA FAS PS&D (Production, Supply & Distribution)",https://apps.fas.usda.gov/psdonline/downloads/
"Oil, Soybean (Local)",World,2010,Food Use Dom. Cons.,(1000 MT),3670.0,1,2,agg,"USDA FAS PS&D (Production, Supply & Distribution)",https://apps.fas.usda.gov/psdonline/downloads/
"Oil, Soybean (Local)",World,2011,Food Use Dom. Cons.,(1000 MT),3670.0,1,2,agg,"USDA FAS PS&D (Production, Supply & Distribution)",https://apps.fas.usda.gov/psdonline/downloads/
"Oil, Soybean (Local)",World,2012,Food Use Dom. Cons.,(1000 MT),3775.0,1,2,agg,"USDA FAS PS&D (Production, Supply & Distribution)",https://apps.fas.usda.gov/psdonline/downloads/
"Oil, Soybean (Local)",World,2013,Food Use Dom. Cons.,(1000 MT),3843.0,1,2,agg,"USDA FAS PS&D (Production, Supply & Distribution)",https://apps.fas.usda.gov/psdonline/downloads/
"Oil, Soybean (Local)",World,2014,Food Use Dom. Cons.,(1000 MT),3958.0,1,2,agg,"USDA FAS PS&D (Production, Supply & Distribution)",https://apps.fas.usda.gov/psdonline/downloads/
"Oil, Soybean (Local)",World,2015,Food Use Dom. Cons.,(1000 MT),4025.0,1,2,agg,"USDA FAS PS&D (Production, Supply & Distribution)",https://apps.fas.usda.gov/psdonline/downloads/
"Oil, Soybean (Local)",World,2016,Food Use Dom. Cons.,(1000 MT),4140.0,1,2,agg,"USDA FAS PS&D (Production, Supply & Distribution)",https://apps.fas.usda.gov/psdonline/downloads/
"Oil, Soybean (Local)",World,2017,Food Use Dom. Cons.,(1000 MT),4160.0,1,2,agg,"USDA FAS PS&D (Production, Supply & Distribution)",https://apps.fas.usda.gov/psdonline/downloads/
"Oil, Soybean (Local)",World,2018,Food Use Dom. Cons.,(1000 MT),4175.0,1,2,agg,"USDA FAS PS&D (Production, Supply & Distribution)",https://apps.fas.usda.gov/psdonline/downloads/
"Oil, Soybean (Local)",World,2019,Food Use Dom. Cons.,(1000 MT),4240.0,1,2,agg,"USDA FAS PS&D (Production, Supply & Distribution)",https://apps.fas.usda.gov/psdonline/downloads/
"Oil, Soybean (Local)",World,2020,Food Use Dom. Cons.,(1000 MT),4345.0,1,2,agg,"USDA FAS PS&D (Production, Supply & Distribution)",https://apps.fas.usda.gov/psdonline/downloads/
"Oil, Soybean (Local)",World,2021,Food Use Dom. Cons.,(1000 MT),4450.0,1,2,agg,"USDA FAS PS&D (Production, Supply & Distribution)",https://apps.fas.usda.gov/psdonline/downloads/
"Oil, Soybean (Local)",World,2022,Food Use Dom. Cons.,(1000 MT),4460.0,1,2,agg,"USDA FAS PS&D (Production, Supply & Distribution)",https://apps.fas.usda.gov/psdonline/downloads/
"Oil, Soybean (Local)",World,2023,Food Use Dom. Cons.,(1000 MT),4570.0,1,2,agg,"USDA FAS PS&D (Production, Supply & Distribution)",https://apps.fas.usda.gov/psdonline/downloads/
"Oil, Soybean (Local)",World,2024,Food Use Dom. Cons.,(1000 MT),4590.0,1,2,agg,"USDA FAS PS&D (Production, Supply & Distribution)",https://apps.fas.usda.gov/psdonline/downloads/
"Oil, Soybean (Local)",World,2025,Food Use Dom. Cons.,(1000 MT),4630.0,1,2,agg,"USDA FAS PS&D (Production, Supply & Distribution)",https://apps.fas.usda.gov/psdonline/downloads/
"Oil, Soybean (Local)",World,2026,Food Use Dom. Cons.,(1000 MT),4690.0,1,2,agg,"USDA FAS PS&D (Production, Supply & Distribution)",https://apps.fas.usda.gov/psdonline/downloads/
"Oil, Soybean (Local)",World,1964,Imports,(1000 MT),9.0,1,2,agg,"USDA FAS PS&D (Production, Supply & Distribution)",https://apps.fas.usda.gov/psdonline/downloads/
"Oil, Soybean (Local)",World,1965,Imports,(1000 MT),11.0,1,2,agg,"USDA FAS PS&D (Production, Supply & Distribution)",https://apps.fas.usda.gov/psdonline/downloads/
"Oil, Soybean (Local)",World,1966,Imports,(1000 MT),15.0,1,2,agg,"USDA FAS PS&D (Production, Supply & Distribution)",https://apps.fas.usda.gov/psdonline/downloads/
"Oil, Soybean (Local)",World,1967,Imports,(1000 MT),9.0,1,2,agg,"USDA FAS PS&D (Production, Supply & Distribution)",https://apps.fas.usda.gov/psdonline/downloads/
"Oil, Soybean (Local)",World,1968,Imports,(1000 MT),3.0,1,2,agg,"USDA FAS PS&D (Production, Supply & Distribution)",https://apps.fas.usda.gov/psdonline/downloads/
"Oil, Soybean (Local)",World,1969,Imports,(1000 MT),5.0,1,2,agg,"USDA FAS PS&D (Production, Supply & Distribution)",https://apps.fas.usda.gov/psdonline/downloads/
"Oil, Soybean (Local)",World,1970,Imports,(1000 MT),3.0,1,2,agg,"USDA FAS PS&D (Production, Supply & Distribution)",https://apps.fas.usda.gov/psdonline/downloads/
"Oil, Soybean (Local)",World,1971,Imports,(1000 MT),1.0,1,2,agg,"USDA FAS PS&D (Production, Supply & Distribution)",https://apps.fas.usda.gov/psdonline/downloads/
"Oil, Soybean (Local)",World,1972,Imports,(1000 MT),0.0,1,2,agg,"USDA FAS PS&D (Production, Supply & Distribution)",https://apps.fas.usda.gov/psdonline/downloads/
"Oil, Soybean (Local)",World,1973,Imports,(1000 MT),0.0,1,2,agg,"USDA FAS PS&D (Production, Supply & Distribution)",https://apps.fas.usda.gov/psdonline/downloads/
"Oil, Soybean (Local)",World,1974,Imports,(1000 MT),0.0,1,2,agg,"USDA FAS PS&D (Production, Supply & Distribution)",https://apps.fas.usda.gov/psdonline/downloads/
"Oil, Soybean (Local)",World,1975,Imports,(1000 MT),0.0,1,2,agg,"USDA FAS PS&D (Production, Supply & Distribution)",https://apps.fas.usda.gov/psdonline/downloads/
"Oil, Soybean (Local)",World,1976,Imports,(1000 MT),0.0,1,2,agg,"USDA FAS PS&D (Production, Supply & Distribution)",https://apps.fas.usda.gov/psdonline/downloads/
"Oil, Soybean (Local)",World,1977,Imports,(1000 MT),0.0,1,2,agg,"USDA FAS PS&D (Production, Supply & Distribution)",https://apps.fas.usda.gov/psdonline/downloads/
"Oil, Soybean (Local)",World,1978,Imports,(1000 MT),123.0,1,2,agg,"USDA FAS PS&D (Production, Supply & Distribution)",https://apps.fas.usda.gov/psdonline/downloads/
"Oil, Soybean (Local)",World,1979,Imports,(1000 MT),3.0,1,2,agg,"USDA FAS PS&D (Production, Supply & Distribution)",https://apps.fas.usda.gov/psdonline/downloads/
"Oil, Soybean (Local)",World,1980,Imports,(1000 MT),0.0,1,2,agg,"USDA FAS PS&D (Production, Supply & Distribution)",https://apps.fas.usda.gov/psdonline/downloads/
"Oil, Soybean (Local)",World,1981,Imports,(1000 MT),22.0,1,2,agg,"USDA FAS PS&D (Production, Supply & Distribution)",https://apps.fas.usda.gov/psdonline/downloads/
"Oil, Soybean (Local)",World,1982,Imports,(1000 MT),43.0,1,2,agg,"USDA FAS PS&D (Production, Supply & Distribution)",https://apps.fas.usda.gov/psdonline/downloads/
"Oil, Soybean (Local)",World,1983,Imports,(1000 MT),144.0,1,2,agg,"USDA FAS PS&D (Production, Supply & Distribution)",https://apps.fas.usda.gov/psdonline/downloads/
"Oil, Soybean (Local)",World,1984,Imports,(1000 MT),107.0,1,2,agg,"USDA FAS PS&D (Production, Supply & Distribution)",https://apps.fas.usda.gov/psdonline/downloads/
"Oil, Soybean (Local)",World,1985,Imports,(1000 MT),158.0,1,2,agg,"USDA FAS PS&D (Production, Supply & Distribution)",https://apps.fas.usda.gov/psdonline/downloads/
"Oil, Soybean (Local)",World,1986,Imports,(1000 MT),59.0,1,2,agg,"USDA FAS PS&D (Production, Supply & Distribution)",https://apps.fas.usda.gov/psdonline/downloads/
"Oil, Soybean (Local)",World,1987,Imports,(1000 MT),61.0,1,2,agg,"USDA FAS PS&D (Production, Supply & Distribution)",https://apps.fas.usda.gov/psdonline/downloads/
"Oil, Soybean (Local)",World,1988,Imports,(1000 MT),15.0,1,2,agg,"USDA FAS PS&D (Production, Supply & Distribution)",https://apps.fas.usda.gov/psdonline/downloads/
"Oil, Soybean (Local)",World,1989,Imports,(1000 MT),12.0,1,2,agg,"USDA FAS PS&D (Production, Supply & Distribution)",https://apps.fas.usda.gov/psdonline/downloads/
"Oil, Soybean (Local)",World,1990,Imports,(1000 MT),45.0,1,2,agg,"USDA FAS PS&D (Production, Supply & Distribution)",https://apps.fas.usda.gov/psdonline/downloads/
"Oil, Soybean (Local)",World,1991,Imports,(1000 MT),80.0,1,2,agg,"USDA FAS PS&D (Production, Supply & Distribution)",https://apps.fas.usda.gov/psdonline/downloads/
"Oil, Soybean (Local)",World,1992,Imports,(1000 MT),93.0,1,2,agg,"USDA FAS PS&D (Production, Supply & Distribution)",https://apps.fas.usda.gov/psdonline/downloads/
"Oil, Soybean (Local)",World,1993,Imports,(1000 MT),320.0,1,2,agg,"USDA FAS PS&D (Production, Supply & Distribution)",https://apps.fas.usda.gov/psdonline/downloads/
"Oil, Soybean (Local)",World,1994,Imports,(1000 MT),162.0,1,2,agg,"USDA FAS PS&D (Production, Supply & Distribution)",https://apps.fas.usda.gov/psdonline/downloads/
"Oil, Soybean (Local)",World,1995,Imports,(1000 MT),175.0,1,2,agg,"USDA FAS PS&D (Production, Supply & Distribution)",https://apps.fas.usda.gov/psdonline/downloads/
"Oil, Soybean (Local)",World,1996,Imports,(1000 MT),178.0,1,2,agg,"USDA FAS PS&D (Production, Supply & Distribution)",https://apps.fas.usda.gov/psdonline/downloads/
"Oil, Soybean (Local)",World,1997,Imports,(1000 MT),197.0,1,2,agg,"USDA FAS PS&D (Production, Supply & Distribution)",https://apps.fas.usda.gov/psdonline/downloads/
"Oil, Soybean (Local)",World,1998,Imports,(1000 MT),243.0,1,2,agg,"USDA FAS PS&D (Production, Supply & Distribution)",https://apps.fas.usda.gov/psdonline/downloads/
"Oil, Soybean (Local)",World,1999,Imports,(1000 MT),105.0,1,2,agg,"USDA FAS PS&D (Production, Supply & Distribution)",https://apps.fas.usda.gov/psdonline/downloads/
"Oil, Soybean (Local)",World,2000,Imports,(1000 MT),73.0,1,2,agg,"USDA FAS PS&D (Production, Supply & Distribution)",https://apps.fas.usda.gov/psdonline/downloads/
"Oil, Soybean (Local)",World,2001,Imports,(1000 MT),134.0,1,2,agg,"USDA FAS PS&D (Production, Supply & Distribution)",https://apps.fas.usda.gov/psdonline/downloads/
"Oil, Soybean (Local)",World,2002,Imports,(1000 MT),36.0,1,2,agg,"USDA FAS PS&D (Production, Supply & Distribution)",https://apps.fas.usda.gov/psdonline/downloads/
"Oil, Soybean (Local)",World,2003,Imports,(1000 MT),27.0,1,2,agg,"USDA FAS PS&D (Production, Supply & Distribution)",https://apps.fas.usda.gov/psdonline/downloads/
"Oil, Soybean (Local)",World,2004,Imports,(1000 MT),3.0,1,2,agg,"USDA FAS PS&D (Production, Supply & Distribution)",https://apps.fas.usda.gov/psdonline/downloads/
"Oil, Soybean (Local)",World,2005,Imports,(1000 MT),25.0,1,2,agg,"USDA FAS PS&D (Production, Supply & Distribution)",https://apps.fas.usda.gov/psdonline/downloads/
"Oil, Soybean (Local)",World,2006,Imports,(1000 MT),44.0,1,2,agg,"USDA FAS PS&D (Production, Supply & Distribution)",https://apps.fas.usda.gov/psdonline/downloads/
"Oil, Soybean (Local)",World,2007,Imports,(1000 MT),27.0,1,2,agg,"USDA FAS PS&D (Production, Supply & Distribution)",https://apps.fas.usda.gov/psdonline/downloads/
"Oil, Soybean (Local)",World,2008,Imports,(1000 MT),27.0,1,2,agg,"USDA FAS PS&D (Production, Supply & Distribution)",https://apps.fas.usda.gov/psdonline/downloads/
"Oil, Soybean (Local)",World,2009,Imports,(1000 MT),16.0,1,2,agg,"USDA FAS PS&D (Production, Supply & Distribution)",https://apps.fas.usda.gov/psdonline/downloads/
"Oil, Soybean (Local)",World,2010,Imports,(1000 MT),0.0,1,2,agg,"USDA FAS PS&D (Production, Supply & Distribution)",https://apps.fas.usda.gov/psdonline/downloads/
"Oil, Soybean (Local)",World,2011,Imports,(1000 MT),36.0,1,2,agg,"USDA FAS PS&D (Production, Supply & Distribution)",https://apps.fas.usda.gov/psdonline/downloads/
"Oil, Soybean (Local)",World,2012,Imports,(1000 MT),64.0,1,2,agg,"USDA FAS PS&D (Production, Supply & Distribution)",https://apps.fas.usda.gov/psdonline/downloads/
"Oil, Soybean (Local)",World,2013,Imports,(1000 MT),26.0,1,2,agg,"USDA FAS PS&D (Production, Supply & Distribution)",https://apps.fas.usda.gov/psdonline/downloads/
"Oil, Soybean (Local)",World,2014,Imports,(1000 MT),30.0,1,2,agg,"USDA FAS PS&D (Production, Supply & Distribution)",https://apps.fas.usda.gov/psdonline/downloads/
"Oil, Soybean (Local)",World,2015,Imports,(1000 MT),66.0,1,2,agg,"USDA FAS PS&D (Production, Supply & Distribution)",https://apps.fas.usda.gov/psdonline/downloads/
"Oil, Soybean (Local)",World,2016,Imports,(1000 MT),58.0,1,2,agg,"USDA FAS PS&D (Production, Supply & Distribution)",https://apps.fas.usda.gov/psdonline/downloads/
"Oil, Soybean (Local)",World,2017,Imports,(1000 MT),36.0,1,2,agg,"USDA FAS PS&D (Production, Supply & Distribution)",https://apps.fas.usda.gov/psdonline/downloads/
"Oil, Soybean (Local)",World,2018,Imports,(1000 MT),48.0,1,2,agg,"USDA FAS PS&D (Production, Supply & Distribution)",https://apps.fas.usda.gov/psdonline/downloads/
"Oil, Soybean (Local)",World,2019,Imports,(1000 MT),199.0,1,2,agg,"USDA FAS PS&D (Production, Supply & Distribution)",https://apps.fas.usda.gov/psdonline/downloads/
"Oil, Soybean (Local)",World,2020,Imports,(1000 MT),122.0,1,2,agg,"USDA FAS PS&D (Production, Supply & Distribution)",https://apps.fas.usda.gov/psdonline/downloads/
"Oil, Soybean (Local)",World,2021,Imports,(1000 MT),102.0,1,2,agg,"USDA FAS PS&D (Production, Supply & Distribution)",https://apps.fas.usda.gov/psdonline/downloads/
"Oil, Soybean (Local)",World,2022,Imports,(1000 MT),21.0,1,2,agg,"USDA FAS PS&D (Production, Supply & Distribution)",https://apps.fas.usda.gov/psdonline/downloads/
"Oil, Soybean (Local)",World,2023,Imports,(1000 MT),110.0,1,2,agg,"USDA FAS PS&D (Production, Supply & Distribution)",https://apps.fas.usda.gov/psdonline/downloads/
"Oil, Soybean (Local)",World,2024,Imports,(1000 MT),268.0,1,2,agg,"USDA FAS PS&D (Production, Supply & Distribution)",https://apps.fas.usda.gov/psdonline/downloads/
"Oil, Soybean (Local)",World,2025,Imports,(1000 MT),220.0,1,2,agg,"USDA FAS PS&D (Production, Supply & Distribution)",https://apps.fas.usda.gov/psdonline/downloads/
"Oil, Soybean (Local)",World,2026,Imports,(1000 MT),220.0,1,2,agg,"USDA FAS PS&D (Production, Supply & Distribution)",https://apps.fas.usda.gov/psdonline/downloads/
"Oil, Soybean (Local)",World,1964,Industrial Dom. Cons.,(1000 MT),0.0,1,2,agg,"USDA FAS PS&D (Production, Supply & Distribution)",https://apps.fas.usda.gov/psdonline/downloads/
"Oil, Soybean (Local)",World,1965,Industrial Dom. Cons.,(1000 MT),0.0,1,2,agg,"USDA FAS PS&D (Production, Supply & Distribution)",https://apps.fas.usda.gov/psdonline/downloads/
"Oil, Soybean (Local)",World,1966,Industrial Dom. Cons.,(1000 MT),0.0,1,2,agg,"USDA FAS PS&D (Production, Supply & Distribution)",https://apps.fas.usda.gov/psdonline/downloads/
"Oil, Soybean (Local)",World,1967,Industrial Dom. Cons.,(1000 MT),0.0,1,2,agg,"USDA FAS PS&D (Production, Supply & Distribution)",https://apps.fas.usda.gov/psdonline/downloads/
"Oil, Soybean (Local)",World,1968,Industrial Dom. Cons.,(1000 MT),0.0,1,2,agg,"USDA FAS PS&D (Production, Supply & Distribution)",https://apps.fas.usda.gov/psdonline/downloads/
"Oil, Soybean (Local)",World,1969,Industrial Dom. Cons.,(1000 MT),0.0,1,2,agg,"USDA FAS PS&D (Production, Supply & Distribution)",https://apps.fas.usda.gov/psdonline/downloads/
"Oil, Soybean (Local)",World,1970,Industrial Dom. Cons.,(1000 MT),0.0,1,2,agg,"USDA FAS PS&D (Production, Supply & Distribution)",https://apps.fas.usda.gov/psdonline/downloads/
"Oil, Soybean (Local)",World,1971,Industrial Dom. Cons.,(1000 MT),0.0,1,2,agg,"USDA FAS PS&D (Production, Supply & Distribution)",https://apps.fas.usda.gov/psdonline/downloads/
"Oil, Soybean (Local)",World,1972,Industrial Dom. Cons.,(1000 MT),0.0,1,2,agg,"USDA FAS PS&D (Production, Supply & Distribution)",https://apps.fas.usda.gov/psdonline/downloads/
"Oil, Soybean (Local)",World,1973,Industrial Dom. Cons.,(1000 MT),0.0,1,2,agg,"USDA FAS PS&D (Production, Supply & Distribution)",https://apps.fas.usda.gov/psdonline/downloads/
"Oil, Soybean (Local)",World,1974,Industrial Dom. Cons.,(1000 MT),0.0,1,2,agg,"USDA FAS PS&D (Production, Supply & Distribution)",https://apps.fas.usda.gov/psdonline/downloads/
"Oil, Soybean (Local)",World,1975,Industrial Dom. Cons.,(1000 MT),0.0,1,2,agg,"USDA FAS PS&D (Production, Supply & Distribution)",https://apps.fas.usda.gov/psdonline/downloads/
"Oil, Soybean (Local)",World,1976,Industrial Dom. Cons.,(1000 MT),0.0,1,2,agg,"USDA FAS PS&D (Production, Supply & Distribution)",https://apps.fas.usda.gov/psdonline/downloads/
"Oil, Soybean (Local)",World,1977,Industrial Dom. Cons.,(1000 MT),20.0,1,2,agg,"USDA FAS PS&D (Production, Supply & Distribution)",https://apps.fas.usda.gov/psdonline/downloads/
"Oil, Soybean (Local)",World,1978,Industrial Dom. Cons.,(1000 MT),50.0,1,2,agg,"USDA FAS PS&D (Production, Supply & Distribution)",https://apps.fas.usda.gov/psdonline/downloads/
"Oil, Soybean (Local)",World,1979,Industrial Dom. Cons.,(1000 MT),50.0,1,2,agg,"USDA FAS PS&D (Production, Supply & Distribution)",https://apps.fas.usda.gov/psdonline/downloads/
"Oil, Soybean (Local)",World,1980,Industrial Dom. Cons.,(1000 MT),53.0,1,2,agg,"USDA FAS PS&D (Production, Supply & Distribution)",https://apps.fas.usda.gov/psdonline/downloads/
"Oil, Soybean (Local)",World,1981,Industrial Dom. Cons.,(1000 MT),53.0,1,2,agg,"USDA FAS PS&D (Production, Supply & Distribution)",https://apps.fas.usda.gov/psdonline/downloads/
"Oil, Soybean (Local)",World,1982,Industrial Dom. Cons.,(1000 MT),51.0,1,2,agg,"USDA FAS PS&D (Production, Supply & Distribution)",https://apps.fas.usda.gov/psdonline/downloads/
"Oil, Soybean (Local)",World,1983,Industrial Dom. Cons.,(1000 MT),51.0,1,2,agg,"USDA FAS PS&D (Production, Supply & Distribution)",https://apps.fas.usda.gov/psdonline/downloads/
"Oil, Soybean (Local)",World,1984,Industrial Dom. Cons.,(1000 MT),51.0,1,2,agg,"USDA FAS PS&D (Production, Supply & Distribution)",https://apps.fas.usda.gov/psdonline/downloads/
"Oil, Soybean (Local)",World,1985,Industrial Dom. Cons.,(1000 MT),51.0,1,2,agg,"USDA FAS PS&D (Production, Supply & Distribution)",https://apps.fas.usda.gov/psdonline/downloads/
"Oil, Soybean (Local)",World,1986,Industrial Dom. Cons.,(1000 MT),51.0,1,2,agg,"USDA FAS PS&D (Production, Supply & Distribution)",https://apps.fas.usda.gov/psdonline/downloads/
"Oil, Soybean (Local)",World,1987,Industrial Dom. Cons.,(1000 MT),54.0,1,2,agg,"USDA FAS PS&D (Production, Supply & Distribution)",https://apps.fas.usda.gov/psdonline/downloads/
"Oil, Soybean (Local)",World,1988,Industrial Dom. Cons.,(1000 MT),55.0,1,2,agg,"USDA FAS PS&D (Production, Supply & Distribution)",https://apps.fas.usda.gov/psdonline/downloads/
"Oil, Soybean (Local)",World,1989,Industrial Dom. Cons.,(1000 MT),53.0,1,2,agg,"USDA FAS PS&D (Production, Supply & Distribution)",https://apps.fas.usda.gov/psdonline/downloads/
"Oil, Soybean (Local)",World,1990,Industrial Dom. Cons.,(1000 MT),148.0,1,2,agg,"USDA FAS PS&D (Production, Supply & Distribution)",https://apps.fas.usda.gov/psdonline/downloads/
"Oil, Soybean (Local)",World,1991,Industrial Dom. Cons.,(1000 MT),153.0,1,2,agg,"USDA FAS PS&D (Production, Supply & Distribution)",https://apps.fas.usda.gov/psdonline/downloads/
"Oil, Soybean (Local)",World,1992,Industrial Dom. Cons.,(1000 MT),152.0,1,2,agg,"USDA FAS PS&D (Production, Supply & Distribution)",https://apps.fas.usda.gov/psdonline/downloads/
"Oil, Soybean (Local)",World,1993,Industrial Dom. Cons.,(1000 MT),172.0,1,2,agg,"USDA FAS PS&D (Production, Supply & Distribution)",https://apps.fas.usda.gov/psdonline/downloads/
"Oil, Soybean (Local)",World,1994,Industrial Dom. Cons.,(1000 MT),192.0,1,2,agg,"USDA FAS PS&D (Production, Supply & Distribution)",https://apps.fas.usda.gov/psdonline/downloads/
"Oil, Soybean (Local)",World,1995,Industrial Dom. Cons.,(1000 MT),192.0,1,2,agg,"USDA FAS PS&D (Production, Supply & Distribution)",https://apps.fas.usda.gov/psdonline/downloads/
"Oil, Soybean (Local)",World,1996,Industrial Dom. Cons.,(1000 MT),192.0,1,2,agg,"USDA FAS PS&D (Production, Supply & Distribution)",https://apps.fas.usda.gov/psdonline/downloads/
"Oil, Soybean (Local)",World,1997,Industrial Dom. Cons.,(1000 MT),192.0,1,2,agg,"USDA FAS PS&D (Production, Supply & Distribution)",https://apps.fas.usda.gov/psdonline/downloads/
"Oil, Soybean (Local)",World,1998,Industrial Dom. Cons.,(1000 MT),193.0,1,2,agg,"USDA FAS PS&D (Production, Supply & Distribution)",https://apps.fas.usda.gov/psdonline/downloads/
"Oil, Soybean (Local)",World,1999,Industrial Dom. Cons.,(1000 MT),172.0,1,2,agg,"USDA FAS PS&D (Production, Supply & Distribution)",https://apps.fas.usda.gov/psdonline/downloads/
"Oil, Soybean (Local)",World,2000,Industrial Dom. Cons.,(1000 MT),172.0,1,2,agg,"USDA FAS PS&D (Production, Supply & Distribution)",https://apps.fas.usda.gov/psdonline/downloads/
"Oil, Soybean (Local)",World,2001,Industrial Dom. Cons.,(1000 MT),172.0,1,2,agg,"USDA FAS PS&D (Production, Supply & Distribution)",https://apps.fas.usda.gov/psdonline/downloads/
"Oil, Soybean (Local)",World,2002,Industrial Dom. Cons.,(1000 MT),172.0,1,2,agg,"USDA FAS PS&D (Production, Supply & Distribution)",https://apps.fas.usda.gov/psdonline/downloads/
"Oil, Soybean (Local)",World,2003,Industrial Dom. Cons.,(1000 MT),175.0,1,2,agg,"USDA FAS PS&D (Production, Supply & Distribution)",https://apps.fas.usda.gov/psdonline/downloads/
"Oil, Soybean (Local)",World,2004,Industrial Dom. Cons.,(1000 MT),210.0,1,2,agg,"USDA FAS PS&D (Production, Supply & Distribution)",https://apps.fas.usda.gov/psdonline/downloads/
"Oil, Soybean (Local)",World,2005,Industrial Dom. Cons.,(1000 MT),245.0,1,2,agg,"USDA FAS PS&D (Production, Supply & Distribution)",https://apps.fas.usda.gov/psdonline/downloads/
"Oil, Soybean (Local)",World,2006,Industrial Dom. Cons.,(1000 MT),720.0,1,2,agg,"USDA FAS PS&D (Production, Supply & Distribution)",https://apps.fas.usda.gov/psdonline/downloads/
"Oil, Soybean (Local)",World,2007,Industrial Dom. Cons.,(1000 MT),1680.0,1,2,agg,"USDA FAS PS&D (Production, Supply & Distribution)",https://apps.fas.usda.gov/psdonline/downloads/
"Oil, Soybean (Local)",World,2008,Industrial Dom. Cons.,(1000 MT),2546.0,1,2,agg,"USDA FAS PS&D (Production, Supply & Distribution)",https://apps.fas.usda.gov/psdonline/downloads/
"Oil, Soybean (Local)",World,2009,Industrial Dom. Cons.,(1000 MT),3700.0,1,2,agg,"USDA FAS PS&D (Production, Supply & Distribution)",https://apps.fas.usda.gov/psdonline/downloads/
"Oil, Soybean (Local)",World,2010,Industrial Dom. Cons.,(1000 MT),4385.0,1,2,agg,"USDA FAS PS&D (Production, Supply & Distribution)",https://apps.fas.usda.gov/psdonline/downloads/
"Oil, Soybean (Local)",World,2011,Industrial Dom. Cons.,(1000 MT),4180.0,1,2,agg,"USDA FAS PS&D (Production, Supply & Distribution)",https://apps.fas.usda.gov/psdonline/downloads/
"Oil, Soybean (Local)",World,2012,Industrial Dom. Cons.,(1000 MT),4130.0,1,2,agg,"USDA FAS PS&D (Production, Supply & Distribution)",https://apps.fas.usda.gov/psdonline/downloads/
"Oil, Soybean (Local)",World,2013,Industrial Dom. Cons.,(1000 MT),4750.0,1,2,agg,"USDA FAS PS&D (Production, Supply & Distribution)",https://apps.fas.usda.gov/psdonline/downloads/
"Oil, Soybean (Local)",World,2014,Industrial Dom. Cons.,(1000 MT),4550.0,1,2,agg,"USDA FAS PS&D (Production, Supply & Distribution)",https://apps.fas.usda.gov/psdonline/downloads/
"Oil, Soybean (Local)",World,2015,Industrial Dom. Cons.,(1000 MT),5330.0,1,2,agg,"USDA FAS PS&D (Production, Supply & Distribution)",https://apps.fas.usda.gov/psdonline/downloads/
"Oil, Soybean (Local)",World,2016,Industrial Dom. Cons.,(1000 MT),5850.0,1,2,agg,"USDA FAS PS&D (Production, Supply & Distribution)",https://apps.fas.usda.gov/psdonline/downloads/
"Oil, Soybean (Local)",World,2017,Industrial Dom. Cons.,(1000 MT),5550.0,1,2,agg,"USDA FAS PS&D (Production, Supply & Distribution)",https://apps.fas.usda.gov/psdonline/downloads/
"Oil, Soybean (Local)",World,2018,Industrial Dom. Cons.,(1000 MT),5950.0,1,2,agg,"USDA FAS PS&D (Production, Supply & Distribution)",https://apps.fas.usda.gov/psdonline/downloads/
"Oil, Soybean (Local)",World,2019,Industrial Dom. Cons.,(1000 MT),5400.0,1,2,agg,"USDA FAS PS&D (Production, Supply & Distribution)",https://apps.fas.usda.gov/psdonline/downloads/
"Oil, Soybean (Local)",World,2020,Industrial Dom. Cons.,(1000 MT),6200.0,1,2,agg,"USDA FAS PS&D (Production, Supply & Distribution)",https://apps.fas.usda.gov/psdonline/downloads/
"Oil, Soybean (Local)",World,2021,Industrial Dom. Cons.,(1000 MT),5850.0,1,2,agg,"USDA FAS PS&D (Production, Supply & Distribution)",https://apps.fas.usda.gov/psdonline/downloads/
"Oil, Soybean (Local)",World,2022,Industrial Dom. Cons.,(1000 MT),5400.0,1,2,agg,"USDA FAS PS&D (Production, Supply & Distribution)",https://apps.fas.usda.gov/psdonline/downloads/
"Oil, Soybean (Local)",World,2023,Industrial Dom. Cons.,(1000 MT),7300.0,1,2,agg,"USDA FAS PS&D (Production, Supply & Distribution)",https://apps.fas.usda.gov/psdonline/downloads/
"Oil, Soybean (Local)",World,2024,Industrial Dom. Cons.,(1000 MT),7700.0,1,2,agg,"USDA FAS PS&D (Production, Supply & Distribution)",https://apps.fas.usda.gov/psdonline/downloads/
"Oil, Soybean (Local)",World,2025,Industrial Dom. Cons.,(1000 MT),8400.0,1,2,agg,"USDA FAS PS&D (Production, Supply & Distribution)",https://apps.fas.usda.gov/psdonline/downloads/
"Oil, Soybean (Local)",World,2026,Industrial Dom. Cons.,(1000 MT),8700.0,1,2,agg,"USDA FAS PS&D (Production, Supply & Distribution)",https://apps.fas.usda.gov/psdonline/downloads/
"Oil, Soybean (Local)",World,1964,Production,(1000 MT),46.0,1,2,agg,"USDA FAS PS&D (Production, Supply & Distribution)",https://apps.fas.usda.gov/psdonline/downloads/
"Oil, Soybean (Local)",World,1965,Production,(1000 MT),63.0,1,2,agg,"USDA FAS PS&D (Production, Supply & Distribution)",https://apps.fas.usda.gov/psdonline/downloads/
"Oil, Soybean (Local)",World,1966,Production,(1000 MT),68.0,1,2,agg,"USDA FAS PS&D (Production, Supply & Distribution)",https://apps.fas.usda.gov/psdonline/downloads/
"Oil, Soybean (Local)",World,1967,Production,(1000 MT),78.0,1,2,agg,"USDA FAS PS&D (Production, Supply & Distribution)",https://apps.fas.usda.gov/psdonline/downloads/
"Oil, Soybean (Local)",World,1968,Production,(1000 MT),102.0,1,2,agg,"USDA FAS PS&D (Production, Supply & Distribution)",https://apps.fas.usda.gov/psdonline/downloads/
"Oil, Soybean (Local)",World,1969,Production,(1000 MT),170.0,1,2,agg,"USDA FAS PS&D (Production, Supply & Distribution)",https://apps.fas.usda.gov/psdonline/downloads/
"Oil, Soybean (Local)",World,1970,Production,(1000 MT),312.0,1,2,agg,"USDA FAS PS&D (Production, Supply & Distribution)",https://apps.fas.usda.gov/psdonline/downloads/
"Oil, Soybean (Local)",World,1971,Production,(1000 MT),391.0,1,2,agg,"USDA FAS PS&D (Production, Supply & Distribution)",https://apps.fas.usda.gov/psdonline/downloads/
"Oil, Soybean (Local)",World,1972,Production,(1000 MT),558.0,1,2,agg,"USDA FAS PS&D (Production, Supply & Distribution)",https://apps.fas.usda.gov/psdonline/downloads/
"Oil, Soybean (Local)",World,1973,Production,(1000 MT),844.0,1,2,agg,"USDA FAS PS&D (Production, Supply & Distribution)",https://apps.fas.usda.gov/psdonline/downloads/
"Oil, Soybean (Local)",World,1974,Production,(1000 MT),1114.0,1,2,agg,"USDA FAS PS&D (Production, Supply & Distribution)",https://apps.fas.usda.gov/psdonline/downloads/
"Oil, Soybean (Local)",World,1975,Production,(1000 MT),1261.0,1,2,agg,"USDA FAS PS&D (Production, Supply & Distribution)",https://apps.fas.usda.gov/psdonline/downloads/
"Oil, Soybean (Local)",World,1976,Production,(1000 MT),1681.0,1,2,agg,"USDA FAS PS&D (Production, Supply & Distribution)",https://apps.fas.usda.gov/psdonline/downloads/
"Oil, Soybean (Local)",World,1977,Production,(1000 MT),1741.0,1,2,agg,"USDA FAS PS&D (Production, Supply & Distribution)",https://apps.fas.usda.gov/psdonline/downloads/
"Oil, Soybean (Local)",World,1978,Production,(1000 MT),1775.0,1,2,agg,"USDA FAS PS&D (Production, Supply & Distribution)",https://apps.fas.usda.gov/psdonline/downloads/
"Oil, Soybean (Local)",World,1979,Production,(1000 MT),2584.0,1,2,agg,"USDA FAS PS&D (Production, Supply & Distribution)",https://apps.fas.usda.gov/psdonline/downloads/
"Oil, Soybean (Local)",World,1980,Production,(1000 MT),2768.0,1,2,agg,"USDA FAS PS&D (Production, Supply & Distribution)",https://apps.fas.usda.gov/psdonline/downloads/
"Oil, Soybean (Local)",World,1981,Production,(1000 MT),2704.0,1,2,agg,"USDA FAS PS&D (Production, Supply & Distribution)",https://apps.fas.usda.gov/psdonline/downloads/
"Oil, Soybean (Local)",World,1982,Production,(1000 MT),2801.0,1,2,agg,"USDA FAS PS&D (Production, Supply & Distribution)",https://apps.fas.usda.gov/psdonline/downloads/
"Oil, Soybean (Local)",World,1983,Production,(1000 MT),2946.0,1,2,agg,"USDA FAS PS&D (Production, Supply & Distribution)",https://apps.fas.usda.gov/psdonline/downloads/
"Oil, Soybean (Local)",World,1984,Production,(1000 MT),3167.0,1,2,agg,"USDA FAS PS&D (Production, Supply & Distribution)",https://apps.fas.usda.gov/psdonline/downloads/
"Oil, Soybean (Local)",World,1985,Production,(1000 MT),3050.0,1,2,agg,"USDA FAS PS&D (Production, Supply & Distribution)",https://apps.fas.usda.gov/psdonline/downloads/
"Oil, Soybean (Local)",World,1986,Production,(1000 MT),3458.0,1,2,agg,"USDA FAS PS&D (Production, Supply & Distribution)",https://apps.fas.usda.gov/psdonline/downloads/
"Oil, Soybean (Local)",World,1987,Production,(1000 MT),3776.0,1,2,agg,"USDA FAS PS&D (Production, Supply & Distribution)",https://apps.fas.usda.gov/psdonline/downloads/
"Oil, Soybean (Local)",World,1988,Production,(1000 MT),3980.0,1,2,agg,"USDA FAS PS&D (Production, Supply & Distribution)",https://apps.fas.usda.gov/psdonline/downloads/
"Oil, Soybean (Local)",World,1989,Production,(1000 MT),4033.0,1,2,agg,"USDA FAS PS&D (Production, Supply & Distribution)",https://apps.fas.usda.gov/psdonline/downloads/
"Oil, Soybean (Local)",World,1990,Production,(1000 MT),3714.0,1,2,agg,"USDA FAS PS&D (Production, Supply & Distribution)",https://apps.fas.usda.gov/psdonline/downloads/
"Oil, Soybean (Local)",World,1991,Production,(1000 MT),4128.0,1,2,agg,"USDA FAS PS&D (Production, Supply & Distribution)",https://apps.fas.usda.gov/psdonline/downloads/
"Oil, Soybean (Local)",World,1992,Production,(1000 MT),4714.0,1,2,agg,"USDA FAS PS&D (Production, Supply & Distribution)",https://apps.fas.usda.gov/psdonline/downloads/
"Oil, Soybean (Local)",World,1993,Production,(1000 MT),5074.0,1,2,agg,"USDA FAS PS&D (Production, Supply & Distribution)",https://apps.fas.usda.gov/psdonline/downloads/
"Oil, Soybean (Local)",World,1994,Production,(1000 MT),5794.0,1,2,agg,"USDA FAS PS&D (Production, Supply & Distribution)",https://apps.fas.usda.gov/psdonline/downloads/
"Oil, Soybean (Local)",World,1995,Production,(1000 MT),5534.0,1,2,agg,"USDA FAS PS&D (Production, Supply & Distribution)",https://apps.fas.usda.gov/psdonline/downloads/
"Oil, Soybean (Local)",World,1996,Production,(1000 MT),5386.0,1,2,agg,"USDA FAS PS&D (Production, Supply & Distribution)",https://apps.fas.usda.gov/psdonline/downloads/
"Oil, Soybean (Local)",World,1997,Production,(1000 MT),7036.0,1,2,agg,"USDA FAS PS&D (Production, Supply & Distribution)",https://apps.fas.usda.gov/psdonline/downloads/
"Oil, Soybean (Local)",World,1998,Production,(1000 MT),7166.0,1,2,agg,"USDA FAS PS&D (Production, Supply & Distribution)",https://apps.fas.usda.gov/psdonline/downloads/
"Oil, Soybean (Local)",World,1999,Production,(1000 MT),7041.0,1,2,agg,"USDA FAS PS&D (Production, Supply & Distribution)",https://apps.fas.usda.gov/psdonline/downloads/
"Oil, Soybean (Local)",World,2000,Production,(1000 MT),8020.0,1,2,agg,"USDA FAS PS&D (Production, Supply & Distribution)",https://apps.fas.usda.gov/psdonline/downloads/
"Oil, Soybean (Local)",World,2001,Production,(1000 MT),9059.0,1,2,agg,"USDA FAS PS&D (Production, Supply & Distribution)",https://apps.fas.usda.gov/psdonline/downloads/
"Oil, Soybean (Local)",World,2002,Production,(1000 MT),9887.0,1,2,agg,"USDA FAS PS&D (Production, Supply & Distribution)",https://apps.fas.usda.gov/psdonline/downloads/
"Oil, Soybean (Local)",World,2003,Production,(1000 MT),10178.0,1,2,agg,"USDA FAS PS&D (Production, Supply & Distribution)",https://apps.fas.usda.gov/psdonline/downloads/
"Oil, Soybean (Local)",World,2004,Production,(1000 MT),11231.0,1,2,agg,"USDA FAS PS&D (Production, Supply & Distribution)",https://apps.fas.usda.gov/psdonline/downloads/
"Oil, Soybean (Local)",World,2005,Production,(1000 MT),11552.0,1,2,agg,"USDA FAS PS&D (Production, Supply & Distribution)",https://apps.fas.usda.gov/psdonline/downloads/
"Oil, Soybean (Local)",World,2006,Production,(1000 MT),12899.0,1,2,agg,"USDA FAS PS&D (Production, Supply & Distribution)",https://apps.fas.usda.gov/psdonline/downloads/
"Oil, Soybean (Local)",World,2007,Production,(1000 MT),12179.0,1,2,agg,"USDA FAS PS&D (Production, Supply & Distribution)",https://apps.fas.usda.gov/psdonline/downloads/
"Oil, Soybean (Local)",World,2008,Production,(1000 MT),11229.0,1,2,agg,"USDA FAS PS&D (Production, Supply & Distribution)",https://apps.fas.usda.gov/psdonline/downloads/
"Oil, Soybean (Local)",World,2009,Production,(1000 MT),14206.0,1,2,agg,"USDA FAS PS&D (Production, Supply & Distribution)",https://apps.fas.usda.gov/psdonline/downloads/
"Oil, Soybean (Local)",World,2010,Production,(1000 MT),14229.0,1,2,agg,"USDA FAS PS&D (Production, Supply & Distribution)",https://apps.fas.usda.gov/psdonline/downloads/
"Oil, Soybean (Local)",World,2011,Production,(1000 MT),12762.0,1,2,agg,"USDA FAS PS&D (Production, Supply & Distribution)",https://apps.fas.usda.gov/psdonline/downloads/
"Oil, Soybean (Local)",World,2012,Production,(1000 MT),13501.0,1,2,agg,"USDA FAS PS&D (Production, Supply & Distribution)",https://apps.fas.usda.gov/psdonline/downloads/
"Oil, Soybean (Local)",World,2013,Production,(1000 MT),14339.0,1,2,agg,"USDA FAS PS&D (Production, Supply & Distribution)",https://apps.fas.usda.gov/psdonline/downloads/
"Oil, Soybean (Local)",World,2014,Production,(1000 MT),16459.0,1,2,agg,"USDA FAS PS&D (Production, Supply & Distribution)",https://apps.fas.usda.gov/psdonline/downloads/
"Oil, Soybean (Local)",World,2015,Production,(1000 MT),15893.0,1,2,agg,"USDA FAS PS&D (Production, Supply & Distribution)",https://apps.fas.usda.gov/psdonline/downloads/
"Oil, Soybean (Local)",World,2016,Production,(1000 MT),15874.0,1,2,agg,"USDA FAS PS&D (Production, Supply & Distribution)",https://apps.fas.usda.gov/psdonline/downloads/
"Oil, Soybean (Local)",World,2017,Production,(1000 MT),15643.0,1,2,agg,"USDA FAS PS&D (Production, Supply & Distribution)",https://apps.fas.usda.gov/psdonline/downloads/
"Oil, Soybean (Local)",World,2018,Production,(1000 MT),16518.0,1,2,agg,"USDA FAS PS&D (Production, Supply & Distribution)",https://apps.fas.usda.gov/psdonline/downloads/
"Oil, Soybean (Local)",World,2019,Production,(1000 MT),16595.0,1,2,agg,"USDA FAS PS&D (Production, Supply & Distribution)",https://apps.fas.usda.gov/psdonline/downloads/
"Oil, Soybean (Local)",World,2020,Production,(1000 MT),17660.0,1,2,agg,"USDA FAS PS&D (Production, Supply & Distribution)",https://apps.fas.usda.gov/psdonline/downloads/
"Oil, Soybean (Local)",World,2021,Production,(1000 MT),17265.0,1,2,agg,"USDA FAS PS&D (Production, Supply & Distribution)",https://apps.fas.usda.gov/psdonline/downloads/
"Oil, Soybean (Local)",World,2022,Production,(1000 MT),16558.0,1,2,agg,"USDA FAS PS&D (Production, Supply & Distribution)",https://apps.fas.usda.gov/psdonline/downloads/
"Oil, Soybean (Local)",World,2023,Production,(1000 MT),20029.0,1,2,agg,"USDA FAS PS&D (Production, Supply & Distribution)",https://apps.fas.usda.gov/psdonline/downloads/
"Oil, Soybean (Local)",World,2024,Production,(1000 MT),20270.0,1,2,agg,"USDA FAS PS&D (Production, Supply & Distribution)",https://apps.fas.usda.gov/psdonline/downloads/
"Oil, Soybean (Local)",World,2025,Production,(1000 MT),21119.0,1,2,agg,"USDA FAS PS&D (Production, Supply & Distribution)",https://apps.fas.usda.gov/psdonline/downloads/
"Oil, Soybean (Local)",World,2026,Production,(1000 MT),21839.0,1,2,agg,"USDA FAS PS&D (Production, Supply & Distribution)",https://apps.fas.usda.gov/psdonline/downloads/
"Oil, Soybean (Local)",World,1964,Total Distribution,(1000 MT),57.0,1,2,agg,"USDA FAS PS&D (Production, Supply & Distribution)",https://apps.fas.usda.gov/psdonline/downloads/
"Oil, Soybean (Local)",World,1965,Total Distribution,(1000 MT),78.0,1,2,agg,"USDA FAS PS&D (Production, Supply & Distribution)",https://apps.fas.usda.gov/psdonline/downloads/
"Oil, Soybean (Local)",World,1966,Total Distribution,(1000 MT),88.0,1,2,agg,"USDA FAS PS&D (Production, Supply & Distribution)",https://apps.fas.usda.gov/psdonline/downloads/
"Oil, Soybean (Local)",World,1967,Total Distribution,(1000 MT),93.0,1,2,agg,"USDA FAS PS&D (Production, Supply & Distribution)",https://apps.fas.usda.gov/psdonline/downloads/
"Oil, Soybean (Local)",World,1968,Total Distribution,(1000 MT),111.0,1,2,agg,"USDA FAS PS&D (Production, Supply & Distribution)",https://apps.fas.usda.gov/psdonline/downloads/
"Oil, Soybean (Local)",World,1969,Total Distribution,(1000 MT),184.0,1,2,agg,"USDA FAS PS&D (Production, Supply & Distribution)",https://apps.fas.usda.gov/psdonline/downloads/
"Oil, Soybean (Local)",World,1970,Total Distribution,(1000 MT),329.0,1,2,agg,"USDA FAS PS&D (Production, Supply & Distribution)",https://apps.fas.usda.gov/psdonline/downloads/
"Oil, Soybean (Local)",World,1971,Total Distribution,(1000 MT),417.0,1,2,agg,"USDA FAS PS&D (Production, Supply & Distribution)",https://apps.fas.usda.gov/psdonline/downloads/
"Oil, Soybean (Local)",World,1972,Total Distribution,(1000 MT),591.0,1,2,agg,"USDA FAS PS&D (Production, Supply & Distribution)",https://apps.fas.usda.gov/psdonline/downloads/
"Oil, Soybean (Local)",World,1973,Total Distribution,(1000 MT),891.0,1,2,agg,"USDA FAS PS&D (Production, Supply & Distribution)",https://apps.fas.usda.gov/psdonline/downloads/
"Oil, Soybean (Local)",World,1974,Total Distribution,(1000 MT),1267.0,1,2,agg,"USDA FAS PS&D (Production, Supply & Distribution)",https://apps.fas.usda.gov/psdonline/downloads/
"Oil, Soybean (Local)",World,1975,Total Distribution,(1000 MT),1459.0,1,2,agg,"USDA FAS PS&D (Production, Supply & Distribution)",https://apps.fas.usda.gov/psdonline/downloads/
"Oil, Soybean (Local)",World,1976,Total Distribution,(1000 MT),1810.0,1,2,agg,"USDA FAS PS&D (Production, Supply & Distribution)",https://apps.fas.usda.gov/psdonline/downloads/
"Oil, Soybean (Local)",World,1977,Total Distribution,(1000 MT),1869.0,1,2,agg,"USDA FAS PS&D (Production, Supply & Distribution)",https://apps.fas.usda.gov/psdonline/downloads/
"Oil, Soybean (Local)",World,1978,Total Distribution,(1000 MT),2035.0,1,2,agg,"USDA FAS PS&D (Production, Supply & Distribution)",https://apps.fas.usda.gov/psdonline/downloads/
"Oil, Soybean (Local)",World,1979,Total Distribution,(1000 MT),2678.0,1,2,agg,"USDA FAS PS&D (Production, Supply & Distribution)",https://apps.fas.usda.gov/psdonline/downloads/
"Oil, Soybean (Local)",World,1980,Total Distribution,(1000 MT),3020.0,1,2,agg,"USDA FAS PS&D (Production, Supply & Distribution)",https://apps.fas.usda.gov/psdonline/downloads/
"Oil, Soybean (Local)",World,1981,Total Distribution,(1000 MT),2869.0,1,2,agg,"USDA FAS PS&D (Production, Supply & Distribution)",https://apps.fas.usda.gov/psdonline/downloads/
"Oil, Soybean (Local)",World,1982,Total Distribution,(1000 MT),3013.0,1,2,agg,"USDA FAS PS&D (Production, Supply & Distribution)",https://apps.fas.usda.gov/psdonline/downloads/
"Oil, Soybean (Local)",World,1983,Total Distribution,(1000 MT),3232.0,1,2,agg,"USDA FAS PS&D (Production, Supply & Distribution)",https://apps.fas.usda.gov/psdonline/downloads/
"Oil, Soybean (Local)",World,1984,Total Distribution,(1000 MT),3445.0,1,2,agg,"USDA FAS PS&D (Production, Supply & Distribution)",https://apps.fas.usda.gov/psdonline/downloads/
"Oil, Soybean (Local)",World,1985,Total Distribution,(1000 MT),3442.0,1,2,agg,"USDA FAS PS&D (Production, Supply & Distribution)",https://apps.fas.usda.gov/psdonline/downloads/
"Oil, Soybean (Local)",World,1986,Total Distribution,(1000 MT),3914.0,1,2,agg,"USDA FAS PS&D (Production, Supply & Distribution)",https://apps.fas.usda.gov/psdonline/downloads/
"Oil, Soybean (Local)",World,1987,Total Distribution,(1000 MT),3979.0,1,2,agg,"USDA FAS PS&D (Production, Supply & Distribution)",https://apps.fas.usda.gov/psdonline/downloads/
"Oil, Soybean (Local)",World,1988,Total Distribution,(1000 MT),4285.0,1,2,agg,"USDA FAS PS&D (Production, Supply & Distribution)",https://apps.fas.usda.gov/psdonline/downloads/
"Oil, Soybean (Local)",World,1989,Total Distribution,(1000 MT),4380.0,1,2,agg,"USDA FAS PS&D (Production, Supply & Distribution)",https://apps.fas.usda.gov/psdonline/downloads/
"Oil, Soybean (Local)",World,1990,Total Distribution,(1000 MT),3955.0,1,2,agg,"USDA FAS PS&D (Production, Supply & Distribution)",https://apps.fas.usda.gov/psdonline/downloads/
"Oil, Soybean (Local)",World,1991,Total Distribution,(1000 MT),4509.0,1,2,agg,"USDA FAS PS&D (Production, Supply & Distribution)",https://apps.fas.usda.gov/psdonline/downloads/
"Oil, Soybean (Local)",World,1992,Total Distribution,(1000 MT),5092.0,1,2,agg,"USDA FAS PS&D (Production, Supply & Distribution)",https://apps.fas.usda.gov/psdonline/downloads/
"Oil, Soybean (Local)",World,1993,Total Distribution,(1000 MT),5952.0,1,2,agg,"USDA FAS PS&D (Production, Supply & Distribution)",https://apps.fas.usda.gov/psdonline/downloads/
"Oil, Soybean (Local)",World,1994,Total Distribution,(1000 MT),6396.0,1,2,agg,"USDA FAS PS&D (Production, Supply & Distribution)",https://apps.fas.usda.gov/psdonline/downloads/
"Oil, Soybean (Local)",World,1995,Total Distribution,(1000 MT),6264.0,1,2,agg,"USDA FAS PS&D (Production, Supply & Distribution)",https://apps.fas.usda.gov/psdonline/downloads/
"Oil, Soybean (Local)",World,1996,Total Distribution,(1000 MT),5968.0,1,2,agg,"USDA FAS PS&D (Production, Supply & Distribution)",https://apps.fas.usda.gov/psdonline/downloads/
"Oil, Soybean (Local)",World,1997,Total Distribution,(1000 MT),7842.0,1,2,agg,"USDA FAS PS&D (Production, Supply & Distribution)",https://apps.fas.usda.gov/psdonline/downloads/
"Oil, Soybean (Local)",World,1998,Total Distribution,(1000 MT),8272.0,1,2,agg,"USDA FAS PS&D (Production, Supply & Distribution)",https://apps.fas.usda.gov/psdonline/downloads/
"Oil, Soybean (Local)",World,1999,Total Distribution,(1000 MT),7822.0,1,2,agg,"USDA FAS PS&D (Production, Supply & Distribution)",https://apps.fas.usda.gov/psdonline/downloads/
"Oil, Soybean (Local)",World,2000,Total Distribution,(1000 MT),8843.0,1,2,agg,"USDA FAS PS&D (Production, Supply & Distribution)",https://apps.fas.usda.gov/psdonline/downloads/
"Oil, Soybean (Local)",World,2001,Total Distribution,(1000 MT),9667.0,1,2,agg,"USDA FAS PS&D (Production, Supply & Distribution)",https://apps.fas.usda.gov/psdonline/downloads/
"Oil, Soybean (Local)",World,2002,Total Distribution,(1000 MT),10742.0,1,2,agg,"USDA FAS PS&D (Production, Supply & Distribution)",https://apps.fas.usda.gov/psdonline/downloads/
"Oil, Soybean (Local)",World,2003,Total Distribution,(1000 MT),10932.0,1,2,agg,"USDA FAS PS&D (Production, Supply & Distribution)",https://apps.fas.usda.gov/psdonline/downloads/
"Oil, Soybean (Local)",World,2004,Total Distribution,(1000 MT),11851.0,1,2,agg,"USDA FAS PS&D (Production, Supply & Distribution)",https://apps.fas.usda.gov/psdonline/downloads/
"Oil, Soybean (Local)",World,2005,Total Distribution,(1000 MT),12210.0,1,2,agg,"USDA FAS PS&D (Production, Supply & Distribution)",https://apps.fas.usda.gov/psdonline/downloads/
"Oil, Soybean (Local)",World,2006,Total Distribution,(1000 MT),13595.0,1,2,agg,"USDA FAS PS&D (Production, Supply & Distribution)",https://apps.fas.usda.gov/psdonline/downloads/
"Oil, Soybean (Local)",World,2007,Total Distribution,(1000 MT),12849.0,1,2,agg,"USDA FAS PS&D (Production, Supply & Distribution)",https://apps.fas.usda.gov/psdonline/downloads/
"Oil, Soybean (Local)",World,2008,Total Distribution,(1000 MT),11722.0,1,2,agg,"USDA FAS PS&D (Production, Supply & Distribution)",https://apps.fas.usda.gov/psdonline/downloads/
"Oil, Soybean (Local)",World,2009,Total Distribution,(1000 MT),14627.0,1,2,agg,"USDA FAS PS&D (Production, Supply & Distribution)",https://apps.fas.usda.gov/psdonline/downloads/
"Oil, Soybean (Local)",World,2010,Total Distribution,(1000 MT),14847.0,1,2,agg,"USDA FAS PS&D (Production, Supply & Distribution)",https://apps.fas.usda.gov/psdonline/downloads/
"Oil, Soybean (Local)",World,2011,Total Distribution,(1000 MT),13622.0,1,2,agg,"USDA FAS PS&D (Production, Supply & Distribution)",https://apps.fas.usda.gov/psdonline/downloads/
"Oil, Soybean (Local)",World,2012,Total Distribution,(1000 MT),14148.0,1,2,agg,"USDA FAS PS&D (Production, Supply & Distribution)",https://apps.fas.usda.gov/psdonline/downloads/
"Oil, Soybean (Local)",World,2013,Total Distribution,(1000 MT),14965.0,1,2,agg,"USDA FAS PS&D (Production, Supply & Distribution)",https://apps.fas.usda.gov/psdonline/downloads/
"Oil, Soybean (Local)",World,2014,Total Distribution,(1000 MT),17260.0,1,2,agg,"USDA FAS PS&D (Production, Supply & Distribution)",https://apps.fas.usda.gov/psdonline/downloads/
"Oil, Soybean (Local)",World,2015,Total Distribution,(1000 MT),16729.0,1,2,agg,"USDA FAS PS&D (Production, Supply & Distribution)",https://apps.fas.usda.gov/psdonline/downloads/
"Oil, Soybean (Local)",World,2016,Total Distribution,(1000 MT),16666.0,1,2,agg,"USDA FAS PS&D (Production, Supply & Distribution)",https://apps.fas.usda.gov/psdonline/downloads/
"Oil, Soybean (Local)",World,2017,Total Distribution,(1000 MT),16291.0,1,2,agg,"USDA FAS PS&D (Production, Supply & Distribution)",https://apps.fas.usda.gov/psdonline/downloads/
"Oil, Soybean (Local)",World,2018,Total Distribution,(1000 MT),17166.0,1,2,agg,"USDA FAS PS&D (Production, Supply & Distribution)",https://apps.fas.usda.gov/psdonline/downloads/
"Oil, Soybean (Local)",World,2019,Total Distribution,(1000 MT),17681.0,1,2,agg,"USDA FAS PS&D (Production, Supply & Distribution)",https://apps.fas.usda.gov/psdonline/downloads/
"Oil, Soybean (Local)",World,2020,Total Distribution,(1000 MT),18563.0,1,2,agg,"USDA FAS PS&D (Production, Supply & Distribution)",https://apps.fas.usda.gov/psdonline/downloads/
"Oil, Soybean (Local)",World,2021,Total Distribution,(1000 MT),18254.0,1,2,agg,"USDA FAS PS&D (Production, Supply & Distribution)",https://apps.fas.usda.gov/psdonline/downloads/
"Oil, Soybean (Local)",World,2022,Total Distribution,(1000 MT),17362.0,1,2,agg,"USDA FAS PS&D (Production, Supply & Distribution)",https://apps.fas.usda.gov/psdonline/downloads/
"Oil, Soybean (Local)",World,2023,Total Distribution,(1000 MT),21130.0,1,2,agg,"USDA FAS PS&D (Production, Supply & Distribution)",https://apps.fas.usda.gov/psdonline/downloads/
"Oil, Soybean (Local)",World,2024,Total Distribution,(1000 MT),21468.0,1,2,agg,"USDA FAS PS&D (Production, Supply & Distribution)",https://apps.fas.usda.gov/psdonline/downloads/
"Oil, Soybean (Local)",World,2025,Total Distribution,(1000 MT),22410.0,1,2,agg,"USDA FAS PS&D (Production, Supply & Distribution)",https://apps.fas.usda.gov/psdonline/downloads/
"Oil, Soybean (Local)",World,2026,Total Distribution,(1000 MT),23039.0,1,2,agg,"USDA FAS PS&D (Production, Supply & Distribution)",https://apps.fas.usda.gov/psdonline/downloads/
"Oil, Soybean (Local)",World,1964,Total Supply,(1000 MT),57.0,1,2,agg,"USDA FAS PS&D (Production, Supply & Distribution)",https://apps.fas.usda.gov/psdonline/downloads/
"Oil, Soybean (Local)",World,1965,Total Supply,(1000 MT),78.0,1,2,agg,"USDA FAS PS&D (Production, Supply & Distribution)",https://apps.fas.usda.gov/psdonline/downloads/
"Oil, Soybean (Local)",World,1966,Total Supply,(1000 MT),88.0,1,2,agg,"USDA FAS PS&D (Production, Supply & Distribution)",https://apps.fas.usda.gov/psdonline/downloads/
"Oil, Soybean (Local)",World,1967,Total Supply,(1000 MT),93.0,1,2,agg,"USDA FAS PS&D (Production, Supply & Distribution)",https://apps.fas.usda.gov/psdonline/downloads/
"Oil, Soybean (Local)",World,1968,Total Supply,(1000 MT),111.0,1,2,agg,"USDA FAS PS&D (Production, Supply & Distribution)",https://apps.fas.usda.gov/psdonline/downloads/
"Oil, Soybean (Local)",World,1969,Total Supply,(1000 MT),184.0,1,2,agg,"USDA FAS PS&D (Production, Supply & Distribution)",https://apps.fas.usda.gov/psdonline/downloads/
"Oil, Soybean (Local)",World,1970,Total Supply,(1000 MT),329.0,1,2,agg,"USDA FAS PS&D (Production, Supply & Distribution)",https://apps.fas.usda.gov/psdonline/downloads/
"Oil, Soybean (Local)",World,1971,Total Supply,(1000 MT),417.0,1,2,agg,"USDA FAS PS&D (Production, Supply & Distribution)",https://apps.fas.usda.gov/psdonline/downloads/
"Oil, Soybean (Local)",World,1972,Total Supply,(1000 MT),591.0,1,2,agg,"USDA FAS PS&D (Production, Supply & Distribution)",https://apps.fas.usda.gov/psdonline/downloads/
"Oil, Soybean (Local)",World,1973,Total Supply,(1000 MT),891.0,1,2,agg,"USDA FAS PS&D (Production, Supply & Distribution)",https://apps.fas.usda.gov/psdonline/downloads/
"Oil, Soybean (Local)",World,1974,Total Supply,(1000 MT),1267.0,1,2,agg,"USDA FAS PS&D (Production, Supply & Distribution)",https://apps.fas.usda.gov/psdonline/downloads/
"Oil, Soybean (Local)",World,1975,Total Supply,(1000 MT),1459.0,1,2,agg,"USDA FAS PS&D (Production, Supply & Distribution)",https://apps.fas.usda.gov/psdonline/downloads/
"Oil, Soybean (Local)",World,1976,Total Supply,(1000 MT),1810.0,1,2,agg,"USDA FAS PS&D (Production, Supply & Distribution)",https://apps.fas.usda.gov/psdonline/downloads/
"Oil, Soybean (Local)",World,1977,Total Supply,(1000 MT),1869.0,1,2,agg,"USDA FAS PS&D (Production, Supply & Distribution)",https://apps.fas.usda.gov/psdonline/downloads/
"Oil, Soybean (Local)",World,1978,Total Supply,(1000 MT),2035.0,1,2,agg,"USDA FAS PS&D (Production, Supply & Distribution)",https://apps.fas.usda.gov/psdonline/downloads/
"Oil, Soybean (Local)",World,1979,Total Supply,(1000 MT),2678.0,1,2,agg,"USDA FAS PS&D (Production, Supply & Distribution)",https://apps.fas.usda.gov/psdonline/downloads/
"Oil, Soybean (Local)",World,1980,Total Supply,(1000 MT),3020.0,1,2,agg,"USDA FAS PS&D (Production, Supply & Distribution)",https://apps.fas.usda.gov/psdonline/downloads/
"Oil, Soybean (Local)",World,1981,Total Supply,(1000 MT),2869.0,1,2,agg,"USDA FAS PS&D (Production, Supply & Distribution)",https://apps.fas.usda.gov/psdonline/downloads/
"Oil, Soybean (Local)",World,1982,Total Supply,(1000 MT),3013.0,1,2,agg,"USDA FAS PS&D (Production, Supply & Distribution)",https://apps.fas.usda.gov/psdonline/downloads/
"Oil, Soybean (Local)",World,1983,Total Supply,(1000 MT),3232.0,1,2,agg,"USDA FAS PS&D (Production, Supply & Distribution)",https://apps.fas.usda.gov/psdonline/downloads/
"Oil, Soybean (Local)",World,1984,Total Supply,(1000 MT),3445.0,1,2,agg,"USDA FAS PS&D (Production, Supply & Distribution)",https://apps.fas.usda.gov/psdonline/downloads/
"Oil, Soybean (Local)",World,1985,Total Supply,(1000 MT),3442.0,1,2,agg,"USDA FAS PS&D (Production, Supply & Distribution)",https://apps.fas.usda.gov/psdonline/downloads/
"Oil, Soybean (Local)",World,1986,Total Supply,(1000 MT),3914.0,1,2,agg,"USDA FAS PS&D (Production, Supply & Distribution)",https://apps.fas.usda.gov/psdonline/downloads/
"Oil, Soybean (Local)",World,1987,Total Supply,(1000 MT),3979.0,1,2,agg,"USDA FAS PS&D (Production, Supply & Distribution)",https://apps.fas.usda.gov/psdonline/downloads/
"Oil, Soybean (Local)",World,1988,Total Supply,(1000 MT),4285.0,1,2,agg,"USDA FAS PS&D (Production, Supply & Distribution)",https://apps.fas.usda.gov/psdonline/downloads/
"Oil, Soybean (Local)",World,1989,Total Supply,(1000 MT),4380.0,1,2,agg,"USDA FAS PS&D (Production, Supply & Distribution)",https://apps.fas.usda.gov/psdonline/downloads/
"Oil, Soybean (Local)",World,1990,Total Supply,(1000 MT),3955.0,1,2,agg,"USDA FAS PS&D (Production, Supply & Distribution)",https://apps.fas.usda.gov/psdonline/downloads/
"Oil, Soybean (Local)",World,1991,Total Supply,(1000 MT),4509.0,1,2,agg,"USDA FAS PS&D (Production, Supply & Distribution)",https://apps.fas.usda.gov/psdonline/downloads/
"Oil, Soybean (Local)",World,1992,Total Supply,(1000 MT),5092.0,1,2,agg,"USDA FAS PS&D (Production, Supply & Distribution)",https://apps.fas.usda.gov/psdonline/downloads/
"Oil, Soybean (Local)",World,1993,Total Supply,(1000 MT),5952.0,1,2,agg,"USDA FAS PS&D (Production, Supply & Distribution)",https://apps.fas.usda.gov/psdonline/downloads/
"Oil, Soybean (Local)",World,1994,Total Supply,(1000 MT),6396.0,1,2,agg,"USDA FAS PS&D (Production, Supply & Distribution)",https://apps.fas.usda.gov/psdonline/downloads/
"Oil, Soybean (Local)",World,1995,Total Supply,(1000 MT),6264.0,1,2,agg,"USDA FAS PS&D (Production, Supply & Distribution)",https://apps.fas.usda.gov/psdonline/downloads/
"Oil, Soybean (Local)",World,1996,Total Supply,(1000 MT),5968.0,1,2,agg,"USDA FAS PS&D (Production, Supply & Distribution)",https://apps.fas.usda.gov/psdonline/downloads/
"Oil, Soybean (Local)",World,1997,Total Supply,(1000 MT),7842.0,1,2,agg,"USDA FAS PS&D (Production, Supply & Distribution)",https://apps.fas.usda.gov/psdonline/downloads/
"Oil, Soybean (Local)",World,1998,Total Supply,(1000 MT),8272.0,1,2,agg,"USDA FAS PS&D (Production, Supply & Distribution)",https://apps.fas.usda.gov/psdonline/downloads/
"Oil, Soybean (Local)",World,1999,Total Supply,(1000 MT),7822.0,1,2,agg,"USDA FAS PS&D (Production, Supply & Distribution)",https://apps.fas.usda.gov/psdonline/downloads/
"Oil, Soybean (Local)",World,2000,Total Supply,(1000 MT),8843.0,1,2,agg,"USDA FAS PS&D (Production, Supply & Distribution)",https://apps.fas.usda.gov/psdonline/downloads/
"Oil, Soybean (Local)",World,2001,Total Supply,(1000 MT),9667.0,1,2,agg,"USDA FAS PS&D (Production, Supply & Distribution)",https://apps.fas.usda.gov/psdonline/downloads/
"Oil, Soybean (Local)",World,2002,Total Supply,(1000 MT),10742.0,1,2,agg,"USDA FAS PS&D (Production, Supply & Distribution)",https://apps.fas.usda.gov/psdonline/downloads/
"Oil, Soybean (Local)",World,2003,Total Supply,(1000 MT),10932.0,1,2,agg,"USDA FAS PS&D (Production, Supply & Distribution)",https://apps.fas.usda.gov/psdonline/downloads/
"Oil, Soybean (Local)",World,2004,Total Supply,(1000 MT),11851.0,1,2,agg,"USDA FAS PS&D (Production, Supply & Distribution)",https://apps.fas.usda.gov/psdonline/downloads/
"Oil, Soybean (Local)",World,2005,Total Supply,(1000 MT),12210.0,1,2,agg,"USDA FAS PS&D (Production, Supply & Distribution)",https://apps.fas.usda.gov/psdonline/downloads/
"Oil, Soybean (Local)",World,2006,Total Supply,(1000 MT),13595.0,1,2,agg,"USDA FAS PS&D (Production, Supply & Distribution)",https://apps.fas.usda.gov/psdonline/downloads/
"Oil, Soybean (Local)",World,2007,Total Supply,(1000 MT),12849.0,1,2,agg,"USDA FAS PS&D (Production, Supply & Distribution)",https://apps.fas.usda.gov/psdonline/downloads/
"Oil, Soybean (Local)",World,2008,Total Supply,(1000 MT),11722.0,1,2,agg,"USDA FAS PS&D (Production, Supply & Distribution)",https://apps.fas.usda.gov/psdonline/downloads/
"Oil, Soybean (Local)",World,2009,Total Supply,(1000 MT),14627.0,1,2,agg,"USDA FAS PS&D (Production, Supply & Distribution)",https://apps.fas.usda.gov/psdonline/downloads/
"Oil, Soybean (Local)",World,2010,Total Supply,(1000 MT),14847.0,1,2,agg,"USDA FAS PS&D (Production, Supply & Distribution)",https://apps.fas.usda.gov/psdonline/downloads/
"Oil, Soybean (Local)",World,2011,Total Supply,(1000 MT),13622.0,1,2,agg,"USDA FAS PS&D (Production, Supply & Distribution)",https://apps.fas.usda.gov/psdonline/downloads/
"Oil, Soybean (Local)",World,2012,Total Supply,(1000 MT),14148.0,1,2,agg,"USDA FAS PS&D (Production, Supply & Distribution)",https://apps.fas.usda.gov/psdonline/downloads/
"Oil, Soybean (Local)",World,2013,Total Supply,(1000 MT),14965.0,1,2,agg,"USDA FAS PS&D (Production, Supply & Distribution)",https://apps.fas.usda.gov/psdonline/downloads/
"Oil, Soybean (Local)",World,2014,Total Supply,(1000 MT),17260.0,1,2,agg,"USDA FAS PS&D (Production, Supply & Distribution)",https://apps.fas.usda.gov/psdonline/downloads/
"Oil, Soybean (Local)",World,2015,Total Supply,(1000 MT),16729.0,1,2,agg,"USDA FAS PS&D (Production, Supply & Distribution)",https://apps.fas.usda.gov/psdonline/downloads/
"Oil, Soybean (Local)",World,2016,Total Supply,(1000 MT),16666.0,1,2,agg,"USDA FAS PS&D (Production, Supply & Distribution)",https://apps.fas.usda.gov/psdonline/downloads/
"Oil, Soybean (Local)",World,2017,Total Supply,(1000 MT),16291.0,1,2,agg,"USDA FAS PS&D (Production, Supply & Distribution)",https://apps.fas.usda.gov/psdonline/downloads/
"Oil, Soybean (Local)",World,2018,Total Supply,(1000 MT),17166.0,1,2,agg,"USDA FAS PS&D (Production, Supply & Distribution)",https://apps.fas.usda.gov/psdonline/downloads/
"Oil, Soybean (Local)",World,2019,Total Supply,(1000 MT),17681.0,1,2,agg,"USDA FAS PS&D (Production, Supply & Distribution)",https://apps.fas.usda.gov/psdonline/downloads/
"Oil, Soybean (Local)",World,2020,Total Supply,(1000 MT),18563.0,1,2,agg,"USDA FAS PS&D (Production, Supply & Distribution)",https://apps.fas.usda.gov/psdonline/downloads/
"Oil, Soybean (Local)",World,2021,Total Supply,(1000 MT),18254.0,1,2,agg,"USDA FAS PS&D (Production, Supply & Distribution)",https://apps.fas.usda.gov/psdonline/downloads/
"Oil, Soybean (Local)",World,2022,Total Supply,(1000 MT),17362.0,1,2,agg,"USDA FAS PS&D (Production, Supply & Distribution)",https://apps.fas.usda.gov/psdonline/downloads/
"Oil, Soybean (Local)",World,2023,Total Supply,(1000 MT),21130.0,1,2,agg,"USDA FAS PS&D (Production, Supply & Distribution)",https://apps.fas.usda.gov/psdonline/downloads/
"Oil, Soybean (Local)",World,2024,Total Supply,(1000 MT),21468.0,1,2,agg,"USDA FAS PS&D (Production, Supply & Distribution)",https://apps.fas.usda.gov/psdonline/downloads/
"Oil, Soybean (Local)",World,2025,Total Supply,(1000 MT),22410.0,1,2,agg,"USDA FAS PS&D (Production, Supply & Distribution)",https://apps.fas.usda.gov/psdonline/downloads/
"Oil, Soybean (Local)",World,2026,Total Supply,(1000 MT),23039.0,1,2,agg,"USDA FAS PS&D (Production, Supply & Distribution)",https://apps.fas.usda.gov/psdonline/downloads/
