commodity,country,market_year,attribute,unit,value,is_aggregate,n_countries,vintage_month,source,source_url
"Oilseed, Cottonseed",United States,1969,Area Harvested,(1000 HA),4474.0,0,1,06,"USDA FAS PS&D (Production, Supply & Distribution)",https://apps.fas.usda.gov/psdonline/downloads/
"Oilseed, Cottonseed",United States,1970,Area Harvested,(1000 HA),4514.0,0,1,06,"USDA FAS PS&D (Production, Supply & Distribution)",https://apps.fas.usda.gov/psdonline/downloads/
"Oilseed, Cottonseed",United States,1971,Area Harvested,(1000 HA),4643.0,0,1,06,"USDA FAS PS&D (Production, Supply & Distribution)",https://apps.fas.usda.gov/psdonline/downloads/
"Oilseed, Cottonseed",United States,1972,Area Harvested,(1000 HA),5255.0,0,1,06,"USDA FAS PS&D (Production, Supply & Distribution)",https://apps.fas.usda.gov/psdonline/downloads/
"Oilseed, Cottonseed",United States,1973,Area Harvested,(1000 HA),4844.0,0,1,06,"USDA FAS PS&D (Production, Supply & Distribution)",https://apps.fas.usda.gov/psdonline/downloads/
"Oilseed, Cottonseed",United States,1974,Area Harvested,(1000 HA),5086.0,0,1,06,"USDA FAS PS&D (Production, Supply & Distribution)",https://apps.fas.usda.gov/psdonline/downloads/
"Oilseed, Cottonseed",United States,1975,Area Harvested,(1000 HA),3560.0,0,1,06,"USDA FAS PS&D (Production, Supply & Distribution)",https://apps.fas.usda.gov/psdonline/downloads/
"Oilseed, Cottonseed",United States,1976,Area Harvested,(1000 HA),4417.0,0,1,06,"USDA FAS PS&D (Production, Supply & Distribution)",https://apps.fas.usda.gov/psdonline/downloads/
"Oilseed, Cottonseed",United States,1977,Area Harvested,(1000 HA),5372.0,0,1,06,"USDA FAS PS&D (Production, Supply & Distribution)",https://apps.fas.usda.gov/psdonline/downloads/
"Oilseed, Cottonseed",United States,1978,Area Harvested,(1000 HA),5018.0,0,1,06,"USDA FAS PS&D (Production, Supply & Distribution)",https://apps.fas.usda.gov/psdonline/downloads/
"Oilseed, Cottonseed",United States,1979,Area Harvested,(1000 HA),5193.0,0,1,06,"USDA FAS PS&D (Production, Supply & Distribution)",https://apps.fas.usda.gov/psdonline/downloads/
"Oilseed, Cottonseed",United States,1980,Area Harvested,(1000 HA),5348.0,0,1,06,"USDA FAS PS&D (Production, Supply & Distribution)",https://apps.fas.usda.gov/psdonline/downloads/
"Oilseed, Cottonseed",United States,1981,Area Harvested,(1000 HA),5601.0,0,1,06,"USDA FAS PS&D (Production, Supply & Distribution)",https://apps.fas.usda.gov/psdonline/downloads/
"Oilseed, Cottonseed",United States,1982,Area Harvested,(1000 HA),3939.0,0,1,06,"USDA FAS PS&D (Production, Supply & Distribution)",https://apps.fas.usda.gov/psdonline/downloads/
"Oilseed, Cottonseed",United States,1983,Area Harvested,(1000 HA),2973.0,0,1,06,"USDA FAS PS&D (Production, Supply & Distribution)",https://apps.fas.usda.gov/psdonline/downloads/
"Oilseed, Cottonseed",United States,1984,Area Harvested,(1000 HA),4200.0,0,1,06,"USDA FAS PS&D (Production, Supply & Distribution)",https://apps.fas.usda.gov/psdonline/downloads/
"Oilseed, Cottonseed",United States,1985,Area Harvested,(1000 HA),4140.0,0,1,06,"USDA FAS PS&D (Production, Supply & Distribution)",https://apps.fas.usda.gov/psdonline/downloads/
"Oilseed, Cottonseed",United States,1986,Area Harvested,(1000 HA),3427.0,0,1,06,"USDA FAS PS&D (Production, Supply & Distribution)",https://apps.fas.usda.gov/psdonline/downloads/
"Oilseed, Cottonseed",United States,1987,Area Harvested,(1000 HA),4059.0,0,1,06,"USDA FAS PS&D (Production, Supply & Distribution)",https://apps.fas.usda.gov/psdonline/downloads/
"Oilseed, Cottonseed",United States,1988,Area Harvested,(1000 HA),4835.0,0,1,06,"USDA FAS PS&D (Production, Supply & Distribution)",https://apps.fas.usda.gov/psdonline/downloads/
"Oilseed, Cottonseed",United States,1989,Area Harvested,(1000 HA),3860.0,0,1,08,"USDA FAS PS&D (Production, Supply & Distribution)",https://apps.fas.usda.gov/psdonline/downloads/
"Oilseed, Cottonseed",United States,1990,Area Harvested,(1000 HA),4748.0,0,1,06,"USDA FAS PS&D (Production, Supply & Distribution)",https://apps.fas.usda.gov/psdonline/downloads/
"Oilseed, Cottonseed",United States,1991,Area Harvested,(1000 HA),5245.0,0,1,08,"USDA FAS PS&D (Production, Supply & Distribution)",https://apps.fas.usda.gov/psdonline/downloads/
"Oilseed, Cottonseed",United States,1992,Area Harvested,(1000 HA),4501.0,0,1,06,"USDA FAS PS&D (Production, Supply & Distribution)",https://apps.fas.usda.gov/psdonline/downloads/
"Oilseed, Cottonseed",United States,1993,Area Harvested,(1000 HA),5173.0,0,1,08,"USDA FAS PS&D (Production, Supply & Distribution)",https://apps.fas.usda.gov/psdonline/downloads/
"Oilseed, Cottonseed",United States,1994,Area Harvested,(1000 HA),5391.0,0,1,08,"USDA FAS PS&D (Production, Supply & Distribution)",https://apps.fas.usda.gov/psdonline/downloads/
"Oilseed, Cottonseed",United States,1995,Area Harvested,(1000 HA),6478.0,0,1,08,"USDA FAS PS&D (Production, Supply & Distribution)",https://apps.fas.usda.gov/psdonline/downloads/
"Oilseed, Cottonseed",United States,1996,Area Harvested,(1000 HA),5216.0,0,1,06,"USDA FAS PS&D (Production, Supply & Distribution)",https://apps.fas.usda.gov/psdonline/downloads/
"Oilseed, Cottonseed",United States,1997,Area Harvested,(1000 HA),5425.0,0,1,08,"USDA FAS PS&D (Production, Supply & Distribution)",https://apps.fas.usda.gov/psdonline/downloads/
"Oilseed, Cottonseed",United States,1998,Area Harvested,(1000 HA),4324.0,0,1,06,"USDA FAS PS&D (Production, Supply & Distribution)",https://apps.fas.usda.gov/psdonline/downloads/
"Oilseed, Cottonseed",United States,1999,Area Harvested,(1000 HA),5433.0,0,1,06,"USDA FAS PS&D (Production, Supply & Distribution)",https://apps.fas.usda.gov/psdonline/downloads/
"Oilseed, Cottonseed",United States,2000,Area Harvested,(1000 HA),5282.0,0,1,06,"USDA FAS PS&D (Production, Supply & Distribution)",https://apps.fas.usda.gov/psdonline/downloads/
"Oilseed, Cottonseed",United States,2001,Area Harvested,(1000 HA),5596.0,0,1,09,"USDA FAS PS&D (Production, Supply & Distribution)",https://apps.fas.usda.gov/psdonline/downloads/
"Oilseed, Cottonseed",United States,2002,Area Harvested,(1000 HA),5025.0,0,1,09,"USDA FAS PS&D (Production, Supply & Distribution)",https://apps.fas.usda.gov/psdonline/downloads/
"Oilseed, Cottonseed",United States,2003,Area Harvested,(1000 HA),4858.0,0,1,08,"USDA FAS PS&D (Production, Supply & Distribution)",https://apps.fas.usda.gov/psdonline/downloads/
"Oilseed, Cottonseed",United States,2004,Area Harvested,(1000 HA),5284.0,0,1,04,"USDA FAS PS&D (Production, Supply & Distribution)",https://apps.fas.usda.gov/psdonline/downloads/
"Oilseed, Cottonseed",United States,2005,Area Harvested,(1000 HA),5586.0,0,1,04,"USDA FAS PS&D (Production, Supply & Distribution)",https://apps.fas.usda.gov/psdonline/downloads/
"Oilseed, Cottonseed",United States,2006,Area Harvested,(1000 HA),5152.0,0,1,04,"USDA FAS PS&D (Production, Supply & Distribution)",https://apps.fas.usda.gov/psdonline/downloads/
"Oilseed, Cottonseed",United States,2007,Area Harvested,(1000 HA),4245.0,0,1,05,"USDA FAS PS&D (Production, Supply & Distribution)",https://apps.fas.usda.gov/psdonline/downloads/
"Oilseed, Cottonseed",United States,2008,Area Harvested,(1000 HA),3063.0,0,1,05,"USDA FAS PS&D (Production, Supply & Distribution)",https://apps.fas.usda.gov/psdonline/downloads/
"Oilseed, Cottonseed",United States,2009,Area Harvested,(1000 HA),3049.0,0,1,03,"USDA FAS PS&D (Production, Supply & Distribution)",https://apps.fas.usda.gov/psdonline/downloads/
"Oilseed, Cottonseed",United States,2010,Area Harvested,(1000 HA),4330.0,0,1,05,"USDA FAS PS&D (Production, Supply & Distribution)",https://apps.fas.usda.gov/psdonline/downloads/
"Oilseed, Cottonseed",United States,2011,Area Harvested,(1000 HA),3829.0,0,1,12,"USDA FAS PS&D (Production, Supply & Distribution)",https://apps.fas.usda.gov/psdonline/downloads/
"Oilseed, Cottonseed",United States,2012,Area Harvested,(1000 HA),3772.0,0,1,12,"USDA FAS PS&D (Production, Supply & Distribution)",https://apps.fas.usda.gov/psdonline/downloads/
"Oilseed, Cottonseed",United States,2013,Area Harvested,(1000 HA),3051.0,0,1,02,"USDA FAS PS&D (Production, Supply & Distribution)",https://apps.fas.usda.gov/psdonline/downloads/
"Oilseed, Cottonseed",United States,2014,Area Harvested,(1000 HA),3785.0,0,1,02,"USDA FAS PS&D (Production, Supply & Distribution)",https://apps.fas.usda.gov/psdonline/downloads/
"Oilseed, Cottonseed",United States,2015,Area Harvested,(1000 HA),3268.0,0,1,05,"USDA FAS PS&D (Production, Supply & Distribution)",https://apps.fas.usda.gov/psdonline/downloads/
"Oilseed, Cottonseed",United States,2016,Area Harvested,(1000 HA),3848.0,0,1,05,"USDA FAS PS&D (Production, Supply & Distribution)",https://apps.fas.usda.gov/psdonline/downloads/
"Oilseed, Cottonseed",United States,2017,Area Harvested,(1000 HA),4492.0,0,1,07,"USDA FAS PS&D (Production, Supply & Distribution)",https://apps.fas.usda.gov/psdonline/downloads/
"Oilseed, Cottonseed",United States,2018,Area Harvested,(1000 HA),4037.0,0,1,01,"USDA FAS PS&D (Production, Supply & Distribution)",https://apps.fas.usda.gov/psdonline/downloads/
"Oilseed, Cottonseed",United States,2019,Area Harvested,(1000 HA),4650.0,0,1,01,"USDA FAS PS&D (Production, Supply & Distribution)",https://apps.fas.usda.gov/psdonline/downloads/
"Oilseed, Cottonseed",United States,2020,Area Harvested,(1000 HA),3323.0,0,1,01,"USDA FAS PS&D (Production, Supply & Distribution)",https://apps.fas.usda.gov/psdonline/downloads/
"Oilseed, Cottonseed",United States,2021,Area Harvested,(1000 HA),4153.0,0,1,07,"USDA FAS PS&D (Production, Supply & Distribution)",https://apps.fas.usda.gov/psdonline/downloads/
"Oilseed, Cottonseed",United States,2022,Area Harvested,(1000 HA),2950.0,0,1,05,"USDA FAS PS&D (Production, Supply & Distribution)",https://apps.fas.usda.gov/psdonline/downloads/
"Oilseed, Cottonseed",United States,2023,Area Harvested,(1000 HA),2606.0,0,1,08,"USDA FAS PS&D (Production, Supply & Distribution)",https://apps.fas.usda.gov/psdonline/downloads/
"Oilseed, Cottonseed",United States,2024,Area Harvested,(1000 HA),3139.0,0,1,05,"USDA FAS PS&D (Production, Supply & Distribution)",https://apps.fas.usda.gov/psdonline/downloads/
"Oilseed, Cottonseed",United States,2025,Area Harvested,(1000 HA),3168.0,0,1,06,"USDA FAS PS&D (Production, Supply & Distribution)",https://apps.fas.usda.gov/psdonline/downloads/
"Oilseed, Cottonseed",United States,2026,Area Harvested,(1000 HA),2985.0,0,1,06,"USDA FAS PS&D (Production, Supply & Distribution)",https://apps.fas.usda.gov/psdonline/downloads/
"Oilseed, Cottonseed",United States,1969,Beginning Stocks,(1000 MT),144.0,0,1,06,"USDA FAS PS&D (Production, Supply & Distribution)",https://apps.fas.usda.gov/psdonline/downloads/
"Oilseed, Cottonseed",United States,1970,Beginning Stocks,(1000 MT),73.0,0,1,06,"USDA FAS PS&D (Production, Supply & Distribution)",https://apps.fas.usda.gov/psdonline/downloads/
"Oilseed, Cottonseed",United States,1971,Beginning Stocks,(1000 MT),198.0,0,1,06,"USDA FAS PS&D (Production, Supply & Distribution)",https://apps.fas.usda.gov/psdonline/downloads/
"Oilseed, Cottonseed",United States,1972,Beginning Stocks,(1000 MT),213.0,0,1,06,"USDA FAS PS&D (Production, Supply & Distribution)",https://apps.fas.usda.gov/psdonline/downloads/
"Oilseed, Cottonseed",United States,1973,Beginning Stocks,(1000 MT),461.0,0,1,06,"USDA FAS PS&D (Production, Supply & Distribution)",https://apps.fas.usda.gov/psdonline/downloads/
"Oilseed, Cottonseed",United States,1974,Beginning Stocks,(1000 MT),435.0,0,1,06,"USDA FAS PS&D (Production, Supply & Distribution)",https://apps.fas.usda.gov/psdonline/downloads/
"Oilseed, Cottonseed",United States,1975,Beginning Stocks,(1000 MT),503.0,0,1,06,"USDA FAS PS&D (Production, Supply & Distribution)",https://apps.fas.usda.gov/psdonline/downloads/
"Oilseed, Cottonseed",United States,1976,Beginning Stocks,(1000 MT),184.0,0,1,06,"USDA FAS PS&D (Production, Supply & Distribution)",https://apps.fas.usda.gov/psdonline/downloads/
"Oilseed, Cottonseed",United States,1977,Beginning Stocks,(1000 MT),257.0,0,1,06,"USDA FAS PS&D (Production, Supply & Distribution)",https://apps.fas.usda.gov/psdonline/downloads/
"Oilseed, Cottonseed",United States,1978,Beginning Stocks,(1000 MT),741.0,0,1,06,"USDA FAS PS&D (Production, Supply & Distribution)",https://apps.fas.usda.gov/psdonline/downloads/
"Oilseed, Cottonseed",United States,1979,Beginning Stocks,(1000 MT),472.0,0,1,06,"USDA FAS PS&D (Production, Supply & Distribution)",https://apps.fas.usda.gov/psdonline/downloads/
"Oilseed, Cottonseed",United States,1980,Beginning Stocks,(1000 MT),960.0,0,1,06,"USDA FAS PS&D (Production, Supply & Distribution)",https://apps.fas.usda.gov/psdonline/downloads/
"Oilseed, Cottonseed",United States,1981,Beginning Stocks,(1000 MT),361.0,0,1,06,"USDA FAS PS&D (Production, Supply & Distribution)",https://apps.fas.usda.gov/psdonline/downloads/
"Oilseed, Cottonseed",United States,1982,Beginning Stocks,(1000 MT),708.0,0,1,06,"USDA FAS PS&D (Production, Supply & Distribution)",https://apps.fas.usda.gov/psdonline/downloads/
"Oilseed, Cottonseed",United States,1983,Beginning Stocks,(1000 MT),337.0,0,1,06,"USDA FAS PS&D (Production, Supply & Distribution)",https://apps.fas.usda.gov/psdonline/downloads/
"Oilseed, Cottonseed",United States,1984,Beginning Stocks,(1000 MT),105.0,0,1,06,"USDA FAS PS&D (Production, Supply & Distribution)",https://apps.fas.usda.gov/psdonline/downloads/
"Oilseed, Cottonseed",United States,1985,Beginning Stocks,(1000 MT),368.0,0,1,06,"USDA FAS PS&D (Production, Supply & Distribution)",https://apps.fas.usda.gov/psdonline/downloads/
"Oilseed, Cottonseed",United States,1986,Beginning Stocks,(1000 MT),315.0,0,1,06,"USDA FAS PS&D (Production, Supply & Distribution)",https://apps.fas.usda.gov/psdonline/downloads/
"Oilseed, Cottonseed",United States,1987,Beginning Stocks,(1000 MT),171.0,0,1,06,"USDA FAS PS&D (Production, Supply & Distribution)",https://apps.fas.usda.gov/psdonline/downloads/
"Oilseed, Cottonseed",United States,1988,Beginning Stocks,(1000 MT),326.0,0,1,06,"USDA FAS PS&D (Production, Supply & Distribution)",https://apps.fas.usda.gov/psdonline/downloads/
"Oilseed, Cottonseed",United States,1989,Beginning Stocks,(1000 MT),603.0,0,1,08,"USDA FAS PS&D (Production, Supply & Distribution)",https://apps.fas.usda.gov/psdonline/downloads/
"Oilseed, Cottonseed",United States,1990,Beginning Stocks,(1000 MT),332.0,0,1,06,"USDA FAS PS&D (Production, Supply & Distribution)",https://apps.fas.usda.gov/psdonline/downloads/
"Oilseed, Cottonseed",United States,1991,Beginning Stocks,(1000 MT),591.0,0,1,08,"USDA FAS PS&D (Production, Supply & Distribution)",https://apps.fas.usda.gov/psdonline/downloads/
"Oilseed, Cottonseed",United States,1992,Beginning Stocks,(1000 MT),417.0,0,1,06,"USDA FAS PS&D (Production, Supply & Distribution)",https://apps.fas.usda.gov/psdonline/downloads/
"Oilseed, Cottonseed",United States,1993,Beginning Stocks,(1000 MT),331.0,0,1,08,"USDA FAS PS&D (Production, Supply & Distribution)",https://apps.fas.usda.gov/psdonline/downloads/
"Oilseed, Cottonseed",United States,1994,Beginning Stocks,(1000 MT),392.0,0,1,08,"USDA FAS PS&D (Production, Supply & Distribution)",https://apps.fas.usda.gov/psdonline/downloads/
"Oilseed, Cottonseed",United States,1995,Beginning Stocks,(1000 MT),499.0,0,1,08,"USDA FAS PS&D (Production, Supply & Distribution)",https://apps.fas.usda.gov/psdonline/downloads/
"Oilseed, Cottonseed",United States,1996,Beginning Stocks,(1000 MT),469.0,0,1,06,"USDA FAS PS&D (Production, Supply & Distribution)",https://apps.fas.usda.gov/psdonline/downloads/
"Oilseed, Cottonseed",United States,1997,Beginning Stocks,(1000 MT),474.0,0,1,08,"USDA FAS PS&D (Production, Supply & Distribution)",https://apps.fas.usda.gov/psdonline/downloads/
"Oilseed, Cottonseed",United States,1998,Beginning Stocks,(1000 MT),511.0,0,1,06,"USDA FAS PS&D (Production, Supply & Distribution)",https://apps.fas.usda.gov/psdonline/downloads/
"Oilseed, Cottonseed",United States,1999,Beginning Stocks,(1000 MT),357.0,0,1,06,"USDA FAS PS&D (Production, Supply & Distribution)",https://apps.fas.usda.gov/psdonline/downloads/
"Oilseed, Cottonseed",United States,2000,Beginning Stocks,(1000 MT),248.0,0,1,06,"USDA FAS PS&D (Production, Supply & Distribution)",https://apps.fas.usda.gov/psdonline/downloads/
"Oilseed, Cottonseed",United States,2001,Beginning Stocks,(1000 MT),385.0,0,1,09,"USDA FAS PS&D (Production, Supply & Distribution)",https://apps.fas.usda.gov/psdonline/downloads/
"Oilseed, Cottonseed",United States,2002,Beginning Stocks,(1000 MT),363.0,0,1,09,"USDA FAS PS&D (Production, Supply & Distribution)",https://apps.fas.usda.gov/psdonline/downloads/
"Oilseed, Cottonseed",United States,2003,Beginning Stocks,(1000 MT),314.0,0,1,08,"USDA FAS PS&D (Production, Supply & Distribution)",https://apps.fas.usda.gov/psdonline/downloads/
"Oilseed, Cottonseed",United States,2004,Beginning Stocks,(1000 MT),382.0,0,1,04,"USDA FAS PS&D (Production, Supply & Distribution)",https://apps.fas.usda.gov/psdonline/downloads/
"Oilseed, Cottonseed",United States,2005,Beginning Stocks,(1000 MT),537.0,0,1,04,"USDA FAS PS&D (Production, Supply & Distribution)",https://apps.fas.usda.gov/psdonline/downloads/
"Oilseed, Cottonseed",United States,2006,Beginning Stocks,(1000 MT),546.0,0,1,04,"USDA FAS PS&D (Production, Supply & Distribution)",https://apps.fas.usda.gov/psdonline/downloads/
"Oilseed, Cottonseed",United States,2007,Beginning Stocks,(1000 MT),444.0,0,1,05,"USDA FAS PS&D (Production, Supply & Distribution)",https://apps.fas.usda.gov/psdonline/downloads/
"Oilseed, Cottonseed",United States,2008,Beginning Stocks,(1000 MT),583.0,0,1,05,"USDA FAS PS&D (Production, Supply & Distribution)",https://apps.fas.usda.gov/psdonline/downloads/
"Oilseed, Cottonseed",United States,2009,Beginning Stocks,(1000 MT),466.0,0,1,03,"USDA FAS PS&D (Production, Supply & Distribution)",https://apps.fas.usda.gov/psdonline/downloads/
"Oilseed, Cottonseed",United States,2010,Beginning Stocks,(1000 MT),310.0,0,1,05,"USDA FAS PS&D (Production, Supply & Distribution)",https://apps.fas.usda.gov/psdonline/downloads/
"Oilseed, Cottonseed",United States,2011,Beginning Stocks,(1000 MT),560.0,0,1,12,"USDA FAS PS&D (Production, Supply & Distribution)",https://apps.fas.usda.gov/psdonline/downloads/
"Oilseed, Cottonseed",United States,2012,Beginning Stocks,(1000 MT),390.0,0,1,12,"USDA FAS PS&D (Production, Supply & Distribution)",https://apps.fas.usda.gov/psdonline/downloads/
"Oilseed, Cottonseed",United States,2013,Beginning Stocks,(1000 MT),446.0,0,1,02,"USDA FAS PS&D (Production, Supply & Distribution)",https://apps.fas.usda.gov/psdonline/downloads/
"Oilseed, Cottonseed",United States,2014,Beginning Stocks,(1000 MT),386.0,0,1,02,"USDA FAS PS&D (Production, Supply & Distribution)",https://apps.fas.usda.gov/psdonline/downloads/
"Oilseed, Cottonseed",United States,2015,Beginning Stocks,(1000 MT),397.0,0,1,05,"USDA FAS PS&D (Production, Supply & Distribution)",https://apps.fas.usda.gov/psdonline/downloads/
"Oilseed, Cottonseed",United States,2016,Beginning Stocks,(1000 MT),355.0,0,1,05,"USDA FAS PS&D (Production, Supply & Distribution)",https://apps.fas.usda.gov/psdonline/downloads/
"Oilseed, Cottonseed",United States,2017,Beginning Stocks,(1000 MT),363.0,0,1,07,"USDA FAS PS&D (Production, Supply & Distribution)",https://apps.fas.usda.gov/psdonline/downloads/
"Oilseed, Cottonseed",United States,2018,Beginning Stocks,(1000 MT),409.0,0,1,01,"USDA FAS PS&D (Production, Supply & Distribution)",https://apps.fas.usda.gov/psdonline/downloads/
"Oilseed, Cottonseed",United States,2019,Beginning Stocks,(1000 MT),433.0,0,1,01,"USDA FAS PS&D (Production, Supply & Distribution)",https://apps.fas.usda.gov/psdonline/downloads/
"Oilseed, Cottonseed",United States,2020,Beginning Stocks,(1000 MT),414.0,0,1,01,"USDA FAS PS&D (Production, Supply & Distribution)",https://apps.fas.usda.gov/psdonline/downloads/
"Oilseed, Cottonseed",United States,2021,Beginning Stocks,(1000 MT),359.0,0,1,07,"USDA FAS PS&D (Production, Supply & Distribution)",https://apps.fas.usda.gov/psdonline/downloads/
"Oilseed, Cottonseed",United States,2022,Beginning Stocks,(1000 MT),359.0,0,1,05,"USDA FAS PS&D (Production, Supply & Distribution)",https://apps.fas.usda.gov/psdonline/downloads/
"Oilseed, Cottonseed",United States,2023,Beginning Stocks,(1000 MT),350.0,0,1,08,"USDA FAS PS&D (Production, Supply & Distribution)",https://apps.fas.usda.gov/psdonline/downloads/
"Oilseed, Cottonseed",United States,2024,Beginning Stocks,(1000 MT),336.0,0,1,05,"USDA FAS PS&D (Production, Supply & Distribution)",https://apps.fas.usda.gov/psdonline/downloads/
"Oilseed, Cottonseed",United States,2025,Beginning Stocks,(1000 MT),363.0,0,1,06,"USDA FAS PS&D (Production, Supply & Distribution)",https://apps.fas.usda.gov/psdonline/downloads/
"Oilseed, Cottonseed",United States,2026,Beginning Stocks,(1000 MT),354.0,0,1,06,"USDA FAS PS&D (Production, Supply & Distribution)",https://apps.fas.usda.gov/psdonline/downloads/
"Oilseed, Cottonseed",United States,1969,Crush,(1000 MT),3561.0,0,1,06,"USDA FAS PS&D (Production, Supply & Distribution)",https://apps.fas.usda.gov/psdonline/downloads/
"Oilseed, Cottonseed",United States,1970,Crush,(1000 MT),3382.0,0,1,06,"USDA FAS PS&D (Production, Supply & Distribution)",https://apps.fas.usda.gov/psdonline/downloads/
"Oilseed, Cottonseed",United States,1971,Crush,(1000 MT),3592.0,0,1,06,"USDA FAS PS&D (Production, Supply & Distribution)",https://apps.fas.usda.gov/psdonline/downloads/
"Oilseed, Cottonseed",United States,1972,Crush,(1000 MT),4427.0,0,1,06,"USDA FAS PS&D (Production, Supply & Distribution)",https://apps.fas.usda.gov/psdonline/downloads/
"Oilseed, Cottonseed",United States,1973,Crush,(1000 MT),4347.0,0,1,06,"USDA FAS PS&D (Production, Supply & Distribution)",https://apps.fas.usda.gov/psdonline/downloads/
"Oilseed, Cottonseed",United States,1974,Crush,(1000 MT),3834.0,0,1,06,"USDA FAS PS&D (Production, Supply & Distribution)",https://apps.fas.usda.gov/psdonline/downloads/
"Oilseed, Cottonseed",United States,1975,Crush,(1000 MT),2678.0,0,1,06,"USDA FAS PS&D (Production, Supply & Distribution)",https://apps.fas.usda.gov/psdonline/downloads/
"Oilseed, Cottonseed",United States,1976,Crush,(1000 MT),3174.0,0,1,06,"USDA FAS PS&D (Production, Supply & Distribution)",https://apps.fas.usda.gov/psdonline/downloads/
"Oilseed, Cottonseed",United States,1977,Crush,(1000 MT),3913.0,0,1,06,"USDA FAS PS&D (Production, Supply & Distribution)",https://apps.fas.usda.gov/psdonline/downloads/
"Oilseed, Cottonseed",United States,1978,Crush,(1000 MT),3744.0,0,1,06,"USDA FAS PS&D (Production, Supply & Distribution)",https://apps.fas.usda.gov/psdonline/downloads/
"Oilseed, Cottonseed",United States,1979,Crush,(1000 MT),3840.0,0,1,06,"USDA FAS PS&D (Production, Supply & Distribution)",https://apps.fas.usda.gov/psdonline/downloads/
"Oilseed, Cottonseed",United States,1980,Crush,(1000 MT),3698.0,0,1,06,"USDA FAS PS&D (Production, Supply & Distribution)",https://apps.fas.usda.gov/psdonline/downloads/
"Oilseed, Cottonseed",United States,1981,Crush,(1000 MT),4150.0,0,1,06,"USDA FAS PS&D (Production, Supply & Distribution)",https://apps.fas.usda.gov/psdonline/downloads/
"Oilseed, Cottonseed",United States,1982,Crush,(1000 MT),3447.0,0,1,06,"USDA FAS PS&D (Production, Supply & Distribution)",https://apps.fas.usda.gov/psdonline/downloads/
"Oilseed, Cottonseed",United States,1983,Crush,(1000 MT),2343.0,0,1,06,"USDA FAS PS&D (Production, Supply & Distribution)",https://apps.fas.usda.gov/psdonline/downloads/
"Oilseed, Cottonseed",United States,1984,Crush,(1000 MT),3188.0,0,1,06,"USDA FAS PS&D (Production, Supply & Distribution)",https://apps.fas.usda.gov/psdonline/downloads/
"Oilseed, Cottonseed",United States,1985,Crush,(1000 MT),3100.0,0,1,06,"USDA FAS PS&D (Production, Supply & Distribution)",https://apps.fas.usda.gov/psdonline/downloads/
"Oilseed, Cottonseed",United States,1986,Crush,(1000 MT),2286.0,0,1,06,"USDA FAS PS&D (Production, Supply & Distribution)",https://apps.fas.usda.gov/psdonline/downloads/
"Oilseed, Cottonseed",United States,1987,Crush,(1000 MT),3081.0,0,1,06,"USDA FAS PS&D (Production, Supply & Distribution)",https://apps.fas.usda.gov/psdonline/downloads/
"Oilseed, Cottonseed",United States,1988,Crush,(1000 MT),3384.0,0,1,06,"USDA FAS PS&D (Production, Supply & Distribution)",https://apps.fas.usda.gov/psdonline/downloads/
"Oilseed, Cottonseed",United States,1989,Crush,(1000 MT),2698.0,0,1,08,"USDA FAS PS&D (Production, Supply & Distribution)",https://apps.fas.usda.gov/psdonline/downloads/
"Oilseed, Cottonseed",United States,1990,Crush,(1000 MT),3056.0,0,1,06,"USDA FAS PS&D (Production, Supply & Distribution)",https://apps.fas.usda.gov/psdonline/downloads/
"Oilseed, Cottonseed",United States,1991,Crush,(1000 MT),3612.0,0,1,08,"USDA FAS PS&D (Production, Supply & Distribution)",https://apps.fas.usda.gov/psdonline/downloads/
"Oilseed, Cottonseed",United States,1992,Crush,(1000 MT),3292.0,0,1,06,"USDA FAS PS&D (Production, Supply & Distribution)",https://apps.fas.usda.gov/psdonline/downloads/
"Oilseed, Cottonseed",United States,1993,Crush,(1000 MT),3148.0,0,1,08,"USDA FAS PS&D (Production, Supply & Distribution)",https://apps.fas.usda.gov/psdonline/downloads/
"Oilseed, Cottonseed",United States,1994,Crush,(1000 MT),3581.0,0,1,08,"USDA FAS PS&D (Production, Supply & Distribution)",https://apps.fas.usda.gov/psdonline/downloads/
"Oilseed, Cottonseed",United States,1995,Crush,(1000 MT),3522.0,0,1,08,"USDA FAS PS&D (Production, Supply & Distribution)",https://apps.fas.usda.gov/psdonline/downloads/
"Oilseed, Cottonseed",United States,1996,Crush,(1000 MT),3502.0,0,1,06,"USDA FAS PS&D (Production, Supply & Distribution)",https://apps.fas.usda.gov/psdonline/downloads/
"Oilseed, Cottonseed",United States,1997,Crush,(1000 MT),3528.0,0,1,08,"USDA FAS PS&D (Production, Supply & Distribution)",https://apps.fas.usda.gov/psdonline/downloads/
"Oilseed, Cottonseed",United States,1998,Crush,(1000 MT),2467.0,0,1,06,"USDA FAS PS&D (Production, Supply & Distribution)",https://apps.fas.usda.gov/psdonline/downloads/
"Oilseed, Cottonseed",United States,1999,Crush,(1000 MT),2780.0,0,1,06,"USDA FAS PS&D (Production, Supply & Distribution)",https://apps.fas.usda.gov/psdonline/downloads/
"Oilseed, Cottonseed",United States,2000,Crush,(1000 MT),2497.0,0,1,06,"USDA FAS PS&D (Production, Supply & Distribution)",https://apps.fas.usda.gov/psdonline/downloads/
"Oilseed, Cottonseed",United States,2001,Crush,(1000 MT),2532.0,0,1,09,"USDA FAS PS&D (Production, Supply & Distribution)",https://apps.fas.usda.gov/psdonline/downloads/
"Oilseed, Cottonseed",United States,2002,Crush,(1000 MT),2263.0,0,1,09,"USDA FAS PS&D (Production, Supply & Distribution)",https://apps.fas.usda.gov/psdonline/downloads/
"Oilseed, Cottonseed",United States,2003,Crush,(1000 MT),2397.0,0,1,08,"USDA FAS PS&D (Production, Supply & Distribution)",https://apps.fas.usda.gov/psdonline/downloads/
"Oilseed, Cottonseed",United States,2004,Crush,(1000 MT),2652.0,0,1,04,"USDA FAS PS&D (Production, Supply & Distribution)",https://apps.fas.usda.gov/psdonline/downloads/
"Oilseed, Cottonseed",United States,2005,Crush,(1000 MT),2731.0,0,1,04,"USDA FAS PS&D (Production, Supply & Distribution)",https://apps.fas.usda.gov/psdonline/downloads/
"Oilseed, Cottonseed",United States,2006,Crush,(1000 MT),2431.0,0,1,04,"USDA FAS PS&D (Production, Supply & Distribution)",https://apps.fas.usda.gov/psdonline/downloads/
"Oilseed, Cottonseed",United States,2007,Crush,(1000 MT),2456.0,0,1,05,"USDA FAS PS&D (Production, Supply & Distribution)",https://apps.fas.usda.gov/psdonline/downloads/
"Oilseed, Cottonseed",United States,2008,Crush,(1000 MT),2032.0,0,1,05,"USDA FAS PS&D (Production, Supply & Distribution)",https://apps.fas.usda.gov/psdonline/downloads/
"Oilseed, Cottonseed",United States,2009,Crush,(1000 MT),1724.0,0,1,03,"USDA FAS PS&D (Production, Supply & Distribution)",https://apps.fas.usda.gov/psdonline/downloads/
"Oilseed, Cottonseed",United States,2010,Crush,(1000 MT),2325.0,0,1,05,"USDA FAS PS&D (Production, Supply & Distribution)",https://apps.fas.usda.gov/psdonline/downloads/
"Oilseed, Cottonseed",United States,2011,Crush,(1000 MT),2177.0,0,1,12,"USDA FAS PS&D (Production, Supply & Distribution)",https://apps.fas.usda.gov/psdonline/downloads/
"Oilseed, Cottonseed",United States,2012,Crush,(1000 MT),2268.0,0,1,12,"USDA FAS PS&D (Production, Supply & Distribution)",https://apps.fas.usda.gov/psdonline/downloads/
"Oilseed, Cottonseed",United States,2013,Crush,(1000 MT),1814.0,0,1,02,"USDA FAS PS&D (Production, Supply & Distribution)",https://apps.fas.usda.gov/psdonline/downloads/
"Oilseed, Cottonseed",United States,2014,Crush,(1000 MT),1724.0,0,1,02,"USDA FAS PS&D (Production, Supply & Distribution)",https://apps.fas.usda.gov/psdonline/downloads/
"Oilseed, Cottonseed",United States,2015,Crush,(1000 MT),1361.0,0,1,05,"USDA FAS PS&D (Production, Supply & Distribution)",https://apps.fas.usda.gov/psdonline/downloads/
"Oilseed, Cottonseed",United States,2016,Crush,(1000 MT),1605.0,0,1,05,"USDA FAS PS&D (Production, Supply & Distribution)",https://apps.fas.usda.gov/psdonline/downloads/
"Oilseed, Cottonseed",United States,2017,Crush,(1000 MT),1682.0,0,1,07,"USDA FAS PS&D (Production, Supply & Distribution)",https://apps.fas.usda.gov/psdonline/downloads/
"Oilseed, Cottonseed",United States,2018,Crush,(1000 MT),1597.0,0,1,01,"USDA FAS PS&D (Production, Supply & Distribution)",https://apps.fas.usda.gov/psdonline/downloads/
"Oilseed, Cottonseed",United States,2019,Crush,(1000 MT),1553.0,0,1,01,"USDA FAS PS&D (Production, Supply & Distribution)",https://apps.fas.usda.gov/psdonline/downloads/
"Oilseed, Cottonseed",United States,2020,Crush,(1000 MT),1418.0,0,1,01,"USDA FAS PS&D (Production, Supply & Distribution)",https://apps.fas.usda.gov/psdonline/downloads/
"Oilseed, Cottonseed",United States,2021,Crush,(1000 MT),1412.0,0,1,07,"USDA FAS PS&D (Production, Supply & Distribution)",https://apps.fas.usda.gov/psdonline/downloads/
"Oilseed, Cottonseed",United States,2022,Crush,(1000 MT),1261.0,0,1,05,"USDA FAS PS&D (Production, Supply & Distribution)",https://apps.fas.usda.gov/psdonline/downloads/
"Oilseed, Cottonseed",United States,2023,Crush,(1000 MT),1245.0,0,1,08,"USDA FAS PS&D (Production, Supply & Distribution)",https://apps.fas.usda.gov/psdonline/downloads/
"Oilseed, Cottonseed",United States,2024,Crush,(1000 MT),1084.0,0,1,05,"USDA FAS PS&D (Production, Supply & Distribution)",https://apps.fas.usda.gov/psdonline/downloads/
"Oilseed, Cottonseed",United States,2025,Crush,(1000 MT),862.0,0,1,06,"USDA FAS PS&D (Production, Supply & Distribution)",https://apps.fas.usda.gov/psdonline/downloads/
"Oilseed, Cottonseed",United States,2026,Crush,(1000 MT),907.0,0,1,06,"USDA FAS PS&D (Production, Supply & Distribution)",https://apps.fas.usda.gov/psdonline/downloads/
"Oilseed, Cottonseed",United States,1969,Domestic Consumption,(1000 MT),3740.0,0,1,06,"USDA FAS PS&D (Production, Supply & Distribution)",https://apps.fas.usda.gov/psdonline/downloads/
"Oilseed, Cottonseed",United States,1970,Domestic Consumption,(1000 MT),3530.0,0,1,06,"USDA FAS PS&D (Production, Supply & Distribution)",https://apps.fas.usda.gov/psdonline/downloads/
"Oilseed, Cottonseed",United States,1971,Domestic Consumption,(1000 MT),3827.0,0,1,06,"USDA FAS PS&D (Production, Supply & Distribution)",https://apps.fas.usda.gov/psdonline/downloads/
"Oilseed, Cottonseed",United States,1972,Domestic Consumption,(1000 MT),4635.0,0,1,06,"USDA FAS PS&D (Production, Supply & Distribution)",https://apps.fas.usda.gov/psdonline/downloads/
"Oilseed, Cottonseed",United States,1973,Domestic Consumption,(1000 MT),4532.0,0,1,06,"USDA FAS PS&D (Production, Supply & Distribution)",https://apps.fas.usda.gov/psdonline/downloads/
"Oilseed, Cottonseed",United States,1974,Domestic Consumption,(1000 MT),4017.0,0,1,06,"USDA FAS PS&D (Production, Supply & Distribution)",https://apps.fas.usda.gov/psdonline/downloads/
"Oilseed, Cottonseed",United States,1975,Domestic Consumption,(1000 MT),3183.0,0,1,06,"USDA FAS PS&D (Production, Supply & Distribution)",https://apps.fas.usda.gov/psdonline/downloads/
"Oilseed, Cottonseed",United States,1976,Domestic Consumption,(1000 MT),3642.0,0,1,06,"USDA FAS PS&D (Production, Supply & Distribution)",https://apps.fas.usda.gov/psdonline/downloads/
"Oilseed, Cottonseed",United States,1977,Domestic Consumption,(1000 MT),4488.0,0,1,06,"USDA FAS PS&D (Production, Supply & Distribution)",https://apps.fas.usda.gov/psdonline/downloads/
"Oilseed, Cottonseed",United States,1978,Domestic Consumption,(1000 MT),4127.0,0,1,06,"USDA FAS PS&D (Production, Supply & Distribution)",https://apps.fas.usda.gov/psdonline/downloads/
"Oilseed, Cottonseed",United States,1979,Domestic Consumption,(1000 MT),4669.0,0,1,06,"USDA FAS PS&D (Production, Supply & Distribution)",https://apps.fas.usda.gov/psdonline/downloads/
"Oilseed, Cottonseed",United States,1980,Domestic Consumption,(1000 MT),4534.0,0,1,06,"USDA FAS PS&D (Production, Supply & Distribution)",https://apps.fas.usda.gov/psdonline/downloads/
"Oilseed, Cottonseed",United States,1981,Domestic Consumption,(1000 MT),5415.0,0,1,06,"USDA FAS PS&D (Production, Supply & Distribution)",https://apps.fas.usda.gov/psdonline/downloads/
"Oilseed, Cottonseed",United States,1982,Domestic Consumption,(1000 MT),4664.0,0,1,06,"USDA FAS PS&D (Production, Supply & Distribution)",https://apps.fas.usda.gov/psdonline/downloads/
"Oilseed, Cottonseed",United States,1983,Domestic Consumption,(1000 MT),2978.0,0,1,06,"USDA FAS PS&D (Production, Supply & Distribution)",https://apps.fas.usda.gov/psdonline/downloads/
"Oilseed, Cottonseed",United States,1984,Domestic Consumption,(1000 MT),4354.0,0,1,06,"USDA FAS PS&D (Production, Supply & Distribution)",https://apps.fas.usda.gov/psdonline/downloads/
"Oilseed, Cottonseed",United States,1985,Domestic Consumption,(1000 MT),4834.0,0,1,06,"USDA FAS PS&D (Production, Supply & Distribution)",https://apps.fas.usda.gov/psdonline/downloads/
"Oilseed, Cottonseed",United States,1986,Domestic Consumption,(1000 MT),3577.0,0,1,06,"USDA FAS PS&D (Production, Supply & Distribution)",https://apps.fas.usda.gov/psdonline/downloads/
"Oilseed, Cottonseed",United States,1987,Domestic Consumption,(1000 MT),5036.0,0,1,06,"USDA FAS PS&D (Production, Supply & Distribution)",https://apps.fas.usda.gov/psdonline/downloads/
"Oilseed, Cottonseed",United States,1988,Domestic Consumption,(1000 MT),5190.0,0,1,06,"USDA FAS PS&D (Production, Supply & Distribution)",https://apps.fas.usda.gov/psdonline/downloads/
"Oilseed, Cottonseed",United States,1989,Domestic Consumption,(1000 MT),4473.0,0,1,08,"USDA FAS PS&D (Production, Supply & Distribution)",https://apps.fas.usda.gov/psdonline/downloads/
"Oilseed, Cottonseed",United States,1990,Domestic Consumption,(1000 MT),5111.0,0,1,06,"USDA FAS PS&D (Production, Supply & Distribution)",https://apps.fas.usda.gov/psdonline/downloads/
"Oilseed, Cottonseed",United States,1991,Domestic Consumption,(1000 MT),6312.0,0,1,08,"USDA FAS PS&D (Production, Supply & Distribution)",https://apps.fas.usda.gov/psdonline/downloads/
"Oilseed, Cottonseed",United States,1992,Domestic Consumption,(1000 MT),5564.0,0,1,06,"USDA FAS PS&D (Production, Supply & Distribution)",https://apps.fas.usda.gov/psdonline/downloads/
"Oilseed, Cottonseed",United States,1993,Domestic Consumption,(1000 MT),5550.0,0,1,08,"USDA FAS PS&D (Production, Supply & Distribution)",https://apps.fas.usda.gov/psdonline/downloads/
"Oilseed, Cottonseed",United States,1994,Domestic Consumption,(1000 MT),6580.0,0,1,08,"USDA FAS PS&D (Production, Supply & Distribution)",https://apps.fas.usda.gov/psdonline/downloads/
"Oilseed, Cottonseed",United States,1995,Domestic Consumption,(1000 MT),6142.0,0,1,08,"USDA FAS PS&D (Production, Supply & Distribution)",https://apps.fas.usda.gov/psdonline/downloads/
"Oilseed, Cottonseed",United States,1996,Domestic Consumption,(1000 MT),6389.0,0,1,06,"USDA FAS PS&D (Production, Supply & Distribution)",https://apps.fas.usda.gov/psdonline/downloads/
"Oilseed, Cottonseed",United States,1997,Domestic Consumption,(1000 MT),6207.0,0,1,08,"USDA FAS PS&D (Production, Supply & Distribution)",https://apps.fas.usda.gov/psdonline/downloads/
"Oilseed, Cottonseed",United States,1998,Domestic Consumption,(1000 MT),5147.0,0,1,06,"USDA FAS PS&D (Production, Supply & Distribution)",https://apps.fas.usda.gov/psdonline/downloads/
"Oilseed, Cottonseed",United States,1999,Domestic Consumption,(1000 MT),5973.0,0,1,06,"USDA FAS PS&D (Production, Supply & Distribution)",https://apps.fas.usda.gov/psdonline/downloads/
"Oilseed, Cottonseed",United States,2000,Domestic Consumption,(1000 MT),5827.0,0,1,06,"USDA FAS PS&D (Production, Supply & Distribution)",https://apps.fas.usda.gov/psdonline/downloads/
"Oilseed, Cottonseed",United States,2001,Domestic Consumption,(1000 MT),6832.0,0,1,09,"USDA FAS PS&D (Production, Supply & Distribution)",https://apps.fas.usda.gov/psdonline/downloads/
"Oilseed, Cottonseed",United States,2002,Domestic Consumption,(1000 MT),5418.0,0,1,09,"USDA FAS PS&D (Production, Supply & Distribution)",https://apps.fas.usda.gov/psdonline/downloads/
"Oilseed, Cottonseed",United States,2003,Domestic Consumption,(1000 MT),5658.0,0,1,08,"USDA FAS PS&D (Production, Supply & Distribution)",https://apps.fas.usda.gov/psdonline/downloads/
"Oilseed, Cottonseed",United States,2004,Domestic Consumption,(1000 MT),6939.0,0,1,04,"USDA FAS PS&D (Production, Supply & Distribution)",https://apps.fas.usda.gov/psdonline/downloads/
"Oilseed, Cottonseed",United States,2005,Domestic Consumption,(1000 MT),6931.0,0,1,04,"USDA FAS PS&D (Production, Supply & Distribution)",https://apps.fas.usda.gov/psdonline/downloads/
"Oilseed, Cottonseed",United States,2006,Domestic Consumption,(1000 MT),6209.0,0,1,04,"USDA FAS PS&D (Production, Supply & Distribution)",https://apps.fas.usda.gov/psdonline/downloads/
"Oilseed, Cottonseed",United States,2007,Domestic Consumption,(1000 MT),5296.0,0,1,05,"USDA FAS PS&D (Production, Supply & Distribution)",https://apps.fas.usda.gov/psdonline/downloads/
"Oilseed, Cottonseed",United States,2008,Domestic Consumption,(1000 MT),3846.0,0,1,05,"USDA FAS PS&D (Production, Supply & Distribution)",https://apps.fas.usda.gov/psdonline/downloads/
"Oilseed, Cottonseed",United States,2009,Domestic Consumption,(1000 MT),3674.0,0,1,03,"USDA FAS PS&D (Production, Supply & Distribution)",https://apps.fas.usda.gov/psdonline/downloads/
"Oilseed, Cottonseed",United States,2010,Domestic Consumption,(1000 MT),5030.0,0,1,05,"USDA FAS PS&D (Production, Supply & Distribution)",https://apps.fas.usda.gov/psdonline/downloads/
"Oilseed, Cottonseed",United States,2011,Domestic Consumption,(1000 MT),4987.0,0,1,12,"USDA FAS PS&D (Production, Supply & Distribution)",https://apps.fas.usda.gov/psdonline/downloads/
"Oilseed, Cottonseed",United States,2012,Domestic Consumption,(1000 MT),4910.0,0,1,12,"USDA FAS PS&D (Production, Supply & Distribution)",https://apps.fas.usda.gov/psdonline/downloads/
"Oilseed, Cottonseed",United States,2013,Domestic Consumption,(1000 MT),3756.0,0,1,02,"USDA FAS PS&D (Production, Supply & Distribution)",https://apps.fas.usda.gov/psdonline/downloads/
"Oilseed, Cottonseed",United States,2014,Domestic Consumption,(1000 MT),4485.0,0,1,02,"USDA FAS PS&D (Production, Supply & Distribution)",https://apps.fas.usda.gov/psdonline/downloads/
"Oilseed, Cottonseed",United States,2015,Domestic Consumption,(1000 MT),3601.0,0,1,05,"USDA FAS PS&D (Production, Supply & Distribution)",https://apps.fas.usda.gov/psdonline/downloads/
"Oilseed, Cottonseed",United States,2016,Domestic Consumption,(1000 MT),4599.0,0,1,05,"USDA FAS PS&D (Production, Supply & Distribution)",https://apps.fas.usda.gov/psdonline/downloads/
"Oilseed, Cottonseed",United States,2017,Domestic Consumption,(1000 MT),5346.0,0,1,07,"USDA FAS PS&D (Production, Supply & Distribution)",https://apps.fas.usda.gov/psdonline/downloads/
"Oilseed, Cottonseed",United States,2018,Domestic Consumption,(1000 MT),4734.0,0,1,01,"USDA FAS PS&D (Production, Supply & Distribution)",https://apps.fas.usda.gov/psdonline/downloads/
"Oilseed, Cottonseed",United States,2019,Domestic Consumption,(1000 MT),5104.0,0,1,01,"USDA FAS PS&D (Production, Supply & Distribution)",https://apps.fas.usda.gov/psdonline/downloads/
"Oilseed, Cottonseed",United States,2020,Domestic Consumption,(1000 MT),3855.0,0,1,01,"USDA FAS PS&D (Production, Supply & Distribution)",https://apps.fas.usda.gov/psdonline/downloads/
"Oilseed, Cottonseed",United States,2021,Domestic Consumption,(1000 MT),4585.0,0,1,07,"USDA FAS PS&D (Production, Supply & Distribution)",https://apps.fas.usda.gov/psdonline/downloads/
"Oilseed, Cottonseed",United States,2022,Domestic Consumption,(1000 MT),3938.0,0,1,05,"USDA FAS PS&D (Production, Supply & Distribution)",https://apps.fas.usda.gov/psdonline/downloads/
"Oilseed, Cottonseed",United States,2023,Domestic Consumption,(1000 MT),2989.0,0,1,08,"USDA FAS PS&D (Production, Supply & Distribution)",https://apps.fas.usda.gov/psdonline/downloads/
"Oilseed, Cottonseed",United States,2024,Domestic Consumption,(1000 MT),3691.0,0,1,05,"USDA FAS PS&D (Production, Supply & Distribution)",https://apps.fas.usda.gov/psdonline/downloads/
"Oilseed, Cottonseed",United States,2025,Domestic Consumption,(1000 MT),3575.0,0,1,06,"USDA FAS PS&D (Production, Supply & Distribution)",https://apps.fas.usda.gov/psdonline/downloads/
"Oilseed, Cottonseed",United States,2026,Domestic Consumption,(1000 MT),3501.0,0,1,06,"USDA FAS PS&D (Production, Supply & Distribution)",https://apps.fas.usda.gov/psdonline/downloads/
"Oilseed, Cottonseed",United States,1969,Ending Stocks,(1000 MT),73.0,0,1,06,"USDA FAS PS&D (Production, Supply & Distribution)",https://apps.fas.usda.gov/psdonline/downloads/
"Oilseed, Cottonseed",United States,1970,Ending Stocks,(1000 MT),198.0,0,1,06,"USDA FAS PS&D (Production, Supply & Distribution)",https://apps.fas.usda.gov/psdonline/downloads/
"Oilseed, Cottonseed",United States,1971,Ending Stocks,(1000 MT),213.0,0,1,06,"USDA FAS PS&D (Production, Supply & Distribution)",https://apps.fas.usda.gov/psdonline/downloads/
"Oilseed, Cottonseed",United States,1972,Ending Stocks,(1000 MT),461.0,0,1,06,"USDA FAS PS&D (Production, Supply & Distribution)",https://apps.fas.usda.gov/psdonline/downloads/
"Oilseed, Cottonseed",United States,1973,Ending Stocks,(1000 MT),435.0,0,1,06,"USDA FAS PS&D (Production, Supply & Distribution)",https://apps.fas.usda.gov/psdonline/downloads/
"Oilseed, Cottonseed",United States,1974,Ending Stocks,(1000 MT),503.0,0,1,06,"USDA FAS PS&D (Production, Supply & Distribution)",https://apps.fas.usda.gov/psdonline/downloads/
"Oilseed, Cottonseed",United States,1975,Ending Stocks,(1000 MT),184.0,0,1,06,"USDA FAS PS&D (Production, Supply & Distribution)",https://apps.fas.usda.gov/psdonline/downloads/
"Oilseed, Cottonseed",United States,1976,Ending Stocks,(1000 MT),257.0,0,1,06,"USDA FAS PS&D (Production, Supply & Distribution)",https://apps.fas.usda.gov/psdonline/downloads/
"Oilseed, Cottonseed",United States,1977,Ending Stocks,(1000 MT),741.0,0,1,06,"USDA FAS PS&D (Production, Supply & Distribution)",https://apps.fas.usda.gov/psdonline/downloads/
"Oilseed, Cottonseed",United States,1978,Ending Stocks,(1000 MT),472.0,0,1,06,"USDA FAS PS&D (Production, Supply & Distribution)",https://apps.fas.usda.gov/psdonline/downloads/
"Oilseed, Cottonseed",United States,1979,Ending Stocks,(1000 MT),960.0,0,1,06,"USDA FAS PS&D (Production, Supply & Distribution)",https://apps.fas.usda.gov/psdonline/downloads/
"Oilseed, Cottonseed",United States,1980,Ending Stocks,(1000 MT),361.0,0,1,06,"USDA FAS PS&D (Production, Supply & Distribution)",https://apps.fas.usda.gov/psdonline/downloads/
"Oilseed, Cottonseed",United States,1981,Ending Stocks,(1000 MT),708.0,0,1,06,"USDA FAS PS&D (Production, Supply & Distribution)",https://apps.fas.usda.gov/psdonline/downloads/
"Oilseed, Cottonseed",United States,1982,Ending Stocks,(1000 MT),337.0,0,1,06,"USDA FAS PS&D (Production, Supply & Distribution)",https://apps.fas.usda.gov/psdonline/downloads/
"Oilseed, Cottonseed",United States,1983,Ending Stocks,(1000 MT),105.0,0,1,06,"USDA FAS PS&D (Production, Supply & Distribution)",https://apps.fas.usda.gov/psdonline/downloads/
"Oilseed, Cottonseed",United States,1984,Ending Stocks,(1000 MT),368.0,0,1,06,"USDA FAS PS&D (Production, Supply & Distribution)",https://apps.fas.usda.gov/psdonline/downloads/
"Oilseed, Cottonseed",United States,1985,Ending Stocks,(1000 MT),315.0,0,1,06,"USDA FAS PS&D (Production, Supply & Distribution)",https://apps.fas.usda.gov/psdonline/downloads/
"Oilseed, Cottonseed",United States,1986,Ending Stocks,(1000 MT),171.0,0,1,06,"USDA FAS PS&D (Production, Supply & Distribution)",https://apps.fas.usda.gov/psdonline/downloads/
"Oilseed, Cottonseed",United States,1987,Ending Stocks,(1000 MT),326.0,0,1,06,"USDA FAS PS&D (Production, Supply & Distribution)",https://apps.fas.usda.gov/psdonline/downloads/
"Oilseed, Cottonseed",United States,1988,Ending Stocks,(1000 MT),603.0,0,1,06,"USDA FAS PS&D (Production, Supply & Distribution)",https://apps.fas.usda.gov/psdonline/downloads/
"Oilseed, Cottonseed",United States,1989,Ending Stocks,(1000 MT),332.0,0,1,08,"USDA FAS PS&D (Production, Supply & Distribution)",https://apps.fas.usda.gov/psdonline/downloads/
"Oilseed, Cottonseed",United States,1990,Ending Stocks,(1000 MT),591.0,0,1,06,"USDA FAS PS&D (Production, Supply & Distribution)",https://apps.fas.usda.gov/psdonline/downloads/
"Oilseed, Cottonseed",United States,1991,Ending Stocks,(1000 MT),417.0,0,1,08,"USDA FAS PS&D (Production, Supply & Distribution)",https://apps.fas.usda.gov/psdonline/downloads/
"Oilseed, Cottonseed",United States,1992,Ending Stocks,(1000 MT),331.0,0,1,06,"USDA FAS PS&D (Production, Supply & Distribution)",https://apps.fas.usda.gov/psdonline/downloads/
"Oilseed, Cottonseed",United States,1993,Ending Stocks,(1000 MT),392.0,0,1,08,"USDA FAS PS&D (Production, Supply & Distribution)",https://apps.fas.usda.gov/psdonline/downloads/
"Oilseed, Cottonseed",United States,1994,Ending Stocks,(1000 MT),499.0,0,1,08,"USDA FAS PS&D (Production, Supply & Distribution)",https://apps.fas.usda.gov/psdonline/downloads/
"Oilseed, Cottonseed",United States,1995,Ending Stocks,(1000 MT),469.0,0,1,08,"USDA FAS PS&D (Production, Supply & Distribution)",https://apps.fas.usda.gov/psdonline/downloads/
"Oilseed, Cottonseed",United States,1996,Ending Stocks,(1000 MT),474.0,0,1,06,"USDA FAS PS&D (Production, Supply & Distribution)",https://apps.fas.usda.gov/psdonline/downloads/
"Oilseed, Cottonseed",United States,1997,Ending Stocks,(1000 MT),511.0,0,1,08,"USDA FAS PS&D (Production, Supply & Distribution)",https://apps.fas.usda.gov/psdonline/downloads/
"Oilseed, Cottonseed",United States,1998,Ending Stocks,(1000 MT),357.0,0,1,06,"USDA FAS PS&D (Production, Supply & Distribution)",https://apps.fas.usda.gov/psdonline/downloads/
"Oilseed, Cottonseed",United States,1999,Ending Stocks,(1000 MT),248.0,0,1,06,"USDA FAS PS&D (Production, Supply & Distribution)",https://apps.fas.usda.gov/psdonline/downloads/
"Oilseed, Cottonseed",United States,2000,Ending Stocks,(1000 MT),385.0,0,1,06,"USDA FAS PS&D (Production, Supply & Distribution)",https://apps.fas.usda.gov/psdonline/downloads/
"Oilseed, Cottonseed",United States,2001,Ending Stocks,(1000 MT),363.0,0,1,09,"USDA FAS PS&D (Production, Supply & Distribution)",https://apps.fas.usda.gov/psdonline/downloads/
"Oilseed, Cottonseed",United States,2002,Ending Stocks,(1000 MT),314.0,0,1,09,"USDA FAS PS&D (Production, Supply & Distribution)",https://apps.fas.usda.gov/psdonline/downloads/
"Oilseed, Cottonseed",United States,2003,Ending Stocks,(1000 MT),382.0,0,1,08,"USDA FAS PS&D (Production, Supply & Distribution)",https://apps.fas.usda.gov/psdonline/downloads/
"Oilseed, Cottonseed",United States,2004,Ending Stocks,(1000 MT),537.0,0,1,04,"USDA FAS PS&D (Production, Supply & Distribution)",https://apps.fas.usda.gov/psdonline/downloads/
"Oilseed, Cottonseed",United States,2005,Ending Stocks,(1000 MT),546.0,0,1,04,"USDA FAS PS&D (Production, Supply & Distribution)",https://apps.fas.usda.gov/psdonline/downloads/
"Oilseed, Cottonseed",United States,2006,Ending Stocks,(1000 MT),444.0,0,1,04,"USDA FAS PS&D (Production, Supply & Distribution)",https://apps.fas.usda.gov/psdonline/downloads/
"Oilseed, Cottonseed",United States,2007,Ending Stocks,(1000 MT),583.0,0,1,05,"USDA FAS PS&D (Production, Supply & Distribution)",https://apps.fas.usda.gov/psdonline/downloads/
"Oilseed, Cottonseed",United States,2008,Ending Stocks,(1000 MT),466.0,0,1,05,"USDA FAS PS&D (Production, Supply & Distribution)",https://apps.fas.usda.gov/psdonline/downloads/
"Oilseed, Cottonseed",United States,2009,Ending Stocks,(1000 MT),310.0,0,1,03,"USDA FAS PS&D (Production, Supply & Distribution)",https://apps.fas.usda.gov/psdonline/downloads/
"Oilseed, Cottonseed",United States,2010,Ending Stocks,(1000 MT),560.0,0,1,05,"USDA FAS PS&D (Production, Supply & Distribution)",https://apps.fas.usda.gov/psdonline/downloads/
"Oilseed, Cottonseed",United States,2011,Ending Stocks,(1000 MT),390.0,0,1,12,"USDA FAS PS&D (Production, Supply & Distribution)",https://apps.fas.usda.gov/psdonline/downloads/
"Oilseed, Cottonseed",United States,2012,Ending Stocks,(1000 MT),446.0,0,1,12,"USDA FAS PS&D (Production, Supply & Distribution)",https://apps.fas.usda.gov/psdonline/downloads/
"Oilseed, Cottonseed",United States,2013,Ending Stocks,(1000 MT),386.0,0,1,02,"USDA FAS PS&D (Production, Supply & Distribution)",https://apps.fas.usda.gov/psdonline/downloads/
"Oilseed, Cottonseed",United States,2014,Ending Stocks,(1000 MT),397.0,0,1,02,"USDA FAS PS&D (Production, Supply & Distribution)",https://apps.fas.usda.gov/psdonline/downloads/
"Oilseed, Cottonseed",United States,2015,Ending Stocks,(1000 MT),355.0,0,1,05,"USDA FAS PS&D (Production, Supply & Distribution)",https://apps.fas.usda.gov/psdonline/downloads/
"Oilseed, Cottonseed",United States,2016,Ending Stocks,(1000 MT),363.0,0,1,05,"USDA FAS PS&D (Production, Supply & Distribution)",https://apps.fas.usda.gov/psdonline/downloads/
"Oilseed, Cottonseed",United States,2017,Ending Stocks,(1000 MT),409.0,0,1,07,"USDA FAS PS&D (Production, Supply & Distribution)",https://apps.fas.usda.gov/psdonline/downloads/
"Oilseed, Cottonseed",United States,2018,Ending Stocks,(1000 MT),433.0,0,1,01,"USDA FAS PS&D (Production, Supply & Distribution)",https://apps.fas.usda.gov/psdonline/downloads/
"Oilseed, Cottonseed",United States,2019,Ending Stocks,(1000 MT),414.0,0,1,01,"USDA FAS PS&D (Production, Supply & Distribution)",https://apps.fas.usda.gov/psdonline/downloads/
"Oilseed, Cottonseed",United States,2020,Ending Stocks,(1000 MT),359.0,0,1,01,"USDA FAS PS&D (Production, Supply & Distribution)",https://apps.fas.usda.gov/psdonline/downloads/
"Oilseed, Cottonseed",United States,2021,Ending Stocks,(1000 MT),359.0,0,1,07,"USDA FAS PS&D (Production, Supply & Distribution)",https://apps.fas.usda.gov/psdonline/downloads/
"Oilseed, Cottonseed",United States,2022,Ending Stocks,(1000 MT),350.0,0,1,05,"USDA FAS PS&D (Production, Supply & Distribution)",https://apps.fas.usda.gov/psdonline/downloads/
"Oilseed, Cottonseed",United States,2023,Ending Stocks,(1000 MT),336.0,0,1,08,"USDA FAS PS&D (Production, Supply & Distribution)",https://apps.fas.usda.gov/psdonline/downloads/
"Oilseed, Cottonseed",United States,2024,Ending Stocks,(1000 MT),363.0,0,1,05,"USDA FAS PS&D (Production, Supply & Distribution)",https://apps.fas.usda.gov/psdonline/downloads/
"Oilseed, Cottonseed",United States,2025,Ending Stocks,(1000 MT),354.0,0,1,06,"USDA FAS PS&D (Production, Supply & Distribution)",https://apps.fas.usda.gov/psdonline/downloads/
"Oilseed, Cottonseed",United States,2026,Ending Stocks,(1000 MT),336.0,0,1,06,"USDA FAS PS&D (Production, Supply & Distribution)",https://apps.fas.usda.gov/psdonline/downloads/
"Oilseed, Cottonseed",United States,1969,Exports,(1000 MT),21.0,0,1,06,"USDA FAS PS&D (Production, Supply & Distribution)",https://apps.fas.usda.gov/psdonline/downloads/
"Oilseed, Cottonseed",United States,1970,Exports,(1000 MT),35.0,0,1,06,"USDA FAS PS&D (Production, Supply & Distribution)",https://apps.fas.usda.gov/psdonline/downloads/
"Oilseed, Cottonseed",United States,1971,Exports,(1000 MT),4.0,0,1,06,"USDA FAS PS&D (Production, Supply & Distribution)",https://apps.fas.usda.gov/psdonline/downloads/
"Oilseed, Cottonseed",United States,1972,Exports,(1000 MT),9.0,0,1,06,"USDA FAS PS&D (Production, Supply & Distribution)",https://apps.fas.usda.gov/psdonline/downloads/
"Oilseed, Cottonseed",United States,1973,Exports,(1000 MT),44.0,0,1,06,"USDA FAS PS&D (Production, Supply & Distribution)",https://apps.fas.usda.gov/psdonline/downloads/
"Oilseed, Cottonseed",United States,1974,Exports,(1000 MT),6.0,0,1,06,"USDA FAS PS&D (Production, Supply & Distribution)",https://apps.fas.usda.gov/psdonline/downloads/
"Oilseed, Cottonseed",United States,1975,Exports,(1000 MT),55.0,0,1,06,"USDA FAS PS&D (Production, Supply & Distribution)",https://apps.fas.usda.gov/psdonline/downloads/
"Oilseed, Cottonseed",United States,1976,Exports,(1000 MT),24.0,0,1,06,"USDA FAS PS&D (Production, Supply & Distribution)",https://apps.fas.usda.gov/psdonline/downloads/
"Oilseed, Cottonseed",United States,1977,Exports,(1000 MT),37.0,0,1,06,"USDA FAS PS&D (Production, Supply & Distribution)",https://apps.fas.usda.gov/psdonline/downloads/
"Oilseed, Cottonseed",United States,1978,Exports,(1000 MT),15.0,0,1,06,"USDA FAS PS&D (Production, Supply & Distribution)",https://apps.fas.usda.gov/psdonline/downloads/
"Oilseed, Cottonseed",United States,1979,Exports,(1000 MT),85.0,0,1,06,"USDA FAS PS&D (Production, Supply & Distribution)",https://apps.fas.usda.gov/psdonline/downloads/
"Oilseed, Cottonseed",United States,1980,Exports,(1000 MT),121.0,0,1,06,"USDA FAS PS&D (Production, Supply & Distribution)",https://apps.fas.usda.gov/psdonline/downloads/
"Oilseed, Cottonseed",United States,1981,Exports,(1000 MT),41.0,0,1,06,"USDA FAS PS&D (Production, Supply & Distribution)",https://apps.fas.usda.gov/psdonline/downloads/
"Oilseed, Cottonseed",United States,1982,Exports,(1000 MT),11.0,0,1,06,"USDA FAS PS&D (Production, Supply & Distribution)",https://apps.fas.usda.gov/psdonline/downloads/
"Oilseed, Cottonseed",United States,1983,Exports,(1000 MT),45.0,0,1,06,"USDA FAS PS&D (Production, Supply & Distribution)",https://apps.fas.usda.gov/psdonline/downloads/
"Oilseed, Cottonseed",United States,1984,Exports,(1000 MT),54.0,0,1,06,"USDA FAS PS&D (Production, Supply & Distribution)",https://apps.fas.usda.gov/psdonline/downloads/
"Oilseed, Cottonseed",United States,1985,Exports,(1000 MT),8.0,0,1,06,"USDA FAS PS&D (Production, Supply & Distribution)",https://apps.fas.usda.gov/psdonline/downloads/
"Oilseed, Cottonseed",United States,1986,Exports,(1000 MT),15.0,0,1,06,"USDA FAS PS&D (Production, Supply & Distribution)",https://apps.fas.usda.gov/psdonline/downloads/
"Oilseed, Cottonseed",United States,1987,Exports,(1000 MT),45.0,0,1,06,"USDA FAS PS&D (Production, Supply & Distribution)",https://apps.fas.usda.gov/psdonline/downloads/
"Oilseed, Cottonseed",United States,1988,Exports,(1000 MT),35.0,0,1,06,"USDA FAS PS&D (Production, Supply & Distribution)",https://apps.fas.usda.gov/psdonline/downloads/
"Oilseed, Cottonseed",United States,1989,Exports,(1000 MT),41.0,0,1,08,"USDA FAS PS&D (Production, Supply & Distribution)",https://apps.fas.usda.gov/psdonline/downloads/
"Oilseed, Cottonseed",United States,1990,Exports,(1000 MT),48.0,0,1,06,"USDA FAS PS&D (Production, Supply & Distribution)",https://apps.fas.usda.gov/psdonline/downloads/
"Oilseed, Cottonseed",United States,1991,Exports,(1000 MT),147.0,0,1,08,"USDA FAS PS&D (Production, Supply & Distribution)",https://apps.fas.usda.gov/psdonline/downloads/
"Oilseed, Cottonseed",United States,1992,Exports,(1000 MT),174.0,0,1,06,"USDA FAS PS&D (Production, Supply & Distribution)",https://apps.fas.usda.gov/psdonline/downloads/
"Oilseed, Cottonseed",United States,1993,Exports,(1000 MT),143.0,0,1,08,"USDA FAS PS&D (Production, Supply & Distribution)",https://apps.fas.usda.gov/psdonline/downloads/
"Oilseed, Cottonseed",United States,1994,Exports,(1000 MT),211.0,0,1,08,"USDA FAS PS&D (Production, Supply & Distribution)",https://apps.fas.usda.gov/psdonline/downloads/
"Oilseed, Cottonseed",United States,1995,Exports,(1000 MT),103.0,0,1,08,"USDA FAS PS&D (Production, Supply & Distribution)",https://apps.fas.usda.gov/psdonline/downloads/
"Oilseed, Cottonseed",United States,1996,Exports,(1000 MT),105.0,0,1,06,"USDA FAS PS&D (Production, Supply & Distribution)",https://apps.fas.usda.gov/psdonline/downloads/
"Oilseed, Cottonseed",United States,1997,Exports,(1000 MT),135.0,0,1,08,"USDA FAS PS&D (Production, Supply & Distribution)",https://apps.fas.usda.gov/psdonline/downloads/
"Oilseed, Cottonseed",United States,1998,Exports,(1000 MT),62.0,0,1,06,"USDA FAS PS&D (Production, Supply & Distribution)",https://apps.fas.usda.gov/psdonline/downloads/
"Oilseed, Cottonseed",United States,1999,Exports,(1000 MT),180.0,0,1,06,"USDA FAS PS&D (Production, Supply & Distribution)",https://apps.fas.usda.gov/psdonline/downloads/
"Oilseed, Cottonseed",United States,2000,Exports,(1000 MT),213.0,0,1,06,"USDA FAS PS&D (Production, Supply & Distribution)",https://apps.fas.usda.gov/psdonline/downloads/
"Oilseed, Cottonseed",United States,2001,Exports,(1000 MT),248.0,0,1,09,"USDA FAS PS&D (Production, Supply & Distribution)",https://apps.fas.usda.gov/psdonline/downloads/
"Oilseed, Cottonseed",United States,2002,Exports,(1000 MT),335.0,0,1,09,"USDA FAS PS&D (Production, Supply & Distribution)",https://apps.fas.usda.gov/psdonline/downloads/
"Oilseed, Cottonseed",United States,2003,Exports,(1000 MT),321.0,0,1,08,"USDA FAS PS&D (Production, Supply & Distribution)",https://apps.fas.usda.gov/psdonline/downloads/
"Oilseed, Cottonseed",United States,2004,Exports,(1000 MT),344.0,0,1,04,"USDA FAS PS&D (Production, Supply & Distribution)",https://apps.fas.usda.gov/psdonline/downloads/
"Oilseed, Cottonseed",United States,2005,Exports,(1000 MT),474.0,0,1,04,"USDA FAS PS&D (Production, Supply & Distribution)",https://apps.fas.usda.gov/psdonline/downloads/
"Oilseed, Cottonseed",United States,2006,Exports,(1000 MT),559.0,0,1,04,"USDA FAS PS&D (Production, Supply & Distribution)",https://apps.fas.usda.gov/psdonline/downloads/
"Oilseed, Cottonseed",United States,2007,Exports,(1000 MT),544.0,0,1,05,"USDA FAS PS&D (Production, Supply & Distribution)",https://apps.fas.usda.gov/psdonline/downloads/
"Oilseed, Cottonseed",United States,2008,Exports,(1000 MT),172.0,0,1,05,"USDA FAS PS&D (Production, Supply & Distribution)",https://apps.fas.usda.gov/psdonline/downloads/
"Oilseed, Cottonseed",United States,2009,Exports,(1000 MT),268.0,0,1,03,"USDA FAS PS&D (Production, Supply & Distribution)",https://apps.fas.usda.gov/psdonline/downloads/
"Oilseed, Cottonseed",United States,2010,Exports,(1000 MT),250.0,0,1,05,"USDA FAS PS&D (Production, Supply & Distribution)",https://apps.fas.usda.gov/psdonline/downloads/
"Oilseed, Cottonseed",United States,2011,Exports,(1000 MT),120.0,0,1,12,"USDA FAS PS&D (Production, Supply & Distribution)",https://apps.fas.usda.gov/psdonline/downloads/
"Oilseed, Cottonseed",United States,2012,Exports,(1000 MT),174.0,0,1,12,"USDA FAS PS&D (Production, Supply & Distribution)",https://apps.fas.usda.gov/psdonline/downloads/
"Oilseed, Cottonseed",United States,2013,Exports,(1000 MT),199.0,0,1,02,"USDA FAS PS&D (Production, Supply & Distribution)",https://apps.fas.usda.gov/psdonline/downloads/
"Oilseed, Cottonseed",United States,2014,Exports,(1000 MT),207.0,0,1,02,"USDA FAS PS&D (Production, Supply & Distribution)",https://apps.fas.usda.gov/psdonline/downloads/
"Oilseed, Cottonseed",United States,2015,Exports,(1000 MT),124.0,0,1,05,"USDA FAS PS&D (Production, Supply & Distribution)",https://apps.fas.usda.gov/psdonline/downloads/
"Oilseed, Cottonseed",United States,2016,Exports,(1000 MT),310.0,0,1,05,"USDA FAS PS&D (Production, Supply & Distribution)",https://apps.fas.usda.gov/psdonline/downloads/
"Oilseed, Cottonseed",United States,2017,Exports,(1000 MT),434.0,0,1,07,"USDA FAS PS&D (Production, Supply & Distribution)",https://apps.fas.usda.gov/psdonline/downloads/
"Oilseed, Cottonseed",United States,2018,Exports,(1000 MT),351.0,0,1,01,"USDA FAS PS&D (Production, Supply & Distribution)",https://apps.fas.usda.gov/psdonline/downloads/
"Oilseed, Cottonseed",United States,2019,Exports,(1000 MT),309.0,0,1,01,"USDA FAS PS&D (Production, Supply & Distribution)",https://apps.fas.usda.gov/psdonline/downloads/
"Oilseed, Cottonseed",United States,2020,Exports,(1000 MT),254.0,0,1,01,"USDA FAS PS&D (Production, Supply & Distribution)",https://apps.fas.usda.gov/psdonline/downloads/
"Oilseed, Cottonseed",United States,2021,Exports,(1000 MT),266.0,0,1,07,"USDA FAS PS&D (Production, Supply & Distribution)",https://apps.fas.usda.gov/psdonline/downloads/
"Oilseed, Cottonseed",United States,2022,Exports,(1000 MT),168.0,0,1,05,"USDA FAS PS&D (Production, Supply & Distribution)",https://apps.fas.usda.gov/psdonline/downloads/
"Oilseed, Cottonseed",United States,2023,Exports,(1000 MT),353.0,0,1,08,"USDA FAS PS&D (Production, Supply & Distribution)",https://apps.fas.usda.gov/psdonline/downloads/
"Oilseed, Cottonseed",United States,2024,Exports,(1000 MT),212.0,0,1,05,"USDA FAS PS&D (Production, Supply & Distribution)",https://apps.fas.usda.gov/psdonline/downloads/
"Oilseed, Cottonseed",United States,2025,Exports,(1000 MT),227.0,0,1,06,"USDA FAS PS&D (Production, Supply & Distribution)",https://apps.fas.usda.gov/psdonline/downloads/
"Oilseed, Cottonseed",United States,2026,Exports,(1000 MT),227.0,0,1,06,"USDA FAS PS&D (Production, Supply & Distribution)",https://apps.fas.usda.gov/psdonline/downloads/
"Oilseed, Cottonseed",United States,1969,Feed Waste Dom. Cons.,(1000 MT),179.0,0,1,06,"USDA FAS PS&D (Production, Supply & Distribution)",https://apps.fas.usda.gov/psdonline/downloads/
"Oilseed, Cottonseed",United States,1970,Feed Waste Dom. Cons.,(1000 MT),148.0,0,1,06,"USDA FAS PS&D (Production, Supply & Distribution)",https://apps.fas.usda.gov/psdonline/downloads/
"Oilseed, Cottonseed",United States,1971,Feed Waste Dom. Cons.,(1000 MT),235.0,0,1,06,"USDA FAS PS&D (Production, Supply & Distribution)",https://apps.fas.usda.gov/psdonline/downloads/
"Oilseed, Cottonseed",United States,1972,Feed Waste Dom. Cons.,(1000 MT),208.0,0,1,06,"USDA FAS PS&D (Production, Supply & Distribution)",https://apps.fas.usda.gov/psdonline/downloads/
"Oilseed, Cottonseed",United States,1973,Feed Waste Dom. Cons.,(1000 MT),185.0,0,1,06,"USDA FAS PS&D (Production, Supply & Distribution)",https://apps.fas.usda.gov/psdonline/downloads/
"Oilseed, Cottonseed",United States,1974,Feed Waste Dom. Cons.,(1000 MT),183.0,0,1,06,"USDA FAS PS&D (Production, Supply & Distribution)",https://apps.fas.usda.gov/psdonline/downloads/
"Oilseed, Cottonseed",United States,1975,Feed Waste Dom. Cons.,(1000 MT),505.0,0,1,06,"USDA FAS PS&D (Production, Supply & Distribution)",https://apps.fas.usda.gov/psdonline/downloads/
"Oilseed, Cottonseed",United States,1976,Feed Waste Dom. Cons.,(1000 MT),468.0,0,1,06,"USDA FAS PS&D (Production, Supply & Distribution)",https://apps.fas.usda.gov/psdonline/downloads/
"Oilseed, Cottonseed",United States,1977,Feed Waste Dom. Cons.,(1000 MT),575.0,0,1,06,"USDA FAS PS&D (Production, Supply & Distribution)",https://apps.fas.usda.gov/psdonline/downloads/
"Oilseed, Cottonseed",United States,1978,Feed Waste Dom. Cons.,(1000 MT),383.0,0,1,06,"USDA FAS PS&D (Production, Supply & Distribution)",https://apps.fas.usda.gov/psdonline/downloads/
"Oilseed, Cottonseed",United States,1979,Feed Waste Dom. Cons.,(1000 MT),829.0,0,1,06,"USDA FAS PS&D (Production, Supply & Distribution)",https://apps.fas.usda.gov/psdonline/downloads/
"Oilseed, Cottonseed",United States,1980,Feed Waste Dom. Cons.,(1000 MT),836.0,0,1,06,"USDA FAS PS&D (Production, Supply & Distribution)",https://apps.fas.usda.gov/psdonline/downloads/
"Oilseed, Cottonseed",United States,1981,Feed Waste Dom. Cons.,(1000 MT),1265.0,0,1,06,"USDA FAS PS&D (Production, Supply & Distribution)",https://apps.fas.usda.gov/psdonline/downloads/
"Oilseed, Cottonseed",United States,1982,Feed Waste Dom. Cons.,(1000 MT),1217.0,0,1,06,"USDA FAS PS&D (Production, Supply & Distribution)",https://apps.fas.usda.gov/psdonline/downloads/
"Oilseed, Cottonseed",United States,1983,Feed Waste Dom. Cons.,(1000 MT),635.0,0,1,06,"USDA FAS PS&D (Production, Supply & Distribution)",https://apps.fas.usda.gov/psdonline/downloads/
"Oilseed, Cottonseed",United States,1984,Feed Waste Dom. Cons.,(1000 MT),1166.0,0,1,06,"USDA FAS PS&D (Production, Supply & Distribution)",https://apps.fas.usda.gov/psdonline/downloads/
"Oilseed, Cottonseed",United States,1985,Feed Waste Dom. Cons.,(1000 MT),1734.0,0,1,06,"USDA FAS PS&D (Production, Supply & Distribution)",https://apps.fas.usda.gov/psdonline/downloads/
"Oilseed, Cottonseed",United States,1986,Feed Waste Dom. Cons.,(1000 MT),1291.0,0,1,06,"USDA FAS PS&D (Production, Supply & Distribution)",https://apps.fas.usda.gov/psdonline/downloads/
"Oilseed, Cottonseed",United States,1987,Feed Waste Dom. Cons.,(1000 MT),1955.0,0,1,06,"USDA FAS PS&D (Production, Supply & Distribution)",https://apps.fas.usda.gov/psdonline/downloads/
"Oilseed, Cottonseed",United States,1988,Feed Waste Dom. Cons.,(1000 MT),1806.0,0,1,06,"USDA FAS PS&D (Production, Supply & Distribution)",https://apps.fas.usda.gov/psdonline/downloads/
"Oilseed, Cottonseed",United States,1989,Feed Waste Dom. Cons.,(1000 MT),1775.0,0,1,08,"USDA FAS PS&D (Production, Supply & Distribution)",https://apps.fas.usda.gov/psdonline/downloads/
"Oilseed, Cottonseed",United States,1990,Feed Waste Dom. Cons.,(1000 MT),2055.0,0,1,06,"USDA FAS PS&D (Production, Supply & Distribution)",https://apps.fas.usda.gov/psdonline/downloads/
"Oilseed, Cottonseed",United States,1991,Feed Waste Dom. Cons.,(1000 MT),2700.0,0,1,08,"USDA FAS PS&D (Production, Supply & Distribution)",https://apps.fas.usda.gov/psdonline/downloads/
"Oilseed, Cottonseed",United States,1992,Feed Waste Dom. Cons.,(1000 MT),2272.0,0,1,06,"USDA FAS PS&D (Production, Supply & Distribution)",https://apps.fas.usda.gov/psdonline/downloads/
"Oilseed, Cottonseed",United States,1993,Feed Waste Dom. Cons.,(1000 MT),2402.0,0,1,08,"USDA FAS PS&D (Production, Supply & Distribution)",https://apps.fas.usda.gov/psdonline/downloads/
"Oilseed, Cottonseed",United States,1994,Feed Waste Dom. Cons.,(1000 MT),2999.0,0,1,08,"USDA FAS PS&D (Production, Supply & Distribution)",https://apps.fas.usda.gov/psdonline/downloads/
"Oilseed, Cottonseed",United States,1995,Feed Waste Dom. Cons.,(1000 MT),2620.0,0,1,08,"USDA FAS PS&D (Production, Supply & Distribution)",https://apps.fas.usda.gov/psdonline/downloads/
"Oilseed, Cottonseed",United States,1996,Feed Waste Dom. Cons.,(1000 MT),2887.0,0,1,06,"USDA FAS PS&D (Production, Supply & Distribution)",https://apps.fas.usda.gov/psdonline/downloads/
"Oilseed, Cottonseed",United States,1997,Feed Waste Dom. Cons.,(1000 MT),2679.0,0,1,08,"USDA FAS PS&D (Production, Supply & Distribution)",https://apps.fas.usda.gov/psdonline/downloads/
"Oilseed, Cottonseed",United States,1998,Feed Waste Dom. Cons.,(1000 MT),2680.0,0,1,06,"USDA FAS PS&D (Production, Supply & Distribution)",https://apps.fas.usda.gov/psdonline/downloads/
"Oilseed, Cottonseed",United States,1999,Feed Waste Dom. Cons.,(1000 MT),3193.0,0,1,06,"USDA FAS PS&D (Production, Supply & Distribution)",https://apps.fas.usda.gov/psdonline/downloads/
"Oilseed, Cottonseed",United States,2000,Feed Waste Dom. Cons.,(1000 MT),3330.0,0,1,06,"USDA FAS PS&D (Production, Supply & Distribution)",https://apps.fas.usda.gov/psdonline/downloads/
"Oilseed, Cottonseed",United States,2001,Feed Waste Dom. Cons.,(1000 MT),4300.0,0,1,09,"USDA FAS PS&D (Production, Supply & Distribution)",https://apps.fas.usda.gov/psdonline/downloads/
"Oilseed, Cottonseed",United States,2002,Feed Waste Dom. Cons.,(1000 MT),3155.0,0,1,09,"USDA FAS PS&D (Production, Supply & Distribution)",https://apps.fas.usda.gov/psdonline/downloads/
"Oilseed, Cottonseed",United States,2003,Feed Waste Dom. Cons.,(1000 MT),3261.0,0,1,08,"USDA FAS PS&D (Production, Supply & Distribution)",https://apps.fas.usda.gov/psdonline/downloads/
"Oilseed, Cottonseed",United States,2004,Feed Waste Dom. Cons.,(1000 MT),4287.0,0,1,04,"USDA FAS PS&D (Production, Supply & Distribution)",https://apps.fas.usda.gov/psdonline/downloads/
"Oilseed, Cottonseed",United States,2005,Feed Waste Dom. Cons.,(1000 MT),4200.0,0,1,04,"USDA FAS PS&D (Production, Supply & Distribution)",https://apps.fas.usda.gov/psdonline/downloads/
"Oilseed, Cottonseed",United States,2006,Feed Waste Dom. Cons.,(1000 MT),3778.0,0,1,04,"USDA FAS PS&D (Production, Supply & Distribution)",https://apps.fas.usda.gov/psdonline/downloads/
"Oilseed, Cottonseed",United States,2007,Feed Waste Dom. Cons.,(1000 MT),2840.0,0,1,05,"USDA FAS PS&D (Production, Supply & Distribution)",https://apps.fas.usda.gov/psdonline/downloads/
"Oilseed, Cottonseed",United States,2008,Feed Waste Dom. Cons.,(1000 MT),1814.0,0,1,05,"USDA FAS PS&D (Production, Supply & Distribution)",https://apps.fas.usda.gov/psdonline/downloads/
"Oilseed, Cottonseed",United States,2009,Feed Waste Dom. Cons.,(1000 MT),1950.0,0,1,03,"USDA FAS PS&D (Production, Supply & Distribution)",https://apps.fas.usda.gov/psdonline/downloads/
"Oilseed, Cottonseed",United States,2010,Feed Waste Dom. Cons.,(1000 MT),2705.0,0,1,05,"USDA FAS PS&D (Production, Supply & Distribution)",https://apps.fas.usda.gov/psdonline/downloads/
"Oilseed, Cottonseed",United States,2011,Feed Waste Dom. Cons.,(1000 MT),2810.0,0,1,12,"USDA FAS PS&D (Production, Supply & Distribution)",https://apps.fas.usda.gov/psdonline/downloads/
"Oilseed, Cottonseed",United States,2012,Feed Waste Dom. Cons.,(1000 MT),2642.0,0,1,12,"USDA FAS PS&D (Production, Supply & Distribution)",https://apps.fas.usda.gov/psdonline/downloads/
"Oilseed, Cottonseed",United States,2013,Feed Waste Dom. Cons.,(1000 MT),1942.0,0,1,02,"USDA FAS PS&D (Production, Supply & Distribution)",https://apps.fas.usda.gov/psdonline/downloads/
"Oilseed, Cottonseed",United States,2014,Feed Waste Dom. Cons.,(1000 MT),2761.0,0,1,02,"USDA FAS PS&D (Production, Supply & Distribution)",https://apps.fas.usda.gov/psdonline/downloads/
"Oilseed, Cottonseed",United States,2015,Feed Waste Dom. Cons.,(1000 MT),2240.0,0,1,05,"USDA FAS PS&D (Production, Supply & Distribution)",https://apps.fas.usda.gov/psdonline/downloads/
"Oilseed, Cottonseed",United States,2016,Feed Waste Dom. Cons.,(1000 MT),2994.0,0,1,05,"USDA FAS PS&D (Production, Supply & Distribution)",https://apps.fas.usda.gov/psdonline/downloads/
"Oilseed, Cottonseed",United States,2017,Feed Waste Dom. Cons.,(1000 MT),3664.0,0,1,07,"USDA FAS PS&D (Production, Supply & Distribution)",https://apps.fas.usda.gov/psdonline/downloads/
"Oilseed, Cottonseed",United States,2018,Feed Waste Dom. Cons.,(1000 MT),3137.0,0,1,01,"USDA FAS PS&D (Production, Supply & Distribution)",https://apps.fas.usda.gov/psdonline/downloads/
"Oilseed, Cottonseed",United States,2019,Feed Waste Dom. Cons.,(1000 MT),3551.0,0,1,01,"USDA FAS PS&D (Production, Supply & Distribution)",https://apps.fas.usda.gov/psdonline/downloads/
"Oilseed, Cottonseed",United States,2020,Feed Waste Dom. Cons.,(1000 MT),2437.0,0,1,01,"USDA FAS PS&D (Production, Supply & Distribution)",https://apps.fas.usda.gov/psdonline/downloads/
"Oilseed, Cottonseed",United States,2021,Feed Waste Dom. Cons.,(1000 MT),3173.0,0,1,07,"USDA FAS PS&D (Production, Supply & Distribution)",https://apps.fas.usda.gov/psdonline/downloads/
"Oilseed, Cottonseed",United States,2022,Feed Waste Dom. Cons.,(1000 MT),2677.0,0,1,05,"USDA FAS PS&D (Production, Supply & Distribution)",https://apps.fas.usda.gov/psdonline/downloads/
"Oilseed, Cottonseed",United States,2023,Feed Waste Dom. Cons.,(1000 MT),1744.0,0,1,08,"USDA FAS PS&D (Production, Supply & Distribution)",https://apps.fas.usda.gov/psdonline/downloads/
"Oilseed, Cottonseed",United States,2024,Feed Waste Dom. Cons.,(1000 MT),2607.0,0,1,05,"USDA FAS PS&D (Production, Supply & Distribution)",https://apps.fas.usda.gov/psdonline/downloads/
"Oilseed, Cottonseed",United States,2025,Feed Waste Dom. Cons.,(1000 MT),2713.0,0,1,06,"USDA FAS PS&D (Production, Supply & Distribution)",https://apps.fas.usda.gov/psdonline/downloads/
"Oilseed, Cottonseed",United States,2026,Feed Waste Dom. Cons.,(1000 MT),2594.0,0,1,06,"USDA FAS PS&D (Production, Supply & Distribution)",https://apps.fas.usda.gov/psdonline/downloads/
"Oilseed, Cottonseed",United States,1969,Food Use Dom. Cons.,(1000 MT),0.0,0,1,06,"USDA FAS PS&D (Production, Supply & Distribution)",https://apps.fas.usda.gov/psdonline/downloads/
"Oilseed, Cottonseed",United States,1970,Food Use Dom. Cons.,(1000 MT),0.0,0,1,06,"USDA FAS PS&D (Production, Supply & Distribution)",https://apps.fas.usda.gov/psdonline/downloads/
"Oilseed, Cottonseed",United States,1971,Food Use Dom. Cons.,(1000 MT),0.0,0,1,06,"USDA FAS PS&D (Production, Supply & Distribution)",https://apps.fas.usda.gov/psdonline/downloads/
"Oilseed, Cottonseed",United States,1972,Food Use Dom. Cons.,(1000 MT),0.0,0,1,06,"USDA FAS PS&D (Production, Supply & Distribution)",https://apps.fas.usda.gov/psdonline/downloads/
"Oilseed, Cottonseed",United States,1973,Food Use Dom. Cons.,(1000 MT),0.0,0,1,06,"USDA FAS PS&D (Production, Supply & Distribution)",https://apps.fas.usda.gov/psdonline/downloads/
"Oilseed, Cottonseed",United States,1974,Food Use Dom. Cons.,(1000 MT),0.0,0,1,06,"USDA FAS PS&D (Production, Supply & Distribution)",https://apps.fas.usda.gov/psdonline/downloads/
"Oilseed, Cottonseed",United States,1975,Food Use Dom. Cons.,(1000 MT),0.0,0,1,06,"USDA FAS PS&D (Production, Supply & Distribution)",https://apps.fas.usda.gov/psdonline/downloads/
"Oilseed, Cottonseed",United States,1976,Food Use Dom. Cons.,(1000 MT),0.0,0,1,06,"USDA FAS PS&D (Production, Supply & Distribution)",https://apps.fas.usda.gov/psdonline/downloads/
"Oilseed, Cottonseed",United States,1977,Food Use Dom. Cons.,(1000 MT),0.0,0,1,06,"USDA FAS PS&D (Production, Supply & Distribution)",https://apps.fas.usda.gov/psdonline/downloads/
"Oilseed, Cottonseed",United States,1978,Food Use Dom. Cons.,(1000 MT),0.0,0,1,06,"USDA FAS PS&D (Production, Supply & Distribution)",https://apps.fas.usda.gov/psdonline/downloads/
"Oilseed, Cottonseed",United States,1979,Food Use Dom. Cons.,(1000 MT),0.0,0,1,06,"USDA FAS PS&D (Production, Supply & Distribution)",https://apps.fas.usda.gov/psdonline/downloads/
"Oilseed, Cottonseed",United States,1980,Food Use Dom. Cons.,(1000 MT),0.0,0,1,06,"USDA FAS PS&D (Production, Supply & Distribution)",https://apps.fas.usda.gov/psdonline/downloads/
"Oilseed, Cottonseed",United States,1981,Food Use Dom. Cons.,(1000 MT),0.0,0,1,06,"USDA FAS PS&D (Production, Supply & Distribution)",https://apps.fas.usda.gov/psdonline/downloads/
"Oilseed, Cottonseed",United States,1982,Food Use Dom. Cons.,(1000 MT),0.0,0,1,06,"USDA FAS PS&D (Production, Supply & Distribution)",https://apps.fas.usda.gov/psdonline/downloads/
"Oilseed, Cottonseed",United States,1983,Food Use Dom. Cons.,(1000 MT),0.0,0,1,06,"USDA FAS PS&D (Production, Supply & Distribution)",https://apps.fas.usda.gov/psdonline/downloads/
"Oilseed, Cottonseed",United States,1984,Food Use Dom. Cons.,(1000 MT),0.0,0,1,06,"USDA FAS PS&D (Production, Supply & Distribution)",https://apps.fas.usda.gov/psdonline/downloads/
"Oilseed, Cottonseed",United States,1985,Food Use Dom. Cons.,(1000 MT),0.0,0,1,06,"USDA FAS PS&D (Production, Supply & Distribution)",https://apps.fas.usda.gov/psdonline/downloads/
"Oilseed, Cottonseed",United States,1986,Food Use Dom. Cons.,(1000 MT),0.0,0,1,06,"USDA FAS PS&D (Production, Supply & Distribution)",https://apps.fas.usda.gov/psdonline/downloads/
"Oilseed, Cottonseed",United States,1987,Food Use Dom. Cons.,(1000 MT),0.0,0,1,06,"USDA FAS PS&D (Production, Supply & Distribution)",https://apps.fas.usda.gov/psdonline/downloads/
"Oilseed, Cottonseed",United States,1988,Food Use Dom. Cons.,(1000 MT),0.0,0,1,06,"USDA FAS PS&D (Production, Supply & Distribution)",https://apps.fas.usda.gov/psdonline/downloads/
"Oilseed, Cottonseed",United States,1989,Food Use Dom. Cons.,(1000 MT),0.0,0,1,08,"USDA FAS PS&D (Production, Supply & Distribution)",https://apps.fas.usda.gov/psdonline/downloads/
"Oilseed, Cottonseed",United States,1990,Food Use Dom. Cons.,(1000 MT),0.0,0,1,06,"USDA FAS PS&D (Production, Supply & Distribution)",https://apps.fas.usda.gov/psdonline/downloads/
"Oilseed, Cottonseed",United States,1991,Food Use Dom. Cons.,(1000 MT),0.0,0,1,08,"USDA FAS PS&D (Production, Supply & Distribution)",https://apps.fas.usda.gov/psdonline/downloads/
"Oilseed, Cottonseed",United States,1992,Food Use Dom. Cons.,(1000 MT),0.0,0,1,06,"USDA FAS PS&D (Production, Supply & Distribution)",https://apps.fas.usda.gov/psdonline/downloads/
"Oilseed, Cottonseed",United States,1993,Food Use Dom. Cons.,(1000 MT),0.0,0,1,08,"USDA FAS PS&D (Production, Supply & Distribution)",https://apps.fas.usda.gov/psdonline/downloads/
"Oilseed, Cottonseed",United States,1994,Food Use Dom. Cons.,(1000 MT),0.0,0,1,08,"USDA FAS PS&D (Production, Supply & Distribution)",https://apps.fas.usda.gov/psdonline/downloads/
"Oilseed, Cottonseed",United States,1995,Food Use Dom. Cons.,(1000 MT),0.0,0,1,08,"USDA FAS PS&D (Production, Supply & Distribution)",https://apps.fas.usda.gov/psdonline/downloads/
"Oilseed, Cottonseed",United States,1996,Food Use Dom. Cons.,(1000 MT),0.0,0,1,06,"USDA FAS PS&D (Production, Supply & Distribution)",https://apps.fas.usda.gov/psdonline/downloads/
"Oilseed, Cottonseed",United States,1997,Food Use Dom. Cons.,(1000 MT),0.0,0,1,08,"USDA FAS PS&D (Production, Supply & Distribution)",https://apps.fas.usda.gov/psdonline/downloads/
"Oilseed, Cottonseed",United States,1998,Food Use Dom. Cons.,(1000 MT),0.0,0,1,06,"USDA FAS PS&D (Production, Supply & Distribution)",https://apps.fas.usda.gov/psdonline/downloads/
"Oilseed, Cottonseed",United States,1999,Food Use Dom. Cons.,(1000 MT),0.0,0,1,06,"USDA FAS PS&D (Production, Supply & Distribution)",https://apps.fas.usda.gov/psdonline/downloads/
"Oilseed, Cottonseed",United States,2000,Food Use Dom. Cons.,(1000 MT),0.0,0,1,06,"USDA FAS PS&D (Production, Supply & Distribution)",https://apps.fas.usda.gov/psdonline/downloads/
"Oilseed, Cottonseed",United States,2001,Food Use Dom. Cons.,(1000 MT),0.0,0,1,09,"USDA FAS PS&D (Production, Supply & Distribution)",https://apps.fas.usda.gov/psdonline/downloads/
"Oilseed, Cottonseed",United States,2002,Food Use Dom. Cons.,(1000 MT),0.0,0,1,09,"USDA FAS PS&D (Production, Supply & Distribution)",https://apps.fas.usda.gov/psdonline/downloads/
"Oilseed, Cottonseed",United States,2003,Food Use Dom. Cons.,(1000 MT),0.0,0,1,08,"USDA FAS PS&D (Production, Supply & Distribution)",https://apps.fas.usda.gov/psdonline/downloads/
"Oilseed, Cottonseed",United States,2004,Food Use Dom. Cons.,(1000 MT),0.0,0,1,04,"USDA FAS PS&D (Production, Supply & Distribution)",https://apps.fas.usda.gov/psdonline/downloads/
"Oilseed, Cottonseed",United States,2005,Food Use Dom. Cons.,(1000 MT),0.0,0,1,04,"USDA FAS PS&D (Production, Supply & Distribution)",https://apps.fas.usda.gov/psdonline/downloads/
"Oilseed, Cottonseed",United States,2006,Food Use Dom. Cons.,(1000 MT),0.0,0,1,04,"USDA FAS PS&D (Production, Supply & Distribution)",https://apps.fas.usda.gov/psdonline/downloads/
"Oilseed, Cottonseed",United States,2007,Food Use Dom. Cons.,(1000 MT),0.0,0,1,05,"USDA FAS PS&D (Production, Supply & Distribution)",https://apps.fas.usda.gov/psdonline/downloads/
"Oilseed, Cottonseed",United States,2008,Food Use Dom. Cons.,(1000 MT),0.0,0,1,05,"USDA FAS PS&D (Production, Supply & Distribution)",https://apps.fas.usda.gov/psdonline/downloads/
"Oilseed, Cottonseed",United States,2009,Food Use Dom. Cons.,(1000 MT),0.0,0,1,03,"USDA FAS PS&D (Production, Supply & Distribution)",https://apps.fas.usda.gov/psdonline/downloads/
"Oilseed, Cottonseed",United States,2010,Food Use Dom. Cons.,(1000 MT),0.0,0,1,05,"USDA FAS PS&D (Production, Supply & Distribution)",https://apps.fas.usda.gov/psdonline/downloads/
"Oilseed, Cottonseed",United States,2011,Food Use Dom. Cons.,(1000 MT),0.0,0,1,12,"USDA FAS PS&D (Production, Supply & Distribution)",https://apps.fas.usda.gov/psdonline/downloads/
"Oilseed, Cottonseed",United States,2012,Food Use Dom. Cons.,(1000 MT),0.0,0,1,12,"USDA FAS PS&D (Production, Supply & Distribution)",https://apps.fas.usda.gov/psdonline/downloads/
"Oilseed, Cottonseed",United States,2013,Food Use Dom. Cons.,(1000 MT),0.0,0,1,02,"USDA FAS PS&D (Production, Supply & Distribution)",https://apps.fas.usda.gov/psdonline/downloads/
"Oilseed, Cottonseed",United States,2014,Food Use Dom. Cons.,(1000 MT),0.0,0,1,02,"USDA FAS PS&D (Production, Supply & Distribution)",https://apps.fas.usda.gov/psdonline/downloads/
"Oilseed, Cottonseed",United States,2015,Food Use Dom. Cons.,(1000 MT),0.0,0,1,05,"USDA FAS PS&D (Production, Supply & Distribution)",https://apps.fas.usda.gov/psdonline/downloads/
"Oilseed, Cottonseed",United States,2016,Food Use Dom. Cons.,(1000 MT),0.0,0,1,05,"USDA FAS PS&D (Production, Supply & Distribution)",https://apps.fas.usda.gov/psdonline/downloads/
"Oilseed, Cottonseed",United States,2017,Food Use Dom. Cons.,(1000 MT),0.0,0,1,07,"USDA FAS PS&D (Production, Supply & Distribution)",https://apps.fas.usda.gov/psdonline/downloads/
"Oilseed, Cottonseed",United States,2018,Food Use Dom. Cons.,(1000 MT),0.0,0,1,01,"USDA FAS PS&D (Production, Supply & Distribution)",https://apps.fas.usda.gov/psdonline/downloads/
"Oilseed, Cottonseed",United States,2019,Food Use Dom. Cons.,(1000 MT),0.0,0,1,01,"USDA FAS PS&D (Production, Supply & Distribution)",https://apps.fas.usda.gov/psdonline/downloads/
"Oilseed, Cottonseed",United States,2020,Food Use Dom. Cons.,(1000 MT),0.0,0,1,01,"USDA FAS PS&D (Production, Supply & Distribution)",https://apps.fas.usda.gov/psdonline/downloads/
"Oilseed, Cottonseed",United States,2021,Food Use Dom. Cons.,(1000 MT),0.0,0,1,07,"USDA FAS PS&D (Production, Supply & Distribution)",https://apps.fas.usda.gov/psdonline/downloads/
"Oilseed, Cottonseed",United States,2022,Food Use Dom. Cons.,(1000 MT),0.0,0,1,05,"USDA FAS PS&D (Production, Supply & Distribution)",https://apps.fas.usda.gov/psdonline/downloads/
"Oilseed, Cottonseed",United States,2023,Food Use Dom. Cons.,(1000 MT),0.0,0,1,08,"USDA FAS PS&D (Production, Supply & Distribution)",https://apps.fas.usda.gov/psdonline/downloads/
"Oilseed, Cottonseed",United States,2024,Food Use Dom. Cons.,(1000 MT),0.0,0,1,05,"USDA FAS PS&D (Production, Supply & Distribution)",https://apps.fas.usda.gov/psdonline/downloads/
"Oilseed, Cottonseed",United States,2025,Food Use Dom. Cons.,(1000 MT),0.0,0,1,06,"USDA FAS PS&D (Production, Supply & Distribution)",https://apps.fas.usda.gov/psdonline/downloads/
"Oilseed, Cottonseed",United States,2026,Food Use Dom. Cons.,(1000 MT),0.0,0,1,06,"USDA FAS PS&D (Production, Supply & Distribution)",https://apps.fas.usda.gov/psdonline/downloads/
"Oilseed, Cottonseed",United States,1969,Imports,(1000 MT),0.0,0,1,06,"USDA FAS PS&D (Production, Supply & Distribution)",https://apps.fas.usda.gov/psdonline/downloads/
"Oilseed, Cottonseed",United States,1970,Imports,(1000 MT),0.0,0,1,06,"USDA FAS PS&D (Production, Supply & Distribution)",https://apps.fas.usda.gov/psdonline/downloads/
"Oilseed, Cottonseed",United States,1971,Imports,(1000 MT),0.0,0,1,06,"USDA FAS PS&D (Production, Supply & Distribution)",https://apps.fas.usda.gov/psdonline/downloads/
"Oilseed, Cottonseed",United States,1972,Imports,(1000 MT),0.0,0,1,06,"USDA FAS PS&D (Production, Supply & Distribution)",https://apps.fas.usda.gov/psdonline/downloads/
"Oilseed, Cottonseed",United States,1973,Imports,(1000 MT),0.0,0,1,06,"USDA FAS PS&D (Production, Supply & Distribution)",https://apps.fas.usda.gov/psdonline/downloads/
"Oilseed, Cottonseed",United States,1974,Imports,(1000 MT),0.0,0,1,06,"USDA FAS PS&D (Production, Supply & Distribution)",https://apps.fas.usda.gov/psdonline/downloads/
"Oilseed, Cottonseed",United States,1975,Imports,(1000 MT),0.0,0,1,06,"USDA FAS PS&D (Production, Supply & Distribution)",https://apps.fas.usda.gov/psdonline/downloads/
"Oilseed, Cottonseed",United States,1976,Imports,(1000 MT),0.0,0,1,06,"USDA FAS PS&D (Production, Supply & Distribution)",https://apps.fas.usda.gov/psdonline/downloads/
"Oilseed, Cottonseed",United States,1977,Imports,(1000 MT),0.0,0,1,06,"USDA FAS PS&D (Production, Supply & Distribution)",https://apps.fas.usda.gov/psdonline/downloads/
"Oilseed, Cottonseed",United States,1978,Imports,(1000 MT),0.0,0,1,06,"USDA FAS PS&D (Production, Supply & Distribution)",https://apps.fas.usda.gov/psdonline/downloads/
"Oilseed, Cottonseed",United States,1979,Imports,(1000 MT),0.0,0,1,06,"USDA FAS PS&D (Production, Supply & Distribution)",https://apps.fas.usda.gov/psdonline/downloads/
"Oilseed, Cottonseed",United States,1980,Imports,(1000 MT),0.0,0,1,06,"USDA FAS PS&D (Production, Supply & Distribution)",https://apps.fas.usda.gov/psdonline/downloads/
"Oilseed, Cottonseed",United States,1981,Imports,(1000 MT),0.0,0,1,06,"USDA FAS PS&D (Production, Supply & Distribution)",https://apps.fas.usda.gov/psdonline/downloads/
"Oilseed, Cottonseed",United States,1982,Imports,(1000 MT),0.0,0,1,06,"USDA FAS PS&D (Production, Supply & Distribution)",https://apps.fas.usda.gov/psdonline/downloads/
"Oilseed, Cottonseed",United States,1983,Imports,(1000 MT),0.0,0,1,06,"USDA FAS PS&D (Production, Supply & Distribution)",https://apps.fas.usda.gov/psdonline/downloads/
"Oilseed, Cottonseed",United States,1984,Imports,(1000 MT),0.0,0,1,06,"USDA FAS PS&D (Production, Supply & Distribution)",https://apps.fas.usda.gov/psdonline/downloads/
"Oilseed, Cottonseed",United States,1985,Imports,(1000 MT),0.0,0,1,06,"USDA FAS PS&D (Production, Supply & Distribution)",https://apps.fas.usda.gov/psdonline/downloads/
"Oilseed, Cottonseed",United States,1986,Imports,(1000 MT),0.0,0,1,06,"USDA FAS PS&D (Production, Supply & Distribution)",https://apps.fas.usda.gov/psdonline/downloads/
"Oilseed, Cottonseed",United States,1987,Imports,(1000 MT),2.0,0,1,06,"USDA FAS PS&D (Production, Supply & Distribution)",https://apps.fas.usda.gov/psdonline/downloads/
"Oilseed, Cottonseed",United States,1988,Imports,(1000 MT),3.0,0,1,06,"USDA FAS PS&D (Production, Supply & Distribution)",https://apps.fas.usda.gov/psdonline/downloads/
"Oilseed, Cottonseed",United States,1989,Imports,(1000 MT),0.0,0,1,08,"USDA FAS PS&D (Production, Supply & Distribution)",https://apps.fas.usda.gov/psdonline/downloads/
"Oilseed, Cottonseed",United States,1990,Imports,(1000 MT),3.0,0,1,06,"USDA FAS PS&D (Production, Supply & Distribution)",https://apps.fas.usda.gov/psdonline/downloads/
"Oilseed, Cottonseed",United States,1991,Imports,(1000 MT),2.0,0,1,08,"USDA FAS PS&D (Production, Supply & Distribution)",https://apps.fas.usda.gov/psdonline/downloads/
"Oilseed, Cottonseed",United States,1992,Imports,(1000 MT),0.0,0,1,06,"USDA FAS PS&D (Production, Supply & Distribution)",https://apps.fas.usda.gov/psdonline/downloads/
"Oilseed, Cottonseed",United States,1993,Imports,(1000 MT),0.0,0,1,08,"USDA FAS PS&D (Production, Supply & Distribution)",https://apps.fas.usda.gov/psdonline/downloads/
"Oilseed, Cottonseed",United States,1994,Imports,(1000 MT),0.0,0,1,08,"USDA FAS PS&D (Production, Supply & Distribution)",https://apps.fas.usda.gov/psdonline/downloads/
"Oilseed, Cottonseed",United States,1995,Imports,(1000 MT),2.0,0,1,08,"USDA FAS PS&D (Production, Supply & Distribution)",https://apps.fas.usda.gov/psdonline/downloads/
"Oilseed, Cottonseed",United States,1996,Imports,(1000 MT),18.0,0,1,06,"USDA FAS PS&D (Production, Supply & Distribution)",https://apps.fas.usda.gov/psdonline/downloads/
"Oilseed, Cottonseed",United States,1997,Imports,(1000 MT),88.0,0,1,08,"USDA FAS PS&D (Production, Supply & Distribution)",https://apps.fas.usda.gov/psdonline/downloads/
"Oilseed, Cottonseed",United States,1998,Imports,(1000 MT),188.0,0,1,06,"USDA FAS PS&D (Production, Supply & Distribution)",https://apps.fas.usda.gov/psdonline/downloads/
"Oilseed, Cottonseed",United States,1999,Imports,(1000 MT),280.0,0,1,06,"USDA FAS PS&D (Production, Supply & Distribution)",https://apps.fas.usda.gov/psdonline/downloads/
"Oilseed, Cottonseed",United States,2000,Imports,(1000 MT),339.0,0,1,06,"USDA FAS PS&D (Production, Supply & Distribution)",https://apps.fas.usda.gov/psdonline/downloads/
"Oilseed, Cottonseed",United States,2001,Imports,(1000 MT),297.0,0,1,09,"USDA FAS PS&D (Production, Supply & Distribution)",https://apps.fas.usda.gov/psdonline/downloads/
"Oilseed, Cottonseed",United States,2002,Imports,(1000 MT),94.0,0,1,09,"USDA FAS PS&D (Production, Supply & Distribution)",https://apps.fas.usda.gov/psdonline/downloads/
"Oilseed, Cottonseed",United States,2003,Imports,(1000 MT),1.0,0,1,08,"USDA FAS PS&D (Production, Supply & Distribution)",https://apps.fas.usda.gov/psdonline/downloads/
"Oilseed, Cottonseed",United States,2004,Imports,(1000 MT),1.0,0,1,04,"USDA FAS PS&D (Production, Supply & Distribution)",https://apps.fas.usda.gov/psdonline/downloads/
"Oilseed, Cottonseed",United States,2005,Imports,(1000 MT),0.0,0,1,04,"USDA FAS PS&D (Production, Supply & Distribution)",https://apps.fas.usda.gov/psdonline/downloads/
"Oilseed, Cottonseed",United States,2006,Imports,(1000 MT),0.0,0,1,04,"USDA FAS PS&D (Production, Supply & Distribution)",https://apps.fas.usda.gov/psdonline/downloads/
"Oilseed, Cottonseed",United States,2007,Imports,(1000 MT),2.0,0,1,05,"USDA FAS PS&D (Production, Supply & Distribution)",https://apps.fas.usda.gov/psdonline/downloads/
"Oilseed, Cottonseed",United States,2008,Imports,(1000 MT),0.0,0,1,05,"USDA FAS PS&D (Production, Supply & Distribution)",https://apps.fas.usda.gov/psdonline/downloads/
"Oilseed, Cottonseed",United States,2009,Imports,(1000 MT),22.0,0,1,03,"USDA FAS PS&D (Production, Supply & Distribution)",https://apps.fas.usda.gov/psdonline/downloads/
"Oilseed, Cottonseed",United States,2010,Imports,(1000 MT),0.0,0,1,05,"USDA FAS PS&D (Production, Supply & Distribution)",https://apps.fas.usda.gov/psdonline/downloads/
"Oilseed, Cottonseed",United States,2011,Imports,(1000 MT),65.0,0,1,12,"USDA FAS PS&D (Production, Supply & Distribution)",https://apps.fas.usda.gov/psdonline/downloads/
"Oilseed, Cottonseed",United States,2012,Imports,(1000 MT),0.0,0,1,12,"USDA FAS PS&D (Production, Supply & Distribution)",https://apps.fas.usda.gov/psdonline/downloads/
"Oilseed, Cottonseed",United States,2013,Imports,(1000 MT),82.0,0,1,02,"USDA FAS PS&D (Production, Supply & Distribution)",https://apps.fas.usda.gov/psdonline/downloads/
"Oilseed, Cottonseed",United States,2014,Imports,(1000 MT),54.0,0,1,02,"USDA FAS PS&D (Production, Supply & Distribution)",https://apps.fas.usda.gov/psdonline/downloads/
"Oilseed, Cottonseed",United States,2015,Imports,(1000 MT),15.0,0,1,05,"USDA FAS PS&D (Production, Supply & Distribution)",https://apps.fas.usda.gov/psdonline/downloads/
"Oilseed, Cottonseed",United States,2016,Imports,(1000 MT),46.0,0,1,05,"USDA FAS PS&D (Production, Supply & Distribution)",https://apps.fas.usda.gov/psdonline/downloads/
"Oilseed, Cottonseed",United States,2017,Imports,(1000 MT),0.0,0,1,07,"USDA FAS PS&D (Production, Supply & Distribution)",https://apps.fas.usda.gov/psdonline/downloads/
"Oilseed, Cottonseed",United States,2018,Imports,(1000 MT),1.0,0,1,01,"USDA FAS PS&D (Production, Supply & Distribution)",https://apps.fas.usda.gov/psdonline/downloads/
"Oilseed, Cottonseed",United States,2019,Imports,(1000 MT),1.0,0,1,01,"USDA FAS PS&D (Production, Supply & Distribution)",https://apps.fas.usda.gov/psdonline/downloads/
"Oilseed, Cottonseed",United States,2020,Imports,(1000 MT),1.0,0,1,01,"USDA FAS PS&D (Production, Supply & Distribution)",https://apps.fas.usda.gov/psdonline/downloads/
"Oilseed, Cottonseed",United States,2021,Imports,(1000 MT),22.0,0,1,07,"USDA FAS PS&D (Production, Supply & Distribution)",https://apps.fas.usda.gov/psdonline/downloads/
"Oilseed, Cottonseed",United States,2022,Imports,(1000 MT),92.0,0,1,05,"USDA FAS PS&D (Production, Supply & Distribution)",https://apps.fas.usda.gov/psdonline/downloads/
"Oilseed, Cottonseed",United States,2023,Imports,(1000 MT),22.0,0,1,08,"USDA FAS PS&D (Production, Supply & Distribution)",https://apps.fas.usda.gov/psdonline/downloads/
"Oilseed, Cottonseed",United States,2024,Imports,(1000 MT),64.0,0,1,05,"USDA FAS PS&D (Production, Supply & Distribution)",https://apps.fas.usda.gov/psdonline/downloads/
"Oilseed, Cottonseed",United States,2025,Imports,(1000 MT),45.0,0,1,06,"USDA FAS PS&D (Production, Supply & Distribution)",https://apps.fas.usda.gov/psdonline/downloads/
"Oilseed, Cottonseed",United States,2026,Imports,(1000 MT),45.0,0,1,06,"USDA FAS PS&D (Production, Supply & Distribution)",https://apps.fas.usda.gov/psdonline/downloads/
"Oilseed, Cottonseed",United States,1969,Production,(1000 MT),3690.0,0,1,06,"USDA FAS PS&D (Production, Supply & Distribution)",https://apps.fas.usda.gov/psdonline/downloads/
"Oilseed, Cottonseed",United States,1970,Production,(1000 MT),3690.0,0,1,06,"USDA FAS PS&D (Production, Supply & Distribution)",https://apps.fas.usda.gov/psdonline/downloads/
"Oilseed, Cottonseed",United States,1971,Production,(1000 MT),3846.0,0,1,06,"USDA FAS PS&D (Production, Supply & Distribution)",https://apps.fas.usda.gov/psdonline/downloads/
"Oilseed, Cottonseed",United States,1972,Production,(1000 MT),4892.0,0,1,06,"USDA FAS PS&D (Production, Supply & Distribution)",https://apps.fas.usda.gov/psdonline/downloads/
"Oilseed, Cottonseed",United States,1973,Production,(1000 MT),4550.0,0,1,06,"USDA FAS PS&D (Production, Supply & Distribution)",https://apps.fas.usda.gov/psdonline/downloads/
"Oilseed, Cottonseed",United States,1974,Production,(1000 MT),4091.0,0,1,06,"USDA FAS PS&D (Production, Supply & Distribution)",https://apps.fas.usda.gov/psdonline/downloads/
"Oilseed, Cottonseed",United States,1975,Production,(1000 MT),2919.0,0,1,06,"USDA FAS PS&D (Production, Supply & Distribution)",https://apps.fas.usda.gov/psdonline/downloads/
"Oilseed, Cottonseed",United States,1976,Production,(1000 MT),3739.0,0,1,06,"USDA FAS PS&D (Production, Supply & Distribution)",https://apps.fas.usda.gov/psdonline/downloads/
"Oilseed, Cottonseed",United States,1977,Production,(1000 MT),5009.0,0,1,06,"USDA FAS PS&D (Production, Supply & Distribution)",https://apps.fas.usda.gov/psdonline/downloads/
"Oilseed, Cottonseed",United States,1978,Production,(1000 MT),3873.0,0,1,06,"USDA FAS PS&D (Production, Supply & Distribution)",https://apps.fas.usda.gov/psdonline/downloads/
"Oilseed, Cottonseed",United States,1979,Production,(1000 MT),5242.0,0,1,06,"USDA FAS PS&D (Production, Supply & Distribution)",https://apps.fas.usda.gov/psdonline/downloads/
"Oilseed, Cottonseed",United States,1980,Production,(1000 MT),4056.0,0,1,06,"USDA FAS PS&D (Production, Supply & Distribution)",https://apps.fas.usda.gov/psdonline/downloads/
"Oilseed, Cottonseed",United States,1981,Production,(1000 MT),5803.0,0,1,06,"USDA FAS PS&D (Production, Supply & Distribution)",https://apps.fas.usda.gov/psdonline/downloads/
"Oilseed, Cottonseed",United States,1982,Production,(1000 MT),4304.0,0,1,06,"USDA FAS PS&D (Production, Supply & Distribution)",https://apps.fas.usda.gov/psdonline/downloads/
"Oilseed, Cottonseed",United States,1983,Production,(1000 MT),2791.0,0,1,06,"USDA FAS PS&D (Production, Supply & Distribution)",https://apps.fas.usda.gov/psdonline/downloads/
"Oilseed, Cottonseed",United States,1984,Production,(1000 MT),4671.0,0,1,06,"USDA FAS PS&D (Production, Supply & Distribution)",https://apps.fas.usda.gov/psdonline/downloads/
"Oilseed, Cottonseed",United States,1985,Production,(1000 MT),4789.0,0,1,06,"USDA FAS PS&D (Production, Supply & Distribution)",https://apps.fas.usda.gov/psdonline/downloads/
"Oilseed, Cottonseed",United States,1986,Production,(1000 MT),3448.0,0,1,06,"USDA FAS PS&D (Production, Supply & Distribution)",https://apps.fas.usda.gov/psdonline/downloads/
"Oilseed, Cottonseed",United States,1987,Production,(1000 MT),5234.0,0,1,06,"USDA FAS PS&D (Production, Supply & Distribution)",https://apps.fas.usda.gov/psdonline/downloads/
"Oilseed, Cottonseed",United States,1988,Production,(1000 MT),5499.0,0,1,06,"USDA FAS PS&D (Production, Supply & Distribution)",https://apps.fas.usda.gov/psdonline/downloads/
"Oilseed, Cottonseed",United States,1989,Production,(1000 MT),4243.0,0,1,08,"USDA FAS PS&D (Production, Supply & Distribution)",https://apps.fas.usda.gov/psdonline/downloads/
"Oilseed, Cottonseed",United States,1990,Production,(1000 MT),5415.0,0,1,06,"USDA FAS PS&D (Production, Supply & Distribution)",https://apps.fas.usda.gov/psdonline/downloads/
"Oilseed, Cottonseed",United States,1991,Production,(1000 MT),6283.0,0,1,08,"USDA FAS PS&D (Production, Supply & Distribution)",https://apps.fas.usda.gov/psdonline/downloads/
"Oilseed, Cottonseed",United States,1992,Production,(1000 MT),5652.0,0,1,06,"USDA FAS PS&D (Production, Supply & Distribution)",https://apps.fas.usda.gov/psdonline/downloads/
"Oilseed, Cottonseed",United States,1993,Production,(1000 MT),5754.0,0,1,08,"USDA FAS PS&D (Production, Supply & Distribution)",https://apps.fas.usda.gov/psdonline/downloads/
"Oilseed, Cottonseed",United States,1994,Production,(1000 MT),6898.0,0,1,08,"USDA FAS PS&D (Production, Supply & Distribution)",https://apps.fas.usda.gov/psdonline/downloads/
"Oilseed, Cottonseed",United States,1995,Production,(1000 MT),6213.0,0,1,08,"USDA FAS PS&D (Production, Supply & Distribution)",https://apps.fas.usda.gov/psdonline/downloads/
"Oilseed, Cottonseed",United States,1996,Production,(1000 MT),6481.0,0,1,06,"USDA FAS PS&D (Production, Supply & Distribution)",https://apps.fas.usda.gov/psdonline/downloads/
"Oilseed, Cottonseed",United States,1997,Production,(1000 MT),6291.0,0,1,08,"USDA FAS PS&D (Production, Supply & Distribution)",https://apps.fas.usda.gov/psdonline/downloads/
"Oilseed, Cottonseed",United States,1998,Production,(1000 MT),4867.0,0,1,06,"USDA FAS PS&D (Production, Supply & Distribution)",https://apps.fas.usda.gov/psdonline/downloads/
"Oilseed, Cottonseed",United States,1999,Production,(1000 MT),5764.0,0,1,06,"USDA FAS PS&D (Production, Supply & Distribution)",https://apps.fas.usda.gov/psdonline/downloads/
"Oilseed, Cottonseed",United States,2000,Production,(1000 MT),5838.0,0,1,06,"USDA FAS PS&D (Production, Supply & Distribution)",https://apps.fas.usda.gov/psdonline/downloads/
"Oilseed, Cottonseed",United States,2001,Production,(1000 MT),6761.0,0,1,09,"USDA FAS PS&D (Production, Supply & Distribution)",https://apps.fas.usda.gov/psdonline/downloads/
"Oilseed, Cottonseed",United States,2002,Production,(1000 MT),5610.0,0,1,09,"USDA FAS PS&D (Production, Supply & Distribution)",https://apps.fas.usda.gov/psdonline/downloads/
"Oilseed, Cottonseed",United States,2003,Production,(1000 MT),6046.0,0,1,08,"USDA FAS PS&D (Production, Supply & Distribution)",https://apps.fas.usda.gov/psdonline/downloads/
"Oilseed, Cottonseed",United States,2004,Production,(1000 MT),7437.0,0,1,04,"USDA FAS PS&D (Production, Supply & Distribution)",https://apps.fas.usda.gov/psdonline/downloads/
"Oilseed, Cottonseed",United States,2005,Production,(1000 MT),7414.0,0,1,04,"USDA FAS PS&D (Production, Supply & Distribution)",https://apps.fas.usda.gov/psdonline/downloads/
"Oilseed, Cottonseed",United States,2006,Production,(1000 MT),6666.0,0,1,04,"USDA FAS PS&D (Production, Supply & Distribution)",https://apps.fas.usda.gov/psdonline/downloads/
"Oilseed, Cottonseed",United States,2007,Production,(1000 MT),5977.0,0,1,05,"USDA FAS PS&D (Production, Supply & Distribution)",https://apps.fas.usda.gov/psdonline/downloads/
"Oilseed, Cottonseed",United States,2008,Production,(1000 MT),3901.0,0,1,05,"USDA FAS PS&D (Production, Supply & Distribution)",https://apps.fas.usda.gov/psdonline/downloads/
"Oilseed, Cottonseed",United States,2009,Production,(1000 MT),3764.0,0,1,03,"USDA FAS PS&D (Production, Supply & Distribution)",https://apps.fas.usda.gov/psdonline/downloads/
"Oilseed, Cottonseed",United States,2010,Production,(1000 MT),5530.0,0,1,05,"USDA FAS PS&D (Production, Supply & Distribution)",https://apps.fas.usda.gov/psdonline/downloads/
"Oilseed, Cottonseed",United States,2011,Production,(1000 MT),4872.0,0,1,12,"USDA FAS PS&D (Production, Supply & Distribution)",https://apps.fas.usda.gov/psdonline/downloads/
"Oilseed, Cottonseed",United States,2012,Production,(1000 MT),5140.0,0,1,12,"USDA FAS PS&D (Production, Supply & Distribution)",https://apps.fas.usda.gov/psdonline/downloads/
"Oilseed, Cottonseed",United States,2013,Production,(1000 MT),3813.0,0,1,02,"USDA FAS PS&D (Production, Supply & Distribution)",https://apps.fas.usda.gov/psdonline/downloads/
"Oilseed, Cottonseed",United States,2014,Production,(1000 MT),4649.0,0,1,02,"USDA FAS PS&D (Production, Supply & Distribution)",https://apps.fas.usda.gov/psdonline/downloads/
"Oilseed, Cottonseed",United States,2015,Production,(1000 MT),3668.0,0,1,05,"USDA FAS PS&D (Production, Supply & Distribution)",https://apps.fas.usda.gov/psdonline/downloads/
"Oilseed, Cottonseed",United States,2016,Production,(1000 MT),4871.0,0,1,05,"USDA FAS PS&D (Production, Supply & Distribution)",https://apps.fas.usda.gov/psdonline/downloads/
"Oilseed, Cottonseed",United States,2017,Production,(1000 MT),5826.0,0,1,07,"USDA FAS PS&D (Production, Supply & Distribution)",https://apps.fas.usda.gov/psdonline/downloads/
"Oilseed, Cottonseed",United States,2018,Production,(1000 MT),5108.0,0,1,01,"USDA FAS PS&D (Production, Supply & Distribution)",https://apps.fas.usda.gov/psdonline/downloads/
"Oilseed, Cottonseed",United States,2019,Production,(1000 MT),5393.0,0,1,01,"USDA FAS PS&D (Production, Supply & Distribution)",https://apps.fas.usda.gov/psdonline/downloads/
"Oilseed, Cottonseed",United States,2020,Production,(1000 MT),4053.0,0,1,01,"USDA FAS PS&D (Production, Supply & Distribution)",https://apps.fas.usda.gov/psdonline/downloads/
"Oilseed, Cottonseed",United States,2021,Production,(1000 MT),4829.0,0,1,07,"USDA FAS PS&D (Production, Supply & Distribution)",https://apps.fas.usda.gov/psdonline/downloads/
"Oilseed, Cottonseed",United States,2022,Production,(1000 MT),4005.0,0,1,05,"USDA FAS PS&D (Production, Supply & Distribution)",https://apps.fas.usda.gov/psdonline/downloads/
"Oilseed, Cottonseed",United States,2023,Production,(1000 MT),3306.0,0,1,08,"USDA FAS PS&D (Production, Supply & Distribution)",https://apps.fas.usda.gov/psdonline/downloads/
"Oilseed, Cottonseed",United States,2024,Production,(1000 MT),3866.0,0,1,05,"USDA FAS PS&D (Production, Supply & Distribution)",https://apps.fas.usda.gov/psdonline/downloads/
"Oilseed, Cottonseed",United States,2025,Production,(1000 MT),3748.0,0,1,06,"USDA FAS PS&D (Production, Supply & Distribution)",https://apps.fas.usda.gov/psdonline/downloads/
"Oilseed, Cottonseed",United States,2026,Production,(1000 MT),3665.0,0,1,06,"USDA FAS PS&D (Production, Supply & Distribution)",https://apps.fas.usda.gov/psdonline/downloads/
"Oilseed, Cottonseed",United States,1969,Seed to Lint Ratio,(RATIO),0.0,0,1,06,"USDA FAS PS&D (Production, Supply & Distribution)",https://apps.fas.usda.gov/psdonline/downloads/
"Oilseed, Cottonseed",United States,1970,Seed to Lint Ratio,(RATIO),0.0,0,1,06,"USDA FAS PS&D (Production, Supply & Distribution)",https://apps.fas.usda.gov/psdonline/downloads/
"Oilseed, Cottonseed",United States,1971,Seed to Lint Ratio,(RATIO),0.0,0,1,06,"USDA FAS PS&D (Production, Supply & Distribution)",https://apps.fas.usda.gov/psdonline/downloads/
"Oilseed, Cottonseed",United States,1972,Seed to Lint Ratio,(RATIO),0.0,0,1,06,"USDA FAS PS&D (Production, Supply & Distribution)",https://apps.fas.usda.gov/psdonline/downloads/
"Oilseed, Cottonseed",United States,1973,Seed to Lint Ratio,(RATIO),0.0,0,1,06,"USDA FAS PS&D (Production, Supply & Distribution)",https://apps.fas.usda.gov/psdonline/downloads/
"Oilseed, Cottonseed",United States,1974,Seed to Lint Ratio,(RATIO),0.0,0,1,06,"USDA FAS PS&D (Production, Supply & Distribution)",https://apps.fas.usda.gov/psdonline/downloads/
"Oilseed, Cottonseed",United States,1975,Seed to Lint Ratio,(RATIO),0.0,0,1,06,"USDA FAS PS&D (Production, Supply & Distribution)",https://apps.fas.usda.gov/psdonline/downloads/
"Oilseed, Cottonseed",United States,1976,Seed to Lint Ratio,(RATIO),0.0,0,1,06,"USDA FAS PS&D (Production, Supply & Distribution)",https://apps.fas.usda.gov/psdonline/downloads/
"Oilseed, Cottonseed",United States,1977,Seed to Lint Ratio,(RATIO),0.0,0,1,06,"USDA FAS PS&D (Production, Supply & Distribution)",https://apps.fas.usda.gov/psdonline/downloads/
"Oilseed, Cottonseed",United States,1978,Seed to Lint Ratio,(RATIO),0.0,0,1,06,"USDA FAS PS&D (Production, Supply & Distribution)",https://apps.fas.usda.gov/psdonline/downloads/
"Oilseed, Cottonseed",United States,1979,Seed to Lint Ratio,(RATIO),0.0,0,1,06,"USDA FAS PS&D (Production, Supply & Distribution)",https://apps.fas.usda.gov/psdonline/downloads/
"Oilseed, Cottonseed",United States,1980,Seed to Lint Ratio,(RATIO),0.0,0,1,06,"USDA FAS PS&D (Production, Supply & Distribution)",https://apps.fas.usda.gov/psdonline/downloads/
"Oilseed, Cottonseed",United States,1981,Seed to Lint Ratio,(RATIO),0.0,0,1,06,"USDA FAS PS&D (Production, Supply & Distribution)",https://apps.fas.usda.gov/psdonline/downloads/
"Oilseed, Cottonseed",United States,1982,Seed to Lint Ratio,(RATIO),0.0,0,1,06,"USDA FAS PS&D (Production, Supply & Distribution)",https://apps.fas.usda.gov/psdonline/downloads/
"Oilseed, Cottonseed",United States,1983,Seed to Lint Ratio,(RATIO),0.0,0,1,06,"USDA FAS PS&D (Production, Supply & Distribution)",https://apps.fas.usda.gov/psdonline/downloads/
"Oilseed, Cottonseed",United States,1984,Seed to Lint Ratio,(RATIO),0.0,0,1,06,"USDA FAS PS&D (Production, Supply & Distribution)",https://apps.fas.usda.gov/psdonline/downloads/
"Oilseed, Cottonseed",United States,1985,Seed to Lint Ratio,(RATIO),0.0,0,1,06,"USDA FAS PS&D (Production, Supply & Distribution)",https://apps.fas.usda.gov/psdonline/downloads/
"Oilseed, Cottonseed",United States,1986,Seed to Lint Ratio,(RATIO),0.0,0,1,06,"USDA FAS PS&D (Production, Supply & Distribution)",https://apps.fas.usda.gov/psdonline/downloads/
"Oilseed, Cottonseed",United States,1987,Seed to Lint Ratio,(RATIO),0.0,0,1,06,"USDA FAS PS&D (Production, Supply & Distribution)",https://apps.fas.usda.gov/psdonline/downloads/
"Oilseed, Cottonseed",United States,1988,Seed to Lint Ratio,(RATIO),0.0,0,1,06,"USDA FAS PS&D (Production, Supply & Distribution)",https://apps.fas.usda.gov/psdonline/downloads/
"Oilseed, Cottonseed",United States,1989,Seed to Lint Ratio,(RATIO),0.0,0,1,08,"USDA FAS PS&D (Production, Supply & Distribution)",https://apps.fas.usda.gov/psdonline/downloads/
"Oilseed, Cottonseed",United States,1990,Seed to Lint Ratio,(RATIO),0.0,0,1,06,"USDA FAS PS&D (Production, Supply & Distribution)",https://apps.fas.usda.gov/psdonline/downloads/
"Oilseed, Cottonseed",United States,1991,Seed to Lint Ratio,(RATIO),0.0,0,1,08,"USDA FAS PS&D (Production, Supply & Distribution)",https://apps.fas.usda.gov/psdonline/downloads/
"Oilseed, Cottonseed",United States,1992,Seed to Lint Ratio,(RATIO),0.0,0,1,06,"USDA FAS PS&D (Production, Supply & Distribution)",https://apps.fas.usda.gov/psdonline/downloads/
"Oilseed, Cottonseed",United States,1993,Seed to Lint Ratio,(RATIO),0.0,0,1,08,"USDA FAS PS&D (Production, Supply & Distribution)",https://apps.fas.usda.gov/psdonline/downloads/
"Oilseed, Cottonseed",United States,1994,Seed to Lint Ratio,(RATIO),0.0,0,1,08,"USDA FAS PS&D (Production, Supply & Distribution)",https://apps.fas.usda.gov/psdonline/downloads/
"Oilseed, Cottonseed",United States,1995,Seed to Lint Ratio,(RATIO),0.0,0,1,08,"USDA FAS PS&D (Production, Supply & Distribution)",https://apps.fas.usda.gov/psdonline/downloads/
"Oilseed, Cottonseed",United States,1996,Seed to Lint Ratio,(RATIO),0.0,0,1,06,"USDA FAS PS&D (Production, Supply & Distribution)",https://apps.fas.usda.gov/psdonline/downloads/
"Oilseed, Cottonseed",United States,1997,Seed to Lint Ratio,(RATIO),0.0,0,1,08,"USDA FAS PS&D (Production, Supply & Distribution)",https://apps.fas.usda.gov/psdonline/downloads/
"Oilseed, Cottonseed",United States,1998,Seed to Lint Ratio,(RATIO),0.0,0,1,06,"USDA FAS PS&D (Production, Supply & Distribution)",https://apps.fas.usda.gov/psdonline/downloads/
"Oilseed, Cottonseed",United States,1999,Seed to Lint Ratio,(RATIO),0.0,0,1,06,"USDA FAS PS&D (Production, Supply & Distribution)",https://apps.fas.usda.gov/psdonline/downloads/
"Oilseed, Cottonseed",United States,2000,Seed to Lint Ratio,(RATIO),0.0,0,1,06,"USDA FAS PS&D (Production, Supply & Distribution)",https://apps.fas.usda.gov/psdonline/downloads/
"Oilseed, Cottonseed",United States,2001,Seed to Lint Ratio,(RATIO),0.0,0,1,09,"USDA FAS PS&D (Production, Supply & Distribution)",https://apps.fas.usda.gov/psdonline/downloads/
"Oilseed, Cottonseed",United States,2002,Seed to Lint Ratio,(RATIO),0.0,0,1,09,"USDA FAS PS&D (Production, Supply & Distribution)",https://apps.fas.usda.gov/psdonline/downloads/
"Oilseed, Cottonseed",United States,2003,Seed to Lint Ratio,(RATIO),0.0,0,1,08,"USDA FAS PS&D (Production, Supply & Distribution)",https://apps.fas.usda.gov/psdonline/downloads/
"Oilseed, Cottonseed",United States,2004,Seed to Lint Ratio,(RATIO),0.0,0,1,04,"USDA FAS PS&D (Production, Supply & Distribution)",https://apps.fas.usda.gov/psdonline/downloads/
"Oilseed, Cottonseed",United States,2005,Seed to Lint Ratio,(RATIO),0.0,0,1,04,"USDA FAS PS&D (Production, Supply & Distribution)",https://apps.fas.usda.gov/psdonline/downloads/
"Oilseed, Cottonseed",United States,2006,Seed to Lint Ratio,(RATIO),0.0,0,1,04,"USDA FAS PS&D (Production, Supply & Distribution)",https://apps.fas.usda.gov/psdonline/downloads/
"Oilseed, Cottonseed",United States,2007,Seed to Lint Ratio,(RATIO),0.0,0,1,05,"USDA FAS PS&D (Production, Supply & Distribution)",https://apps.fas.usda.gov/psdonline/downloads/
"Oilseed, Cottonseed",United States,2008,Seed to Lint Ratio,(RATIO),0.0,0,1,05,"USDA FAS PS&D (Production, Supply & Distribution)",https://apps.fas.usda.gov/psdonline/downloads/
"Oilseed, Cottonseed",United States,2009,Seed to Lint Ratio,(RATIO),0.0,0,1,03,"USDA FAS PS&D (Production, Supply & Distribution)",https://apps.fas.usda.gov/psdonline/downloads/
"Oilseed, Cottonseed",United States,2010,Seed to Lint Ratio,(RATIO),0.0,0,1,05,"USDA FAS PS&D (Production, Supply & Distribution)",https://apps.fas.usda.gov/psdonline/downloads/
"Oilseed, Cottonseed",United States,2011,Seed to Lint Ratio,(RATIO),0.0,0,1,12,"USDA FAS PS&D (Production, Supply & Distribution)",https://apps.fas.usda.gov/psdonline/downloads/
"Oilseed, Cottonseed",United States,2012,Seed to Lint Ratio,(RATIO),0.0,0,1,12,"USDA FAS PS&D (Production, Supply & Distribution)",https://apps.fas.usda.gov/psdonline/downloads/
"Oilseed, Cottonseed",United States,2013,Seed to Lint Ratio,(RATIO),0.0,0,1,02,"USDA FAS PS&D (Production, Supply & Distribution)",https://apps.fas.usda.gov/psdonline/downloads/
"Oilseed, Cottonseed",United States,2014,Seed to Lint Ratio,(RATIO),0.0,0,1,02,"USDA FAS PS&D (Production, Supply & Distribution)",https://apps.fas.usda.gov/psdonline/downloads/
"Oilseed, Cottonseed",United States,2015,Seed to Lint Ratio,(RATIO),0.0,0,1,05,"USDA FAS PS&D (Production, Supply & Distribution)",https://apps.fas.usda.gov/psdonline/downloads/
"Oilseed, Cottonseed",United States,2016,Seed to Lint Ratio,(RATIO),0.0,0,1,05,"USDA FAS PS&D (Production, Supply & Distribution)",https://apps.fas.usda.gov/psdonline/downloads/
"Oilseed, Cottonseed",United States,2017,Seed to Lint Ratio,(RATIO),0.0,0,1,07,"USDA FAS PS&D (Production, Supply & Distribution)",https://apps.fas.usda.gov/psdonline/downloads/
"Oilseed, Cottonseed",United States,2018,Seed to Lint Ratio,(RATIO),0.0,0,1,01,"USDA FAS PS&D (Production, Supply & Distribution)",https://apps.fas.usda.gov/psdonline/downloads/
"Oilseed, Cottonseed",United States,2019,Seed to Lint Ratio,(RATIO),0.0,0,1,01,"USDA FAS PS&D (Production, Supply & Distribution)",https://apps.fas.usda.gov/psdonline/downloads/
"Oilseed, Cottonseed",United States,2020,Seed to Lint Ratio,(RATIO),0.0,0,1,01,"USDA FAS PS&D (Production, Supply & Distribution)",https://apps.fas.usda.gov/psdonline/downloads/
"Oilseed, Cottonseed",United States,2021,Seed to Lint Ratio,(RATIO),0.0,0,1,07,"USDA FAS PS&D (Production, Supply & Distribution)",https://apps.fas.usda.gov/psdonline/downloads/
"Oilseed, Cottonseed",United States,2022,Seed to Lint Ratio,(RATIO),0.0,0,1,05,"USDA FAS PS&D (Production, Supply & Distribution)",https://apps.fas.usda.gov/psdonline/downloads/
"Oilseed, Cottonseed",United States,2023,Seed to Lint Ratio,(RATIO),0.0,0,1,08,"USDA FAS PS&D (Production, Supply & Distribution)",https://apps.fas.usda.gov/psdonline/downloads/
"Oilseed, Cottonseed",United States,2024,Seed to Lint Ratio,(RATIO),0.0,0,1,05,"USDA FAS PS&D (Production, Supply & Distribution)",https://apps.fas.usda.gov/psdonline/downloads/
"Oilseed, Cottonseed",United States,2025,Seed to Lint Ratio,(RATIO),0.0,0,1,06,"USDA FAS PS&D (Production, Supply & Distribution)",https://apps.fas.usda.gov/psdonline/downloads/
"Oilseed, Cottonseed",United States,2026,Seed to Lint Ratio,(RATIO),0.0,0,1,06,"USDA FAS PS&D (Production, Supply & Distribution)",https://apps.fas.usda.gov/psdonline/downloads/
"Oilseed, Cottonseed",United States,1969,Total Distribution,(1000 MT),3834.0,0,1,06,"USDA FAS PS&D (Production, Supply & Distribution)",https://apps.fas.usda.gov/psdonline/downloads/
"Oilseed, Cottonseed",United States,1970,Total Distribution,(1000 MT),3763.0,0,1,06,"USDA FAS PS&D (Production, Supply & Distribution)",https://apps.fas.usda.gov/psdonline/downloads/
"Oilseed, Cottonseed",United States,1971,Total Distribution,(1000 MT),4044.0,0,1,06,"USDA FAS PS&D (Production, Supply & Distribution)",https://apps.fas.usda.gov/psdonline/downloads/
"Oilseed, Cottonseed",United States,1972,Total Distribution,(1000 MT),5105.0,0,1,06,"USDA FAS PS&D (Production, Supply & Distribution)",https://apps.fas.usda.gov/psdonline/downloads/
"Oilseed, Cottonseed",United States,1973,Total Distribution,(1000 MT),5011.0,0,1,06,"USDA FAS PS&D (Production, Supply & Distribution)",https://apps.fas.usda.gov/psdonline/downloads/
"Oilseed, Cottonseed",United States,1974,Total Distribution,(1000 MT),4526.0,0,1,06,"USDA FAS PS&D (Production, Supply & Distribution)",https://apps.fas.usda.gov/psdonline/downloads/
"Oilseed, Cottonseed",United States,1975,Total Distribution,(1000 MT),3422.0,0,1,06,"USDA FAS PS&D (Production, Supply & Distribution)",https://apps.fas.usda.gov/psdonline/downloads/
"Oilseed, Cottonseed",United States,1976,Total Distribution,(1000 MT),3923.0,0,1,06,"USDA FAS PS&D (Production, Supply & Distribution)",https://apps.fas.usda.gov/psdonline/downloads/
"Oilseed, Cottonseed",United States,1977,Total Distribution,(1000 MT),5266.0,0,1,06,"USDA FAS PS&D (Production, Supply & Distribution)",https://apps.fas.usda.gov/psdonline/downloads/
"Oilseed, Cottonseed",United States,1978,Total Distribution,(1000 MT),4614.0,0,1,06,"USDA FAS PS&D (Production, Supply & Distribution)",https://apps.fas.usda.gov/psdonline/downloads/
"Oilseed, Cottonseed",United States,1979,Total Distribution,(1000 MT),5714.0,0,1,06,"USDA FAS PS&D (Production, Supply & Distribution)",https://apps.fas.usda.gov/psdonline/downloads/
"Oilseed, Cottonseed",United States,1980,Total Distribution,(1000 MT),5016.0,0,1,06,"USDA FAS PS&D (Production, Supply & Distribution)",https://apps.fas.usda.gov/psdonline/downloads/
"Oilseed, Cottonseed",United States,1981,Total Distribution,(1000 MT),6164.0,0,1,06,"USDA FAS PS&D (Production, Supply & Distribution)",https://apps.fas.usda.gov/psdonline/downloads/
"Oilseed, Cottonseed",United States,1982,Total Distribution,(1000 MT),5012.0,0,1,06,"USDA FAS PS&D (Production, Supply & Distribution)",https://apps.fas.usda.gov/psdonline/downloads/
"Oilseed, Cottonseed",United States,1983,Total Distribution,(1000 MT),3128.0,0,1,06,"USDA FAS PS&D (Production, Supply & Distribution)",https://apps.fas.usda.gov/psdonline/downloads/
"Oilseed, Cottonseed",United States,1984,Total Distribution,(1000 MT),4776.0,0,1,06,"USDA FAS PS&D (Production, Supply & Distribution)",https://apps.fas.usda.gov/psdonline/downloads/
"Oilseed, Cottonseed",United States,1985,Total Distribution,(1000 MT),5157.0,0,1,06,"USDA FAS PS&D (Production, Supply & Distribution)",https://apps.fas.usda.gov/psdonline/downloads/
"Oilseed, Cottonseed",United States,1986,Total Distribution,(1000 MT),3763.0,0,1,06,"USDA FAS PS&D (Production, Supply & Distribution)",https://apps.fas.usda.gov/psdonline/downloads/
"Oilseed, Cottonseed",United States,1987,Total Distribution,(1000 MT),5407.0,0,1,06,"USDA FAS PS&D (Production, Supply & Distribution)",https://apps.fas.usda.gov/psdonline/downloads/
"Oilseed, Cottonseed",United States,1988,Total Distribution,(1000 MT),5828.0,0,1,06,"USDA FAS PS&D (Production, Supply & Distribution)",https://apps.fas.usda.gov/psdonline/downloads/
"Oilseed, Cottonseed",United States,1989,Total Distribution,(1000 MT),4846.0,0,1,08,"USDA FAS PS&D (Production, Supply & Distribution)",https://apps.fas.usda.gov/psdonline/downloads/
"Oilseed, Cottonseed",United States,1990,Total Distribution,(1000 MT),5750.0,0,1,06,"USDA FAS PS&D (Production, Supply & Distribution)",https://apps.fas.usda.gov/psdonline/downloads/
"Oilseed, Cottonseed",United States,1991,Total Distribution,(1000 MT),6876.0,0,1,08,"USDA FAS PS&D (Production, Supply & Distribution)",https://apps.fas.usda.gov/psdonline/downloads/
"Oilseed, Cottonseed",United States,1992,Total Distribution,(1000 MT),6069.0,0,1,06,"USDA FAS PS&D (Production, Supply & Distribution)",https://apps.fas.usda.gov/psdonline/downloads/
"Oilseed, Cottonseed",United States,1993,Total Distribution,(1000 MT),6085.0,0,1,08,"USDA FAS PS&D (Production, Supply & Distribution)",https://apps.fas.usda.gov/psdonline/downloads/
"Oilseed, Cottonseed",United States,1994,Total Distribution,(1000 MT),7290.0,0,1,08,"USDA FAS PS&D (Production, Supply & Distribution)",https://apps.fas.usda.gov/psdonline/downloads/
"Oilseed, Cottonseed",United States,1995,Total Distribution,(1000 MT),6714.0,0,1,08,"USDA FAS PS&D (Production, Supply & Distribution)",https://apps.fas.usda.gov/psdonline/downloads/
"Oilseed, Cottonseed",United States,1996,Total Distribution,(1000 MT),6968.0,0,1,06,"USDA FAS PS&D (Production, Supply & Distribution)",https://apps.fas.usda.gov/psdonline/downloads/
"Oilseed, Cottonseed",United States,1997,Total Distribution,(1000 MT),6853.0,0,1,08,"USDA FAS PS&D (Production, Supply & Distribution)",https://apps.fas.usda.gov/psdonline/downloads/
"Oilseed, Cottonseed",United States,1998,Total Distribution,(1000 MT),5566.0,0,1,06,"USDA FAS PS&D (Production, Supply & Distribution)",https://apps.fas.usda.gov/psdonline/downloads/
"Oilseed, Cottonseed",United States,1999,Total Distribution,(1000 MT),6401.0,0,1,06,"USDA FAS PS&D (Production, Supply & Distribution)",https://apps.fas.usda.gov/psdonline/downloads/
"Oilseed, Cottonseed",United States,2000,Total Distribution,(1000 MT),6425.0,0,1,06,"USDA FAS PS&D (Production, Supply & Distribution)",https://apps.fas.usda.gov/psdonline/downloads/
"Oilseed, Cottonseed",United States,2001,Total Distribution,(1000 MT),7443.0,0,1,09,"USDA FAS PS&D (Production, Supply & Distribution)",https://apps.fas.usda.gov/psdonline/downloads/
"Oilseed, Cottonseed",United States,2002,Total Distribution,(1000 MT),6067.0,0,1,09,"USDA FAS PS&D (Production, Supply & Distribution)",https://apps.fas.usda.gov/psdonline/downloads/
"Oilseed, Cottonseed",United States,2003,Total Distribution,(1000 MT),6361.0,0,1,08,"USDA FAS PS&D (Production, Supply & Distribution)",https://apps.fas.usda.gov/psdonline/downloads/
"Oilseed, Cottonseed",United States,2004,Total Distribution,(1000 MT),7820.0,0,1,04,"USDA FAS PS&D (Production, Supply & Distribution)",https://apps.fas.usda.gov/psdonline/downloads/
"Oilseed, Cottonseed",United States,2005,Total Distribution,(1000 MT),7951.0,0,1,04,"USDA FAS PS&D (Production, Supply & Distribution)",https://apps.fas.usda.gov/psdonline/downloads/
"Oilseed, Cottonseed",United States,2006,Total Distribution,(1000 MT),7212.0,0,1,04,"USDA FAS PS&D (Production, Supply & Distribution)",https://apps.fas.usda.gov/psdonline/downloads/
"Oilseed, Cottonseed",United States,2007,Total Distribution,(1000 MT),6423.0,0,1,05,"USDA FAS PS&D (Production, Supply & Distribution)",https://apps.fas.usda.gov/psdonline/downloads/
"Oilseed, Cottonseed",United States,2008,Total Distribution,(1000 MT),4484.0,0,1,05,"USDA FAS PS&D (Production, Supply & Distribution)",https://apps.fas.usda.gov/psdonline/downloads/
"Oilseed, Cottonseed",United States,2009,Total Distribution,(1000 MT),4252.0,0,1,03,"USDA FAS PS&D (Production, Supply & Distribution)",https://apps.fas.usda.gov/psdonline/downloads/
"Oilseed, Cottonseed",United States,2010,Total Distribution,(1000 MT),5840.0,0,1,05,"USDA FAS PS&D (Production, Supply & Distribution)",https://apps.fas.usda.gov/psdonline/downloads/
"Oilseed, Cottonseed",United States,2011,Total Distribution,(1000 MT),5497.0,0,1,12,"USDA FAS PS&D (Production, Supply & Distribution)",https://apps.fas.usda.gov/psdonline/downloads/
"Oilseed, Cottonseed",United States,2012,Total Distribution,(1000 MT),5530.0,0,1,12,"USDA FAS PS&D (Production, Supply & Distribution)",https://apps.fas.usda.gov/psdonline/downloads/
"Oilseed, Cottonseed",United States,2013,Total Distribution,(1000 MT),4341.0,0,1,02,"USDA FAS PS&D (Production, Supply & Distribution)",https://apps.fas.usda.gov/psdonline/downloads/
"Oilseed, Cottonseed",United States,2014,Total Distribution,(1000 MT),5089.0,0,1,02,"USDA FAS PS&D (Production, Supply & Distribution)",https://apps.fas.usda.gov/psdonline/downloads/
"Oilseed, Cottonseed",United States,2015,Total Distribution,(1000 MT),4080.0,0,1,05,"USDA FAS PS&D (Production, Supply & Distribution)",https://apps.fas.usda.gov/psdonline/downloads/
"Oilseed, Cottonseed",United States,2016,Total Distribution,(1000 MT),5272.0,0,1,05,"USDA FAS PS&D (Production, Supply & Distribution)",https://apps.fas.usda.gov/psdonline/downloads/
"Oilseed, Cottonseed",United States,2017,Total Distribution,(1000 MT),6189.0,0,1,07,"USDA FAS PS&D (Production, Supply & Distribution)",https://apps.fas.usda.gov/psdonline/downloads/
"Oilseed, Cottonseed",United States,2018,Total Distribution,(1000 MT),5518.0,0,1,01,"USDA FAS PS&D (Production, Supply & Distribution)",https://apps.fas.usda.gov/psdonline/downloads/
"Oilseed, Cottonseed",United States,2019,Total Distribution,(1000 MT),5827.0,0,1,01,"USDA FAS PS&D (Production, Supply & Distribution)",https://apps.fas.usda.gov/psdonline/downloads/
"Oilseed, Cottonseed",United States,2020,Total Distribution,(1000 MT),4468.0,0,1,01,"USDA FAS PS&D (Production, Supply & Distribution)",https://apps.fas.usda.gov/psdonline/downloads/
"Oilseed, Cottonseed",United States,2021,Total Distribution,(1000 MT),5210.0,0,1,07,"USDA FAS PS&D (Production, Supply & Distribution)",https://apps.fas.usda.gov/psdonline/downloads/
"Oilseed, Cottonseed",United States,2022,Total Distribution,(1000 MT),4456.0,0,1,05,"USDA FAS PS&D (Production, Supply & Distribution)",https://apps.fas.usda.gov/psdonline/downloads/
"Oilseed, Cottonseed",United States,2023,Total Distribution,(1000 MT),3678.0,0,1,08,"USDA FAS PS&D (Production, Supply & Distribution)",https://apps.fas.usda.gov/psdonline/downloads/
"Oilseed, Cottonseed",United States,2024,Total Distribution,(1000 MT),4266.0,0,1,05,"USDA FAS PS&D (Production, Supply & Distribution)",https://apps.fas.usda.gov/psdonline/downloads/
"Oilseed, Cottonseed",United States,2025,Total Distribution,(1000 MT),4156.0,0,1,06,"USDA FAS PS&D (Production, Supply & Distribution)",https://apps.fas.usda.gov/psdonline/downloads/
"Oilseed, Cottonseed",United States,2026,Total Distribution,(1000 MT),4064.0,0,1,06,"USDA FAS PS&D (Production, Supply & Distribution)",https://apps.fas.usda.gov/psdonline/downloads/
"Oilseed, Cottonseed",United States,1969,Total Supply,(1000 MT),3834.0,0,1,06,"USDA FAS PS&D (Production, Supply & Distribution)",https://apps.fas.usda.gov/psdonline/downloads/
"Oilseed, Cottonseed",United States,1970,Total Supply,(1000 MT),3763.0,0,1,06,"USDA FAS PS&D (Production, Supply & Distribution)",https://apps.fas.usda.gov/psdonline/downloads/
"Oilseed, Cottonseed",United States,1971,Total Supply,(1000 MT),4044.0,0,1,06,"USDA FAS PS&D (Production, Supply & Distribution)",https://apps.fas.usda.gov/psdonline/downloads/
"Oilseed, Cottonseed",United States,1972,Total Supply,(1000 MT),5105.0,0,1,06,"USDA FAS PS&D (Production, Supply & Distribution)",https://apps.fas.usda.gov/psdonline/downloads/
"Oilseed, Cottonseed",United States,1973,Total Supply,(1000 MT),5011.0,0,1,06,"USDA FAS PS&D (Production, Supply & Distribution)",https://apps.fas.usda.gov/psdonline/downloads/
"Oilseed, Cottonseed",United States,1974,Total Supply,(1000 MT),4526.0,0,1,06,"USDA FAS PS&D (Production, Supply & Distribution)",https://apps.fas.usda.gov/psdonline/downloads/
"Oilseed, Cottonseed",United States,1975,Total Supply,(1000 MT),3422.0,0,1,06,"USDA FAS PS&D (Production, Supply & Distribution)",https://apps.fas.usda.gov/psdonline/downloads/
"Oilseed, Cottonseed",United States,1976,Total Supply,(1000 MT),3923.0,0,1,06,"USDA FAS PS&D (Production, Supply & Distribution)",https://apps.fas.usda.gov/psdonline/downloads/
"Oilseed, Cottonseed",United States,1977,Total Supply,(1000 MT),5266.0,0,1,06,"USDA FAS PS&D (Production, Supply & Distribution)",https://apps.fas.usda.gov/psdonline/downloads/
"Oilseed, Cottonseed",United States,1978,Total Supply,(1000 MT),4614.0,0,1,06,"USDA FAS PS&D (Production, Supply & Distribution)",https://apps.fas.usda.gov/psdonline/downloads/
"Oilseed, Cottonseed",United States,1979,Total Supply,(1000 MT),5714.0,0,1,06,"USDA FAS PS&D (Production, Supply & Distribution)",https://apps.fas.usda.gov/psdonline/downloads/
"Oilseed, Cottonseed",United States,1980,Total Supply,(1000 MT),5016.0,0,1,06,"USDA FAS PS&D (Production, Supply & Distribution)",https://apps.fas.usda.gov/psdonline/downloads/
"Oilseed, Cottonseed",United States,1981,Total Supply,(1000 MT),6164.0,0,1,06,"USDA FAS PS&D (Production, Supply & Distribution)",https://apps.fas.usda.gov/psdonline/downloads/
"Oilseed, Cottonseed",United States,1982,Total Supply,(1000 MT),5012.0,0,1,06,"USDA FAS PS&D (Production, Supply & Distribution)",https://apps.fas.usda.gov/psdonline/downloads/
"Oilseed, Cottonseed",United States,1983,Total Supply,(1000 MT),3128.0,0,1,06,"USDA FAS PS&D (Production, Supply & Distribution)",https://apps.fas.usda.gov/psdonline/downloads/
"Oilseed, Cottonseed",United States,1984,Total Supply,(1000 MT),4776.0,0,1,06,"USDA FAS PS&D (Production, Supply & Distribution)",https://apps.fas.usda.gov/psdonline/downloads/
"Oilseed, Cottonseed",United States,1985,Total Supply,(1000 MT),5157.0,0,1,06,"USDA FAS PS&D (Production, Supply & Distribution)",https://apps.fas.usda.gov/psdonline/downloads/
"Oilseed, Cottonseed",United States,1986,Total Supply,(1000 MT),3763.0,0,1,06,"USDA FAS PS&D (Production, Supply & Distribution)",https://apps.fas.usda.gov/psdonline/downloads/
"Oilseed, Cottonseed",United States,1987,Total Supply,(1000 MT),5407.0,0,1,06,"USDA FAS PS&D (Production, Supply & Distribution)",https://apps.fas.usda.gov/psdonline/downloads/
"Oilseed, Cottonseed",United States,1988,Total Supply,(1000 MT),5828.0,0,1,06,"USDA FAS PS&D (Production, Supply & Distribution)",https://apps.fas.usda.gov/psdonline/downloads/
"Oilseed, Cottonseed",United States,1989,Total Supply,(1000 MT),4846.0,0,1,08,"USDA FAS PS&D (Production, Supply & Distribution)",https://apps.fas.usda.gov/psdonline/downloads/
"Oilseed, Cottonseed",United States,1990,Total Supply,(1000 MT),5750.0,0,1,06,"USDA FAS PS&D (Production, Supply & Distribution)",https://apps.fas.usda.gov/psdonline/downloads/
"Oilseed, Cottonseed",United States,1991,Total Supply,(1000 MT),6876.0,0,1,08,"USDA FAS PS&D (Production, Supply & Distribution)",https://apps.fas.usda.gov/psdonline/downloads/
"Oilseed, Cottonseed",United States,1992,Total Supply,(1000 MT),6069.0,0,1,06,"USDA FAS PS&D (Production, Supply & Distribution)",https://apps.fas.usda.gov/psdonline/downloads/
"Oilseed, Cottonseed",United States,1993,Total Supply,(1000 MT),6085.0,0,1,08,"USDA FAS PS&D (Production, Supply & Distribution)",https://apps.fas.usda.gov/psdonline/downloads/
"Oilseed, Cottonseed",United States,1994,Total Supply,(1000 MT),7290.0,0,1,08,"USDA FAS PS&D (Production, Supply & Distribution)",https://apps.fas.usda.gov/psdonline/downloads/
"Oilseed, Cottonseed",United States,1995,Total Supply,(1000 MT),6714.0,0,1,08,"USDA FAS PS&D (Production, Supply & Distribution)",https://apps.fas.usda.gov/psdonline/downloads/
"Oilseed, Cottonseed",United States,1996,Total Supply,(1000 MT),6968.0,0,1,06,"USDA FAS PS&D (Production, Supply & Distribution)",https://apps.fas.usda.gov/psdonline/downloads/
"Oilseed, Cottonseed",United States,1997,Total Supply,(1000 MT),6853.0,0,1,08,"USDA FAS PS&D (Production, Supply & Distribution)",https://apps.fas.usda.gov/psdonline/downloads/
"Oilseed, Cottonseed",United States,1998,Total Supply,(1000 MT),5566.0,0,1,06,"USDA FAS PS&D (Production, Supply & Distribution)",https://apps.fas.usda.gov/psdonline/downloads/
"Oilseed, Cottonseed",United States,1999,Total Supply,(1000 MT),6401.0,0,1,06,"USDA FAS PS&D (Production, Supply & Distribution)",https://apps.fas.usda.gov/psdonline/downloads/
"Oilseed, Cottonseed",United States,2000,Total Supply,(1000 MT),6425.0,0,1,06,"USDA FAS PS&D (Production, Supply & Distribution)",https://apps.fas.usda.gov/psdonline/downloads/
"Oilseed, Cottonseed",United States,2001,Total Supply,(1000 MT),7443.0,0,1,09,"USDA FAS PS&D (Production, Supply & Distribution)",https://apps.fas.usda.gov/psdonline/downloads/
"Oilseed, Cottonseed",United States,2002,Total Supply,(1000 MT),6067.0,0,1,09,"USDA FAS PS&D (Production, Supply & Distribution)",https://apps.fas.usda.gov/psdonline/downloads/
"Oilseed, Cottonseed",United States,2003,Total Supply,(1000 MT),6361.0,0,1,08,"USDA FAS PS&D (Production, Supply & Distribution)",https://apps.fas.usda.gov/psdonline/downloads/
"Oilseed, Cottonseed",United States,2004,Total Supply,(1000 MT),7820.0,0,1,04,"USDA FAS PS&D (Production, Supply & Distribution)",https://apps.fas.usda.gov/psdonline/downloads/
"Oilseed, Cottonseed",United States,2005,Total Supply,(1000 MT),7951.0,0,1,04,"USDA FAS PS&D (Production, Supply & Distribution)",https://apps.fas.usda.gov/psdonline/downloads/
"Oilseed, Cottonseed",United States,2006,Total Supply,(1000 MT),7212.0,0,1,04,"USDA FAS PS&D (Production, Supply & Distribution)",https://apps.fas.usda.gov/psdonline/downloads/
"Oilseed, Cottonseed",United States,2007,Total Supply,(1000 MT),6423.0,0,1,05,"USDA FAS PS&D (Production, Supply & Distribution)",https://apps.fas.usda.gov/psdonline/downloads/
"Oilseed, Cottonseed",United States,2008,Total Supply,(1000 MT),4484.0,0,1,05,"USDA FAS PS&D (Production, Supply & Distribution)",https://apps.fas.usda.gov/psdonline/downloads/
"Oilseed, Cottonseed",United States,2009,Total Supply,(1000 MT),4252.0,0,1,03,"USDA FAS PS&D (Production, Supply & Distribution)",https://apps.fas.usda.gov/psdonline/downloads/
"Oilseed, Cottonseed",United States,2010,Total Supply,(1000 MT),5840.0,0,1,05,"USDA FAS PS&D (Production, Supply & Distribution)",https://apps.fas.usda.gov/psdonline/downloads/
"Oilseed, Cottonseed",United States,2011,Total Supply,(1000 MT),5497.0,0,1,12,"USDA FAS PS&D (Production, Supply & Distribution)",https://apps.fas.usda.gov/psdonline/downloads/
"Oilseed, Cottonseed",United States,2012,Total Supply,(1000 MT),5530.0,0,1,12,"USDA FAS PS&D (Production, Supply & Distribution)",https://apps.fas.usda.gov/psdonline/downloads/
"Oilseed, Cottonseed",United States,2013,Total Supply,(1000 MT),4341.0,0,1,02,"USDA FAS PS&D (Production, Supply & Distribution)",https://apps.fas.usda.gov/psdonline/downloads/
"Oilseed, Cottonseed",United States,2014,Total Supply,(1000 MT),5089.0,0,1,02,"USDA FAS PS&D (Production, Supply & Distribution)",https://apps.fas.usda.gov/psdonline/downloads/
"Oilseed, Cottonseed",United States,2015,Total Supply,(1000 MT),4080.0,0,1,05,"USDA FAS PS&D (Production, Supply & Distribution)",https://apps.fas.usda.gov/psdonline/downloads/
"Oilseed, Cottonseed",United States,2016,Total Supply,(1000 MT),5272.0,0,1,05,"USDA FAS PS&D (Production, Supply & Distribution)",https://apps.fas.usda.gov/psdonline/downloads/
"Oilseed, Cottonseed",United States,2017,Total Supply,(1000 MT),6189.0,0,1,07,"USDA FAS PS&D (Production, Supply & Distribution)",https://apps.fas.usda.gov/psdonline/downloads/
"Oilseed, Cottonseed",United States,2018,Total Supply,(1000 MT),5518.0,0,1,01,"USDA FAS PS&D (Production, Supply & Distribution)",https://apps.fas.usda.gov/psdonline/downloads/
"Oilseed, Cottonseed",United States,2019,Total Supply,(1000 MT),5827.0,0,1,01,"USDA FAS PS&D (Production, Supply & Distribution)",https://apps.fas.usda.gov/psdonline/downloads/
"Oilseed, Cottonseed",United States,2020,Total Supply,(1000 MT),4468.0,0,1,01,"USDA FAS PS&D (Production, Supply & Distribution)",https://apps.fas.usda.gov/psdonline/downloads/
"Oilseed, Cottonseed",United States,2021,Total Supply,(1000 MT),5210.0,0,1,07,"USDA FAS PS&D (Production, Supply & Distribution)",https://apps.fas.usda.gov/psdonline/downloads/
"Oilseed, Cottonseed",United States,2022,Total Supply,(1000 MT),4456.0,0,1,05,"USDA FAS PS&D (Production, Supply & Distribution)",https://apps.fas.usda.gov/psdonline/downloads/
"Oilseed, Cottonseed",United States,2023,Total Supply,(1000 MT),3678.0,0,1,08,"USDA FAS PS&D (Production, Supply & Distribution)",https://apps.fas.usda.gov/psdonline/downloads/
"Oilseed, Cottonseed",United States,2024,Total Supply,(1000 MT),4266.0,0,1,05,"USDA FAS PS&D (Production, Supply & Distribution)",https://apps.fas.usda.gov/psdonline/downloads/
"Oilseed, Cottonseed",United States,2025,Total Supply,(1000 MT),4156.0,0,1,06,"USDA FAS PS&D (Production, Supply & Distribution)",https://apps.fas.usda.gov/psdonline/downloads/
"Oilseed, Cottonseed",United States,2026,Total Supply,(1000 MT),4064.0,0,1,06,"USDA FAS PS&D (Production, Supply & Distribution)",https://apps.fas.usda.gov/psdonline/downloads/
"Oilseed, Cottonseed",United States,1969,Yield,(MT/HA),0.82,0,1,06,"USDA FAS PS&D (Production, Supply & Distribution)",https://apps.fas.usda.gov/psdonline/downloads/
"Oilseed, Cottonseed",United States,1970,Yield,(MT/HA),0.82,0,1,06,"USDA FAS PS&D (Production, Supply & Distribution)",https://apps.fas.usda.gov/psdonline/downloads/
"Oilseed, Cottonseed",United States,1971,Yield,(MT/HA),0.83,0,1,06,"USDA FAS PS&D (Production, Supply & Distribution)",https://apps.fas.usda.gov/psdonline/downloads/
"Oilseed, Cottonseed",United States,1972,Yield,(MT/HA),0.93,0,1,06,"USDA FAS PS&D (Production, Supply & Distribution)",https://apps.fas.usda.gov/psdonline/downloads/
"Oilseed, Cottonseed",United States,1973,Yield,(MT/HA),0.94,0,1,06,"USDA FAS PS&D (Production, Supply & Distribution)",https://apps.fas.usda.gov/psdonline/downloads/
"Oilseed, Cottonseed",United States,1974,Yield,(MT/HA),0.8,0,1,06,"USDA FAS PS&D (Production, Supply & Distribution)",https://apps.fas.usda.gov/psdonline/downloads/
"Oilseed, Cottonseed",United States,1975,Yield,(MT/HA),0.82,0,1,06,"USDA FAS PS&D (Production, Supply & Distribution)",https://apps.fas.usda.gov/psdonline/downloads/
"Oilseed, Cottonseed",United States,1976,Yield,(MT/HA),0.85,0,1,06,"USDA FAS PS&D (Production, Supply & Distribution)",https://apps.fas.usda.gov/psdonline/downloads/
"Oilseed, Cottonseed",United States,1977,Yield,(MT/HA),0.93,0,1,06,"USDA FAS PS&D (Production, Supply & Distribution)",https://apps.fas.usda.gov/psdonline/downloads/
"Oilseed, Cottonseed",United States,1978,Yield,(MT/HA),0.77,0,1,06,"USDA FAS PS&D (Production, Supply & Distribution)",https://apps.fas.usda.gov/psdonline/downloads/
"Oilseed, Cottonseed",United States,1979,Yield,(MT/HA),1.01,0,1,06,"USDA FAS PS&D (Production, Supply & Distribution)",https://apps.fas.usda.gov/psdonline/downloads/
"Oilseed, Cottonseed",United States,1980,Yield,(MT/HA),0.76,0,1,06,"USDA FAS PS&D (Production, Supply & Distribution)",https://apps.fas.usda.gov/psdonline/downloads/
"Oilseed, Cottonseed",United States,1981,Yield,(MT/HA),1.04,0,1,06,"USDA FAS PS&D (Production, Supply & Distribution)",https://apps.fas.usda.gov/psdonline/downloads/
"Oilseed, Cottonseed",United States,1982,Yield,(MT/HA),1.09,0,1,06,"USDA FAS PS&D (Production, Supply & Distribution)",https://apps.fas.usda.gov/psdonline/downloads/
"Oilseed, Cottonseed",United States,1983,Yield,(MT/HA),0.94,0,1,06,"USDA FAS PS&D (Production, Supply & Distribution)",https://apps.fas.usda.gov/psdonline/downloads/
"Oilseed, Cottonseed",United States,1984,Yield,(MT/HA),1.11,0,1,06,"USDA FAS PS&D (Production, Supply & Distribution)",https://apps.fas.usda.gov/psdonline/downloads/
"Oilseed, Cottonseed",United States,1985,Yield,(MT/HA),1.16,0,1,06,"USDA FAS PS&D (Production, Supply & Distribution)",https://apps.fas.usda.gov/psdonline/downloads/
"Oilseed, Cottonseed",United States,1986,Yield,(MT/HA),1.01,0,1,06,"USDA FAS PS&D (Production, Supply & Distribution)",https://apps.fas.usda.gov/psdonline/downloads/
"Oilseed, Cottonseed",United States,1987,Yield,(MT/HA),1.29,0,1,06,"USDA FAS PS&D (Production, Supply & Distribution)",https://apps.fas.usda.gov/psdonline/downloads/
"Oilseed, Cottonseed",United States,1988,Yield,(MT/HA),1.14,0,1,06,"USDA FAS PS&D (Production, Supply & Distribution)",https://apps.fas.usda.gov/psdonline/downloads/
"Oilseed, Cottonseed",United States,1989,Yield,(MT/HA),1.1,0,1,08,"USDA FAS PS&D (Production, Supply & Distribution)",https://apps.fas.usda.gov/psdonline/downloads/
"Oilseed, Cottonseed",United States,1990,Yield,(MT/HA),1.14,0,1,06,"USDA FAS PS&D (Production, Supply & Distribution)",https://apps.fas.usda.gov/psdonline/downloads/
"Oilseed, Cottonseed",United States,1991,Yield,(MT/HA),1.2,0,1,08,"USDA FAS PS&D (Production, Supply & Distribution)",https://apps.fas.usda.gov/psdonline/downloads/
"Oilseed, Cottonseed",United States,1992,Yield,(MT/HA),1.26,0,1,06,"USDA FAS PS&D (Production, Supply & Distribution)",https://apps.fas.usda.gov/psdonline/downloads/
"Oilseed, Cottonseed",United States,1993,Yield,(MT/HA),1.11,0,1,08,"USDA FAS PS&D (Production, Supply & Distribution)",https://apps.fas.usda.gov/psdonline/downloads/
"Oilseed, Cottonseed",United States,1994,Yield,(MT/HA),1.28,0,1,08,"USDA FAS PS&D (Production, Supply & Distribution)",https://apps.fas.usda.gov/psdonline/downloads/
"Oilseed, Cottonseed",United States,1995,Yield,(MT/HA),0.96,0,1,08,"USDA FAS PS&D (Production, Supply & Distribution)",https://apps.fas.usda.gov/psdonline/downloads/
"Oilseed, Cottonseed",United States,1996,Yield,(MT/HA),1.24,0,1,06,"USDA FAS PS&D (Production, Supply & Distribution)",https://apps.fas.usda.gov/psdonline/downloads/
"Oilseed, Cottonseed",United States,1997,Yield,(MT/HA),1.16,0,1,08,"USDA FAS PS&D (Production, Supply & Distribution)",https://apps.fas.usda.gov/psdonline/downloads/
"Oilseed, Cottonseed",United States,1998,Yield,(MT/HA),1.13,0,1,06,"USDA FAS PS&D (Production, Supply & Distribution)",https://apps.fas.usda.gov/psdonline/downloads/
"Oilseed, Cottonseed",United States,1999,Yield,(MT/HA),1.06,0,1,06,"USDA FAS PS&D (Production, Supply & Distribution)",https://apps.fas.usda.gov/psdonline/downloads/
"Oilseed, Cottonseed",United States,2000,Yield,(MT/HA),1.11,0,1,06,"USDA FAS PS&D (Production, Supply & Distribution)",https://apps.fas.usda.gov/psdonline/downloads/
"Oilseed, Cottonseed",United States,2001,Yield,(MT/HA),1.21,0,1,09,"USDA FAS PS&D (Production, Supply & Distribution)",https://apps.fas.usda.gov/psdonline/downloads/
"Oilseed, Cottonseed",United States,2002,Yield,(MT/HA),1.12,0,1,09,"USDA FAS PS&D (Production, Supply & Distribution)",https://apps.fas.usda.gov/psdonline/downloads/
"Oilseed, Cottonseed",United States,2003,Yield,(MT/HA),1.24,0,1,08,"USDA FAS PS&D (Production, Supply & Distribution)",https://apps.fas.usda.gov/psdonline/downloads/
"Oilseed, Cottonseed",United States,2004,Yield,(MT/HA),1.41,0,1,04,"USDA FAS PS&D (Production, Supply & Distribution)",https://apps.fas.usda.gov/psdonline/downloads/
"Oilseed, Cottonseed",United States,2005,Yield,(MT/HA),1.33,0,1,04,"USDA FAS PS&D (Production, Supply & Distribution)",https://apps.fas.usda.gov/psdonline/downloads/
"Oilseed, Cottonseed",United States,2006,Yield,(MT/HA),1.29,0,1,04,"USDA FAS PS&D (Production, Supply & Distribution)",https://apps.fas.usda.gov/psdonline/downloads/
"Oilseed, Cottonseed",United States,2007,Yield,(MT/HA),1.41,0,1,05,"USDA FAS PS&D (Production, Supply & Distribution)",https://apps.fas.usda.gov/psdonline/downloads/
"Oilseed, Cottonseed",United States,2008,Yield,(MT/HA),1.27,0,1,05,"USDA FAS PS&D (Production, Supply & Distribution)",https://apps.fas.usda.gov/psdonline/downloads/
"Oilseed, Cottonseed",United States,2009,Yield,(MT/HA),1.23,0,1,03,"USDA FAS PS&D (Production, Supply & Distribution)",https://apps.fas.usda.gov/psdonline/downloads/
"Oilseed, Cottonseed",United States,2010,Yield,(MT/HA),1.28,0,1,05,"USDA FAS PS&D (Production, Supply & Distribution)",https://apps.fas.usda.gov/psdonline/downloads/
"Oilseed, Cottonseed",United States,2011,Yield,(MT/HA),1.27,0,1,12,"USDA FAS PS&D (Production, Supply & Distribution)",https://apps.fas.usda.gov/psdonline/downloads/
"Oilseed, Cottonseed",United States,2012,Yield,(MT/HA),1.36,0,1,12,"USDA FAS PS&D (Production, Supply & Distribution)",https://apps.fas.usda.gov/psdonline/downloads/
"Oilseed, Cottonseed",United States,2013,Yield,(MT/HA),1.25,0,1,02,"USDA FAS PS&D (Production, Supply & Distribution)",https://apps.fas.usda.gov/psdonline/downloads/
"Oilseed, Cottonseed",United States,2014,Yield,(MT/HA),1.23,0,1,02,"USDA FAS PS&D (Production, Supply & Distribution)",https://apps.fas.usda.gov/psdonline/downloads/
"Oilseed, Cottonseed",United States,2015,Yield,(MT/HA),1.12,0,1,05,"USDA FAS PS&D (Production, Supply & Distribution)",https://apps.fas.usda.gov/psdonline/downloads/
"Oilseed, Cottonseed",United States,2016,Yield,(MT/HA),1.27,0,1,05,"USDA FAS PS&D (Production, Supply & Distribution)",https://apps.fas.usda.gov/psdonline/downloads/
"Oilseed, Cottonseed",United States,2017,Yield,(MT/HA),1.3,0,1,07,"USDA FAS PS&D (Production, Supply & Distribution)",https://apps.fas.usda.gov/psdonline/downloads/
"Oilseed, Cottonseed",United States,2018,Yield,(MT/HA),1.27,0,1,01,"USDA FAS PS&D (Production, Supply & Distribution)",https://apps.fas.usda.gov/psdonline/downloads/
"Oilseed, Cottonseed",United States,2019,Yield,(MT/HA),1.16,0,1,01,"USDA FAS PS&D (Production, Supply & Distribution)",https://apps.fas.usda.gov/psdonline/downloads/
"Oilseed, Cottonseed",United States,2020,Yield,(MT/HA),1.22,0,1,01,"USDA FAS PS&D (Production, Supply & Distribution)",https://apps.fas.usda.gov/psdonline/downloads/
"Oilseed, Cottonseed",United States,2021,Yield,(MT/HA),1.16,0,1,07,"USDA FAS PS&D (Production, Supply & Distribution)",https://apps.fas.usda.gov/psdonline/downloads/
"Oilseed, Cottonseed",United States,2022,Yield,(MT/HA),1.36,0,1,05,"USDA FAS PS&D (Production, Supply & Distribution)",https://apps.fas.usda.gov/psdonline/downloads/
"Oilseed, Cottonseed",United States,2023,Yield,(MT/HA),1.27,0,1,08,"USDA FAS PS&D (Production, Supply & Distribution)",https://apps.fas.usda.gov/psdonline/downloads/
"Oilseed, Cottonseed",United States,2024,Yield,(MT/HA),1.23,0,1,05,"USDA FAS PS&D (Production, Supply & Distribution)",https://apps.fas.usda.gov/psdonline/downloads/
"Oilseed, Cottonseed",United States,2025,Yield,(MT/HA),1.18,0,1,06,"USDA FAS PS&D (Production, Supply & Distribution)",https://apps.fas.usda.gov/psdonline/downloads/
"Oilseed, Cottonseed",United States,2026,Yield,(MT/HA),1.23,0,1,06,"USDA FAS PS&D (Production, Supply & Distribution)",https://apps.fas.usda.gov/psdonline/downloads/
