commodity,country,market_year,attribute,unit,value,is_aggregate,n_countries,vintage_month,source,source_url
"Meal, Sunflowerseed",United States,1972,Beginning Stocks,(1000 MT),0.0,0,1,06,"USDA FAS PS&D (Production, Supply & Distribution)",https://apps.fas.usda.gov/psdonline/downloads/
"Meal, Sunflowerseed",United States,1973,Beginning Stocks,(1000 MT),0.0,0,1,06,"USDA FAS PS&D (Production, Supply & Distribution)",https://apps.fas.usda.gov/psdonline/downloads/
"Meal, Sunflowerseed",United States,1974,Beginning Stocks,(1000 MT),0.0,0,1,06,"USDA FAS PS&D (Production, Supply & Distribution)",https://apps.fas.usda.gov/psdonline/downloads/
"Meal, Sunflowerseed",United States,1975,Beginning Stocks,(1000 MT),0.0,0,1,06,"USDA FAS PS&D (Production, Supply & Distribution)",https://apps.fas.usda.gov/psdonline/downloads/
"Meal, Sunflowerseed",United States,1976,Beginning Stocks,(1000 MT),0.0,0,1,06,"USDA FAS PS&D (Production, Supply & Distribution)",https://apps.fas.usda.gov/psdonline/downloads/
"Meal, Sunflowerseed",United States,1977,Beginning Stocks,(1000 MT),0.0,0,1,06,"USDA FAS PS&D (Production, Supply & Distribution)",https://apps.fas.usda.gov/psdonline/downloads/
"Meal, Sunflowerseed",United States,1978,Beginning Stocks,(1000 MT),4.0,0,1,10,"USDA FAS PS&D (Production, Supply & Distribution)",https://apps.fas.usda.gov/psdonline/downloads/
"Meal, Sunflowerseed",United States,1979,Beginning Stocks,(1000 MT),4.0,0,1,10,"USDA FAS PS&D (Production, Supply & Distribution)",https://apps.fas.usda.gov/psdonline/downloads/
"Meal, Sunflowerseed",United States,1980,Beginning Stocks,(1000 MT),4.0,0,1,06,"USDA FAS PS&D (Production, Supply & Distribution)",https://apps.fas.usda.gov/psdonline/downloads/
"Meal, Sunflowerseed",United States,1981,Beginning Stocks,(1000 MT),3.0,0,1,06,"USDA FAS PS&D (Production, Supply & Distribution)",https://apps.fas.usda.gov/psdonline/downloads/
"Meal, Sunflowerseed",United States,1982,Beginning Stocks,(1000 MT),4.0,0,1,06,"USDA FAS PS&D (Production, Supply & Distribution)",https://apps.fas.usda.gov/psdonline/downloads/
"Meal, Sunflowerseed",United States,1983,Beginning Stocks,(1000 MT),5.0,0,1,06,"USDA FAS PS&D (Production, Supply & Distribution)",https://apps.fas.usda.gov/psdonline/downloads/
"Meal, Sunflowerseed",United States,1984,Beginning Stocks,(1000 MT),5.0,0,1,06,"USDA FAS PS&D (Production, Supply & Distribution)",https://apps.fas.usda.gov/psdonline/downloads/
"Meal, Sunflowerseed",United States,1985,Beginning Stocks,(1000 MT),5.0,0,1,06,"USDA FAS PS&D (Production, Supply & Distribution)",https://apps.fas.usda.gov/psdonline/downloads/
"Meal, Sunflowerseed",United States,1986,Beginning Stocks,(1000 MT),5.0,0,1,06,"USDA FAS PS&D (Production, Supply & Distribution)",https://apps.fas.usda.gov/psdonline/downloads/
"Meal, Sunflowerseed",United States,1987,Beginning Stocks,(1000 MT),5.0,0,1,06,"USDA FAS PS&D (Production, Supply & Distribution)",https://apps.fas.usda.gov/psdonline/downloads/
"Meal, Sunflowerseed",United States,1988,Beginning Stocks,(1000 MT),4.0,0,1,06,"USDA FAS PS&D (Production, Supply & Distribution)",https://apps.fas.usda.gov/psdonline/downloads/
"Meal, Sunflowerseed",United States,1989,Beginning Stocks,(1000 MT),3.0,0,1,06,"USDA FAS PS&D (Production, Supply & Distribution)",https://apps.fas.usda.gov/psdonline/downloads/
"Meal, Sunflowerseed",United States,1990,Beginning Stocks,(1000 MT),5.0,0,1,06,"USDA FAS PS&D (Production, Supply & Distribution)",https://apps.fas.usda.gov/psdonline/downloads/
"Meal, Sunflowerseed",United States,1991,Beginning Stocks,(1000 MT),5.0,0,1,06,"USDA FAS PS&D (Production, Supply & Distribution)",https://apps.fas.usda.gov/psdonline/downloads/
"Meal, Sunflowerseed",United States,1992,Beginning Stocks,(1000 MT),6.0,0,1,06,"USDA FAS PS&D (Production, Supply & Distribution)",https://apps.fas.usda.gov/psdonline/downloads/
"Meal, Sunflowerseed",United States,1993,Beginning Stocks,(1000 MT),2.0,0,1,06,"USDA FAS PS&D (Production, Supply & Distribution)",https://apps.fas.usda.gov/psdonline/downloads/
"Meal, Sunflowerseed",United States,1994,Beginning Stocks,(1000 MT),5.0,0,1,06,"USDA FAS PS&D (Production, Supply & Distribution)",https://apps.fas.usda.gov/psdonline/downloads/
"Meal, Sunflowerseed",United States,1995,Beginning Stocks,(1000 MT),5.0,0,1,06,"USDA FAS PS&D (Production, Supply & Distribution)",https://apps.fas.usda.gov/psdonline/downloads/
"Meal, Sunflowerseed",United States,1996,Beginning Stocks,(1000 MT),5.0,0,1,08,"USDA FAS PS&D (Production, Supply & Distribution)",https://apps.fas.usda.gov/psdonline/downloads/
"Meal, Sunflowerseed",United States,1997,Beginning Stocks,(1000 MT),5.0,0,1,08,"USDA FAS PS&D (Production, Supply & Distribution)",https://apps.fas.usda.gov/psdonline/downloads/
"Meal, Sunflowerseed",United States,1998,Beginning Stocks,(1000 MT),5.0,0,1,08,"USDA FAS PS&D (Production, Supply & Distribution)",https://apps.fas.usda.gov/psdonline/downloads/
"Meal, Sunflowerseed",United States,1999,Beginning Stocks,(1000 MT),5.0,0,1,08,"USDA FAS PS&D (Production, Supply & Distribution)",https://apps.fas.usda.gov/psdonline/downloads/
"Meal, Sunflowerseed",United States,2000,Beginning Stocks,(1000 MT),5.0,0,1,08,"USDA FAS PS&D (Production, Supply & Distribution)",https://apps.fas.usda.gov/psdonline/downloads/
"Meal, Sunflowerseed",United States,2001,Beginning Stocks,(1000 MT),5.0,0,1,08,"USDA FAS PS&D (Production, Supply & Distribution)",https://apps.fas.usda.gov/psdonline/downloads/
"Meal, Sunflowerseed",United States,2002,Beginning Stocks,(1000 MT),5.0,0,1,08,"USDA FAS PS&D (Production, Supply & Distribution)",https://apps.fas.usda.gov/psdonline/downloads/
"Meal, Sunflowerseed",United States,2003,Beginning Stocks,(1000 MT),5.0,0,1,08,"USDA FAS PS&D (Production, Supply & Distribution)",https://apps.fas.usda.gov/psdonline/downloads/
"Meal, Sunflowerseed",United States,2004,Beginning Stocks,(1000 MT),5.0,0,1,08,"USDA FAS PS&D (Production, Supply & Distribution)",https://apps.fas.usda.gov/psdonline/downloads/
"Meal, Sunflowerseed",United States,2005,Beginning Stocks,(1000 MT),5.0,0,1,08,"USDA FAS PS&D (Production, Supply & Distribution)",https://apps.fas.usda.gov/psdonline/downloads/
"Meal, Sunflowerseed",United States,2006,Beginning Stocks,(1000 MT),5.0,0,1,08,"USDA FAS PS&D (Production, Supply & Distribution)",https://apps.fas.usda.gov/psdonline/downloads/
"Meal, Sunflowerseed",United States,2007,Beginning Stocks,(1000 MT),5.0,0,1,08,"USDA FAS PS&D (Production, Supply & Distribution)",https://apps.fas.usda.gov/psdonline/downloads/
"Meal, Sunflowerseed",United States,2008,Beginning Stocks,(1000 MT),5.0,0,1,08,"USDA FAS PS&D (Production, Supply & Distribution)",https://apps.fas.usda.gov/psdonline/downloads/
"Meal, Sunflowerseed",United States,2009,Beginning Stocks,(1000 MT),5.0,0,1,08,"USDA FAS PS&D (Production, Supply & Distribution)",https://apps.fas.usda.gov/psdonline/downloads/
"Meal, Sunflowerseed",United States,2010,Beginning Stocks,(1000 MT),5.0,0,1,05,"USDA FAS PS&D (Production, Supply & Distribution)",https://apps.fas.usda.gov/psdonline/downloads/
"Meal, Sunflowerseed",United States,2011,Beginning Stocks,(1000 MT),5.0,0,1,02,"USDA FAS PS&D (Production, Supply & Distribution)",https://apps.fas.usda.gov/psdonline/downloads/
"Meal, Sunflowerseed",United States,2012,Beginning Stocks,(1000 MT),5.0,0,1,02,"USDA FAS PS&D (Production, Supply & Distribution)",https://apps.fas.usda.gov/psdonline/downloads/
"Meal, Sunflowerseed",United States,2013,Beginning Stocks,(1000 MT),5.0,0,1,02,"USDA FAS PS&D (Production, Supply & Distribution)",https://apps.fas.usda.gov/psdonline/downloads/
"Meal, Sunflowerseed",United States,2014,Beginning Stocks,(1000 MT),5.0,0,1,02,"USDA FAS PS&D (Production, Supply & Distribution)",https://apps.fas.usda.gov/psdonline/downloads/
"Meal, Sunflowerseed",United States,2015,Beginning Stocks,(1000 MT),5.0,0,1,04,"USDA FAS PS&D (Production, Supply & Distribution)",https://apps.fas.usda.gov/psdonline/downloads/
"Meal, Sunflowerseed",United States,2016,Beginning Stocks,(1000 MT),5.0,0,1,11,"USDA FAS PS&D (Production, Supply & Distribution)",https://apps.fas.usda.gov/psdonline/downloads/
"Meal, Sunflowerseed",United States,2017,Beginning Stocks,(1000 MT),5.0,0,1,07,"USDA FAS PS&D (Production, Supply & Distribution)",https://apps.fas.usda.gov/psdonline/downloads/
"Meal, Sunflowerseed",United States,2018,Beginning Stocks,(1000 MT),5.0,0,1,07,"USDA FAS PS&D (Production, Supply & Distribution)",https://apps.fas.usda.gov/psdonline/downloads/
"Meal, Sunflowerseed",United States,2019,Beginning Stocks,(1000 MT),5.0,0,1,07,"USDA FAS PS&D (Production, Supply & Distribution)",https://apps.fas.usda.gov/psdonline/downloads/
"Meal, Sunflowerseed",United States,2020,Beginning Stocks,(1000 MT),5.0,0,1,04,"USDA FAS PS&D (Production, Supply & Distribution)",https://apps.fas.usda.gov/psdonline/downloads/
"Meal, Sunflowerseed",United States,2021,Beginning Stocks,(1000 MT),5.0,0,1,04,"USDA FAS PS&D (Production, Supply & Distribution)",https://apps.fas.usda.gov/psdonline/downloads/
"Meal, Sunflowerseed",United States,2022,Beginning Stocks,(1000 MT),5.0,0,1,04,"USDA FAS PS&D (Production, Supply & Distribution)",https://apps.fas.usda.gov/psdonline/downloads/
"Meal, Sunflowerseed",United States,2023,Beginning Stocks,(1000 MT),5.0,0,1,04,"USDA FAS PS&D (Production, Supply & Distribution)",https://apps.fas.usda.gov/psdonline/downloads/
"Meal, Sunflowerseed",United States,2024,Beginning Stocks,(1000 MT),5.0,0,1,04,"USDA FAS PS&D (Production, Supply & Distribution)",https://apps.fas.usda.gov/psdonline/downloads/
"Meal, Sunflowerseed",United States,2025,Beginning Stocks,(1000 MT),5.0,0,1,04,"USDA FAS PS&D (Production, Supply & Distribution)",https://apps.fas.usda.gov/psdonline/downloads/
"Meal, Sunflowerseed",United States,2026,Beginning Stocks,(1000 MT),5.0,0,1,06,"USDA FAS PS&D (Production, Supply & Distribution)",https://apps.fas.usda.gov/psdonline/downloads/
"Meal, Sunflowerseed",United States,1972,Crush,(1000 MT),74.0,0,1,06,"USDA FAS PS&D (Production, Supply & Distribution)",https://apps.fas.usda.gov/psdonline/downloads/
"Meal, Sunflowerseed",United States,1973,Crush,(1000 MT),75.0,0,1,06,"USDA FAS PS&D (Production, Supply & Distribution)",https://apps.fas.usda.gov/psdonline/downloads/
"Meal, Sunflowerseed",United States,1974,Crush,(1000 MT),30.0,0,1,06,"USDA FAS PS&D (Production, Supply & Distribution)",https://apps.fas.usda.gov/psdonline/downloads/
"Meal, Sunflowerseed",United States,1975,Crush,(1000 MT),180.0,0,1,06,"USDA FAS PS&D (Production, Supply & Distribution)",https://apps.fas.usda.gov/psdonline/downloads/
"Meal, Sunflowerseed",United States,1976,Crush,(1000 MT),35.0,0,1,06,"USDA FAS PS&D (Production, Supply & Distribution)",https://apps.fas.usda.gov/psdonline/downloads/
"Meal, Sunflowerseed",United States,1977,Crush,(1000 MT),219.0,0,1,06,"USDA FAS PS&D (Production, Supply & Distribution)",https://apps.fas.usda.gov/psdonline/downloads/
"Meal, Sunflowerseed",United States,1978,Crush,(1000 MT),292.0,0,1,10,"USDA FAS PS&D (Production, Supply & Distribution)",https://apps.fas.usda.gov/psdonline/downloads/
"Meal, Sunflowerseed",United States,1979,Crush,(1000 MT),547.0,0,1,10,"USDA FAS PS&D (Production, Supply & Distribution)",https://apps.fas.usda.gov/psdonline/downloads/
"Meal, Sunflowerseed",United States,1980,Crush,(1000 MT),780.0,0,1,06,"USDA FAS PS&D (Production, Supply & Distribution)",https://apps.fas.usda.gov/psdonline/downloads/
"Meal, Sunflowerseed",United States,1981,Crush,(1000 MT),374.0,0,1,06,"USDA FAS PS&D (Production, Supply & Distribution)",https://apps.fas.usda.gov/psdonline/downloads/
"Meal, Sunflowerseed",United States,1982,Crush,(1000 MT),766.0,0,1,06,"USDA FAS PS&D (Production, Supply & Distribution)",https://apps.fas.usda.gov/psdonline/downloads/
"Meal, Sunflowerseed",United States,1983,Crush,(1000 MT),591.0,0,1,06,"USDA FAS PS&D (Production, Supply & Distribution)",https://apps.fas.usda.gov/psdonline/downloads/
"Meal, Sunflowerseed",United States,1984,Crush,(1000 MT),567.0,0,1,06,"USDA FAS PS&D (Production, Supply & Distribution)",https://apps.fas.usda.gov/psdonline/downloads/
"Meal, Sunflowerseed",United States,1985,Crush,(1000 MT),674.0,0,1,06,"USDA FAS PS&D (Production, Supply & Distribution)",https://apps.fas.usda.gov/psdonline/downloads/
"Meal, Sunflowerseed",United States,1986,Crush,(1000 MT),635.0,0,1,06,"USDA FAS PS&D (Production, Supply & Distribution)",https://apps.fas.usda.gov/psdonline/downloads/
"Meal, Sunflowerseed",United States,1987,Crush,(1000 MT),900.0,0,1,06,"USDA FAS PS&D (Production, Supply & Distribution)",https://apps.fas.usda.gov/psdonline/downloads/
"Meal, Sunflowerseed",United States,1988,Crush,(1000 MT),575.0,0,1,06,"USDA FAS PS&D (Production, Supply & Distribution)",https://apps.fas.usda.gov/psdonline/downloads/
"Meal, Sunflowerseed",United States,1989,Crush,(1000 MT),546.0,0,1,06,"USDA FAS PS&D (Production, Supply & Distribution)",https://apps.fas.usda.gov/psdonline/downloads/
"Meal, Sunflowerseed",United States,1990,Crush,(1000 MT),593.0,0,1,06,"USDA FAS PS&D (Production, Supply & Distribution)",https://apps.fas.usda.gov/psdonline/downloads/
"Meal, Sunflowerseed",United States,1991,Crush,(1000 MT),952.0,0,1,06,"USDA FAS PS&D (Production, Supply & Distribution)",https://apps.fas.usda.gov/psdonline/downloads/
"Meal, Sunflowerseed",United States,1992,Crush,(1000 MT),923.0,0,1,06,"USDA FAS PS&D (Production, Supply & Distribution)",https://apps.fas.usda.gov/psdonline/downloads/
"Meal, Sunflowerseed",United States,1993,Crush,(1000 MT),661.0,0,1,06,"USDA FAS PS&D (Production, Supply & Distribution)",https://apps.fas.usda.gov/psdonline/downloads/
"Meal, Sunflowerseed",United States,1994,Crush,(1000 MT),1313.0,0,1,06,"USDA FAS PS&D (Production, Supply & Distribution)",https://apps.fas.usda.gov/psdonline/downloads/
"Meal, Sunflowerseed",United States,1995,Crush,(1000 MT),915.0,0,1,06,"USDA FAS PS&D (Production, Supply & Distribution)",https://apps.fas.usda.gov/psdonline/downloads/
"Meal, Sunflowerseed",United States,1996,Crush,(1000 MT),844.0,0,1,08,"USDA FAS PS&D (Production, Supply & Distribution)",https://apps.fas.usda.gov/psdonline/downloads/
"Meal, Sunflowerseed",United States,1997,Crush,(1000 MT),1061.0,0,1,08,"USDA FAS PS&D (Production, Supply & Distribution)",https://apps.fas.usda.gov/psdonline/downloads/
"Meal, Sunflowerseed",United States,1998,Crush,(1000 MT),1178.0,0,1,08,"USDA FAS PS&D (Production, Supply & Distribution)",https://apps.fas.usda.gov/psdonline/downloads/
"Meal, Sunflowerseed",United States,1999,Crush,(1000 MT),1139.0,0,1,08,"USDA FAS PS&D (Production, Supply & Distribution)",https://apps.fas.usda.gov/psdonline/downloads/
"Meal, Sunflowerseed",United States,2000,Crush,(1000 MT),923.0,0,1,08,"USDA FAS PS&D (Production, Supply & Distribution)",https://apps.fas.usda.gov/psdonline/downloads/
"Meal, Sunflowerseed",United States,2001,Crush,(1000 MT),760.0,0,1,08,"USDA FAS PS&D (Production, Supply & Distribution)",https://apps.fas.usda.gov/psdonline/downloads/
"Meal, Sunflowerseed",United States,2002,Crush,(1000 MT),319.0,0,1,08,"USDA FAS PS&D (Production, Supply & Distribution)",https://apps.fas.usda.gov/psdonline/downloads/
"Meal, Sunflowerseed",United States,2003,Crush,(1000 MT),627.0,0,1,08,"USDA FAS PS&D (Production, Supply & Distribution)",https://apps.fas.usda.gov/psdonline/downloads/
"Meal, Sunflowerseed",United States,2004,Crush,(1000 MT),276.0,0,1,08,"USDA FAS PS&D (Production, Supply & Distribution)",https://apps.fas.usda.gov/psdonline/downloads/
"Meal, Sunflowerseed",United States,2005,Crush,(1000 MT),566.0,0,1,08,"USDA FAS PS&D (Production, Supply & Distribution)",https://apps.fas.usda.gov/psdonline/downloads/
"Meal, Sunflowerseed",United States,2006,Crush,(1000 MT),659.0,0,1,08,"USDA FAS PS&D (Production, Supply & Distribution)",https://apps.fas.usda.gov/psdonline/downloads/
"Meal, Sunflowerseed",United States,2007,Crush,(1000 MT),683.0,0,1,08,"USDA FAS PS&D (Production, Supply & Distribution)",https://apps.fas.usda.gov/psdonline/downloads/
"Meal, Sunflowerseed",United States,2008,Crush,(1000 MT),661.0,0,1,08,"USDA FAS PS&D (Production, Supply & Distribution)",https://apps.fas.usda.gov/psdonline/downloads/
"Meal, Sunflowerseed",United States,2009,Crush,(1000 MT),776.0,0,1,08,"USDA FAS PS&D (Production, Supply & Distribution)",https://apps.fas.usda.gov/psdonline/downloads/
"Meal, Sunflowerseed",United States,2010,Crush,(1000 MT),588.0,0,1,05,"USDA FAS PS&D (Production, Supply & Distribution)",https://apps.fas.usda.gov/psdonline/downloads/
"Meal, Sunflowerseed",United States,2011,Crush,(1000 MT),349.0,0,1,02,"USDA FAS PS&D (Production, Supply & Distribution)",https://apps.fas.usda.gov/psdonline/downloads/
"Meal, Sunflowerseed",United States,2012,Crush,(1000 MT),451.0,0,1,02,"USDA FAS PS&D (Production, Supply & Distribution)",https://apps.fas.usda.gov/psdonline/downloads/
"Meal, Sunflowerseed",United States,2013,Crush,(1000 MT),463.0,0,1,02,"USDA FAS PS&D (Production, Supply & Distribution)",https://apps.fas.usda.gov/psdonline/downloads/
"Meal, Sunflowerseed",United States,2014,Crush,(1000 MT),366.0,0,1,02,"USDA FAS PS&D (Production, Supply & Distribution)",https://apps.fas.usda.gov/psdonline/downloads/
"Meal, Sunflowerseed",United States,2015,Crush,(1000 MT),495.0,0,1,04,"USDA FAS PS&D (Production, Supply & Distribution)",https://apps.fas.usda.gov/psdonline/downloads/
"Meal, Sunflowerseed",United States,2016,Crush,(1000 MT),508.0,0,1,11,"USDA FAS PS&D (Production, Supply & Distribution)",https://apps.fas.usda.gov/psdonline/downloads/
"Meal, Sunflowerseed",United States,2017,Crush,(1000 MT),475.0,0,1,07,"USDA FAS PS&D (Production, Supply & Distribution)",https://apps.fas.usda.gov/psdonline/downloads/
"Meal, Sunflowerseed",United States,2018,Crush,(1000 MT),485.0,0,1,07,"USDA FAS PS&D (Production, Supply & Distribution)",https://apps.fas.usda.gov/psdonline/downloads/
"Meal, Sunflowerseed",United States,2019,Crush,(1000 MT),389.0,0,1,07,"USDA FAS PS&D (Production, Supply & Distribution)",https://apps.fas.usda.gov/psdonline/downloads/
"Meal, Sunflowerseed",United States,2020,Crush,(1000 MT),504.0,0,1,04,"USDA FAS PS&D (Production, Supply & Distribution)",https://apps.fas.usda.gov/psdonline/downloads/
"Meal, Sunflowerseed",United States,2021,Crush,(1000 MT),435.0,0,1,04,"USDA FAS PS&D (Production, Supply & Distribution)",https://apps.fas.usda.gov/psdonline/downloads/
"Meal, Sunflowerseed",United States,2022,Crush,(1000 MT),411.0,0,1,04,"USDA FAS PS&D (Production, Supply & Distribution)",https://apps.fas.usda.gov/psdonline/downloads/
"Meal, Sunflowerseed",United States,2023,Crush,(1000 MT),378.0,0,1,04,"USDA FAS PS&D (Production, Supply & Distribution)",https://apps.fas.usda.gov/psdonline/downloads/
"Meal, Sunflowerseed",United States,2024,Crush,(1000 MT),361.0,0,1,04,"USDA FAS PS&D (Production, Supply & Distribution)",https://apps.fas.usda.gov/psdonline/downloads/
"Meal, Sunflowerseed",United States,2025,Crush,(1000 MT),450.0,0,1,04,"USDA FAS PS&D (Production, Supply & Distribution)",https://apps.fas.usda.gov/psdonline/downloads/
"Meal, Sunflowerseed",United States,2026,Crush,(1000 MT),432.0,0,1,06,"USDA FAS PS&D (Production, Supply & Distribution)",https://apps.fas.usda.gov/psdonline/downloads/
"Meal, Sunflowerseed",United States,1972,Domestic Consumption,(1000 MT),45.0,0,1,06,"USDA FAS PS&D (Production, Supply & Distribution)",https://apps.fas.usda.gov/psdonline/downloads/
"Meal, Sunflowerseed",United States,1973,Domestic Consumption,(1000 MT),46.0,0,1,06,"USDA FAS PS&D (Production, Supply & Distribution)",https://apps.fas.usda.gov/psdonline/downloads/
"Meal, Sunflowerseed",United States,1974,Domestic Consumption,(1000 MT),18.0,0,1,06,"USDA FAS PS&D (Production, Supply & Distribution)",https://apps.fas.usda.gov/psdonline/downloads/
"Meal, Sunflowerseed",United States,1975,Domestic Consumption,(1000 MT),108.0,0,1,06,"USDA FAS PS&D (Production, Supply & Distribution)",https://apps.fas.usda.gov/psdonline/downloads/
"Meal, Sunflowerseed",United States,1976,Domestic Consumption,(1000 MT),21.0,0,1,06,"USDA FAS PS&D (Production, Supply & Distribution)",https://apps.fas.usda.gov/psdonline/downloads/
"Meal, Sunflowerseed",United States,1977,Domestic Consumption,(1000 MT),127.0,0,1,06,"USDA FAS PS&D (Production, Supply & Distribution)",https://apps.fas.usda.gov/psdonline/downloads/
"Meal, Sunflowerseed",United States,1978,Domestic Consumption,(1000 MT),180.0,0,1,10,"USDA FAS PS&D (Production, Supply & Distribution)",https://apps.fas.usda.gov/psdonline/downloads/
"Meal, Sunflowerseed",United States,1979,Domestic Consumption,(1000 MT),359.0,0,1,10,"USDA FAS PS&D (Production, Supply & Distribution)",https://apps.fas.usda.gov/psdonline/downloads/
"Meal, Sunflowerseed",United States,1980,Domestic Consumption,(1000 MT),440.0,0,1,06,"USDA FAS PS&D (Production, Supply & Distribution)",https://apps.fas.usda.gov/psdonline/downloads/
"Meal, Sunflowerseed",United States,1981,Domestic Consumption,(1000 MT),200.0,0,1,06,"USDA FAS PS&D (Production, Supply & Distribution)",https://apps.fas.usda.gov/psdonline/downloads/
"Meal, Sunflowerseed",United States,1982,Domestic Consumption,(1000 MT),433.0,0,1,06,"USDA FAS PS&D (Production, Supply & Distribution)",https://apps.fas.usda.gov/psdonline/downloads/
"Meal, Sunflowerseed",United States,1983,Domestic Consumption,(1000 MT),247.0,0,1,06,"USDA FAS PS&D (Production, Supply & Distribution)",https://apps.fas.usda.gov/psdonline/downloads/
"Meal, Sunflowerseed",United States,1984,Domestic Consumption,(1000 MT),307.0,0,1,06,"USDA FAS PS&D (Production, Supply & Distribution)",https://apps.fas.usda.gov/psdonline/downloads/
"Meal, Sunflowerseed",United States,1985,Domestic Consumption,(1000 MT),313.0,0,1,06,"USDA FAS PS&D (Production, Supply & Distribution)",https://apps.fas.usda.gov/psdonline/downloads/
"Meal, Sunflowerseed",United States,1986,Domestic Consumption,(1000 MT),263.0,0,1,06,"USDA FAS PS&D (Production, Supply & Distribution)",https://apps.fas.usda.gov/psdonline/downloads/
"Meal, Sunflowerseed",United States,1987,Domestic Consumption,(1000 MT),380.0,0,1,06,"USDA FAS PS&D (Production, Supply & Distribution)",https://apps.fas.usda.gov/psdonline/downloads/
"Meal, Sunflowerseed",United States,1988,Domestic Consumption,(1000 MT),306.0,0,1,06,"USDA FAS PS&D (Production, Supply & Distribution)",https://apps.fas.usda.gov/psdonline/downloads/
"Meal, Sunflowerseed",United States,1989,Domestic Consumption,(1000 MT),272.0,0,1,06,"USDA FAS PS&D (Production, Supply & Distribution)",https://apps.fas.usda.gov/psdonline/downloads/
"Meal, Sunflowerseed",United States,1990,Domestic Consumption,(1000 MT),306.0,0,1,06,"USDA FAS PS&D (Production, Supply & Distribution)",https://apps.fas.usda.gov/psdonline/downloads/
"Meal, Sunflowerseed",United States,1991,Domestic Consumption,(1000 MT),450.0,0,1,06,"USDA FAS PS&D (Production, Supply & Distribution)",https://apps.fas.usda.gov/psdonline/downloads/
"Meal, Sunflowerseed",United States,1992,Domestic Consumption,(1000 MT),401.0,0,1,06,"USDA FAS PS&D (Production, Supply & Distribution)",https://apps.fas.usda.gov/psdonline/downloads/
"Meal, Sunflowerseed",United States,1993,Domestic Consumption,(1000 MT),291.0,0,1,06,"USDA FAS PS&D (Production, Supply & Distribution)",https://apps.fas.usda.gov/psdonline/downloads/
"Meal, Sunflowerseed",United States,1994,Domestic Consumption,(1000 MT),564.0,0,1,06,"USDA FAS PS&D (Production, Supply & Distribution)",https://apps.fas.usda.gov/psdonline/downloads/
"Meal, Sunflowerseed",United States,1995,Domestic Consumption,(1000 MT),433.0,0,1,06,"USDA FAS PS&D (Production, Supply & Distribution)",https://apps.fas.usda.gov/psdonline/downloads/
"Meal, Sunflowerseed",United States,1996,Domestic Consumption,(1000 MT),419.0,0,1,08,"USDA FAS PS&D (Production, Supply & Distribution)",https://apps.fas.usda.gov/psdonline/downloads/
"Meal, Sunflowerseed",United States,1997,Domestic Consumption,(1000 MT),481.0,0,1,08,"USDA FAS PS&D (Production, Supply & Distribution)",https://apps.fas.usda.gov/psdonline/downloads/
"Meal, Sunflowerseed",United States,1998,Domestic Consumption,(1000 MT),524.0,0,1,08,"USDA FAS PS&D (Production, Supply & Distribution)",https://apps.fas.usda.gov/psdonline/downloads/
"Meal, Sunflowerseed",United States,1999,Domestic Consumption,(1000 MT),519.0,0,1,08,"USDA FAS PS&D (Production, Supply & Distribution)",https://apps.fas.usda.gov/psdonline/downloads/
"Meal, Sunflowerseed",United States,2000,Domestic Consumption,(1000 MT),444.0,0,1,08,"USDA FAS PS&D (Production, Supply & Distribution)",https://apps.fas.usda.gov/psdonline/downloads/
"Meal, Sunflowerseed",United States,2001,Domestic Consumption,(1000 MT),354.0,0,1,08,"USDA FAS PS&D (Production, Supply & Distribution)",https://apps.fas.usda.gov/psdonline/downloads/
"Meal, Sunflowerseed",United States,2002,Domestic Consumption,(1000 MT),230.0,0,1,08,"USDA FAS PS&D (Production, Supply & Distribution)",https://apps.fas.usda.gov/psdonline/downloads/
"Meal, Sunflowerseed",United States,2003,Domestic Consumption,(1000 MT),307.0,0,1,08,"USDA FAS PS&D (Production, Supply & Distribution)",https://apps.fas.usda.gov/psdonline/downloads/
"Meal, Sunflowerseed",United States,2004,Domestic Consumption,(1000 MT),132.0,0,1,08,"USDA FAS PS&D (Production, Supply & Distribution)",https://apps.fas.usda.gov/psdonline/downloads/
"Meal, Sunflowerseed",United States,2005,Domestic Consumption,(1000 MT),291.0,0,1,08,"USDA FAS PS&D (Production, Supply & Distribution)",https://apps.fas.usda.gov/psdonline/downloads/
"Meal, Sunflowerseed",United States,2006,Domestic Consumption,(1000 MT),324.0,0,1,08,"USDA FAS PS&D (Production, Supply & Distribution)",https://apps.fas.usda.gov/psdonline/downloads/
"Meal, Sunflowerseed",United States,2007,Domestic Consumption,(1000 MT),317.0,0,1,08,"USDA FAS PS&D (Production, Supply & Distribution)",https://apps.fas.usda.gov/psdonline/downloads/
"Meal, Sunflowerseed",United States,2008,Domestic Consumption,(1000 MT),335.0,0,1,08,"USDA FAS PS&D (Production, Supply & Distribution)",https://apps.fas.usda.gov/psdonline/downloads/
"Meal, Sunflowerseed",United States,2009,Domestic Consumption,(1000 MT),376.0,0,1,08,"USDA FAS PS&D (Production, Supply & Distribution)",https://apps.fas.usda.gov/psdonline/downloads/
"Meal, Sunflowerseed",United States,2010,Domestic Consumption,(1000 MT),255.0,0,1,05,"USDA FAS PS&D (Production, Supply & Distribution)",https://apps.fas.usda.gov/psdonline/downloads/
"Meal, Sunflowerseed",United States,2011,Domestic Consumption,(1000 MT),178.0,0,1,02,"USDA FAS PS&D (Production, Supply & Distribution)",https://apps.fas.usda.gov/psdonline/downloads/
"Meal, Sunflowerseed",United States,2012,Domestic Consumption,(1000 MT),219.0,0,1,02,"USDA FAS PS&D (Production, Supply & Distribution)",https://apps.fas.usda.gov/psdonline/downloads/
"Meal, Sunflowerseed",United States,2013,Domestic Consumption,(1000 MT),243.0,0,1,02,"USDA FAS PS&D (Production, Supply & Distribution)",https://apps.fas.usda.gov/psdonline/downloads/
"Meal, Sunflowerseed",United States,2014,Domestic Consumption,(1000 MT),192.0,0,1,02,"USDA FAS PS&D (Production, Supply & Distribution)",https://apps.fas.usda.gov/psdonline/downloads/
"Meal, Sunflowerseed",United States,2015,Domestic Consumption,(1000 MT),261.0,0,1,04,"USDA FAS PS&D (Production, Supply & Distribution)",https://apps.fas.usda.gov/psdonline/downloads/
"Meal, Sunflowerseed",United States,2016,Domestic Consumption,(1000 MT),265.0,0,1,11,"USDA FAS PS&D (Production, Supply & Distribution)",https://apps.fas.usda.gov/psdonline/downloads/
"Meal, Sunflowerseed",United States,2017,Domestic Consumption,(1000 MT),237.0,0,1,07,"USDA FAS PS&D (Production, Supply & Distribution)",https://apps.fas.usda.gov/psdonline/downloads/
"Meal, Sunflowerseed",United States,2018,Domestic Consumption,(1000 MT),234.0,0,1,07,"USDA FAS PS&D (Production, Supply & Distribution)",https://apps.fas.usda.gov/psdonline/downloads/
"Meal, Sunflowerseed",United States,2019,Domestic Consumption,(1000 MT),180.0,0,1,07,"USDA FAS PS&D (Production, Supply & Distribution)",https://apps.fas.usda.gov/psdonline/downloads/
"Meal, Sunflowerseed",United States,2020,Domestic Consumption,(1000 MT),233.0,0,1,04,"USDA FAS PS&D (Production, Supply & Distribution)",https://apps.fas.usda.gov/psdonline/downloads/
"Meal, Sunflowerseed",United States,2021,Domestic Consumption,(1000 MT),208.0,0,1,04,"USDA FAS PS&D (Production, Supply & Distribution)",https://apps.fas.usda.gov/psdonline/downloads/
"Meal, Sunflowerseed",United States,2022,Domestic Consumption,(1000 MT),206.0,0,1,04,"USDA FAS PS&D (Production, Supply & Distribution)",https://apps.fas.usda.gov/psdonline/downloads/
"Meal, Sunflowerseed",United States,2023,Domestic Consumption,(1000 MT),195.0,0,1,04,"USDA FAS PS&D (Production, Supply & Distribution)",https://apps.fas.usda.gov/psdonline/downloads/
"Meal, Sunflowerseed",United States,2024,Domestic Consumption,(1000 MT),182.0,0,1,04,"USDA FAS PS&D (Production, Supply & Distribution)",https://apps.fas.usda.gov/psdonline/downloads/
"Meal, Sunflowerseed",United States,2025,Domestic Consumption,(1000 MT),212.0,0,1,04,"USDA FAS PS&D (Production, Supply & Distribution)",https://apps.fas.usda.gov/psdonline/downloads/
"Meal, Sunflowerseed",United States,2026,Domestic Consumption,(1000 MT),207.0,0,1,06,"USDA FAS PS&D (Production, Supply & Distribution)",https://apps.fas.usda.gov/psdonline/downloads/
"Meal, Sunflowerseed",United States,1972,Ending Stocks,(1000 MT),0.0,0,1,06,"USDA FAS PS&D (Production, Supply & Distribution)",https://apps.fas.usda.gov/psdonline/downloads/
"Meal, Sunflowerseed",United States,1973,Ending Stocks,(1000 MT),0.0,0,1,06,"USDA FAS PS&D (Production, Supply & Distribution)",https://apps.fas.usda.gov/psdonline/downloads/
"Meal, Sunflowerseed",United States,1974,Ending Stocks,(1000 MT),0.0,0,1,06,"USDA FAS PS&D (Production, Supply & Distribution)",https://apps.fas.usda.gov/psdonline/downloads/
"Meal, Sunflowerseed",United States,1975,Ending Stocks,(1000 MT),0.0,0,1,06,"USDA FAS PS&D (Production, Supply & Distribution)",https://apps.fas.usda.gov/psdonline/downloads/
"Meal, Sunflowerseed",United States,1976,Ending Stocks,(1000 MT),0.0,0,1,06,"USDA FAS PS&D (Production, Supply & Distribution)",https://apps.fas.usda.gov/psdonline/downloads/
"Meal, Sunflowerseed",United States,1977,Ending Stocks,(1000 MT),4.0,0,1,06,"USDA FAS PS&D (Production, Supply & Distribution)",https://apps.fas.usda.gov/psdonline/downloads/
"Meal, Sunflowerseed",United States,1978,Ending Stocks,(1000 MT),4.0,0,1,10,"USDA FAS PS&D (Production, Supply & Distribution)",https://apps.fas.usda.gov/psdonline/downloads/
"Meal, Sunflowerseed",United States,1979,Ending Stocks,(1000 MT),4.0,0,1,10,"USDA FAS PS&D (Production, Supply & Distribution)",https://apps.fas.usda.gov/psdonline/downloads/
"Meal, Sunflowerseed",United States,1980,Ending Stocks,(1000 MT),3.0,0,1,06,"USDA FAS PS&D (Production, Supply & Distribution)",https://apps.fas.usda.gov/psdonline/downloads/
"Meal, Sunflowerseed",United States,1981,Ending Stocks,(1000 MT),4.0,0,1,06,"USDA FAS PS&D (Production, Supply & Distribution)",https://apps.fas.usda.gov/psdonline/downloads/
"Meal, Sunflowerseed",United States,1982,Ending Stocks,(1000 MT),5.0,0,1,06,"USDA FAS PS&D (Production, Supply & Distribution)",https://apps.fas.usda.gov/psdonline/downloads/
"Meal, Sunflowerseed",United States,1983,Ending Stocks,(1000 MT),5.0,0,1,06,"USDA FAS PS&D (Production, Supply & Distribution)",https://apps.fas.usda.gov/psdonline/downloads/
"Meal, Sunflowerseed",United States,1984,Ending Stocks,(1000 MT),5.0,0,1,06,"USDA FAS PS&D (Production, Supply & Distribution)",https://apps.fas.usda.gov/psdonline/downloads/
"Meal, Sunflowerseed",United States,1985,Ending Stocks,(1000 MT),5.0,0,1,06,"USDA FAS PS&D (Production, Supply & Distribution)",https://apps.fas.usda.gov/psdonline/downloads/
"Meal, Sunflowerseed",United States,1986,Ending Stocks,(1000 MT),5.0,0,1,06,"USDA FAS PS&D (Production, Supply & Distribution)",https://apps.fas.usda.gov/psdonline/downloads/
"Meal, Sunflowerseed",United States,1987,Ending Stocks,(1000 MT),4.0,0,1,06,"USDA FAS PS&D (Production, Supply & Distribution)",https://apps.fas.usda.gov/psdonline/downloads/
"Meal, Sunflowerseed",United States,1988,Ending Stocks,(1000 MT),3.0,0,1,06,"USDA FAS PS&D (Production, Supply & Distribution)",https://apps.fas.usda.gov/psdonline/downloads/
"Meal, Sunflowerseed",United States,1989,Ending Stocks,(1000 MT),5.0,0,1,06,"USDA FAS PS&D (Production, Supply & Distribution)",https://apps.fas.usda.gov/psdonline/downloads/
"Meal, Sunflowerseed",United States,1990,Ending Stocks,(1000 MT),5.0,0,1,06,"USDA FAS PS&D (Production, Supply & Distribution)",https://apps.fas.usda.gov/psdonline/downloads/
"Meal, Sunflowerseed",United States,1991,Ending Stocks,(1000 MT),6.0,0,1,06,"USDA FAS PS&D (Production, Supply & Distribution)",https://apps.fas.usda.gov/psdonline/downloads/
"Meal, Sunflowerseed",United States,1992,Ending Stocks,(1000 MT),2.0,0,1,06,"USDA FAS PS&D (Production, Supply & Distribution)",https://apps.fas.usda.gov/psdonline/downloads/
"Meal, Sunflowerseed",United States,1993,Ending Stocks,(1000 MT),5.0,0,1,06,"USDA FAS PS&D (Production, Supply & Distribution)",https://apps.fas.usda.gov/psdonline/downloads/
"Meal, Sunflowerseed",United States,1994,Ending Stocks,(1000 MT),5.0,0,1,06,"USDA FAS PS&D (Production, Supply & Distribution)",https://apps.fas.usda.gov/psdonline/downloads/
"Meal, Sunflowerseed",United States,1995,Ending Stocks,(1000 MT),5.0,0,1,06,"USDA FAS PS&D (Production, Supply & Distribution)",https://apps.fas.usda.gov/psdonline/downloads/
"Meal, Sunflowerseed",United States,1996,Ending Stocks,(1000 MT),5.0,0,1,08,"USDA FAS PS&D (Production, Supply & Distribution)",https://apps.fas.usda.gov/psdonline/downloads/
"Meal, Sunflowerseed",United States,1997,Ending Stocks,(1000 MT),5.0,0,1,08,"USDA FAS PS&D (Production, Supply & Distribution)",https://apps.fas.usda.gov/psdonline/downloads/
"Meal, Sunflowerseed",United States,1998,Ending Stocks,(1000 MT),5.0,0,1,08,"USDA FAS PS&D (Production, Supply & Distribution)",https://apps.fas.usda.gov/psdonline/downloads/
"Meal, Sunflowerseed",United States,1999,Ending Stocks,(1000 MT),5.0,0,1,08,"USDA FAS PS&D (Production, Supply & Distribution)",https://apps.fas.usda.gov/psdonline/downloads/
"Meal, Sunflowerseed",United States,2000,Ending Stocks,(1000 MT),5.0,0,1,08,"USDA FAS PS&D (Production, Supply & Distribution)",https://apps.fas.usda.gov/psdonline/downloads/
"Meal, Sunflowerseed",United States,2001,Ending Stocks,(1000 MT),5.0,0,1,08,"USDA FAS PS&D (Production, Supply & Distribution)",https://apps.fas.usda.gov/psdonline/downloads/
"Meal, Sunflowerseed",United States,2002,Ending Stocks,(1000 MT),5.0,0,1,08,"USDA FAS PS&D (Production, Supply & Distribution)",https://apps.fas.usda.gov/psdonline/downloads/
"Meal, Sunflowerseed",United States,2003,Ending Stocks,(1000 MT),5.0,0,1,08,"USDA FAS PS&D (Production, Supply & Distribution)",https://apps.fas.usda.gov/psdonline/downloads/
"Meal, Sunflowerseed",United States,2004,Ending Stocks,(1000 MT),5.0,0,1,08,"USDA FAS PS&D (Production, Supply & Distribution)",https://apps.fas.usda.gov/psdonline/downloads/
"Meal, Sunflowerseed",United States,2005,Ending Stocks,(1000 MT),5.0,0,1,08,"USDA FAS PS&D (Production, Supply & Distribution)",https://apps.fas.usda.gov/psdonline/downloads/
"Meal, Sunflowerseed",United States,2006,Ending Stocks,(1000 MT),5.0,0,1,08,"USDA FAS PS&D (Production, Supply & Distribution)",https://apps.fas.usda.gov/psdonline/downloads/
"Meal, Sunflowerseed",United States,2007,Ending Stocks,(1000 MT),5.0,0,1,08,"USDA FAS PS&D (Production, Supply & Distribution)",https://apps.fas.usda.gov/psdonline/downloads/
"Meal, Sunflowerseed",United States,2008,Ending Stocks,(1000 MT),5.0,0,1,08,"USDA FAS PS&D (Production, Supply & Distribution)",https://apps.fas.usda.gov/psdonline/downloads/
"Meal, Sunflowerseed",United States,2009,Ending Stocks,(1000 MT),5.0,0,1,08,"USDA FAS PS&D (Production, Supply & Distribution)",https://apps.fas.usda.gov/psdonline/downloads/
"Meal, Sunflowerseed",United States,2010,Ending Stocks,(1000 MT),5.0,0,1,05,"USDA FAS PS&D (Production, Supply & Distribution)",https://apps.fas.usda.gov/psdonline/downloads/
"Meal, Sunflowerseed",United States,2011,Ending Stocks,(1000 MT),5.0,0,1,02,"USDA FAS PS&D (Production, Supply & Distribution)",https://apps.fas.usda.gov/psdonline/downloads/
"Meal, Sunflowerseed",United States,2012,Ending Stocks,(1000 MT),5.0,0,1,02,"USDA FAS PS&D (Production, Supply & Distribution)",https://apps.fas.usda.gov/psdonline/downloads/
"Meal, Sunflowerseed",United States,2013,Ending Stocks,(1000 MT),5.0,0,1,02,"USDA FAS PS&D (Production, Supply & Distribution)",https://apps.fas.usda.gov/psdonline/downloads/
"Meal, Sunflowerseed",United States,2014,Ending Stocks,(1000 MT),5.0,0,1,02,"USDA FAS PS&D (Production, Supply & Distribution)",https://apps.fas.usda.gov/psdonline/downloads/
"Meal, Sunflowerseed",United States,2015,Ending Stocks,(1000 MT),5.0,0,1,04,"USDA FAS PS&D (Production, Supply & Distribution)",https://apps.fas.usda.gov/psdonline/downloads/
"Meal, Sunflowerseed",United States,2016,Ending Stocks,(1000 MT),5.0,0,1,11,"USDA FAS PS&D (Production, Supply & Distribution)",https://apps.fas.usda.gov/psdonline/downloads/
"Meal, Sunflowerseed",United States,2017,Ending Stocks,(1000 MT),5.0,0,1,07,"USDA FAS PS&D (Production, Supply & Distribution)",https://apps.fas.usda.gov/psdonline/downloads/
"Meal, Sunflowerseed",United States,2018,Ending Stocks,(1000 MT),5.0,0,1,07,"USDA FAS PS&D (Production, Supply & Distribution)",https://apps.fas.usda.gov/psdonline/downloads/
"Meal, Sunflowerseed",United States,2019,Ending Stocks,(1000 MT),5.0,0,1,07,"USDA FAS PS&D (Production, Supply & Distribution)",https://apps.fas.usda.gov/psdonline/downloads/
"Meal, Sunflowerseed",United States,2020,Ending Stocks,(1000 MT),5.0,0,1,04,"USDA FAS PS&D (Production, Supply & Distribution)",https://apps.fas.usda.gov/psdonline/downloads/
"Meal, Sunflowerseed",United States,2021,Ending Stocks,(1000 MT),5.0,0,1,04,"USDA FAS PS&D (Production, Supply & Distribution)",https://apps.fas.usda.gov/psdonline/downloads/
"Meal, Sunflowerseed",United States,2022,Ending Stocks,(1000 MT),5.0,0,1,04,"USDA FAS PS&D (Production, Supply & Distribution)",https://apps.fas.usda.gov/psdonline/downloads/
"Meal, Sunflowerseed",United States,2023,Ending Stocks,(1000 MT),5.0,0,1,04,"USDA FAS PS&D (Production, Supply & Distribution)",https://apps.fas.usda.gov/psdonline/downloads/
"Meal, Sunflowerseed",United States,2024,Ending Stocks,(1000 MT),5.0,0,1,04,"USDA FAS PS&D (Production, Supply & Distribution)",https://apps.fas.usda.gov/psdonline/downloads/
"Meal, Sunflowerseed",United States,2025,Ending Stocks,(1000 MT),5.0,0,1,04,"USDA FAS PS&D (Production, Supply & Distribution)",https://apps.fas.usda.gov/psdonline/downloads/
"Meal, Sunflowerseed",United States,2026,Ending Stocks,(1000 MT),5.0,0,1,06,"USDA FAS PS&D (Production, Supply & Distribution)",https://apps.fas.usda.gov/psdonline/downloads/
"Meal, Sunflowerseed",United States,1972,Exports,(1000 MT),0.0,0,1,06,"USDA FAS PS&D (Production, Supply & Distribution)",https://apps.fas.usda.gov/psdonline/downloads/
"Meal, Sunflowerseed",United States,1973,Exports,(1000 MT),0.0,0,1,06,"USDA FAS PS&D (Production, Supply & Distribution)",https://apps.fas.usda.gov/psdonline/downloads/
"Meal, Sunflowerseed",United States,1974,Exports,(1000 MT),0.0,0,1,06,"USDA FAS PS&D (Production, Supply & Distribution)",https://apps.fas.usda.gov/psdonline/downloads/
"Meal, Sunflowerseed",United States,1975,Exports,(1000 MT),0.0,0,1,06,"USDA FAS PS&D (Production, Supply & Distribution)",https://apps.fas.usda.gov/psdonline/downloads/
"Meal, Sunflowerseed",United States,1976,Exports,(1000 MT),0.0,0,1,06,"USDA FAS PS&D (Production, Supply & Distribution)",https://apps.fas.usda.gov/psdonline/downloads/
"Meal, Sunflowerseed",United States,1977,Exports,(1000 MT),0.0,0,1,06,"USDA FAS PS&D (Production, Supply & Distribution)",https://apps.fas.usda.gov/psdonline/downloads/
"Meal, Sunflowerseed",United States,1978,Exports,(1000 MT),0.0,0,1,10,"USDA FAS PS&D (Production, Supply & Distribution)",https://apps.fas.usda.gov/psdonline/downloads/
"Meal, Sunflowerseed",United States,1979,Exports,(1000 MT),0.0,0,1,10,"USDA FAS PS&D (Production, Supply & Distribution)",https://apps.fas.usda.gov/psdonline/downloads/
"Meal, Sunflowerseed",United States,1980,Exports,(1000 MT),0.0,0,1,06,"USDA FAS PS&D (Production, Supply & Distribution)",https://apps.fas.usda.gov/psdonline/downloads/
"Meal, Sunflowerseed",United States,1981,Exports,(1000 MT),0.0,0,1,06,"USDA FAS PS&D (Production, Supply & Distribution)",https://apps.fas.usda.gov/psdonline/downloads/
"Meal, Sunflowerseed",United States,1982,Exports,(1000 MT),0.0,0,1,06,"USDA FAS PS&D (Production, Supply & Distribution)",https://apps.fas.usda.gov/psdonline/downloads/
"Meal, Sunflowerseed",United States,1983,Exports,(1000 MT),18.0,0,1,06,"USDA FAS PS&D (Production, Supply & Distribution)",https://apps.fas.usda.gov/psdonline/downloads/
"Meal, Sunflowerseed",United States,1984,Exports,(1000 MT),14.0,0,1,06,"USDA FAS PS&D (Production, Supply & Distribution)",https://apps.fas.usda.gov/psdonline/downloads/
"Meal, Sunflowerseed",United States,1985,Exports,(1000 MT),44.0,0,1,06,"USDA FAS PS&D (Production, Supply & Distribution)",https://apps.fas.usda.gov/psdonline/downloads/
"Meal, Sunflowerseed",United States,1986,Exports,(1000 MT),42.0,0,1,06,"USDA FAS PS&D (Production, Supply & Distribution)",https://apps.fas.usda.gov/psdonline/downloads/
"Meal, Sunflowerseed",United States,1987,Exports,(1000 MT),47.0,0,1,06,"USDA FAS PS&D (Production, Supply & Distribution)",https://apps.fas.usda.gov/psdonline/downloads/
"Meal, Sunflowerseed",United States,1988,Exports,(1000 MT),6.0,0,1,06,"USDA FAS PS&D (Production, Supply & Distribution)",https://apps.fas.usda.gov/psdonline/downloads/
"Meal, Sunflowerseed",United States,1989,Exports,(1000 MT),3.0,0,1,06,"USDA FAS PS&D (Production, Supply & Distribution)",https://apps.fas.usda.gov/psdonline/downloads/
"Meal, Sunflowerseed",United States,1990,Exports,(1000 MT),5.0,0,1,06,"USDA FAS PS&D (Production, Supply & Distribution)",https://apps.fas.usda.gov/psdonline/downloads/
"Meal, Sunflowerseed",United States,1991,Exports,(1000 MT),54.0,0,1,06,"USDA FAS PS&D (Production, Supply & Distribution)",https://apps.fas.usda.gov/psdonline/downloads/
"Meal, Sunflowerseed",United States,1992,Exports,(1000 MT),48.0,0,1,06,"USDA FAS PS&D (Production, Supply & Distribution)",https://apps.fas.usda.gov/psdonline/downloads/
"Meal, Sunflowerseed",United States,1993,Exports,(1000 MT),37.0,0,1,06,"USDA FAS PS&D (Production, Supply & Distribution)",https://apps.fas.usda.gov/psdonline/downloads/
"Meal, Sunflowerseed",United States,1994,Exports,(1000 MT),89.0,0,1,06,"USDA FAS PS&D (Production, Supply & Distribution)",https://apps.fas.usda.gov/psdonline/downloads/
"Meal, Sunflowerseed",United States,1995,Exports,(1000 MT),25.0,0,1,06,"USDA FAS PS&D (Production, Supply & Distribution)",https://apps.fas.usda.gov/psdonline/downloads/
"Meal, Sunflowerseed",United States,1996,Exports,(1000 MT),21.0,0,1,08,"USDA FAS PS&D (Production, Supply & Distribution)",https://apps.fas.usda.gov/psdonline/downloads/
"Meal, Sunflowerseed",United States,1997,Exports,(1000 MT),13.0,0,1,08,"USDA FAS PS&D (Production, Supply & Distribution)",https://apps.fas.usda.gov/psdonline/downloads/
"Meal, Sunflowerseed",United States,1998,Exports,(1000 MT),41.0,0,1,08,"USDA FAS PS&D (Production, Supply & Distribution)",https://apps.fas.usda.gov/psdonline/downloads/
"Meal, Sunflowerseed",United States,1999,Exports,(1000 MT),21.0,0,1,08,"USDA FAS PS&D (Production, Supply & Distribution)",https://apps.fas.usda.gov/psdonline/downloads/
"Meal, Sunflowerseed",United States,2000,Exports,(1000 MT),8.0,0,1,08,"USDA FAS PS&D (Production, Supply & Distribution)",https://apps.fas.usda.gov/psdonline/downloads/
"Meal, Sunflowerseed",United States,2001,Exports,(1000 MT),26.0,0,1,08,"USDA FAS PS&D (Production, Supply & Distribution)",https://apps.fas.usda.gov/psdonline/downloads/
"Meal, Sunflowerseed",United States,2002,Exports,(1000 MT),3.0,0,1,08,"USDA FAS PS&D (Production, Supply & Distribution)",https://apps.fas.usda.gov/psdonline/downloads/
"Meal, Sunflowerseed",United States,2003,Exports,(1000 MT),12.0,0,1,08,"USDA FAS PS&D (Production, Supply & Distribution)",https://apps.fas.usda.gov/psdonline/downloads/
"Meal, Sunflowerseed",United States,2004,Exports,(1000 MT),3.0,0,1,08,"USDA FAS PS&D (Production, Supply & Distribution)",https://apps.fas.usda.gov/psdonline/downloads/
"Meal, Sunflowerseed",United States,2005,Exports,(1000 MT),6.0,0,1,08,"USDA FAS PS&D (Production, Supply & Distribution)",https://apps.fas.usda.gov/psdonline/downloads/
"Meal, Sunflowerseed",United States,2006,Exports,(1000 MT),13.0,0,1,08,"USDA FAS PS&D (Production, Supply & Distribution)",https://apps.fas.usda.gov/psdonline/downloads/
"Meal, Sunflowerseed",United States,2007,Exports,(1000 MT),17.0,0,1,08,"USDA FAS PS&D (Production, Supply & Distribution)",https://apps.fas.usda.gov/psdonline/downloads/
"Meal, Sunflowerseed",United States,2008,Exports,(1000 MT),7.0,0,1,08,"USDA FAS PS&D (Production, Supply & Distribution)",https://apps.fas.usda.gov/psdonline/downloads/
"Meal, Sunflowerseed",United States,2009,Exports,(1000 MT),6.0,0,1,08,"USDA FAS PS&D (Production, Supply & Distribution)",https://apps.fas.usda.gov/psdonline/downloads/
"Meal, Sunflowerseed",United States,2010,Exports,(1000 MT),3.0,0,1,05,"USDA FAS PS&D (Production, Supply & Distribution)",https://apps.fas.usda.gov/psdonline/downloads/
"Meal, Sunflowerseed",United States,2011,Exports,(1000 MT),3.0,0,1,02,"USDA FAS PS&D (Production, Supply & Distribution)",https://apps.fas.usda.gov/psdonline/downloads/
"Meal, Sunflowerseed",United States,2012,Exports,(1000 MT),19.0,0,1,02,"USDA FAS PS&D (Production, Supply & Distribution)",https://apps.fas.usda.gov/psdonline/downloads/
"Meal, Sunflowerseed",United States,2013,Exports,(1000 MT),8.0,0,1,02,"USDA FAS PS&D (Production, Supply & Distribution)",https://apps.fas.usda.gov/psdonline/downloads/
"Meal, Sunflowerseed",United States,2014,Exports,(1000 MT),7.0,0,1,02,"USDA FAS PS&D (Production, Supply & Distribution)",https://apps.fas.usda.gov/psdonline/downloads/
"Meal, Sunflowerseed",United States,2015,Exports,(1000 MT),12.0,0,1,04,"USDA FAS PS&D (Production, Supply & Distribution)",https://apps.fas.usda.gov/psdonline/downloads/
"Meal, Sunflowerseed",United States,2016,Exports,(1000 MT),5.0,0,1,11,"USDA FAS PS&D (Production, Supply & Distribution)",https://apps.fas.usda.gov/psdonline/downloads/
"Meal, Sunflowerseed",United States,2017,Exports,(1000 MT),6.0,0,1,07,"USDA FAS PS&D (Production, Supply & Distribution)",https://apps.fas.usda.gov/psdonline/downloads/
"Meal, Sunflowerseed",United States,2018,Exports,(1000 MT),15.0,0,1,07,"USDA FAS PS&D (Production, Supply & Distribution)",https://apps.fas.usda.gov/psdonline/downloads/
"Meal, Sunflowerseed",United States,2019,Exports,(1000 MT),20.0,0,1,07,"USDA FAS PS&D (Production, Supply & Distribution)",https://apps.fas.usda.gov/psdonline/downloads/
"Meal, Sunflowerseed",United States,2020,Exports,(1000 MT),28.0,0,1,04,"USDA FAS PS&D (Production, Supply & Distribution)",https://apps.fas.usda.gov/psdonline/downloads/
"Meal, Sunflowerseed",United States,2021,Exports,(1000 MT),28.0,0,1,04,"USDA FAS PS&D (Production, Supply & Distribution)",https://apps.fas.usda.gov/psdonline/downloads/
"Meal, Sunflowerseed",United States,2022,Exports,(1000 MT),17.0,0,1,04,"USDA FAS PS&D (Production, Supply & Distribution)",https://apps.fas.usda.gov/psdonline/downloads/
"Meal, Sunflowerseed",United States,2023,Exports,(1000 MT),23.0,0,1,04,"USDA FAS PS&D (Production, Supply & Distribution)",https://apps.fas.usda.gov/psdonline/downloads/
"Meal, Sunflowerseed",United States,2024,Exports,(1000 MT),27.0,0,1,04,"USDA FAS PS&D (Production, Supply & Distribution)",https://apps.fas.usda.gov/psdonline/downloads/
"Meal, Sunflowerseed",United States,2025,Exports,(1000 MT),27.0,0,1,04,"USDA FAS PS&D (Production, Supply & Distribution)",https://apps.fas.usda.gov/psdonline/downloads/
"Meal, Sunflowerseed",United States,2026,Exports,(1000 MT),27.0,0,1,06,"USDA FAS PS&D (Production, Supply & Distribution)",https://apps.fas.usda.gov/psdonline/downloads/
"Meal, Sunflowerseed",United States,1972,"Extr. Rate, 999.9999",(PERCENT),6081.0,0,1,06,"USDA FAS PS&D (Production, Supply & Distribution)",https://apps.fas.usda.gov/psdonline/downloads/
"Meal, Sunflowerseed",United States,1973,"Extr. Rate, 999.9999",(PERCENT),6133.0,0,1,06,"USDA FAS PS&D (Production, Supply & Distribution)",https://apps.fas.usda.gov/psdonline/downloads/
"Meal, Sunflowerseed",United States,1974,"Extr. Rate, 999.9999",(PERCENT),6000.0,0,1,06,"USDA FAS PS&D (Production, Supply & Distribution)",https://apps.fas.usda.gov/psdonline/downloads/
"Meal, Sunflowerseed",United States,1975,"Extr. Rate, 999.9999",(PERCENT),6000.0,0,1,06,"USDA FAS PS&D (Production, Supply & Distribution)",https://apps.fas.usda.gov/psdonline/downloads/
"Meal, Sunflowerseed",United States,1976,"Extr. Rate, 999.9999",(PERCENT),6000.0,0,1,06,"USDA FAS PS&D (Production, Supply & Distribution)",https://apps.fas.usda.gov/psdonline/downloads/
"Meal, Sunflowerseed",United States,1977,"Extr. Rate, 999.9999",(PERCENT),5982.0,0,1,06,"USDA FAS PS&D (Production, Supply & Distribution)",https://apps.fas.usda.gov/psdonline/downloads/
"Meal, Sunflowerseed",United States,1978,"Extr. Rate, 999.9999",(PERCENT),6164.0,0,1,10,"USDA FAS PS&D (Production, Supply & Distribution)",https://apps.fas.usda.gov/psdonline/downloads/
"Meal, Sunflowerseed",United States,1979,"Extr. Rate, 999.9999",(PERCENT),6563.0,0,1,10,"USDA FAS PS&D (Production, Supply & Distribution)",https://apps.fas.usda.gov/psdonline/downloads/
"Meal, Sunflowerseed",United States,1980,"Extr. Rate, 999.9999",(PERCENT),5628.0,0,1,06,"USDA FAS PS&D (Production, Supply & Distribution)",https://apps.fas.usda.gov/psdonline/downloads/
"Meal, Sunflowerseed",United States,1981,"Extr. Rate, 999.9999",(PERCENT),0.0,0,1,06,"USDA FAS PS&D (Production, Supply & Distribution)",https://apps.fas.usda.gov/psdonline/downloads/
"Meal, Sunflowerseed",United States,1982,"Extr. Rate, 999.9999",(PERCENT),0.0,0,1,06,"USDA FAS PS&D (Production, Supply & Distribution)",https://apps.fas.usda.gov/psdonline/downloads/
"Meal, Sunflowerseed",United States,1983,"Extr. Rate, 999.9999",(PERCENT),0.0,0,1,06,"USDA FAS PS&D (Production, Supply & Distribution)",https://apps.fas.usda.gov/psdonline/downloads/
"Meal, Sunflowerseed",United States,1984,"Extr. Rate, 999.9999",(PERCENT),0.0,0,1,06,"USDA FAS PS&D (Production, Supply & Distribution)",https://apps.fas.usda.gov/psdonline/downloads/
"Meal, Sunflowerseed",United States,1985,"Extr. Rate, 999.9999",(PERCENT),0.0,0,1,06,"USDA FAS PS&D (Production, Supply & Distribution)",https://apps.fas.usda.gov/psdonline/downloads/
"Meal, Sunflowerseed",United States,1986,"Extr. Rate, 999.9999",(PERCENT),0.0,0,1,06,"USDA FAS PS&D (Production, Supply & Distribution)",https://apps.fas.usda.gov/psdonline/downloads/
"Meal, Sunflowerseed",United States,1987,"Extr. Rate, 999.9999",(PERCENT),0.0,0,1,06,"USDA FAS PS&D (Production, Supply & Distribution)",https://apps.fas.usda.gov/psdonline/downloads/
"Meal, Sunflowerseed",United States,1988,"Extr. Rate, 999.9999",(PERCENT),0.0,0,1,06,"USDA FAS PS&D (Production, Supply & Distribution)",https://apps.fas.usda.gov/psdonline/downloads/
"Meal, Sunflowerseed",United States,1989,"Extr. Rate, 999.9999",(PERCENT),0.0,0,1,06,"USDA FAS PS&D (Production, Supply & Distribution)",https://apps.fas.usda.gov/psdonline/downloads/
"Meal, Sunflowerseed",United States,1990,"Extr. Rate, 999.9999",(PERCENT),0.0,0,1,06,"USDA FAS PS&D (Production, Supply & Distribution)",https://apps.fas.usda.gov/psdonline/downloads/
"Meal, Sunflowerseed",United States,1991,"Extr. Rate, 999.9999",(PERCENT),0.0,0,1,06,"USDA FAS PS&D (Production, Supply & Distribution)",https://apps.fas.usda.gov/psdonline/downloads/
"Meal, Sunflowerseed",United States,1992,"Extr. Rate, 999.9999",(PERCENT),0.0,0,1,06,"USDA FAS PS&D (Production, Supply & Distribution)",https://apps.fas.usda.gov/psdonline/downloads/
"Meal, Sunflowerseed",United States,1993,"Extr. Rate, 999.9999",(PERCENT),0.0,0,1,06,"USDA FAS PS&D (Production, Supply & Distribution)",https://apps.fas.usda.gov/psdonline/downloads/
"Meal, Sunflowerseed",United States,1994,"Extr. Rate, 999.9999",(PERCENT),0.0,0,1,06,"USDA FAS PS&D (Production, Supply & Distribution)",https://apps.fas.usda.gov/psdonline/downloads/
"Meal, Sunflowerseed",United States,1995,"Extr. Rate, 999.9999",(PERCENT),0.0,0,1,06,"USDA FAS PS&D (Production, Supply & Distribution)",https://apps.fas.usda.gov/psdonline/downloads/
"Meal, Sunflowerseed",United States,1996,"Extr. Rate, 999.9999",(PERCENT),0.52,0,1,08,"USDA FAS PS&D (Production, Supply & Distribution)",https://apps.fas.usda.gov/psdonline/downloads/
"Meal, Sunflowerseed",United States,1997,"Extr. Rate, 999.9999",(PERCENT),0.47,0,1,08,"USDA FAS PS&D (Production, Supply & Distribution)",https://apps.fas.usda.gov/psdonline/downloads/
"Meal, Sunflowerseed",United States,1998,"Extr. Rate, 999.9999",(PERCENT),0.48,0,1,08,"USDA FAS PS&D (Production, Supply & Distribution)",https://apps.fas.usda.gov/psdonline/downloads/
"Meal, Sunflowerseed",United States,1999,"Extr. Rate, 999.9999",(PERCENT),0.47,0,1,08,"USDA FAS PS&D (Production, Supply & Distribution)",https://apps.fas.usda.gov/psdonline/downloads/
"Meal, Sunflowerseed",United States,2000,"Extr. Rate, 999.9999",(PERCENT),0.49,0,1,08,"USDA FAS PS&D (Production, Supply & Distribution)",https://apps.fas.usda.gov/psdonline/downloads/
"Meal, Sunflowerseed",United States,2001,"Extr. Rate, 999.9999",(PERCENT),0.47,0,1,08,"USDA FAS PS&D (Production, Supply & Distribution)",https://apps.fas.usda.gov/psdonline/downloads/
"Meal, Sunflowerseed",United States,2002,"Extr. Rate, 999.9999",(PERCENT),0.53,0,1,08,"USDA FAS PS&D (Production, Supply & Distribution)",https://apps.fas.usda.gov/psdonline/downloads/
"Meal, Sunflowerseed",United States,2003,"Extr. Rate, 999.9999",(PERCENT),0.48,0,1,08,"USDA FAS PS&D (Production, Supply & Distribution)",https://apps.fas.usda.gov/psdonline/downloads/
"Meal, Sunflowerseed",United States,2004,"Extr. Rate, 999.9999",(PERCENT),0.49,0,1,08,"USDA FAS PS&D (Production, Supply & Distribution)",https://apps.fas.usda.gov/psdonline/downloads/
"Meal, Sunflowerseed",United States,2005,"Extr. Rate, 999.9999",(PERCENT),0.52,0,1,08,"USDA FAS PS&D (Production, Supply & Distribution)",https://apps.fas.usda.gov/psdonline/downloads/
"Meal, Sunflowerseed",United States,2006,"Extr. Rate, 999.9999",(PERCENT),0.48,0,1,08,"USDA FAS PS&D (Production, Supply & Distribution)",https://apps.fas.usda.gov/psdonline/downloads/
"Meal, Sunflowerseed",United States,2007,"Extr. Rate, 999.9999",(PERCENT),0.49,0,1,08,"USDA FAS PS&D (Production, Supply & Distribution)",https://apps.fas.usda.gov/psdonline/downloads/
"Meal, Sunflowerseed",United States,2008,"Extr. Rate, 999.9999",(PERCENT),0.52,0,1,08,"USDA FAS PS&D (Production, Supply & Distribution)",https://apps.fas.usda.gov/psdonline/downloads/
"Meal, Sunflowerseed",United States,2009,"Extr. Rate, 999.9999",(PERCENT),0.49,0,1,08,"USDA FAS PS&D (Production, Supply & Distribution)",https://apps.fas.usda.gov/psdonline/downloads/
"Meal, Sunflowerseed",United States,2010,"Extr. Rate, 999.9999",(PERCENT),0.44,0,1,05,"USDA FAS PS&D (Production, Supply & Distribution)",https://apps.fas.usda.gov/psdonline/downloads/
"Meal, Sunflowerseed",United States,2011,"Extr. Rate, 999.9999",(PERCENT),0.52,0,1,02,"USDA FAS PS&D (Production, Supply & Distribution)",https://apps.fas.usda.gov/psdonline/downloads/
"Meal, Sunflowerseed",United States,2012,"Extr. Rate, 999.9999",(PERCENT),0.53,0,1,02,"USDA FAS PS&D (Production, Supply & Distribution)",https://apps.fas.usda.gov/psdonline/downloads/
"Meal, Sunflowerseed",United States,2013,"Extr. Rate, 999.9999",(PERCENT),0.52,0,1,02,"USDA FAS PS&D (Production, Supply & Distribution)",https://apps.fas.usda.gov/psdonline/downloads/
"Meal, Sunflowerseed",United States,2014,"Extr. Rate, 999.9999",(PERCENT),0.49,0,1,02,"USDA FAS PS&D (Production, Supply & Distribution)",https://apps.fas.usda.gov/psdonline/downloads/
"Meal, Sunflowerseed",United States,2015,"Extr. Rate, 999.9999",(PERCENT),0.51,0,1,04,"USDA FAS PS&D (Production, Supply & Distribution)",https://apps.fas.usda.gov/psdonline/downloads/
"Meal, Sunflowerseed",United States,2016,"Extr. Rate, 999.9999",(PERCENT),0.51,0,1,11,"USDA FAS PS&D (Production, Supply & Distribution)",https://apps.fas.usda.gov/psdonline/downloads/
"Meal, Sunflowerseed",United States,2017,"Extr. Rate, 999.9999",(PERCENT),0.51,0,1,07,"USDA FAS PS&D (Production, Supply & Distribution)",https://apps.fas.usda.gov/psdonline/downloads/
"Meal, Sunflowerseed",United States,2018,"Extr. Rate, 999.9999",(PERCENT),0.51,0,1,07,"USDA FAS PS&D (Production, Supply & Distribution)",https://apps.fas.usda.gov/psdonline/downloads/
"Meal, Sunflowerseed",United States,2019,"Extr. Rate, 999.9999",(PERCENT),0.51,0,1,07,"USDA FAS PS&D (Production, Supply & Distribution)",https://apps.fas.usda.gov/psdonline/downloads/
"Meal, Sunflowerseed",United States,2020,"Extr. Rate, 999.9999",(PERCENT),0.51,0,1,04,"USDA FAS PS&D (Production, Supply & Distribution)",https://apps.fas.usda.gov/psdonline/downloads/
"Meal, Sunflowerseed",United States,2021,"Extr. Rate, 999.9999",(PERCENT),0.51,0,1,04,"USDA FAS PS&D (Production, Supply & Distribution)",https://apps.fas.usda.gov/psdonline/downloads/
"Meal, Sunflowerseed",United States,2022,"Extr. Rate, 999.9999",(PERCENT),0.51,0,1,04,"USDA FAS PS&D (Production, Supply & Distribution)",https://apps.fas.usda.gov/psdonline/downloads/
"Meal, Sunflowerseed",United States,2023,"Extr. Rate, 999.9999",(PERCENT),0.51,0,1,04,"USDA FAS PS&D (Production, Supply & Distribution)",https://apps.fas.usda.gov/psdonline/downloads/
"Meal, Sunflowerseed",United States,2024,"Extr. Rate, 999.9999",(PERCENT),0.51,0,1,04,"USDA FAS PS&D (Production, Supply & Distribution)",https://apps.fas.usda.gov/psdonline/downloads/
"Meal, Sunflowerseed",United States,2025,"Extr. Rate, 999.9999",(PERCENT),0.51,0,1,04,"USDA FAS PS&D (Production, Supply & Distribution)",https://apps.fas.usda.gov/psdonline/downloads/
"Meal, Sunflowerseed",United States,2026,"Extr. Rate, 999.9999",(PERCENT),0.51,0,1,06,"USDA FAS PS&D (Production, Supply & Distribution)",https://apps.fas.usda.gov/psdonline/downloads/
"Meal, Sunflowerseed",United States,1972,Feed Waste Dom. Cons.,(1000 MT),45.0,0,1,06,"USDA FAS PS&D (Production, Supply & Distribution)",https://apps.fas.usda.gov/psdonline/downloads/
"Meal, Sunflowerseed",United States,1973,Feed Waste Dom. Cons.,(1000 MT),46.0,0,1,06,"USDA FAS PS&D (Production, Supply & Distribution)",https://apps.fas.usda.gov/psdonline/downloads/
"Meal, Sunflowerseed",United States,1974,Feed Waste Dom. Cons.,(1000 MT),18.0,0,1,06,"USDA FAS PS&D (Production, Supply & Distribution)",https://apps.fas.usda.gov/psdonline/downloads/
"Meal, Sunflowerseed",United States,1975,Feed Waste Dom. Cons.,(1000 MT),110.0,0,1,06,"USDA FAS PS&D (Production, Supply & Distribution)",https://apps.fas.usda.gov/psdonline/downloads/
"Meal, Sunflowerseed",United States,1976,Feed Waste Dom. Cons.,(1000 MT),21.0,0,1,06,"USDA FAS PS&D (Production, Supply & Distribution)",https://apps.fas.usda.gov/psdonline/downloads/
"Meal, Sunflowerseed",United States,1977,Feed Waste Dom. Cons.,(1000 MT),134.0,0,1,06,"USDA FAS PS&D (Production, Supply & Distribution)",https://apps.fas.usda.gov/psdonline/downloads/
"Meal, Sunflowerseed",United States,1978,Feed Waste Dom. Cons.,(1000 MT),180.0,0,1,10,"USDA FAS PS&D (Production, Supply & Distribution)",https://apps.fas.usda.gov/psdonline/downloads/
"Meal, Sunflowerseed",United States,1979,Feed Waste Dom. Cons.,(1000 MT),359.0,0,1,10,"USDA FAS PS&D (Production, Supply & Distribution)",https://apps.fas.usda.gov/psdonline/downloads/
"Meal, Sunflowerseed",United States,1980,Feed Waste Dom. Cons.,(1000 MT),440.0,0,1,06,"USDA FAS PS&D (Production, Supply & Distribution)",https://apps.fas.usda.gov/psdonline/downloads/
"Meal, Sunflowerseed",United States,1981,Feed Waste Dom. Cons.,(1000 MT),200.0,0,1,06,"USDA FAS PS&D (Production, Supply & Distribution)",https://apps.fas.usda.gov/psdonline/downloads/
"Meal, Sunflowerseed",United States,1982,Feed Waste Dom. Cons.,(1000 MT),433.0,0,1,06,"USDA FAS PS&D (Production, Supply & Distribution)",https://apps.fas.usda.gov/psdonline/downloads/
"Meal, Sunflowerseed",United States,1983,Feed Waste Dom. Cons.,(1000 MT),247.0,0,1,06,"USDA FAS PS&D (Production, Supply & Distribution)",https://apps.fas.usda.gov/psdonline/downloads/
"Meal, Sunflowerseed",United States,1984,Feed Waste Dom. Cons.,(1000 MT),307.0,0,1,06,"USDA FAS PS&D (Production, Supply & Distribution)",https://apps.fas.usda.gov/psdonline/downloads/
"Meal, Sunflowerseed",United States,1985,Feed Waste Dom. Cons.,(1000 MT),313.0,0,1,06,"USDA FAS PS&D (Production, Supply & Distribution)",https://apps.fas.usda.gov/psdonline/downloads/
"Meal, Sunflowerseed",United States,1986,Feed Waste Dom. Cons.,(1000 MT),263.0,0,1,06,"USDA FAS PS&D (Production, Supply & Distribution)",https://apps.fas.usda.gov/psdonline/downloads/
"Meal, Sunflowerseed",United States,1987,Feed Waste Dom. Cons.,(1000 MT),380.0,0,1,06,"USDA FAS PS&D (Production, Supply & Distribution)",https://apps.fas.usda.gov/psdonline/downloads/
"Meal, Sunflowerseed",United States,1988,Feed Waste Dom. Cons.,(1000 MT),306.0,0,1,06,"USDA FAS PS&D (Production, Supply & Distribution)",https://apps.fas.usda.gov/psdonline/downloads/
"Meal, Sunflowerseed",United States,1989,Feed Waste Dom. Cons.,(1000 MT),272.0,0,1,06,"USDA FAS PS&D (Production, Supply & Distribution)",https://apps.fas.usda.gov/psdonline/downloads/
"Meal, Sunflowerseed",United States,1990,Feed Waste Dom. Cons.,(1000 MT),306.0,0,1,06,"USDA FAS PS&D (Production, Supply & Distribution)",https://apps.fas.usda.gov/psdonline/downloads/
"Meal, Sunflowerseed",United States,1991,Feed Waste Dom. Cons.,(1000 MT),450.0,0,1,06,"USDA FAS PS&D (Production, Supply & Distribution)",https://apps.fas.usda.gov/psdonline/downloads/
"Meal, Sunflowerseed",United States,1992,Feed Waste Dom. Cons.,(1000 MT),401.0,0,1,06,"USDA FAS PS&D (Production, Supply & Distribution)",https://apps.fas.usda.gov/psdonline/downloads/
"Meal, Sunflowerseed",United States,1993,Feed Waste Dom. Cons.,(1000 MT),291.0,0,1,06,"USDA FAS PS&D (Production, Supply & Distribution)",https://apps.fas.usda.gov/psdonline/downloads/
"Meal, Sunflowerseed",United States,1994,Feed Waste Dom. Cons.,(1000 MT),564.0,0,1,06,"USDA FAS PS&D (Production, Supply & Distribution)",https://apps.fas.usda.gov/psdonline/downloads/
"Meal, Sunflowerseed",United States,1995,Feed Waste Dom. Cons.,(1000 MT),433.0,0,1,06,"USDA FAS PS&D (Production, Supply & Distribution)",https://apps.fas.usda.gov/psdonline/downloads/
"Meal, Sunflowerseed",United States,1996,Feed Waste Dom. Cons.,(1000 MT),419.0,0,1,08,"USDA FAS PS&D (Production, Supply & Distribution)",https://apps.fas.usda.gov/psdonline/downloads/
"Meal, Sunflowerseed",United States,1997,Feed Waste Dom. Cons.,(1000 MT),481.0,0,1,08,"USDA FAS PS&D (Production, Supply & Distribution)",https://apps.fas.usda.gov/psdonline/downloads/
"Meal, Sunflowerseed",United States,1998,Feed Waste Dom. Cons.,(1000 MT),524.0,0,1,08,"USDA FAS PS&D (Production, Supply & Distribution)",https://apps.fas.usda.gov/psdonline/downloads/
"Meal, Sunflowerseed",United States,1999,Feed Waste Dom. Cons.,(1000 MT),519.0,0,1,08,"USDA FAS PS&D (Production, Supply & Distribution)",https://apps.fas.usda.gov/psdonline/downloads/
"Meal, Sunflowerseed",United States,2000,Feed Waste Dom. Cons.,(1000 MT),444.0,0,1,08,"USDA FAS PS&D (Production, Supply & Distribution)",https://apps.fas.usda.gov/psdonline/downloads/
"Meal, Sunflowerseed",United States,2001,Feed Waste Dom. Cons.,(1000 MT),354.0,0,1,08,"USDA FAS PS&D (Production, Supply & Distribution)",https://apps.fas.usda.gov/psdonline/downloads/
"Meal, Sunflowerseed",United States,2002,Feed Waste Dom. Cons.,(1000 MT),230.0,0,1,08,"USDA FAS PS&D (Production, Supply & Distribution)",https://apps.fas.usda.gov/psdonline/downloads/
"Meal, Sunflowerseed",United States,2003,Feed Waste Dom. Cons.,(1000 MT),307.0,0,1,08,"USDA FAS PS&D (Production, Supply & Distribution)",https://apps.fas.usda.gov/psdonline/downloads/
"Meal, Sunflowerseed",United States,2004,Feed Waste Dom. Cons.,(1000 MT),132.0,0,1,08,"USDA FAS PS&D (Production, Supply & Distribution)",https://apps.fas.usda.gov/psdonline/downloads/
"Meal, Sunflowerseed",United States,2005,Feed Waste Dom. Cons.,(1000 MT),291.0,0,1,08,"USDA FAS PS&D (Production, Supply & Distribution)",https://apps.fas.usda.gov/psdonline/downloads/
"Meal, Sunflowerseed",United States,2006,Feed Waste Dom. Cons.,(1000 MT),324.0,0,1,08,"USDA FAS PS&D (Production, Supply & Distribution)",https://apps.fas.usda.gov/psdonline/downloads/
"Meal, Sunflowerseed",United States,2007,Feed Waste Dom. Cons.,(1000 MT),317.0,0,1,08,"USDA FAS PS&D (Production, Supply & Distribution)",https://apps.fas.usda.gov/psdonline/downloads/
"Meal, Sunflowerseed",United States,2008,Feed Waste Dom. Cons.,(1000 MT),335.0,0,1,08,"USDA FAS PS&D (Production, Supply & Distribution)",https://apps.fas.usda.gov/psdonline/downloads/
"Meal, Sunflowerseed",United States,2009,Feed Waste Dom. Cons.,(1000 MT),376.0,0,1,08,"USDA FAS PS&D (Production, Supply & Distribution)",https://apps.fas.usda.gov/psdonline/downloads/
"Meal, Sunflowerseed",United States,2010,Feed Waste Dom. Cons.,(1000 MT),255.0,0,1,05,"USDA FAS PS&D (Production, Supply & Distribution)",https://apps.fas.usda.gov/psdonline/downloads/
"Meal, Sunflowerseed",United States,2011,Feed Waste Dom. Cons.,(1000 MT),178.0,0,1,02,"USDA FAS PS&D (Production, Supply & Distribution)",https://apps.fas.usda.gov/psdonline/downloads/
"Meal, Sunflowerseed",United States,2012,Feed Waste Dom. Cons.,(1000 MT),219.0,0,1,02,"USDA FAS PS&D (Production, Supply & Distribution)",https://apps.fas.usda.gov/psdonline/downloads/
"Meal, Sunflowerseed",United States,2013,Feed Waste Dom. Cons.,(1000 MT),243.0,0,1,02,"USDA FAS PS&D (Production, Supply & Distribution)",https://apps.fas.usda.gov/psdonline/downloads/
"Meal, Sunflowerseed",United States,2014,Feed Waste Dom. Cons.,(1000 MT),192.0,0,1,02,"USDA FAS PS&D (Production, Supply & Distribution)",https://apps.fas.usda.gov/psdonline/downloads/
"Meal, Sunflowerseed",United States,2015,Feed Waste Dom. Cons.,(1000 MT),261.0,0,1,04,"USDA FAS PS&D (Production, Supply & Distribution)",https://apps.fas.usda.gov/psdonline/downloads/
"Meal, Sunflowerseed",United States,2016,Feed Waste Dom. Cons.,(1000 MT),265.0,0,1,11,"USDA FAS PS&D (Production, Supply & Distribution)",https://apps.fas.usda.gov/psdonline/downloads/
"Meal, Sunflowerseed",United States,2017,Feed Waste Dom. Cons.,(1000 MT),237.0,0,1,07,"USDA FAS PS&D (Production, Supply & Distribution)",https://apps.fas.usda.gov/psdonline/downloads/
"Meal, Sunflowerseed",United States,2018,Feed Waste Dom. Cons.,(1000 MT),234.0,0,1,07,"USDA FAS PS&D (Production, Supply & Distribution)",https://apps.fas.usda.gov/psdonline/downloads/
"Meal, Sunflowerseed",United States,2019,Feed Waste Dom. Cons.,(1000 MT),180.0,0,1,07,"USDA FAS PS&D (Production, Supply & Distribution)",https://apps.fas.usda.gov/psdonline/downloads/
"Meal, Sunflowerseed",United States,2020,Feed Waste Dom. Cons.,(1000 MT),233.0,0,1,04,"USDA FAS PS&D (Production, Supply & Distribution)",https://apps.fas.usda.gov/psdonline/downloads/
"Meal, Sunflowerseed",United States,2021,Feed Waste Dom. Cons.,(1000 MT),208.0,0,1,04,"USDA FAS PS&D (Production, Supply & Distribution)",https://apps.fas.usda.gov/psdonline/downloads/
"Meal, Sunflowerseed",United States,2022,Feed Waste Dom. Cons.,(1000 MT),206.0,0,1,04,"USDA FAS PS&D (Production, Supply & Distribution)",https://apps.fas.usda.gov/psdonline/downloads/
"Meal, Sunflowerseed",United States,2023,Feed Waste Dom. Cons.,(1000 MT),195.0,0,1,04,"USDA FAS PS&D (Production, Supply & Distribution)",https://apps.fas.usda.gov/psdonline/downloads/
"Meal, Sunflowerseed",United States,2024,Feed Waste Dom. Cons.,(1000 MT),182.0,0,1,04,"USDA FAS PS&D (Production, Supply & Distribution)",https://apps.fas.usda.gov/psdonline/downloads/
"Meal, Sunflowerseed",United States,2025,Feed Waste Dom. Cons.,(1000 MT),212.0,0,1,04,"USDA FAS PS&D (Production, Supply & Distribution)",https://apps.fas.usda.gov/psdonline/downloads/
"Meal, Sunflowerseed",United States,2026,Feed Waste Dom. Cons.,(1000 MT),207.0,0,1,06,"USDA FAS PS&D (Production, Supply & Distribution)",https://apps.fas.usda.gov/psdonline/downloads/
"Meal, Sunflowerseed",United States,1972,Food Use Dom. Cons.,(1000 MT),0.0,0,1,06,"USDA FAS PS&D (Production, Supply & Distribution)",https://apps.fas.usda.gov/psdonline/downloads/
"Meal, Sunflowerseed",United States,1973,Food Use Dom. Cons.,(1000 MT),0.0,0,1,06,"USDA FAS PS&D (Production, Supply & Distribution)",https://apps.fas.usda.gov/psdonline/downloads/
"Meal, Sunflowerseed",United States,1974,Food Use Dom. Cons.,(1000 MT),0.0,0,1,06,"USDA FAS PS&D (Production, Supply & Distribution)",https://apps.fas.usda.gov/psdonline/downloads/
"Meal, Sunflowerseed",United States,1975,Food Use Dom. Cons.,(1000 MT),0.0,0,1,06,"USDA FAS PS&D (Production, Supply & Distribution)",https://apps.fas.usda.gov/psdonline/downloads/
"Meal, Sunflowerseed",United States,1976,Food Use Dom. Cons.,(1000 MT),0.0,0,1,06,"USDA FAS PS&D (Production, Supply & Distribution)",https://apps.fas.usda.gov/psdonline/downloads/
"Meal, Sunflowerseed",United States,1977,Food Use Dom. Cons.,(1000 MT),0.0,0,1,06,"USDA FAS PS&D (Production, Supply & Distribution)",https://apps.fas.usda.gov/psdonline/downloads/
"Meal, Sunflowerseed",United States,1978,Food Use Dom. Cons.,(1000 MT),0.0,0,1,10,"USDA FAS PS&D (Production, Supply & Distribution)",https://apps.fas.usda.gov/psdonline/downloads/
"Meal, Sunflowerseed",United States,1979,Food Use Dom. Cons.,(1000 MT),0.0,0,1,10,"USDA FAS PS&D (Production, Supply & Distribution)",https://apps.fas.usda.gov/psdonline/downloads/
"Meal, Sunflowerseed",United States,1980,Food Use Dom. Cons.,(1000 MT),0.0,0,1,06,"USDA FAS PS&D (Production, Supply & Distribution)",https://apps.fas.usda.gov/psdonline/downloads/
"Meal, Sunflowerseed",United States,1981,Food Use Dom. Cons.,(1000 MT),0.0,0,1,06,"USDA FAS PS&D (Production, Supply & Distribution)",https://apps.fas.usda.gov/psdonline/downloads/
"Meal, Sunflowerseed",United States,1982,Food Use Dom. Cons.,(1000 MT),0.0,0,1,06,"USDA FAS PS&D (Production, Supply & Distribution)",https://apps.fas.usda.gov/psdonline/downloads/
"Meal, Sunflowerseed",United States,1983,Food Use Dom. Cons.,(1000 MT),0.0,0,1,06,"USDA FAS PS&D (Production, Supply & Distribution)",https://apps.fas.usda.gov/psdonline/downloads/
"Meal, Sunflowerseed",United States,1984,Food Use Dom. Cons.,(1000 MT),0.0,0,1,06,"USDA FAS PS&D (Production, Supply & Distribution)",https://apps.fas.usda.gov/psdonline/downloads/
"Meal, Sunflowerseed",United States,1985,Food Use Dom. Cons.,(1000 MT),0.0,0,1,06,"USDA FAS PS&D (Production, Supply & Distribution)",https://apps.fas.usda.gov/psdonline/downloads/
"Meal, Sunflowerseed",United States,1986,Food Use Dom. Cons.,(1000 MT),0.0,0,1,06,"USDA FAS PS&D (Production, Supply & Distribution)",https://apps.fas.usda.gov/psdonline/downloads/
"Meal, Sunflowerseed",United States,1987,Food Use Dom. Cons.,(1000 MT),0.0,0,1,06,"USDA FAS PS&D (Production, Supply & Distribution)",https://apps.fas.usda.gov/psdonline/downloads/
"Meal, Sunflowerseed",United States,1988,Food Use Dom. Cons.,(1000 MT),0.0,0,1,06,"USDA FAS PS&D (Production, Supply & Distribution)",https://apps.fas.usda.gov/psdonline/downloads/
"Meal, Sunflowerseed",United States,1989,Food Use Dom. Cons.,(1000 MT),0.0,0,1,06,"USDA FAS PS&D (Production, Supply & Distribution)",https://apps.fas.usda.gov/psdonline/downloads/
"Meal, Sunflowerseed",United States,1990,Food Use Dom. Cons.,(1000 MT),0.0,0,1,06,"USDA FAS PS&D (Production, Supply & Distribution)",https://apps.fas.usda.gov/psdonline/downloads/
"Meal, Sunflowerseed",United States,1991,Food Use Dom. Cons.,(1000 MT),0.0,0,1,06,"USDA FAS PS&D (Production, Supply & Distribution)",https://apps.fas.usda.gov/psdonline/downloads/
"Meal, Sunflowerseed",United States,1992,Food Use Dom. Cons.,(1000 MT),0.0,0,1,06,"USDA FAS PS&D (Production, Supply & Distribution)",https://apps.fas.usda.gov/psdonline/downloads/
"Meal, Sunflowerseed",United States,1993,Food Use Dom. Cons.,(1000 MT),0.0,0,1,06,"USDA FAS PS&D (Production, Supply & Distribution)",https://apps.fas.usda.gov/psdonline/downloads/
"Meal, Sunflowerseed",United States,1994,Food Use Dom. Cons.,(1000 MT),0.0,0,1,06,"USDA FAS PS&D (Production, Supply & Distribution)",https://apps.fas.usda.gov/psdonline/downloads/
"Meal, Sunflowerseed",United States,1995,Food Use Dom. Cons.,(1000 MT),0.0,0,1,06,"USDA FAS PS&D (Production, Supply & Distribution)",https://apps.fas.usda.gov/psdonline/downloads/
"Meal, Sunflowerseed",United States,1996,Food Use Dom. Cons.,(1000 MT),0.0,0,1,08,"USDA FAS PS&D (Production, Supply & Distribution)",https://apps.fas.usda.gov/psdonline/downloads/
"Meal, Sunflowerseed",United States,1997,Food Use Dom. Cons.,(1000 MT),0.0,0,1,08,"USDA FAS PS&D (Production, Supply & Distribution)",https://apps.fas.usda.gov/psdonline/downloads/
"Meal, Sunflowerseed",United States,1998,Food Use Dom. Cons.,(1000 MT),0.0,0,1,08,"USDA FAS PS&D (Production, Supply & Distribution)",https://apps.fas.usda.gov/psdonline/downloads/
"Meal, Sunflowerseed",United States,1999,Food Use Dom. Cons.,(1000 MT),0.0,0,1,08,"USDA FAS PS&D (Production, Supply & Distribution)",https://apps.fas.usda.gov/psdonline/downloads/
"Meal, Sunflowerseed",United States,2000,Food Use Dom. Cons.,(1000 MT),0.0,0,1,08,"USDA FAS PS&D (Production, Supply & Distribution)",https://apps.fas.usda.gov/psdonline/downloads/
"Meal, Sunflowerseed",United States,2001,Food Use Dom. Cons.,(1000 MT),0.0,0,1,08,"USDA FAS PS&D (Production, Supply & Distribution)",https://apps.fas.usda.gov/psdonline/downloads/
"Meal, Sunflowerseed",United States,2002,Food Use Dom. Cons.,(1000 MT),0.0,0,1,08,"USDA FAS PS&D (Production, Supply & Distribution)",https://apps.fas.usda.gov/psdonline/downloads/
"Meal, Sunflowerseed",United States,2003,Food Use Dom. Cons.,(1000 MT),0.0,0,1,08,"USDA FAS PS&D (Production, Supply & Distribution)",https://apps.fas.usda.gov/psdonline/downloads/
"Meal, Sunflowerseed",United States,2004,Food Use Dom. Cons.,(1000 MT),0.0,0,1,08,"USDA FAS PS&D (Production, Supply & Distribution)",https://apps.fas.usda.gov/psdonline/downloads/
"Meal, Sunflowerseed",United States,2005,Food Use Dom. Cons.,(1000 MT),0.0,0,1,08,"USDA FAS PS&D (Production, Supply & Distribution)",https://apps.fas.usda.gov/psdonline/downloads/
"Meal, Sunflowerseed",United States,2006,Food Use Dom. Cons.,(1000 MT),0.0,0,1,08,"USDA FAS PS&D (Production, Supply & Distribution)",https://apps.fas.usda.gov/psdonline/downloads/
"Meal, Sunflowerseed",United States,2007,Food Use Dom. Cons.,(1000 MT),0.0,0,1,08,"USDA FAS PS&D (Production, Supply & Distribution)",https://apps.fas.usda.gov/psdonline/downloads/
"Meal, Sunflowerseed",United States,2008,Food Use Dom. Cons.,(1000 MT),0.0,0,1,08,"USDA FAS PS&D (Production, Supply & Distribution)",https://apps.fas.usda.gov/psdonline/downloads/
"Meal, Sunflowerseed",United States,2009,Food Use Dom. Cons.,(1000 MT),0.0,0,1,08,"USDA FAS PS&D (Production, Supply & Distribution)",https://apps.fas.usda.gov/psdonline/downloads/
"Meal, Sunflowerseed",United States,2010,Food Use Dom. Cons.,(1000 MT),0.0,0,1,05,"USDA FAS PS&D (Production, Supply & Distribution)",https://apps.fas.usda.gov/psdonline/downloads/
"Meal, Sunflowerseed",United States,2011,Food Use Dom. Cons.,(1000 MT),0.0,0,1,02,"USDA FAS PS&D (Production, Supply & Distribution)",https://apps.fas.usda.gov/psdonline/downloads/
"Meal, Sunflowerseed",United States,2012,Food Use Dom. Cons.,(1000 MT),0.0,0,1,02,"USDA FAS PS&D (Production, Supply & Distribution)",https://apps.fas.usda.gov/psdonline/downloads/
"Meal, Sunflowerseed",United States,2013,Food Use Dom. Cons.,(1000 MT),0.0,0,1,02,"USDA FAS PS&D (Production, Supply & Distribution)",https://apps.fas.usda.gov/psdonline/downloads/
"Meal, Sunflowerseed",United States,2014,Food Use Dom. Cons.,(1000 MT),0.0,0,1,02,"USDA FAS PS&D (Production, Supply & Distribution)",https://apps.fas.usda.gov/psdonline/downloads/
"Meal, Sunflowerseed",United States,2015,Food Use Dom. Cons.,(1000 MT),0.0,0,1,04,"USDA FAS PS&D (Production, Supply & Distribution)",https://apps.fas.usda.gov/psdonline/downloads/
"Meal, Sunflowerseed",United States,2016,Food Use Dom. Cons.,(1000 MT),0.0,0,1,11,"USDA FAS PS&D (Production, Supply & Distribution)",https://apps.fas.usda.gov/psdonline/downloads/
"Meal, Sunflowerseed",United States,2017,Food Use Dom. Cons.,(1000 MT),0.0,0,1,07,"USDA FAS PS&D (Production, Supply & Distribution)",https://apps.fas.usda.gov/psdonline/downloads/
"Meal, Sunflowerseed",United States,2018,Food Use Dom. Cons.,(1000 MT),0.0,0,1,07,"USDA FAS PS&D (Production, Supply & Distribution)",https://apps.fas.usda.gov/psdonline/downloads/
"Meal, Sunflowerseed",United States,2019,Food Use Dom. Cons.,(1000 MT),0.0,0,1,07,"USDA FAS PS&D (Production, Supply & Distribution)",https://apps.fas.usda.gov/psdonline/downloads/
"Meal, Sunflowerseed",United States,2020,Food Use Dom. Cons.,(1000 MT),0.0,0,1,04,"USDA FAS PS&D (Production, Supply & Distribution)",https://apps.fas.usda.gov/psdonline/downloads/
"Meal, Sunflowerseed",United States,2021,Food Use Dom. Cons.,(1000 MT),0.0,0,1,04,"USDA FAS PS&D (Production, Supply & Distribution)",https://apps.fas.usda.gov/psdonline/downloads/
"Meal, Sunflowerseed",United States,2022,Food Use Dom. Cons.,(1000 MT),0.0,0,1,04,"USDA FAS PS&D (Production, Supply & Distribution)",https://apps.fas.usda.gov/psdonline/downloads/
"Meal, Sunflowerseed",United States,2023,Food Use Dom. Cons.,(1000 MT),0.0,0,1,04,"USDA FAS PS&D (Production, Supply & Distribution)",https://apps.fas.usda.gov/psdonline/downloads/
"Meal, Sunflowerseed",United States,2024,Food Use Dom. Cons.,(1000 MT),0.0,0,1,04,"USDA FAS PS&D (Production, Supply & Distribution)",https://apps.fas.usda.gov/psdonline/downloads/
"Meal, Sunflowerseed",United States,2025,Food Use Dom. Cons.,(1000 MT),0.0,0,1,04,"USDA FAS PS&D (Production, Supply & Distribution)",https://apps.fas.usda.gov/psdonline/downloads/
"Meal, Sunflowerseed",United States,2026,Food Use Dom. Cons.,(1000 MT),0.0,0,1,06,"USDA FAS PS&D (Production, Supply & Distribution)",https://apps.fas.usda.gov/psdonline/downloads/
"Meal, Sunflowerseed",United States,1972,Imports,(1000 MT),0.0,0,1,06,"USDA FAS PS&D (Production, Supply & Distribution)",https://apps.fas.usda.gov/psdonline/downloads/
"Meal, Sunflowerseed",United States,1973,Imports,(1000 MT),0.0,0,1,06,"USDA FAS PS&D (Production, Supply & Distribution)",https://apps.fas.usda.gov/psdonline/downloads/
"Meal, Sunflowerseed",United States,1974,Imports,(1000 MT),0.0,0,1,06,"USDA FAS PS&D (Production, Supply & Distribution)",https://apps.fas.usda.gov/psdonline/downloads/
"Meal, Sunflowerseed",United States,1975,Imports,(1000 MT),0.0,0,1,06,"USDA FAS PS&D (Production, Supply & Distribution)",https://apps.fas.usda.gov/psdonline/downloads/
"Meal, Sunflowerseed",United States,1976,Imports,(1000 MT),0.0,0,1,06,"USDA FAS PS&D (Production, Supply & Distribution)",https://apps.fas.usda.gov/psdonline/downloads/
"Meal, Sunflowerseed",United States,1977,Imports,(1000 MT),0.0,0,1,06,"USDA FAS PS&D (Production, Supply & Distribution)",https://apps.fas.usda.gov/psdonline/downloads/
"Meal, Sunflowerseed",United States,1978,Imports,(1000 MT),0.0,0,1,10,"USDA FAS PS&D (Production, Supply & Distribution)",https://apps.fas.usda.gov/psdonline/downloads/
"Meal, Sunflowerseed",United States,1979,Imports,(1000 MT),0.0,0,1,10,"USDA FAS PS&D (Production, Supply & Distribution)",https://apps.fas.usda.gov/psdonline/downloads/
"Meal, Sunflowerseed",United States,1980,Imports,(1000 MT),0.0,0,1,06,"USDA FAS PS&D (Production, Supply & Distribution)",https://apps.fas.usda.gov/psdonline/downloads/
"Meal, Sunflowerseed",United States,1981,Imports,(1000 MT),0.0,0,1,06,"USDA FAS PS&D (Production, Supply & Distribution)",https://apps.fas.usda.gov/psdonline/downloads/
"Meal, Sunflowerseed",United States,1982,Imports,(1000 MT),0.0,0,1,06,"USDA FAS PS&D (Production, Supply & Distribution)",https://apps.fas.usda.gov/psdonline/downloads/
"Meal, Sunflowerseed",United States,1983,Imports,(1000 MT),0.0,0,1,06,"USDA FAS PS&D (Production, Supply & Distribution)",https://apps.fas.usda.gov/psdonline/downloads/
"Meal, Sunflowerseed",United States,1984,Imports,(1000 MT),0.0,0,1,06,"USDA FAS PS&D (Production, Supply & Distribution)",https://apps.fas.usda.gov/psdonline/downloads/
"Meal, Sunflowerseed",United States,1985,Imports,(1000 MT),0.0,0,1,06,"USDA FAS PS&D (Production, Supply & Distribution)",https://apps.fas.usda.gov/psdonline/downloads/
"Meal, Sunflowerseed",United States,1986,Imports,(1000 MT),0.0,0,1,06,"USDA FAS PS&D (Production, Supply & Distribution)",https://apps.fas.usda.gov/psdonline/downloads/
"Meal, Sunflowerseed",United States,1987,Imports,(1000 MT),0.0,0,1,06,"USDA FAS PS&D (Production, Supply & Distribution)",https://apps.fas.usda.gov/psdonline/downloads/
"Meal, Sunflowerseed",United States,1988,Imports,(1000 MT),13.0,0,1,06,"USDA FAS PS&D (Production, Supply & Distribution)",https://apps.fas.usda.gov/psdonline/downloads/
"Meal, Sunflowerseed",United States,1989,Imports,(1000 MT),13.0,0,1,06,"USDA FAS PS&D (Production, Supply & Distribution)",https://apps.fas.usda.gov/psdonline/downloads/
"Meal, Sunflowerseed",United States,1990,Imports,(1000 MT),18.0,0,1,06,"USDA FAS PS&D (Production, Supply & Distribution)",https://apps.fas.usda.gov/psdonline/downloads/
"Meal, Sunflowerseed",United States,1991,Imports,(1000 MT),7.0,0,1,06,"USDA FAS PS&D (Production, Supply & Distribution)",https://apps.fas.usda.gov/psdonline/downloads/
"Meal, Sunflowerseed",United States,1992,Imports,(1000 MT),5.0,0,1,06,"USDA FAS PS&D (Production, Supply & Distribution)",https://apps.fas.usda.gov/psdonline/downloads/
"Meal, Sunflowerseed",United States,1993,Imports,(1000 MT),4.0,0,1,06,"USDA FAS PS&D (Production, Supply & Distribution)",https://apps.fas.usda.gov/psdonline/downloads/
"Meal, Sunflowerseed",United States,1994,Imports,(1000 MT),0.0,0,1,06,"USDA FAS PS&D (Production, Supply & Distribution)",https://apps.fas.usda.gov/psdonline/downloads/
"Meal, Sunflowerseed",United States,1995,Imports,(1000 MT),0.0,0,1,06,"USDA FAS PS&D (Production, Supply & Distribution)",https://apps.fas.usda.gov/psdonline/downloads/
"Meal, Sunflowerseed",United States,1996,Imports,(1000 MT),0.0,0,1,08,"USDA FAS PS&D (Production, Supply & Distribution)",https://apps.fas.usda.gov/psdonline/downloads/
"Meal, Sunflowerseed",United States,1997,Imports,(1000 MT),0.0,0,1,08,"USDA FAS PS&D (Production, Supply & Distribution)",https://apps.fas.usda.gov/psdonline/downloads/
"Meal, Sunflowerseed",United States,1998,Imports,(1000 MT),0.0,0,1,08,"USDA FAS PS&D (Production, Supply & Distribution)",https://apps.fas.usda.gov/psdonline/downloads/
"Meal, Sunflowerseed",United States,1999,Imports,(1000 MT),0.0,0,1,08,"USDA FAS PS&D (Production, Supply & Distribution)",https://apps.fas.usda.gov/psdonline/downloads/
"Meal, Sunflowerseed",United States,2000,Imports,(1000 MT),0.0,0,1,08,"USDA FAS PS&D (Production, Supply & Distribution)",https://apps.fas.usda.gov/psdonline/downloads/
"Meal, Sunflowerseed",United States,2001,Imports,(1000 MT),26.0,0,1,08,"USDA FAS PS&D (Production, Supply & Distribution)",https://apps.fas.usda.gov/psdonline/downloads/
"Meal, Sunflowerseed",United States,2002,Imports,(1000 MT),63.0,0,1,08,"USDA FAS PS&D (Production, Supply & Distribution)",https://apps.fas.usda.gov/psdonline/downloads/
"Meal, Sunflowerseed",United States,2003,Imports,(1000 MT),20.0,0,1,08,"USDA FAS PS&D (Production, Supply & Distribution)",https://apps.fas.usda.gov/psdonline/downloads/
"Meal, Sunflowerseed",United States,2004,Imports,(1000 MT),0.0,0,1,08,"USDA FAS PS&D (Production, Supply & Distribution)",https://apps.fas.usda.gov/psdonline/downloads/
"Meal, Sunflowerseed",United States,2005,Imports,(1000 MT),5.0,0,1,08,"USDA FAS PS&D (Production, Supply & Distribution)",https://apps.fas.usda.gov/psdonline/downloads/
"Meal, Sunflowerseed",United States,2006,Imports,(1000 MT),20.0,0,1,08,"USDA FAS PS&D (Production, Supply & Distribution)",https://apps.fas.usda.gov/psdonline/downloads/
"Meal, Sunflowerseed",United States,2007,Imports,(1000 MT),0.0,0,1,08,"USDA FAS PS&D (Production, Supply & Distribution)",https://apps.fas.usda.gov/psdonline/downloads/
"Meal, Sunflowerseed",United States,2008,Imports,(1000 MT),0.0,0,1,08,"USDA FAS PS&D (Production, Supply & Distribution)",https://apps.fas.usda.gov/psdonline/downloads/
"Meal, Sunflowerseed",United States,2009,Imports,(1000 MT),0.0,0,1,08,"USDA FAS PS&D (Production, Supply & Distribution)",https://apps.fas.usda.gov/psdonline/downloads/
"Meal, Sunflowerseed",United States,2010,Imports,(1000 MT),0.0,0,1,05,"USDA FAS PS&D (Production, Supply & Distribution)",https://apps.fas.usda.gov/psdonline/downloads/
"Meal, Sunflowerseed",United States,2011,Imports,(1000 MT),0.0,0,1,02,"USDA FAS PS&D (Production, Supply & Distribution)",https://apps.fas.usda.gov/psdonline/downloads/
"Meal, Sunflowerseed",United States,2012,Imports,(1000 MT),0.0,0,1,02,"USDA FAS PS&D (Production, Supply & Distribution)",https://apps.fas.usda.gov/psdonline/downloads/
"Meal, Sunflowerseed",United States,2013,Imports,(1000 MT),11.0,0,1,02,"USDA FAS PS&D (Production, Supply & Distribution)",https://apps.fas.usda.gov/psdonline/downloads/
"Meal, Sunflowerseed",United States,2014,Imports,(1000 MT),20.0,0,1,02,"USDA FAS PS&D (Production, Supply & Distribution)",https://apps.fas.usda.gov/psdonline/downloads/
"Meal, Sunflowerseed",United States,2015,Imports,(1000 MT),21.0,0,1,04,"USDA FAS PS&D (Production, Supply & Distribution)",https://apps.fas.usda.gov/psdonline/downloads/
"Meal, Sunflowerseed",United States,2016,Imports,(1000 MT),11.0,0,1,11,"USDA FAS PS&D (Production, Supply & Distribution)",https://apps.fas.usda.gov/psdonline/downloads/
"Meal, Sunflowerseed",United States,2017,Imports,(1000 MT),1.0,0,1,07,"USDA FAS PS&D (Production, Supply & Distribution)",https://apps.fas.usda.gov/psdonline/downloads/
"Meal, Sunflowerseed",United States,2018,Imports,(1000 MT),2.0,0,1,07,"USDA FAS PS&D (Production, Supply & Distribution)",https://apps.fas.usda.gov/psdonline/downloads/
"Meal, Sunflowerseed",United States,2019,Imports,(1000 MT),2.0,0,1,07,"USDA FAS PS&D (Production, Supply & Distribution)",https://apps.fas.usda.gov/psdonline/downloads/
"Meal, Sunflowerseed",United States,2020,Imports,(1000 MT),4.0,0,1,04,"USDA FAS PS&D (Production, Supply & Distribution)",https://apps.fas.usda.gov/psdonline/downloads/
"Meal, Sunflowerseed",United States,2021,Imports,(1000 MT),14.0,0,1,04,"USDA FAS PS&D (Production, Supply & Distribution)",https://apps.fas.usda.gov/psdonline/downloads/
"Meal, Sunflowerseed",United States,2022,Imports,(1000 MT),13.0,0,1,04,"USDA FAS PS&D (Production, Supply & Distribution)",https://apps.fas.usda.gov/psdonline/downloads/
"Meal, Sunflowerseed",United States,2023,Imports,(1000 MT),25.0,0,1,04,"USDA FAS PS&D (Production, Supply & Distribution)",https://apps.fas.usda.gov/psdonline/downloads/
"Meal, Sunflowerseed",United States,2024,Imports,(1000 MT),25.0,0,1,04,"USDA FAS PS&D (Production, Supply & Distribution)",https://apps.fas.usda.gov/psdonline/downloads/
"Meal, Sunflowerseed",United States,2025,Imports,(1000 MT),9.0,0,1,04,"USDA FAS PS&D (Production, Supply & Distribution)",https://apps.fas.usda.gov/psdonline/downloads/
"Meal, Sunflowerseed",United States,2026,Imports,(1000 MT),14.0,0,1,06,"USDA FAS PS&D (Production, Supply & Distribution)",https://apps.fas.usda.gov/psdonline/downloads/
"Meal, Sunflowerseed",United States,1972,Industrial Dom. Cons.,(1000 MT),0.0,0,1,06,"USDA FAS PS&D (Production, Supply & Distribution)",https://apps.fas.usda.gov/psdonline/downloads/
"Meal, Sunflowerseed",United States,1973,Industrial Dom. Cons.,(1000 MT),0.0,0,1,06,"USDA FAS PS&D (Production, Supply & Distribution)",https://apps.fas.usda.gov/psdonline/downloads/
"Meal, Sunflowerseed",United States,1974,Industrial Dom. Cons.,(1000 MT),0.0,0,1,06,"USDA FAS PS&D (Production, Supply & Distribution)",https://apps.fas.usda.gov/psdonline/downloads/
"Meal, Sunflowerseed",United States,1975,Industrial Dom. Cons.,(1000 MT),0.0,0,1,06,"USDA FAS PS&D (Production, Supply & Distribution)",https://apps.fas.usda.gov/psdonline/downloads/
"Meal, Sunflowerseed",United States,1976,Industrial Dom. Cons.,(1000 MT),0.0,0,1,06,"USDA FAS PS&D (Production, Supply & Distribution)",https://apps.fas.usda.gov/psdonline/downloads/
"Meal, Sunflowerseed",United States,1977,Industrial Dom. Cons.,(1000 MT),0.0,0,1,06,"USDA FAS PS&D (Production, Supply & Distribution)",https://apps.fas.usda.gov/psdonline/downloads/
"Meal, Sunflowerseed",United States,1978,Industrial Dom. Cons.,(1000 MT),0.0,0,1,10,"USDA FAS PS&D (Production, Supply & Distribution)",https://apps.fas.usda.gov/psdonline/downloads/
"Meal, Sunflowerseed",United States,1979,Industrial Dom. Cons.,(1000 MT),0.0,0,1,10,"USDA FAS PS&D (Production, Supply & Distribution)",https://apps.fas.usda.gov/psdonline/downloads/
"Meal, Sunflowerseed",United States,1980,Industrial Dom. Cons.,(1000 MT),0.0,0,1,06,"USDA FAS PS&D (Production, Supply & Distribution)",https://apps.fas.usda.gov/psdonline/downloads/
"Meal, Sunflowerseed",United States,1981,Industrial Dom. Cons.,(1000 MT),0.0,0,1,06,"USDA FAS PS&D (Production, Supply & Distribution)",https://apps.fas.usda.gov/psdonline/downloads/
"Meal, Sunflowerseed",United States,1982,Industrial Dom. Cons.,(1000 MT),0.0,0,1,06,"USDA FAS PS&D (Production, Supply & Distribution)",https://apps.fas.usda.gov/psdonline/downloads/
"Meal, Sunflowerseed",United States,1983,Industrial Dom. Cons.,(1000 MT),0.0,0,1,06,"USDA FAS PS&D (Production, Supply & Distribution)",https://apps.fas.usda.gov/psdonline/downloads/
"Meal, Sunflowerseed",United States,1984,Industrial Dom. Cons.,(1000 MT),0.0,0,1,06,"USDA FAS PS&D (Production, Supply & Distribution)",https://apps.fas.usda.gov/psdonline/downloads/
"Meal, Sunflowerseed",United States,1985,Industrial Dom. Cons.,(1000 MT),0.0,0,1,06,"USDA FAS PS&D (Production, Supply & Distribution)",https://apps.fas.usda.gov/psdonline/downloads/
"Meal, Sunflowerseed",United States,1986,Industrial Dom. Cons.,(1000 MT),0.0,0,1,06,"USDA FAS PS&D (Production, Supply & Distribution)",https://apps.fas.usda.gov/psdonline/downloads/
"Meal, Sunflowerseed",United States,1987,Industrial Dom. Cons.,(1000 MT),0.0,0,1,06,"USDA FAS PS&D (Production, Supply & Distribution)",https://apps.fas.usda.gov/psdonline/downloads/
"Meal, Sunflowerseed",United States,1988,Industrial Dom. Cons.,(1000 MT),0.0,0,1,06,"USDA FAS PS&D (Production, Supply & Distribution)",https://apps.fas.usda.gov/psdonline/downloads/
"Meal, Sunflowerseed",United States,1989,Industrial Dom. Cons.,(1000 MT),0.0,0,1,06,"USDA FAS PS&D (Production, Supply & Distribution)",https://apps.fas.usda.gov/psdonline/downloads/
"Meal, Sunflowerseed",United States,1990,Industrial Dom. Cons.,(1000 MT),0.0,0,1,06,"USDA FAS PS&D (Production, Supply & Distribution)",https://apps.fas.usda.gov/psdonline/downloads/
"Meal, Sunflowerseed",United States,1991,Industrial Dom. Cons.,(1000 MT),0.0,0,1,06,"USDA FAS PS&D (Production, Supply & Distribution)",https://apps.fas.usda.gov/psdonline/downloads/
"Meal, Sunflowerseed",United States,1992,Industrial Dom. Cons.,(1000 MT),0.0,0,1,06,"USDA FAS PS&D (Production, Supply & Distribution)",https://apps.fas.usda.gov/psdonline/downloads/
"Meal, Sunflowerseed",United States,1993,Industrial Dom. Cons.,(1000 MT),0.0,0,1,06,"USDA FAS PS&D (Production, Supply & Distribution)",https://apps.fas.usda.gov/psdonline/downloads/
"Meal, Sunflowerseed",United States,1994,Industrial Dom. Cons.,(1000 MT),0.0,0,1,06,"USDA FAS PS&D (Production, Supply & Distribution)",https://apps.fas.usda.gov/psdonline/downloads/
"Meal, Sunflowerseed",United States,1995,Industrial Dom. Cons.,(1000 MT),0.0,0,1,06,"USDA FAS PS&D (Production, Supply & Distribution)",https://apps.fas.usda.gov/psdonline/downloads/
"Meal, Sunflowerseed",United States,1996,Industrial Dom. Cons.,(1000 MT),0.0,0,1,08,"USDA FAS PS&D (Production, Supply & Distribution)",https://apps.fas.usda.gov/psdonline/downloads/
"Meal, Sunflowerseed",United States,1997,Industrial Dom. Cons.,(1000 MT),0.0,0,1,08,"USDA FAS PS&D (Production, Supply & Distribution)",https://apps.fas.usda.gov/psdonline/downloads/
"Meal, Sunflowerseed",United States,1998,Industrial Dom. Cons.,(1000 MT),0.0,0,1,08,"USDA FAS PS&D (Production, Supply & Distribution)",https://apps.fas.usda.gov/psdonline/downloads/
"Meal, Sunflowerseed",United States,1999,Industrial Dom. Cons.,(1000 MT),0.0,0,1,08,"USDA FAS PS&D (Production, Supply & Distribution)",https://apps.fas.usda.gov/psdonline/downloads/
"Meal, Sunflowerseed",United States,2000,Industrial Dom. Cons.,(1000 MT),0.0,0,1,08,"USDA FAS PS&D (Production, Supply & Distribution)",https://apps.fas.usda.gov/psdonline/downloads/
"Meal, Sunflowerseed",United States,2001,Industrial Dom. Cons.,(1000 MT),0.0,0,1,08,"USDA FAS PS&D (Production, Supply & Distribution)",https://apps.fas.usda.gov/psdonline/downloads/
"Meal, Sunflowerseed",United States,2002,Industrial Dom. Cons.,(1000 MT),0.0,0,1,08,"USDA FAS PS&D (Production, Supply & Distribution)",https://apps.fas.usda.gov/psdonline/downloads/
"Meal, Sunflowerseed",United States,2003,Industrial Dom. Cons.,(1000 MT),0.0,0,1,08,"USDA FAS PS&D (Production, Supply & Distribution)",https://apps.fas.usda.gov/psdonline/downloads/
"Meal, Sunflowerseed",United States,2004,Industrial Dom. Cons.,(1000 MT),0.0,0,1,08,"USDA FAS PS&D (Production, Supply & Distribution)",https://apps.fas.usda.gov/psdonline/downloads/
"Meal, Sunflowerseed",United States,2005,Industrial Dom. Cons.,(1000 MT),0.0,0,1,08,"USDA FAS PS&D (Production, Supply & Distribution)",https://apps.fas.usda.gov/psdonline/downloads/
"Meal, Sunflowerseed",United States,2006,Industrial Dom. Cons.,(1000 MT),0.0,0,1,08,"USDA FAS PS&D (Production, Supply & Distribution)",https://apps.fas.usda.gov/psdonline/downloads/
"Meal, Sunflowerseed",United States,2007,Industrial Dom. Cons.,(1000 MT),0.0,0,1,08,"USDA FAS PS&D (Production, Supply & Distribution)",https://apps.fas.usda.gov/psdonline/downloads/
"Meal, Sunflowerseed",United States,2008,Industrial Dom. Cons.,(1000 MT),0.0,0,1,08,"USDA FAS PS&D (Production, Supply & Distribution)",https://apps.fas.usda.gov/psdonline/downloads/
"Meal, Sunflowerseed",United States,2009,Industrial Dom. Cons.,(1000 MT),0.0,0,1,08,"USDA FAS PS&D (Production, Supply & Distribution)",https://apps.fas.usda.gov/psdonline/downloads/
"Meal, Sunflowerseed",United States,2010,Industrial Dom. Cons.,(1000 MT),0.0,0,1,05,"USDA FAS PS&D (Production, Supply & Distribution)",https://apps.fas.usda.gov/psdonline/downloads/
"Meal, Sunflowerseed",United States,2011,Industrial Dom. Cons.,(1000 MT),0.0,0,1,02,"USDA FAS PS&D (Production, Supply & Distribution)",https://apps.fas.usda.gov/psdonline/downloads/
"Meal, Sunflowerseed",United States,2012,Industrial Dom. Cons.,(1000 MT),0.0,0,1,02,"USDA FAS PS&D (Production, Supply & Distribution)",https://apps.fas.usda.gov/psdonline/downloads/
"Meal, Sunflowerseed",United States,2013,Industrial Dom. Cons.,(1000 MT),0.0,0,1,02,"USDA FAS PS&D (Production, Supply & Distribution)",https://apps.fas.usda.gov/psdonline/downloads/
"Meal, Sunflowerseed",United States,2014,Industrial Dom. Cons.,(1000 MT),0.0,0,1,02,"USDA FAS PS&D (Production, Supply & Distribution)",https://apps.fas.usda.gov/psdonline/downloads/
"Meal, Sunflowerseed",United States,2015,Industrial Dom. Cons.,(1000 MT),0.0,0,1,04,"USDA FAS PS&D (Production, Supply & Distribution)",https://apps.fas.usda.gov/psdonline/downloads/
"Meal, Sunflowerseed",United States,2016,Industrial Dom. Cons.,(1000 MT),0.0,0,1,11,"USDA FAS PS&D (Production, Supply & Distribution)",https://apps.fas.usda.gov/psdonline/downloads/
"Meal, Sunflowerseed",United States,2017,Industrial Dom. Cons.,(1000 MT),0.0,0,1,07,"USDA FAS PS&D (Production, Supply & Distribution)",https://apps.fas.usda.gov/psdonline/downloads/
"Meal, Sunflowerseed",United States,2018,Industrial Dom. Cons.,(1000 MT),0.0,0,1,07,"USDA FAS PS&D (Production, Supply & Distribution)",https://apps.fas.usda.gov/psdonline/downloads/
"Meal, Sunflowerseed",United States,2019,Industrial Dom. Cons.,(1000 MT),0.0,0,1,07,"USDA FAS PS&D (Production, Supply & Distribution)",https://apps.fas.usda.gov/psdonline/downloads/
"Meal, Sunflowerseed",United States,2020,Industrial Dom. Cons.,(1000 MT),0.0,0,1,04,"USDA FAS PS&D (Production, Supply & Distribution)",https://apps.fas.usda.gov/psdonline/downloads/
"Meal, Sunflowerseed",United States,2021,Industrial Dom. Cons.,(1000 MT),0.0,0,1,04,"USDA FAS PS&D (Production, Supply & Distribution)",https://apps.fas.usda.gov/psdonline/downloads/
"Meal, Sunflowerseed",United States,2022,Industrial Dom. Cons.,(1000 MT),0.0,0,1,04,"USDA FAS PS&D (Production, Supply & Distribution)",https://apps.fas.usda.gov/psdonline/downloads/
"Meal, Sunflowerseed",United States,2023,Industrial Dom. Cons.,(1000 MT),0.0,0,1,04,"USDA FAS PS&D (Production, Supply & Distribution)",https://apps.fas.usda.gov/psdonline/downloads/
"Meal, Sunflowerseed",United States,2024,Industrial Dom. Cons.,(1000 MT),0.0,0,1,04,"USDA FAS PS&D (Production, Supply & Distribution)",https://apps.fas.usda.gov/psdonline/downloads/
"Meal, Sunflowerseed",United States,2025,Industrial Dom. Cons.,(1000 MT),0.0,0,1,04,"USDA FAS PS&D (Production, Supply & Distribution)",https://apps.fas.usda.gov/psdonline/downloads/
"Meal, Sunflowerseed",United States,2026,Industrial Dom. Cons.,(1000 MT),0.0,0,1,06,"USDA FAS PS&D (Production, Supply & Distribution)",https://apps.fas.usda.gov/psdonline/downloads/
"Meal, Sunflowerseed",United States,1972,Production,(1000 MT),45.0,0,1,06,"USDA FAS PS&D (Production, Supply & Distribution)",https://apps.fas.usda.gov/psdonline/downloads/
"Meal, Sunflowerseed",United States,1973,Production,(1000 MT),46.0,0,1,06,"USDA FAS PS&D (Production, Supply & Distribution)",https://apps.fas.usda.gov/psdonline/downloads/
"Meal, Sunflowerseed",United States,1974,Production,(1000 MT),18.0,0,1,06,"USDA FAS PS&D (Production, Supply & Distribution)",https://apps.fas.usda.gov/psdonline/downloads/
"Meal, Sunflowerseed",United States,1975,Production,(1000 MT),108.0,0,1,06,"USDA FAS PS&D (Production, Supply & Distribution)",https://apps.fas.usda.gov/psdonline/downloads/
"Meal, Sunflowerseed",United States,1976,Production,(1000 MT),21.0,0,1,06,"USDA FAS PS&D (Production, Supply & Distribution)",https://apps.fas.usda.gov/psdonline/downloads/
"Meal, Sunflowerseed",United States,1977,Production,(1000 MT),131.0,0,1,06,"USDA FAS PS&D (Production, Supply & Distribution)",https://apps.fas.usda.gov/psdonline/downloads/
"Meal, Sunflowerseed",United States,1978,Production,(1000 MT),180.0,0,1,10,"USDA FAS PS&D (Production, Supply & Distribution)",https://apps.fas.usda.gov/psdonline/downloads/
"Meal, Sunflowerseed",United States,1979,Production,(1000 MT),359.0,0,1,10,"USDA FAS PS&D (Production, Supply & Distribution)",https://apps.fas.usda.gov/psdonline/downloads/
"Meal, Sunflowerseed",United States,1980,Production,(1000 MT),439.0,0,1,06,"USDA FAS PS&D (Production, Supply & Distribution)",https://apps.fas.usda.gov/psdonline/downloads/
"Meal, Sunflowerseed",United States,1981,Production,(1000 MT),201.0,0,1,06,"USDA FAS PS&D (Production, Supply & Distribution)",https://apps.fas.usda.gov/psdonline/downloads/
"Meal, Sunflowerseed",United States,1982,Production,(1000 MT),434.0,0,1,06,"USDA FAS PS&D (Production, Supply & Distribution)",https://apps.fas.usda.gov/psdonline/downloads/
"Meal, Sunflowerseed",United States,1983,Production,(1000 MT),265.0,0,1,06,"USDA FAS PS&D (Production, Supply & Distribution)",https://apps.fas.usda.gov/psdonline/downloads/
"Meal, Sunflowerseed",United States,1984,Production,(1000 MT),321.0,0,1,06,"USDA FAS PS&D (Production, Supply & Distribution)",https://apps.fas.usda.gov/psdonline/downloads/
"Meal, Sunflowerseed",United States,1985,Production,(1000 MT),357.0,0,1,06,"USDA FAS PS&D (Production, Supply & Distribution)",https://apps.fas.usda.gov/psdonline/downloads/
"Meal, Sunflowerseed",United States,1986,Production,(1000 MT),305.0,0,1,06,"USDA FAS PS&D (Production, Supply & Distribution)",https://apps.fas.usda.gov/psdonline/downloads/
"Meal, Sunflowerseed",United States,1987,Production,(1000 MT),426.0,0,1,06,"USDA FAS PS&D (Production, Supply & Distribution)",https://apps.fas.usda.gov/psdonline/downloads/
"Meal, Sunflowerseed",United States,1988,Production,(1000 MT),298.0,0,1,06,"USDA FAS PS&D (Production, Supply & Distribution)",https://apps.fas.usda.gov/psdonline/downloads/
"Meal, Sunflowerseed",United States,1989,Production,(1000 MT),264.0,0,1,06,"USDA FAS PS&D (Production, Supply & Distribution)",https://apps.fas.usda.gov/psdonline/downloads/
"Meal, Sunflowerseed",United States,1990,Production,(1000 MT),293.0,0,1,06,"USDA FAS PS&D (Production, Supply & Distribution)",https://apps.fas.usda.gov/psdonline/downloads/
"Meal, Sunflowerseed",United States,1991,Production,(1000 MT),498.0,0,1,06,"USDA FAS PS&D (Production, Supply & Distribution)",https://apps.fas.usda.gov/psdonline/downloads/
"Meal, Sunflowerseed",United States,1992,Production,(1000 MT),440.0,0,1,06,"USDA FAS PS&D (Production, Supply & Distribution)",https://apps.fas.usda.gov/psdonline/downloads/
"Meal, Sunflowerseed",United States,1993,Production,(1000 MT),327.0,0,1,06,"USDA FAS PS&D (Production, Supply & Distribution)",https://apps.fas.usda.gov/psdonline/downloads/
"Meal, Sunflowerseed",United States,1994,Production,(1000 MT),653.0,0,1,06,"USDA FAS PS&D (Production, Supply & Distribution)",https://apps.fas.usda.gov/psdonline/downloads/
"Meal, Sunflowerseed",United States,1995,Production,(1000 MT),458.0,0,1,06,"USDA FAS PS&D (Production, Supply & Distribution)",https://apps.fas.usda.gov/psdonline/downloads/
"Meal, Sunflowerseed",United States,1996,Production,(1000 MT),440.0,0,1,08,"USDA FAS PS&D (Production, Supply & Distribution)",https://apps.fas.usda.gov/psdonline/downloads/
"Meal, Sunflowerseed",United States,1997,Production,(1000 MT),494.0,0,1,08,"USDA FAS PS&D (Production, Supply & Distribution)",https://apps.fas.usda.gov/psdonline/downloads/
"Meal, Sunflowerseed",United States,1998,Production,(1000 MT),565.0,0,1,08,"USDA FAS PS&D (Production, Supply & Distribution)",https://apps.fas.usda.gov/psdonline/downloads/
"Meal, Sunflowerseed",United States,1999,Production,(1000 MT),540.0,0,1,08,"USDA FAS PS&D (Production, Supply & Distribution)",https://apps.fas.usda.gov/psdonline/downloads/
"Meal, Sunflowerseed",United States,2000,Production,(1000 MT),452.0,0,1,08,"USDA FAS PS&D (Production, Supply & Distribution)",https://apps.fas.usda.gov/psdonline/downloads/
"Meal, Sunflowerseed",United States,2001,Production,(1000 MT),354.0,0,1,08,"USDA FAS PS&D (Production, Supply & Distribution)",https://apps.fas.usda.gov/psdonline/downloads/
"Meal, Sunflowerseed",United States,2002,Production,(1000 MT),170.0,0,1,08,"USDA FAS PS&D (Production, Supply & Distribution)",https://apps.fas.usda.gov/psdonline/downloads/
"Meal, Sunflowerseed",United States,2003,Production,(1000 MT),299.0,0,1,08,"USDA FAS PS&D (Production, Supply & Distribution)",https://apps.fas.usda.gov/psdonline/downloads/
"Meal, Sunflowerseed",United States,2004,Production,(1000 MT),135.0,0,1,08,"USDA FAS PS&D (Production, Supply & Distribution)",https://apps.fas.usda.gov/psdonline/downloads/
"Meal, Sunflowerseed",United States,2005,Production,(1000 MT),292.0,0,1,08,"USDA FAS PS&D (Production, Supply & Distribution)",https://apps.fas.usda.gov/psdonline/downloads/
"Meal, Sunflowerseed",United States,2006,Production,(1000 MT),317.0,0,1,08,"USDA FAS PS&D (Production, Supply & Distribution)",https://apps.fas.usda.gov/psdonline/downloads/
"Meal, Sunflowerseed",United States,2007,Production,(1000 MT),334.0,0,1,08,"USDA FAS PS&D (Production, Supply & Distribution)",https://apps.fas.usda.gov/psdonline/downloads/
"Meal, Sunflowerseed",United States,2008,Production,(1000 MT),342.0,0,1,08,"USDA FAS PS&D (Production, Supply & Distribution)",https://apps.fas.usda.gov/psdonline/downloads/
"Meal, Sunflowerseed",United States,2009,Production,(1000 MT),382.0,0,1,08,"USDA FAS PS&D (Production, Supply & Distribution)",https://apps.fas.usda.gov/psdonline/downloads/
"Meal, Sunflowerseed",United States,2010,Production,(1000 MT),258.0,0,1,05,"USDA FAS PS&D (Production, Supply & Distribution)",https://apps.fas.usda.gov/psdonline/downloads/
"Meal, Sunflowerseed",United States,2011,Production,(1000 MT),181.0,0,1,02,"USDA FAS PS&D (Production, Supply & Distribution)",https://apps.fas.usda.gov/psdonline/downloads/
"Meal, Sunflowerseed",United States,2012,Production,(1000 MT),238.0,0,1,02,"USDA FAS PS&D (Production, Supply & Distribution)",https://apps.fas.usda.gov/psdonline/downloads/
"Meal, Sunflowerseed",United States,2013,Production,(1000 MT),240.0,0,1,02,"USDA FAS PS&D (Production, Supply & Distribution)",https://apps.fas.usda.gov/psdonline/downloads/
"Meal, Sunflowerseed",United States,2014,Production,(1000 MT),179.0,0,1,02,"USDA FAS PS&D (Production, Supply & Distribution)",https://apps.fas.usda.gov/psdonline/downloads/
"Meal, Sunflowerseed",United States,2015,Production,(1000 MT),252.0,0,1,04,"USDA FAS PS&D (Production, Supply & Distribution)",https://apps.fas.usda.gov/psdonline/downloads/
"Meal, Sunflowerseed",United States,2016,Production,(1000 MT),259.0,0,1,11,"USDA FAS PS&D (Production, Supply & Distribution)",https://apps.fas.usda.gov/psdonline/downloads/
"Meal, Sunflowerseed",United States,2017,Production,(1000 MT),242.0,0,1,07,"USDA FAS PS&D (Production, Supply & Distribution)",https://apps.fas.usda.gov/psdonline/downloads/
"Meal, Sunflowerseed",United States,2018,Production,(1000 MT),247.0,0,1,07,"USDA FAS PS&D (Production, Supply & Distribution)",https://apps.fas.usda.gov/psdonline/downloads/
"Meal, Sunflowerseed",United States,2019,Production,(1000 MT),198.0,0,1,07,"USDA FAS PS&D (Production, Supply & Distribution)",https://apps.fas.usda.gov/psdonline/downloads/
"Meal, Sunflowerseed",United States,2020,Production,(1000 MT),257.0,0,1,04,"USDA FAS PS&D (Production, Supply & Distribution)",https://apps.fas.usda.gov/psdonline/downloads/
"Meal, Sunflowerseed",United States,2021,Production,(1000 MT),222.0,0,1,04,"USDA FAS PS&D (Production, Supply & Distribution)",https://apps.fas.usda.gov/psdonline/downloads/
"Meal, Sunflowerseed",United States,2022,Production,(1000 MT),210.0,0,1,04,"USDA FAS PS&D (Production, Supply & Distribution)",https://apps.fas.usda.gov/psdonline/downloads/
"Meal, Sunflowerseed",United States,2023,Production,(1000 MT),193.0,0,1,04,"USDA FAS PS&D (Production, Supply & Distribution)",https://apps.fas.usda.gov/psdonline/downloads/
"Meal, Sunflowerseed",United States,2024,Production,(1000 MT),184.0,0,1,04,"USDA FAS PS&D (Production, Supply & Distribution)",https://apps.fas.usda.gov/psdonline/downloads/
"Meal, Sunflowerseed",United States,2025,Production,(1000 MT),230.0,0,1,04,"USDA FAS PS&D (Production, Supply & Distribution)",https://apps.fas.usda.gov/psdonline/downloads/
"Meal, Sunflowerseed",United States,2026,Production,(1000 MT),220.0,0,1,06,"USDA FAS PS&D (Production, Supply & Distribution)",https://apps.fas.usda.gov/psdonline/downloads/
"Meal, Sunflowerseed",United States,1972,SME,(1000 MT),30.02,0,1,06,"USDA FAS PS&D (Production, Supply & Distribution)",https://apps.fas.usda.gov/psdonline/downloads/
"Meal, Sunflowerseed",United States,1973,SME,(1000 MT),30.68,0,1,06,"USDA FAS PS&D (Production, Supply & Distribution)",https://apps.fas.usda.gov/psdonline/downloads/
"Meal, Sunflowerseed",United States,1974,SME,(1000 MT),12.01,0,1,06,"USDA FAS PS&D (Production, Supply & Distribution)",https://apps.fas.usda.gov/psdonline/downloads/
"Meal, Sunflowerseed",United States,1975,SME,(1000 MT),73.37,0,1,06,"USDA FAS PS&D (Production, Supply & Distribution)",https://apps.fas.usda.gov/psdonline/downloads/
"Meal, Sunflowerseed",United States,1976,SME,(1000 MT),14.01,0,1,06,"USDA FAS PS&D (Production, Supply & Distribution)",https://apps.fas.usda.gov/psdonline/downloads/
"Meal, Sunflowerseed",United States,1977,SME,(1000 MT),89.38,0,1,06,"USDA FAS PS&D (Production, Supply & Distribution)",https://apps.fas.usda.gov/psdonline/downloads/
"Meal, Sunflowerseed",United States,1978,SME,(1000 MT),120.06,0,1,10,"USDA FAS PS&D (Production, Supply & Distribution)",https://apps.fas.usda.gov/psdonline/downloads/
"Meal, Sunflowerseed",United States,1979,SME,(1000 MT),239.45,0,1,10,"USDA FAS PS&D (Production, Supply & Distribution)",https://apps.fas.usda.gov/psdonline/downloads/
"Meal, Sunflowerseed",United States,1980,SME,(1000 MT),293.48,0,1,06,"USDA FAS PS&D (Production, Supply & Distribution)",https://apps.fas.usda.gov/psdonline/downloads/
"Meal, Sunflowerseed",United States,1981,SME,(1000 MT),133.4,0,1,06,"USDA FAS PS&D (Production, Supply & Distribution)",https://apps.fas.usda.gov/psdonline/downloads/
"Meal, Sunflowerseed",United States,1982,SME,(1000 MT),288.81,0,1,06,"USDA FAS PS&D (Production, Supply & Distribution)",https://apps.fas.usda.gov/psdonline/downloads/
"Meal, Sunflowerseed",United States,1983,SME,(1000 MT),164.75,0,1,06,"USDA FAS PS&D (Production, Supply & Distribution)",https://apps.fas.usda.gov/psdonline/downloads/
"Meal, Sunflowerseed",United States,1984,SME,(1000 MT),204.77,0,1,06,"USDA FAS PS&D (Production, Supply & Distribution)",https://apps.fas.usda.gov/psdonline/downloads/
"Meal, Sunflowerseed",United States,1985,SME,(1000 MT),208.77,0,1,06,"USDA FAS PS&D (Production, Supply & Distribution)",https://apps.fas.usda.gov/psdonline/downloads/
"Meal, Sunflowerseed",United States,1986,SME,(1000 MT),175.42,0,1,06,"USDA FAS PS&D (Production, Supply & Distribution)",https://apps.fas.usda.gov/psdonline/downloads/
"Meal, Sunflowerseed",United States,1987,SME,(1000 MT),253.46,0,1,06,"USDA FAS PS&D (Production, Supply & Distribution)",https://apps.fas.usda.gov/psdonline/downloads/
"Meal, Sunflowerseed",United States,1988,SME,(1000 MT),204.1,0,1,06,"USDA FAS PS&D (Production, Supply & Distribution)",https://apps.fas.usda.gov/psdonline/downloads/
"Meal, Sunflowerseed",United States,1989,SME,(1000 MT),181.42,0,1,06,"USDA FAS PS&D (Production, Supply & Distribution)",https://apps.fas.usda.gov/psdonline/downloads/
"Meal, Sunflowerseed",United States,1990,SME,(1000 MT),204.1,0,1,06,"USDA FAS PS&D (Production, Supply & Distribution)",https://apps.fas.usda.gov/psdonline/downloads/
"Meal, Sunflowerseed",United States,1991,SME,(1000 MT),300.15,0,1,06,"USDA FAS PS&D (Production, Supply & Distribution)",https://apps.fas.usda.gov/psdonline/downloads/
"Meal, Sunflowerseed",United States,1992,SME,(1000 MT),267.47,0,1,06,"USDA FAS PS&D (Production, Supply & Distribution)",https://apps.fas.usda.gov/psdonline/downloads/
"Meal, Sunflowerseed",United States,1993,SME,(1000 MT),194.1,0,1,06,"USDA FAS PS&D (Production, Supply & Distribution)",https://apps.fas.usda.gov/psdonline/downloads/
"Meal, Sunflowerseed",United States,1994,SME,(1000 MT),376.19,0,1,06,"USDA FAS PS&D (Production, Supply & Distribution)",https://apps.fas.usda.gov/psdonline/downloads/
"Meal, Sunflowerseed",United States,1995,SME,(1000 MT),288.81,0,1,06,"USDA FAS PS&D (Production, Supply & Distribution)",https://apps.fas.usda.gov/psdonline/downloads/
"Meal, Sunflowerseed",United States,1996,SME,(1000 MT),279.47,0,1,08,"USDA FAS PS&D (Production, Supply & Distribution)",https://apps.fas.usda.gov/psdonline/downloads/
"Meal, Sunflowerseed",United States,1997,SME,(1000 MT),320.83,0,1,08,"USDA FAS PS&D (Production, Supply & Distribution)",https://apps.fas.usda.gov/psdonline/downloads/
"Meal, Sunflowerseed",United States,1998,SME,(1000 MT),349.51,0,1,08,"USDA FAS PS&D (Production, Supply & Distribution)",https://apps.fas.usda.gov/psdonline/downloads/
"Meal, Sunflowerseed",United States,1999,SME,(1000 MT),346.17,0,1,08,"USDA FAS PS&D (Production, Supply & Distribution)",https://apps.fas.usda.gov/psdonline/downloads/
"Meal, Sunflowerseed",United States,2000,SME,(1000 MT),296.15,0,1,08,"USDA FAS PS&D (Production, Supply & Distribution)",https://apps.fas.usda.gov/psdonline/downloads/
"Meal, Sunflowerseed",United States,2001,SME,(1000 MT),236.12,0,1,08,"USDA FAS PS&D (Production, Supply & Distribution)",https://apps.fas.usda.gov/psdonline/downloads/
"Meal, Sunflowerseed",United States,2002,SME,(1000 MT),153.41,0,1,08,"USDA FAS PS&D (Production, Supply & Distribution)",https://apps.fas.usda.gov/psdonline/downloads/
"Meal, Sunflowerseed",United States,2003,SME,(1000 MT),204.77,0,1,08,"USDA FAS PS&D (Production, Supply & Distribution)",https://apps.fas.usda.gov/psdonline/downloads/
"Meal, Sunflowerseed",United States,2004,SME,(1000 MT),88.04,0,1,08,"USDA FAS PS&D (Production, Supply & Distribution)",https://apps.fas.usda.gov/psdonline/downloads/
"Meal, Sunflowerseed",United States,2005,SME,(1000 MT),194.1,0,1,08,"USDA FAS PS&D (Production, Supply & Distribution)",https://apps.fas.usda.gov/psdonline/downloads/
"Meal, Sunflowerseed",United States,2006,SME,(1000 MT),216.11,0,1,08,"USDA FAS PS&D (Production, Supply & Distribution)",https://apps.fas.usda.gov/psdonline/downloads/
"Meal, Sunflowerseed",United States,2007,SME,(1000 MT),211.44,0,1,08,"USDA FAS PS&D (Production, Supply & Distribution)",https://apps.fas.usda.gov/psdonline/downloads/
"Meal, Sunflowerseed",United States,2008,SME,(1000 MT),223.45,0,1,08,"USDA FAS PS&D (Production, Supply & Distribution)",https://apps.fas.usda.gov/psdonline/downloads/
"Meal, Sunflowerseed",United States,2009,SME,(1000 MT),250.79,0,1,08,"USDA FAS PS&D (Production, Supply & Distribution)",https://apps.fas.usda.gov/psdonline/downloads/
"Meal, Sunflowerseed",United States,2010,SME,(1000 MT),170.09,0,1,05,"USDA FAS PS&D (Production, Supply & Distribution)",https://apps.fas.usda.gov/psdonline/downloads/
"Meal, Sunflowerseed",United States,2011,SME,(1000 MT),118.73,0,1,02,"USDA FAS PS&D (Production, Supply & Distribution)",https://apps.fas.usda.gov/psdonline/downloads/
"Meal, Sunflowerseed",United States,2012,SME,(1000 MT),146.07,0,1,02,"USDA FAS PS&D (Production, Supply & Distribution)",https://apps.fas.usda.gov/psdonline/downloads/
"Meal, Sunflowerseed",United States,2013,SME,(1000 MT),162.08,0,1,02,"USDA FAS PS&D (Production, Supply & Distribution)",https://apps.fas.usda.gov/psdonline/downloads/
"Meal, Sunflowerseed",United States,2014,SME,(1000 MT),128.06,0,1,02,"USDA FAS PS&D (Production, Supply & Distribution)",https://apps.fas.usda.gov/psdonline/downloads/
"Meal, Sunflowerseed",United States,2015,SME,(1000 MT),174.09,0,1,04,"USDA FAS PS&D (Production, Supply & Distribution)",https://apps.fas.usda.gov/psdonline/downloads/
"Meal, Sunflowerseed",United States,2016,SME,(1000 MT),176.76,0,1,11,"USDA FAS PS&D (Production, Supply & Distribution)",https://apps.fas.usda.gov/psdonline/downloads/
"Meal, Sunflowerseed",United States,2017,SME,(1000 MT),158.08,0,1,07,"USDA FAS PS&D (Production, Supply & Distribution)",https://apps.fas.usda.gov/psdonline/downloads/
"Meal, Sunflowerseed",United States,2018,SME,(1000 MT),156.08,0,1,07,"USDA FAS PS&D (Production, Supply & Distribution)",https://apps.fas.usda.gov/psdonline/downloads/
"Meal, Sunflowerseed",United States,2019,SME,(1000 MT),120.06,0,1,07,"USDA FAS PS&D (Production, Supply & Distribution)",https://apps.fas.usda.gov/psdonline/downloads/
"Meal, Sunflowerseed",United States,2020,SME,(1000 MT),155.41,0,1,04,"USDA FAS PS&D (Production, Supply & Distribution)",https://apps.fas.usda.gov/psdonline/downloads/
"Meal, Sunflowerseed",United States,2021,SME,(1000 MT),138.74,0,1,04,"USDA FAS PS&D (Production, Supply & Distribution)",https://apps.fas.usda.gov/psdonline/downloads/
"Meal, Sunflowerseed",United States,2022,SME,(1000 MT),137.4,0,1,04,"USDA FAS PS&D (Production, Supply & Distribution)",https://apps.fas.usda.gov/psdonline/downloads/
"Meal, Sunflowerseed",United States,2023,SME,(1000 MT),130.07,0,1,04,"USDA FAS PS&D (Production, Supply & Distribution)",https://apps.fas.usda.gov/psdonline/downloads/
"Meal, Sunflowerseed",United States,2024,SME,(1000 MT),121.39,0,1,04,"USDA FAS PS&D (Production, Supply & Distribution)",https://apps.fas.usda.gov/psdonline/downloads/
"Meal, Sunflowerseed",United States,2025,SME,(1000 MT),141.4,0,1,04,"USDA FAS PS&D (Production, Supply & Distribution)",https://apps.fas.usda.gov/psdonline/downloads/
"Meal, Sunflowerseed",United States,2026,SME,(1000 MT),138.07,0,1,06,"USDA FAS PS&D (Production, Supply & Distribution)",https://apps.fas.usda.gov/psdonline/downloads/
"Meal, Sunflowerseed",United States,1972,Total Distribution,(1000 MT),45.0,0,1,06,"USDA FAS PS&D (Production, Supply & Distribution)",https://apps.fas.usda.gov/psdonline/downloads/
"Meal, Sunflowerseed",United States,1973,Total Distribution,(1000 MT),46.0,0,1,06,"USDA FAS PS&D (Production, Supply & Distribution)",https://apps.fas.usda.gov/psdonline/downloads/
"Meal, Sunflowerseed",United States,1974,Total Distribution,(1000 MT),18.0,0,1,06,"USDA FAS PS&D (Production, Supply & Distribution)",https://apps.fas.usda.gov/psdonline/downloads/
"Meal, Sunflowerseed",United States,1975,Total Distribution,(1000 MT),108.0,0,1,06,"USDA FAS PS&D (Production, Supply & Distribution)",https://apps.fas.usda.gov/psdonline/downloads/
"Meal, Sunflowerseed",United States,1976,Total Distribution,(1000 MT),21.0,0,1,06,"USDA FAS PS&D (Production, Supply & Distribution)",https://apps.fas.usda.gov/psdonline/downloads/
"Meal, Sunflowerseed",United States,1977,Total Distribution,(1000 MT),131.0,0,1,06,"USDA FAS PS&D (Production, Supply & Distribution)",https://apps.fas.usda.gov/psdonline/downloads/
"Meal, Sunflowerseed",United States,1978,Total Distribution,(1000 MT),184.0,0,1,10,"USDA FAS PS&D (Production, Supply & Distribution)",https://apps.fas.usda.gov/psdonline/downloads/
"Meal, Sunflowerseed",United States,1979,Total Distribution,(1000 MT),363.0,0,1,10,"USDA FAS PS&D (Production, Supply & Distribution)",https://apps.fas.usda.gov/psdonline/downloads/
"Meal, Sunflowerseed",United States,1980,Total Distribution,(1000 MT),443.0,0,1,06,"USDA FAS PS&D (Production, Supply & Distribution)",https://apps.fas.usda.gov/psdonline/downloads/
"Meal, Sunflowerseed",United States,1981,Total Distribution,(1000 MT),204.0,0,1,06,"USDA FAS PS&D (Production, Supply & Distribution)",https://apps.fas.usda.gov/psdonline/downloads/
"Meal, Sunflowerseed",United States,1982,Total Distribution,(1000 MT),438.0,0,1,06,"USDA FAS PS&D (Production, Supply & Distribution)",https://apps.fas.usda.gov/psdonline/downloads/
"Meal, Sunflowerseed",United States,1983,Total Distribution,(1000 MT),270.0,0,1,06,"USDA FAS PS&D (Production, Supply & Distribution)",https://apps.fas.usda.gov/psdonline/downloads/
"Meal, Sunflowerseed",United States,1984,Total Distribution,(1000 MT),326.0,0,1,06,"USDA FAS PS&D (Production, Supply & Distribution)",https://apps.fas.usda.gov/psdonline/downloads/
"Meal, Sunflowerseed",United States,1985,Total Distribution,(1000 MT),362.0,0,1,06,"USDA FAS PS&D (Production, Supply & Distribution)",https://apps.fas.usda.gov/psdonline/downloads/
"Meal, Sunflowerseed",United States,1986,Total Distribution,(1000 MT),310.0,0,1,06,"USDA FAS PS&D (Production, Supply & Distribution)",https://apps.fas.usda.gov/psdonline/downloads/
"Meal, Sunflowerseed",United States,1987,Total Distribution,(1000 MT),431.0,0,1,06,"USDA FAS PS&D (Production, Supply & Distribution)",https://apps.fas.usda.gov/psdonline/downloads/
"Meal, Sunflowerseed",United States,1988,Total Distribution,(1000 MT),315.0,0,1,06,"USDA FAS PS&D (Production, Supply & Distribution)",https://apps.fas.usda.gov/psdonline/downloads/
"Meal, Sunflowerseed",United States,1989,Total Distribution,(1000 MT),280.0,0,1,06,"USDA FAS PS&D (Production, Supply & Distribution)",https://apps.fas.usda.gov/psdonline/downloads/
"Meal, Sunflowerseed",United States,1990,Total Distribution,(1000 MT),316.0,0,1,06,"USDA FAS PS&D (Production, Supply & Distribution)",https://apps.fas.usda.gov/psdonline/downloads/
"Meal, Sunflowerseed",United States,1991,Total Distribution,(1000 MT),510.0,0,1,06,"USDA FAS PS&D (Production, Supply & Distribution)",https://apps.fas.usda.gov/psdonline/downloads/
"Meal, Sunflowerseed",United States,1992,Total Distribution,(1000 MT),451.0,0,1,06,"USDA FAS PS&D (Production, Supply & Distribution)",https://apps.fas.usda.gov/psdonline/downloads/
"Meal, Sunflowerseed",United States,1993,Total Distribution,(1000 MT),333.0,0,1,06,"USDA FAS PS&D (Production, Supply & Distribution)",https://apps.fas.usda.gov/psdonline/downloads/
"Meal, Sunflowerseed",United States,1994,Total Distribution,(1000 MT),658.0,0,1,06,"USDA FAS PS&D (Production, Supply & Distribution)",https://apps.fas.usda.gov/psdonline/downloads/
"Meal, Sunflowerseed",United States,1995,Total Distribution,(1000 MT),463.0,0,1,06,"USDA FAS PS&D (Production, Supply & Distribution)",https://apps.fas.usda.gov/psdonline/downloads/
"Meal, Sunflowerseed",United States,1996,Total Distribution,(1000 MT),445.0,0,1,08,"USDA FAS PS&D (Production, Supply & Distribution)",https://apps.fas.usda.gov/psdonline/downloads/
"Meal, Sunflowerseed",United States,1997,Total Distribution,(1000 MT),499.0,0,1,08,"USDA FAS PS&D (Production, Supply & Distribution)",https://apps.fas.usda.gov/psdonline/downloads/
"Meal, Sunflowerseed",United States,1998,Total Distribution,(1000 MT),570.0,0,1,08,"USDA FAS PS&D (Production, Supply & Distribution)",https://apps.fas.usda.gov/psdonline/downloads/
"Meal, Sunflowerseed",United States,1999,Total Distribution,(1000 MT),545.0,0,1,08,"USDA FAS PS&D (Production, Supply & Distribution)",https://apps.fas.usda.gov/psdonline/downloads/
"Meal, Sunflowerseed",United States,2000,Total Distribution,(1000 MT),457.0,0,1,08,"USDA FAS PS&D (Production, Supply & Distribution)",https://apps.fas.usda.gov/psdonline/downloads/
"Meal, Sunflowerseed",United States,2001,Total Distribution,(1000 MT),385.0,0,1,08,"USDA FAS PS&D (Production, Supply & Distribution)",https://apps.fas.usda.gov/psdonline/downloads/
"Meal, Sunflowerseed",United States,2002,Total Distribution,(1000 MT),238.0,0,1,08,"USDA FAS PS&D (Production, Supply & Distribution)",https://apps.fas.usda.gov/psdonline/downloads/
"Meal, Sunflowerseed",United States,2003,Total Distribution,(1000 MT),324.0,0,1,08,"USDA FAS PS&D (Production, Supply & Distribution)",https://apps.fas.usda.gov/psdonline/downloads/
"Meal, Sunflowerseed",United States,2004,Total Distribution,(1000 MT),140.0,0,1,08,"USDA FAS PS&D (Production, Supply & Distribution)",https://apps.fas.usda.gov/psdonline/downloads/
"Meal, Sunflowerseed",United States,2005,Total Distribution,(1000 MT),302.0,0,1,08,"USDA FAS PS&D (Production, Supply & Distribution)",https://apps.fas.usda.gov/psdonline/downloads/
"Meal, Sunflowerseed",United States,2006,Total Distribution,(1000 MT),342.0,0,1,08,"USDA FAS PS&D (Production, Supply & Distribution)",https://apps.fas.usda.gov/psdonline/downloads/
"Meal, Sunflowerseed",United States,2007,Total Distribution,(1000 MT),339.0,0,1,08,"USDA FAS PS&D (Production, Supply & Distribution)",https://apps.fas.usda.gov/psdonline/downloads/
"Meal, Sunflowerseed",United States,2008,Total Distribution,(1000 MT),347.0,0,1,08,"USDA FAS PS&D (Production, Supply & Distribution)",https://apps.fas.usda.gov/psdonline/downloads/
"Meal, Sunflowerseed",United States,2009,Total Distribution,(1000 MT),387.0,0,1,08,"USDA FAS PS&D (Production, Supply & Distribution)",https://apps.fas.usda.gov/psdonline/downloads/
"Meal, Sunflowerseed",United States,2010,Total Distribution,(1000 MT),263.0,0,1,05,"USDA FAS PS&D (Production, Supply & Distribution)",https://apps.fas.usda.gov/psdonline/downloads/
"Meal, Sunflowerseed",United States,2011,Total Distribution,(1000 MT),186.0,0,1,02,"USDA FAS PS&D (Production, Supply & Distribution)",https://apps.fas.usda.gov/psdonline/downloads/
"Meal, Sunflowerseed",United States,2012,Total Distribution,(1000 MT),243.0,0,1,02,"USDA FAS PS&D (Production, Supply & Distribution)",https://apps.fas.usda.gov/psdonline/downloads/
"Meal, Sunflowerseed",United States,2013,Total Distribution,(1000 MT),256.0,0,1,02,"USDA FAS PS&D (Production, Supply & Distribution)",https://apps.fas.usda.gov/psdonline/downloads/
"Meal, Sunflowerseed",United States,2014,Total Distribution,(1000 MT),204.0,0,1,02,"USDA FAS PS&D (Production, Supply & Distribution)",https://apps.fas.usda.gov/psdonline/downloads/
"Meal, Sunflowerseed",United States,2015,Total Distribution,(1000 MT),278.0,0,1,04,"USDA FAS PS&D (Production, Supply & Distribution)",https://apps.fas.usda.gov/psdonline/downloads/
"Meal, Sunflowerseed",United States,2016,Total Distribution,(1000 MT),275.0,0,1,11,"USDA FAS PS&D (Production, Supply & Distribution)",https://apps.fas.usda.gov/psdonline/downloads/
"Meal, Sunflowerseed",United States,2017,Total Distribution,(1000 MT),248.0,0,1,07,"USDA FAS PS&D (Production, Supply & Distribution)",https://apps.fas.usda.gov/psdonline/downloads/
"Meal, Sunflowerseed",United States,2018,Total Distribution,(1000 MT),254.0,0,1,07,"USDA FAS PS&D (Production, Supply & Distribution)",https://apps.fas.usda.gov/psdonline/downloads/
"Meal, Sunflowerseed",United States,2019,Total Distribution,(1000 MT),205.0,0,1,07,"USDA FAS PS&D (Production, Supply & Distribution)",https://apps.fas.usda.gov/psdonline/downloads/
"Meal, Sunflowerseed",United States,2020,Total Distribution,(1000 MT),266.0,0,1,04,"USDA FAS PS&D (Production, Supply & Distribution)",https://apps.fas.usda.gov/psdonline/downloads/
"Meal, Sunflowerseed",United States,2021,Total Distribution,(1000 MT),241.0,0,1,04,"USDA FAS PS&D (Production, Supply & Distribution)",https://apps.fas.usda.gov/psdonline/downloads/
"Meal, Sunflowerseed",United States,2022,Total Distribution,(1000 MT),228.0,0,1,04,"USDA FAS PS&D (Production, Supply & Distribution)",https://apps.fas.usda.gov/psdonline/downloads/
"Meal, Sunflowerseed",United States,2023,Total Distribution,(1000 MT),223.0,0,1,04,"USDA FAS PS&D (Production, Supply & Distribution)",https://apps.fas.usda.gov/psdonline/downloads/
"Meal, Sunflowerseed",United States,2024,Total Distribution,(1000 MT),214.0,0,1,04,"USDA FAS PS&D (Production, Supply & Distribution)",https://apps.fas.usda.gov/psdonline/downloads/
"Meal, Sunflowerseed",United States,2025,Total Distribution,(1000 MT),244.0,0,1,04,"USDA FAS PS&D (Production, Supply & Distribution)",https://apps.fas.usda.gov/psdonline/downloads/
"Meal, Sunflowerseed",United States,2026,Total Distribution,(1000 MT),239.0,0,1,06,"USDA FAS PS&D (Production, Supply & Distribution)",https://apps.fas.usda.gov/psdonline/downloads/
"Meal, Sunflowerseed",United States,1972,Total Supply,(1000 MT),45.0,0,1,06,"USDA FAS PS&D (Production, Supply & Distribution)",https://apps.fas.usda.gov/psdonline/downloads/
"Meal, Sunflowerseed",United States,1973,Total Supply,(1000 MT),46.0,0,1,06,"USDA FAS PS&D (Production, Supply & Distribution)",https://apps.fas.usda.gov/psdonline/downloads/
"Meal, Sunflowerseed",United States,1974,Total Supply,(1000 MT),18.0,0,1,06,"USDA FAS PS&D (Production, Supply & Distribution)",https://apps.fas.usda.gov/psdonline/downloads/
"Meal, Sunflowerseed",United States,1975,Total Supply,(1000 MT),108.0,0,1,06,"USDA FAS PS&D (Production, Supply & Distribution)",https://apps.fas.usda.gov/psdonline/downloads/
"Meal, Sunflowerseed",United States,1976,Total Supply,(1000 MT),21.0,0,1,06,"USDA FAS PS&D (Production, Supply & Distribution)",https://apps.fas.usda.gov/psdonline/downloads/
"Meal, Sunflowerseed",United States,1977,Total Supply,(1000 MT),131.0,0,1,06,"USDA FAS PS&D (Production, Supply & Distribution)",https://apps.fas.usda.gov/psdonline/downloads/
"Meal, Sunflowerseed",United States,1978,Total Supply,(1000 MT),184.0,0,1,10,"USDA FAS PS&D (Production, Supply & Distribution)",https://apps.fas.usda.gov/psdonline/downloads/
"Meal, Sunflowerseed",United States,1979,Total Supply,(1000 MT),363.0,0,1,10,"USDA FAS PS&D (Production, Supply & Distribution)",https://apps.fas.usda.gov/psdonline/downloads/
"Meal, Sunflowerseed",United States,1980,Total Supply,(1000 MT),443.0,0,1,06,"USDA FAS PS&D (Production, Supply & Distribution)",https://apps.fas.usda.gov/psdonline/downloads/
"Meal, Sunflowerseed",United States,1981,Total Supply,(1000 MT),204.0,0,1,06,"USDA FAS PS&D (Production, Supply & Distribution)",https://apps.fas.usda.gov/psdonline/downloads/
"Meal, Sunflowerseed",United States,1982,Total Supply,(1000 MT),438.0,0,1,06,"USDA FAS PS&D (Production, Supply & Distribution)",https://apps.fas.usda.gov/psdonline/downloads/
"Meal, Sunflowerseed",United States,1983,Total Supply,(1000 MT),270.0,0,1,06,"USDA FAS PS&D (Production, Supply & Distribution)",https://apps.fas.usda.gov/psdonline/downloads/
"Meal, Sunflowerseed",United States,1984,Total Supply,(1000 MT),326.0,0,1,06,"USDA FAS PS&D (Production, Supply & Distribution)",https://apps.fas.usda.gov/psdonline/downloads/
"Meal, Sunflowerseed",United States,1985,Total Supply,(1000 MT),362.0,0,1,06,"USDA FAS PS&D (Production, Supply & Distribution)",https://apps.fas.usda.gov/psdonline/downloads/
"Meal, Sunflowerseed",United States,1986,Total Supply,(1000 MT),310.0,0,1,06,"USDA FAS PS&D (Production, Supply & Distribution)",https://apps.fas.usda.gov/psdonline/downloads/
"Meal, Sunflowerseed",United States,1987,Total Supply,(1000 MT),431.0,0,1,06,"USDA FAS PS&D (Production, Supply & Distribution)",https://apps.fas.usda.gov/psdonline/downloads/
"Meal, Sunflowerseed",United States,1988,Total Supply,(1000 MT),315.0,0,1,06,"USDA FAS PS&D (Production, Supply & Distribution)",https://apps.fas.usda.gov/psdonline/downloads/
"Meal, Sunflowerseed",United States,1989,Total Supply,(1000 MT),280.0,0,1,06,"USDA FAS PS&D (Production, Supply & Distribution)",https://apps.fas.usda.gov/psdonline/downloads/
"Meal, Sunflowerseed",United States,1990,Total Supply,(1000 MT),316.0,0,1,06,"USDA FAS PS&D (Production, Supply & Distribution)",https://apps.fas.usda.gov/psdonline/downloads/
"Meal, Sunflowerseed",United States,1991,Total Supply,(1000 MT),510.0,0,1,06,"USDA FAS PS&D (Production, Supply & Distribution)",https://apps.fas.usda.gov/psdonline/downloads/
"Meal, Sunflowerseed",United States,1992,Total Supply,(1000 MT),451.0,0,1,06,"USDA FAS PS&D (Production, Supply & Distribution)",https://apps.fas.usda.gov/psdonline/downloads/
"Meal, Sunflowerseed",United States,1993,Total Supply,(1000 MT),333.0,0,1,06,"USDA FAS PS&D (Production, Supply & Distribution)",https://apps.fas.usda.gov/psdonline/downloads/
"Meal, Sunflowerseed",United States,1994,Total Supply,(1000 MT),658.0,0,1,06,"USDA FAS PS&D (Production, Supply & Distribution)",https://apps.fas.usda.gov/psdonline/downloads/
"Meal, Sunflowerseed",United States,1995,Total Supply,(1000 MT),463.0,0,1,06,"USDA FAS PS&D (Production, Supply & Distribution)",https://apps.fas.usda.gov/psdonline/downloads/
"Meal, Sunflowerseed",United States,1996,Total Supply,(1000 MT),445.0,0,1,08,"USDA FAS PS&D (Production, Supply & Distribution)",https://apps.fas.usda.gov/psdonline/downloads/
"Meal, Sunflowerseed",United States,1997,Total Supply,(1000 MT),499.0,0,1,08,"USDA FAS PS&D (Production, Supply & Distribution)",https://apps.fas.usda.gov/psdonline/downloads/
"Meal, Sunflowerseed",United States,1998,Total Supply,(1000 MT),570.0,0,1,08,"USDA FAS PS&D (Production, Supply & Distribution)",https://apps.fas.usda.gov/psdonline/downloads/
"Meal, Sunflowerseed",United States,1999,Total Supply,(1000 MT),545.0,0,1,08,"USDA FAS PS&D (Production, Supply & Distribution)",https://apps.fas.usda.gov/psdonline/downloads/
"Meal, Sunflowerseed",United States,2000,Total Supply,(1000 MT),457.0,0,1,08,"USDA FAS PS&D (Production, Supply & Distribution)",https://apps.fas.usda.gov/psdonline/downloads/
"Meal, Sunflowerseed",United States,2001,Total Supply,(1000 MT),385.0,0,1,08,"USDA FAS PS&D (Production, Supply & Distribution)",https://apps.fas.usda.gov/psdonline/downloads/
"Meal, Sunflowerseed",United States,2002,Total Supply,(1000 MT),238.0,0,1,08,"USDA FAS PS&D (Production, Supply & Distribution)",https://apps.fas.usda.gov/psdonline/downloads/
"Meal, Sunflowerseed",United States,2003,Total Supply,(1000 MT),324.0,0,1,08,"USDA FAS PS&D (Production, Supply & Distribution)",https://apps.fas.usda.gov/psdonline/downloads/
"Meal, Sunflowerseed",United States,2004,Total Supply,(1000 MT),140.0,0,1,08,"USDA FAS PS&D (Production, Supply & Distribution)",https://apps.fas.usda.gov/psdonline/downloads/
"Meal, Sunflowerseed",United States,2005,Total Supply,(1000 MT),302.0,0,1,08,"USDA FAS PS&D (Production, Supply & Distribution)",https://apps.fas.usda.gov/psdonline/downloads/
"Meal, Sunflowerseed",United States,2006,Total Supply,(1000 MT),342.0,0,1,08,"USDA FAS PS&D (Production, Supply & Distribution)",https://apps.fas.usda.gov/psdonline/downloads/
"Meal, Sunflowerseed",United States,2007,Total Supply,(1000 MT),339.0,0,1,08,"USDA FAS PS&D (Production, Supply & Distribution)",https://apps.fas.usda.gov/psdonline/downloads/
"Meal, Sunflowerseed",United States,2008,Total Supply,(1000 MT),347.0,0,1,08,"USDA FAS PS&D (Production, Supply & Distribution)",https://apps.fas.usda.gov/psdonline/downloads/
"Meal, Sunflowerseed",United States,2009,Total Supply,(1000 MT),387.0,0,1,08,"USDA FAS PS&D (Production, Supply & Distribution)",https://apps.fas.usda.gov/psdonline/downloads/
"Meal, Sunflowerseed",United States,2010,Total Supply,(1000 MT),263.0,0,1,05,"USDA FAS PS&D (Production, Supply & Distribution)",https://apps.fas.usda.gov/psdonline/downloads/
"Meal, Sunflowerseed",United States,2011,Total Supply,(1000 MT),186.0,0,1,02,"USDA FAS PS&D (Production, Supply & Distribution)",https://apps.fas.usda.gov/psdonline/downloads/
"Meal, Sunflowerseed",United States,2012,Total Supply,(1000 MT),243.0,0,1,02,"USDA FAS PS&D (Production, Supply & Distribution)",https://apps.fas.usda.gov/psdonline/downloads/
"Meal, Sunflowerseed",United States,2013,Total Supply,(1000 MT),256.0,0,1,02,"USDA FAS PS&D (Production, Supply & Distribution)",https://apps.fas.usda.gov/psdonline/downloads/
"Meal, Sunflowerseed",United States,2014,Total Supply,(1000 MT),204.0,0,1,02,"USDA FAS PS&D (Production, Supply & Distribution)",https://apps.fas.usda.gov/psdonline/downloads/
"Meal, Sunflowerseed",United States,2015,Total Supply,(1000 MT),278.0,0,1,04,"USDA FAS PS&D (Production, Supply & Distribution)",https://apps.fas.usda.gov/psdonline/downloads/
"Meal, Sunflowerseed",United States,2016,Total Supply,(1000 MT),275.0,0,1,11,"USDA FAS PS&D (Production, Supply & Distribution)",https://apps.fas.usda.gov/psdonline/downloads/
"Meal, Sunflowerseed",United States,2017,Total Supply,(1000 MT),248.0,0,1,07,"USDA FAS PS&D (Production, Supply & Distribution)",https://apps.fas.usda.gov/psdonline/downloads/
"Meal, Sunflowerseed",United States,2018,Total Supply,(1000 MT),254.0,0,1,07,"USDA FAS PS&D (Production, Supply & Distribution)",https://apps.fas.usda.gov/psdonline/downloads/
"Meal, Sunflowerseed",United States,2019,Total Supply,(1000 MT),205.0,0,1,07,"USDA FAS PS&D (Production, Supply & Distribution)",https://apps.fas.usda.gov/psdonline/downloads/
"Meal, Sunflowerseed",United States,2020,Total Supply,(1000 MT),266.0,0,1,04,"USDA FAS PS&D (Production, Supply & Distribution)",https://apps.fas.usda.gov/psdonline/downloads/
"Meal, Sunflowerseed",United States,2021,Total Supply,(1000 MT),241.0,0,1,04,"USDA FAS PS&D (Production, Supply & Distribution)",https://apps.fas.usda.gov/psdonline/downloads/
"Meal, Sunflowerseed",United States,2022,Total Supply,(1000 MT),228.0,0,1,04,"USDA FAS PS&D (Production, Supply & Distribution)",https://apps.fas.usda.gov/psdonline/downloads/
"Meal, Sunflowerseed",United States,2023,Total Supply,(1000 MT),223.0,0,1,04,"USDA FAS PS&D (Production, Supply & Distribution)",https://apps.fas.usda.gov/psdonline/downloads/
"Meal, Sunflowerseed",United States,2024,Total Supply,(1000 MT),214.0,0,1,04,"USDA FAS PS&D (Production, Supply & Distribution)",https://apps.fas.usda.gov/psdonline/downloads/
"Meal, Sunflowerseed",United States,2025,Total Supply,(1000 MT),244.0,0,1,04,"USDA FAS PS&D (Production, Supply & Distribution)",https://apps.fas.usda.gov/psdonline/downloads/
"Meal, Sunflowerseed",United States,2026,Total Supply,(1000 MT),239.0,0,1,06,"USDA FAS PS&D (Production, Supply & Distribution)",https://apps.fas.usda.gov/psdonline/downloads/
