commodity,country,market_year,attribute,unit,value,is_aggregate,n_countries,vintage_month,source,source_url
"Meal, Soybean",United States,1964,Beginning Stocks,(1000 MT),110.0,0,1,05,"USDA FAS PS&D (Production, Supply & Distribution)",https://apps.fas.usda.gov/psdonline/downloads/
"Meal, Soybean",United States,1965,Beginning Stocks,(1000 MT),96.0,0,1,05,"USDA FAS PS&D (Production, Supply & Distribution)",https://apps.fas.usda.gov/psdonline/downloads/
"Meal, Soybean",United States,1966,Beginning Stocks,(1000 MT),119.0,0,1,05,"USDA FAS PS&D (Production, Supply & Distribution)",https://apps.fas.usda.gov/psdonline/downloads/
"Meal, Soybean",United States,1967,Beginning Stocks,(1000 MT),125.0,0,1,05,"USDA FAS PS&D (Production, Supply & Distribution)",https://apps.fas.usda.gov/psdonline/downloads/
"Meal, Soybean",United States,1968,Beginning Stocks,(1000 MT),132.0,0,1,05,"USDA FAS PS&D (Production, Supply & Distribution)",https://apps.fas.usda.gov/psdonline/downloads/
"Meal, Soybean",United States,1969,Beginning Stocks,(1000 MT),142.0,0,1,05,"USDA FAS PS&D (Production, Supply & Distribution)",https://apps.fas.usda.gov/psdonline/downloads/
"Meal, Soybean",United States,1970,Beginning Stocks,(1000 MT),124.0,0,1,05,"USDA FAS PS&D (Production, Supply & Distribution)",https://apps.fas.usda.gov/psdonline/downloads/
"Meal, Soybean",United States,1971,Beginning Stocks,(1000 MT),132.0,0,1,05,"USDA FAS PS&D (Production, Supply & Distribution)",https://apps.fas.usda.gov/psdonline/downloads/
"Meal, Soybean",United States,1972,Beginning Stocks,(1000 MT),174.0,0,1,05,"USDA FAS PS&D (Production, Supply & Distribution)",https://apps.fas.usda.gov/psdonline/downloads/
"Meal, Soybean",United States,1973,Beginning Stocks,(1000 MT),166.0,0,1,05,"USDA FAS PS&D (Production, Supply & Distribution)",https://apps.fas.usda.gov/psdonline/downloads/
"Meal, Soybean",United States,1974,Beginning Stocks,(1000 MT),460.0,0,1,05,"USDA FAS PS&D (Production, Supply & Distribution)",https://apps.fas.usda.gov/psdonline/downloads/
"Meal, Soybean",United States,1975,Beginning Stocks,(1000 MT),325.0,0,1,05,"USDA FAS PS&D (Production, Supply & Distribution)",https://apps.fas.usda.gov/psdonline/downloads/
"Meal, Soybean",United States,1976,Beginning Stocks,(1000 MT),322.0,0,1,05,"USDA FAS PS&D (Production, Supply & Distribution)",https://apps.fas.usda.gov/psdonline/downloads/
"Meal, Soybean",United States,1977,Beginning Stocks,(1000 MT),207.0,0,1,05,"USDA FAS PS&D (Production, Supply & Distribution)",https://apps.fas.usda.gov/psdonline/downloads/
"Meal, Soybean",United States,1978,Beginning Stocks,(1000 MT),220.0,0,1,05,"USDA FAS PS&D (Production, Supply & Distribution)",https://apps.fas.usda.gov/psdonline/downloads/
"Meal, Soybean",United States,1979,Beginning Stocks,(1000 MT),242.0,0,1,05,"USDA FAS PS&D (Production, Supply & Distribution)",https://apps.fas.usda.gov/psdonline/downloads/
"Meal, Soybean",United States,1980,Beginning Stocks,(1000 MT),205.0,0,1,05,"USDA FAS PS&D (Production, Supply & Distribution)",https://apps.fas.usda.gov/psdonline/downloads/
"Meal, Soybean",United States,1981,Beginning Stocks,(1000 MT),148.0,0,1,05,"USDA FAS PS&D (Production, Supply & Distribution)",https://apps.fas.usda.gov/psdonline/downloads/
"Meal, Soybean",United States,1982,Beginning Stocks,(1000 MT),159.0,0,1,05,"USDA FAS PS&D (Production, Supply & Distribution)",https://apps.fas.usda.gov/psdonline/downloads/
"Meal, Soybean",United States,1983,Beginning Stocks,(1000 MT),430.0,0,1,06,"USDA FAS PS&D (Production, Supply & Distribution)",https://apps.fas.usda.gov/psdonline/downloads/
"Meal, Soybean",United States,1984,Beginning Stocks,(1000 MT),231.0,0,1,06,"USDA FAS PS&D (Production, Supply & Distribution)",https://apps.fas.usda.gov/psdonline/downloads/
"Meal, Soybean",United States,1985,Beginning Stocks,(1000 MT),351.0,0,1,06,"USDA FAS PS&D (Production, Supply & Distribution)",https://apps.fas.usda.gov/psdonline/downloads/
"Meal, Soybean",United States,1986,Beginning Stocks,(1000 MT),192.0,0,1,06,"USDA FAS PS&D (Production, Supply & Distribution)",https://apps.fas.usda.gov/psdonline/downloads/
"Meal, Soybean",United States,1987,Beginning Stocks,(1000 MT),217.0,0,1,06,"USDA FAS PS&D (Production, Supply & Distribution)",https://apps.fas.usda.gov/psdonline/downloads/
"Meal, Soybean",United States,1988,Beginning Stocks,(1000 MT),139.0,0,1,10,"USDA FAS PS&D (Production, Supply & Distribution)",https://apps.fas.usda.gov/psdonline/downloads/
"Meal, Soybean",United States,1989,Beginning Stocks,(1000 MT),157.0,0,1,06,"USDA FAS PS&D (Production, Supply & Distribution)",https://apps.fas.usda.gov/psdonline/downloads/
"Meal, Soybean",United States,1990,Beginning Stocks,(1000 MT),289.0,0,1,04,"USDA FAS PS&D (Production, Supply & Distribution)",https://apps.fas.usda.gov/psdonline/downloads/
"Meal, Soybean",United States,1991,Beginning Stocks,(1000 MT),259.0,0,1,04,"USDA FAS PS&D (Production, Supply & Distribution)",https://apps.fas.usda.gov/psdonline/downloads/
"Meal, Soybean",United States,1992,Beginning Stocks,(1000 MT),209.0,0,1,04,"USDA FAS PS&D (Production, Supply & Distribution)",https://apps.fas.usda.gov/psdonline/downloads/
"Meal, Soybean",United States,1993,Beginning Stocks,(1000 MT),186.0,0,1,04,"USDA FAS PS&D (Production, Supply & Distribution)",https://apps.fas.usda.gov/psdonline/downloads/
"Meal, Soybean",United States,1994,Beginning Stocks,(1000 MT),136.0,0,1,04,"USDA FAS PS&D (Production, Supply & Distribution)",https://apps.fas.usda.gov/psdonline/downloads/
"Meal, Soybean",United States,1995,Beginning Stocks,(1000 MT),203.0,0,1,04,"USDA FAS PS&D (Production, Supply & Distribution)",https://apps.fas.usda.gov/psdonline/downloads/
"Meal, Soybean",United States,1996,Beginning Stocks,(1000 MT),193.0,0,1,04,"USDA FAS PS&D (Production, Supply & Distribution)",https://apps.fas.usda.gov/psdonline/downloads/
"Meal, Soybean",United States,1997,Beginning Stocks,(1000 MT),191.0,0,1,04,"USDA FAS PS&D (Production, Supply & Distribution)",https://apps.fas.usda.gov/psdonline/downloads/
"Meal, Soybean",United States,1998,Beginning Stocks,(1000 MT),198.0,0,1,04,"USDA FAS PS&D (Production, Supply & Distribution)",https://apps.fas.usda.gov/psdonline/downloads/
"Meal, Soybean",United States,1999,Beginning Stocks,(1000 MT),300.0,0,1,04,"USDA FAS PS&D (Production, Supply & Distribution)",https://apps.fas.usda.gov/psdonline/downloads/
"Meal, Soybean",United States,2000,Beginning Stocks,(1000 MT),266.0,0,1,04,"USDA FAS PS&D (Production, Supply & Distribution)",https://apps.fas.usda.gov/psdonline/downloads/
"Meal, Soybean",United States,2001,Beginning Stocks,(1000 MT),348.0,0,1,04,"USDA FAS PS&D (Production, Supply & Distribution)",https://apps.fas.usda.gov/psdonline/downloads/
"Meal, Soybean",United States,2002,Beginning Stocks,(1000 MT),218.0,0,1,04,"USDA FAS PS&D (Production, Supply & Distribution)",https://apps.fas.usda.gov/psdonline/downloads/
"Meal, Soybean",United States,2003,Beginning Stocks,(1000 MT),200.0,0,1,08,"USDA FAS PS&D (Production, Supply & Distribution)",https://apps.fas.usda.gov/psdonline/downloads/
"Meal, Soybean",United States,2004,Beginning Stocks,(1000 MT),191.0,0,1,04,"USDA FAS PS&D (Production, Supply & Distribution)",https://apps.fas.usda.gov/psdonline/downloads/
"Meal, Soybean",United States,2005,Beginning Stocks,(1000 MT),156.0,0,1,04,"USDA FAS PS&D (Production, Supply & Distribution)",https://apps.fas.usda.gov/psdonline/downloads/
"Meal, Soybean",United States,2006,Beginning Stocks,(1000 MT),285.0,0,1,08,"USDA FAS PS&D (Production, Supply & Distribution)",https://apps.fas.usda.gov/psdonline/downloads/
"Meal, Soybean",United States,2007,Beginning Stocks,(1000 MT),311.0,0,1,08,"USDA FAS PS&D (Production, Supply & Distribution)",https://apps.fas.usda.gov/psdonline/downloads/
"Meal, Soybean",United States,2008,Beginning Stocks,(1000 MT),267.0,0,1,08,"USDA FAS PS&D (Production, Supply & Distribution)",https://apps.fas.usda.gov/psdonline/downloads/
"Meal, Soybean",United States,2009,Beginning Stocks,(1000 MT),213.0,0,1,11,"USDA FAS PS&D (Production, Supply & Distribution)",https://apps.fas.usda.gov/psdonline/downloads/
"Meal, Soybean",United States,2010,Beginning Stocks,(1000 MT),274.0,0,1,04,"USDA FAS PS&D (Production, Supply & Distribution)",https://apps.fas.usda.gov/psdonline/downloads/
"Meal, Soybean",United States,2011,Beginning Stocks,(1000 MT),318.0,0,1,04,"USDA FAS PS&D (Production, Supply & Distribution)",https://apps.fas.usda.gov/psdonline/downloads/
"Meal, Soybean",United States,2012,Beginning Stocks,(1000 MT),272.0,0,1,02,"USDA FAS PS&D (Production, Supply & Distribution)",https://apps.fas.usda.gov/psdonline/downloads/
"Meal, Soybean",United States,2013,Beginning Stocks,(1000 MT),249.0,0,1,02,"USDA FAS PS&D (Production, Supply & Distribution)",https://apps.fas.usda.gov/psdonline/downloads/
"Meal, Soybean",United States,2014,Beginning Stocks,(1000 MT),227.0,0,1,05,"USDA FAS PS&D (Production, Supply & Distribution)",https://apps.fas.usda.gov/psdonline/downloads/
"Meal, Soybean",United States,2015,Beginning Stocks,(1000 MT),236.0,0,1,07,"USDA FAS PS&D (Production, Supply & Distribution)",https://apps.fas.usda.gov/psdonline/downloads/
"Meal, Soybean",United States,2016,Beginning Stocks,(1000 MT),239.0,0,1,04,"USDA FAS PS&D (Production, Supply & Distribution)",https://apps.fas.usda.gov/psdonline/downloads/
"Meal, Soybean",United States,2017,Beginning Stocks,(1000 MT),363.0,0,1,04,"USDA FAS PS&D (Production, Supply & Distribution)",https://apps.fas.usda.gov/psdonline/downloads/
"Meal, Soybean",United States,2018,Beginning Stocks,(1000 MT),504.0,0,1,04,"USDA FAS PS&D (Production, Supply & Distribution)",https://apps.fas.usda.gov/psdonline/downloads/
"Meal, Soybean",United States,2019,Beginning Stocks,(1000 MT),365.0,0,1,04,"USDA FAS PS&D (Production, Supply & Distribution)",https://apps.fas.usda.gov/psdonline/downloads/
"Meal, Soybean",United States,2020,Beginning Stocks,(1000 MT),310.0,0,1,04,"USDA FAS PS&D (Production, Supply & Distribution)",https://apps.fas.usda.gov/psdonline/downloads/
"Meal, Soybean",United States,2021,Beginning Stocks,(1000 MT),309.0,0,1,05,"USDA FAS PS&D (Production, Supply & Distribution)",https://apps.fas.usda.gov/psdonline/downloads/
"Meal, Soybean",United States,2022,Beginning Stocks,(1000 MT),282.0,0,1,05,"USDA FAS PS&D (Production, Supply & Distribution)",https://apps.fas.usda.gov/psdonline/downloads/
"Meal, Soybean",United States,2023,Beginning Stocks,(1000 MT),336.0,0,1,05,"USDA FAS PS&D (Production, Supply & Distribution)",https://apps.fas.usda.gov/psdonline/downloads/
"Meal, Soybean",United States,2024,Beginning Stocks,(1000 MT),411.0,0,1,05,"USDA FAS PS&D (Production, Supply & Distribution)",https://apps.fas.usda.gov/psdonline/downloads/
"Meal, Soybean",United States,2025,Beginning Stocks,(1000 MT),361.0,0,1,06,"USDA FAS PS&D (Production, Supply & Distribution)",https://apps.fas.usda.gov/psdonline/downloads/
"Meal, Soybean",United States,2026,Beginning Stocks,(1000 MT),408.0,0,1,06,"USDA FAS PS&D (Production, Supply & Distribution)",https://apps.fas.usda.gov/psdonline/downloads/
"Meal, Soybean",United States,1964,Crush,(1000 MT),13036.0,0,1,05,"USDA FAS PS&D (Production, Supply & Distribution)",https://apps.fas.usda.gov/psdonline/downloads/
"Meal, Soybean",United States,1965,Crush,(1000 MT),14628.0,0,1,05,"USDA FAS PS&D (Production, Supply & Distribution)",https://apps.fas.usda.gov/psdonline/downloads/
"Meal, Soybean",United States,1966,Crush,(1000 MT),15225.0,0,1,05,"USDA FAS PS&D (Production, Supply & Distribution)",https://apps.fas.usda.gov/psdonline/downloads/
"Meal, Soybean",United States,1967,Crush,(1000 MT),15687.0,0,1,05,"USDA FAS PS&D (Production, Supply & Distribution)",https://apps.fas.usda.gov/psdonline/downloads/
"Meal, Soybean",United States,1968,Crush,(1000 MT),16490.0,0,1,05,"USDA FAS PS&D (Production, Supply & Distribution)",https://apps.fas.usda.gov/psdonline/downloads/
"Meal, Soybean",United States,1969,Crush,(1000 MT),20066.0,0,1,05,"USDA FAS PS&D (Production, Supply & Distribution)",https://apps.fas.usda.gov/psdonline/downloads/
"Meal, Soybean",United States,1970,Crush,(1000 MT),20687.0,0,1,05,"USDA FAS PS&D (Production, Supply & Distribution)",https://apps.fas.usda.gov/psdonline/downloads/
"Meal, Soybean",United States,1971,Crush,(1000 MT),19610.0,0,1,05,"USDA FAS PS&D (Production, Supply & Distribution)",https://apps.fas.usda.gov/psdonline/downloads/
"Meal, Soybean",United States,1972,Crush,(1000 MT),19644.0,0,1,05,"USDA FAS PS&D (Production, Supply & Distribution)",https://apps.fas.usda.gov/psdonline/downloads/
"Meal, Soybean",United States,1973,Crush,(1000 MT),22353.0,0,1,05,"USDA FAS PS&D (Production, Supply & Distribution)",https://apps.fas.usda.gov/psdonline/downloads/
"Meal, Soybean",United States,1974,Crush,(1000 MT),19085.0,0,1,05,"USDA FAS PS&D (Production, Supply & Distribution)",https://apps.fas.usda.gov/psdonline/downloads/
"Meal, Soybean",United States,1975,Crush,(1000 MT),23545.0,0,1,05,"USDA FAS PS&D (Production, Supply & Distribution)",https://apps.fas.usda.gov/psdonline/downloads/
"Meal, Soybean",United States,1976,Crush,(1000 MT),21506.0,0,1,05,"USDA FAS PS&D (Production, Supply & Distribution)",https://apps.fas.usda.gov/psdonline/downloads/
"Meal, Soybean",United States,1977,Crush,(1000 MT),25220.0,0,1,05,"USDA FAS PS&D (Production, Supply & Distribution)",https://apps.fas.usda.gov/psdonline/downloads/
"Meal, Soybean",United States,1978,Crush,(1000 MT),27701.0,0,1,05,"USDA FAS PS&D (Production, Supply & Distribution)",https://apps.fas.usda.gov/psdonline/downloads/
"Meal, Soybean",United States,1979,Crush,(1000 MT),30573.0,0,1,05,"USDA FAS PS&D (Production, Supply & Distribution)",https://apps.fas.usda.gov/psdonline/downloads/
"Meal, Soybean",United States,1980,Crush,(1000 MT),27773.0,0,1,05,"USDA FAS PS&D (Production, Supply & Distribution)",https://apps.fas.usda.gov/psdonline/downloads/
"Meal, Soybean",United States,1981,Crush,(1000 MT),28032.0,0,1,05,"USDA FAS PS&D (Production, Supply & Distribution)",https://apps.fas.usda.gov/psdonline/downloads/
"Meal, Soybean",United States,1982,Crush,(1000 MT),30155.0,0,1,05,"USDA FAS PS&D (Production, Supply & Distribution)",https://apps.fas.usda.gov/psdonline/downloads/
"Meal, Soybean",United States,1983,Crush,(1000 MT),26753.0,0,1,06,"USDA FAS PS&D (Production, Supply & Distribution)",https://apps.fas.usda.gov/psdonline/downloads/
"Meal, Soybean",United States,1984,Crush,(1000 MT),28045.0,0,1,06,"USDA FAS PS&D (Production, Supply & Distribution)",https://apps.fas.usda.gov/psdonline/downloads/
"Meal, Soybean",United States,1985,Crush,(1000 MT),28658.0,0,1,06,"USDA FAS PS&D (Production, Supply & Distribution)",https://apps.fas.usda.gov/psdonline/downloads/
"Meal, Soybean",United States,1986,Crush,(1000 MT),32087.0,0,1,06,"USDA FAS PS&D (Production, Supply & Distribution)",https://apps.fas.usda.gov/psdonline/downloads/
"Meal, Soybean",United States,1987,Crush,(1000 MT),31957.0,0,1,06,"USDA FAS PS&D (Production, Supply & Distribution)",https://apps.fas.usda.gov/psdonline/downloads/
"Meal, Soybean",United States,1988,Crush,(1000 MT),28794.0,0,1,10,"USDA FAS PS&D (Production, Supply & Distribution)",https://apps.fas.usda.gov/psdonline/downloads/
"Meal, Soybean",United States,1989,Crush,(1000 MT),31189.0,0,1,06,"USDA FAS PS&D (Production, Supply & Distribution)",https://apps.fas.usda.gov/psdonline/downloads/
"Meal, Soybean",United States,1990,Crush,(1000 MT),32305.0,0,1,04,"USDA FAS PS&D (Production, Supply & Distribution)",https://apps.fas.usda.gov/psdonline/downloads/
"Meal, Soybean",United States,1991,Crush,(1000 MT),34128.0,0,1,04,"USDA FAS PS&D (Production, Supply & Distribution)",https://apps.fas.usda.gov/psdonline/downloads/
"Meal, Soybean",United States,1992,Crush,(1000 MT),34808.0,0,1,04,"USDA FAS PS&D (Production, Supply & Distribution)",https://apps.fas.usda.gov/psdonline/downloads/
"Meal, Soybean",United States,1993,Crush,(1000 MT),34716.0,0,1,04,"USDA FAS PS&D (Production, Supply & Distribution)",https://apps.fas.usda.gov/psdonline/downloads/
"Meal, Soybean",United States,1994,Crush,(1000 MT),38242.0,0,1,04,"USDA FAS PS&D (Production, Supply & Distribution)",https://apps.fas.usda.gov/psdonline/downloads/
"Meal, Soybean",United States,1995,Crush,(1000 MT),37273.0,0,1,04,"USDA FAS PS&D (Production, Supply & Distribution)",https://apps.fas.usda.gov/psdonline/downloads/
"Meal, Soybean",United States,1996,Crush,(1000 MT),39080.0,0,1,04,"USDA FAS PS&D (Production, Supply & Distribution)",https://apps.fas.usda.gov/psdonline/downloads/
"Meal, Soybean",United States,1997,Crush,(1000 MT),43464.0,0,1,04,"USDA FAS PS&D (Production, Supply & Distribution)",https://apps.fas.usda.gov/psdonline/downloads/
"Meal, Soybean",United States,1998,Crush,(1000 MT),43262.0,0,1,04,"USDA FAS PS&D (Production, Supply & Distribution)",https://apps.fas.usda.gov/psdonline/downloads/
"Meal, Soybean",United States,1999,Crush,(1000 MT),42927.0,0,1,04,"USDA FAS PS&D (Production, Supply & Distribution)",https://apps.fas.usda.gov/psdonline/downloads/
"Meal, Soybean",United States,2000,Crush,(1000 MT),44625.0,0,1,04,"USDA FAS PS&D (Production, Supply & Distribution)",https://apps.fas.usda.gov/psdonline/downloads/
"Meal, Soybean",United States,2001,Crush,(1000 MT),46259.0,0,1,04,"USDA FAS PS&D (Production, Supply & Distribution)",https://apps.fas.usda.gov/psdonline/downloads/
"Meal, Soybean",United States,2002,Crush,(1000 MT),43948.0,0,1,04,"USDA FAS PS&D (Production, Supply & Distribution)",https://apps.fas.usda.gov/psdonline/downloads/
"Meal, Soybean",United States,2003,Crush,(1000 MT),41632.0,0,1,08,"USDA FAS PS&D (Production, Supply & Distribution)",https://apps.fas.usda.gov/psdonline/downloads/
"Meal, Soybean",United States,2004,Crush,(1000 MT),46160.0,0,1,04,"USDA FAS PS&D (Production, Supply & Distribution)",https://apps.fas.usda.gov/psdonline/downloads/
"Meal, Soybean",United States,2005,Crush,(1000 MT),47324.0,0,1,04,"USDA FAS PS&D (Production, Supply & Distribution)",https://apps.fas.usda.gov/psdonline/downloads/
"Meal, Soybean",United States,2006,Crush,(1000 MT),49198.0,0,1,08,"USDA FAS PS&D (Production, Supply & Distribution)",https://apps.fas.usda.gov/psdonline/downloads/
"Meal, Soybean",United States,2007,Crush,(1000 MT),49081.0,0,1,08,"USDA FAS PS&D (Production, Supply & Distribution)",https://apps.fas.usda.gov/psdonline/downloads/
"Meal, Soybean",United States,2008,Crush,(1000 MT),45230.0,0,1,08,"USDA FAS PS&D (Production, Supply & Distribution)",https://apps.fas.usda.gov/psdonline/downloads/
"Meal, Soybean",United States,2009,Crush,(1000 MT),47673.0,0,1,11,"USDA FAS PS&D (Production, Supply & Distribution)",https://apps.fas.usda.gov/psdonline/downloads/
"Meal, Soybean",United States,2010,Crush,(1000 MT),44851.0,0,1,04,"USDA FAS PS&D (Production, Supply & Distribution)",https://apps.fas.usda.gov/psdonline/downloads/
"Meal, Soybean",United States,2011,Crush,(1000 MT),46348.0,0,1,04,"USDA FAS PS&D (Production, Supply & Distribution)",https://apps.fas.usda.gov/psdonline/downloads/
"Meal, Soybean",United States,2012,Crush,(1000 MT),45967.0,0,1,02,"USDA FAS PS&D (Production, Supply & Distribution)",https://apps.fas.usda.gov/psdonline/downloads/
"Meal, Soybean",United States,2013,Crush,(1000 MT),47192.0,0,1,02,"USDA FAS PS&D (Production, Supply & Distribution)",https://apps.fas.usda.gov/psdonline/downloads/
"Meal, Soybean",United States,2014,Crush,(1000 MT),50975.0,0,1,05,"USDA FAS PS&D (Production, Supply & Distribution)",https://apps.fas.usda.gov/psdonline/downloads/
"Meal, Soybean",United States,2015,Crush,(1000 MT),51335.0,0,1,07,"USDA FAS PS&D (Production, Supply & Distribution)",https://apps.fas.usda.gov/psdonline/downloads/
"Meal, Soybean",United States,2016,Crush,(1000 MT),51742.0,0,1,04,"USDA FAS PS&D (Production, Supply & Distribution)",https://apps.fas.usda.gov/psdonline/downloads/
"Meal, Soybean",United States,2017,Crush,(1000 MT),55926.0,0,1,04,"USDA FAS PS&D (Production, Supply & Distribution)",https://apps.fas.usda.gov/psdonline/downloads/
"Meal, Soybean",United States,2018,Crush,(1000 MT),56935.0,0,1,04,"USDA FAS PS&D (Production, Supply & Distribution)",https://apps.fas.usda.gov/psdonline/downloads/
"Meal, Soybean",United States,2019,Crush,(1000 MT),58910.0,0,1,04,"USDA FAS PS&D (Production, Supply & Distribution)",https://apps.fas.usda.gov/psdonline/downloads/
"Meal, Soybean",United States,2020,Crush,(1000 MT),58257.0,0,1,04,"USDA FAS PS&D (Production, Supply & Distribution)",https://apps.fas.usda.gov/psdonline/downloads/
"Meal, Soybean",United States,2021,Crush,(1000 MT),59980.0,0,1,05,"USDA FAS PS&D (Production, Supply & Distribution)",https://apps.fas.usda.gov/psdonline/downloads/
"Meal, Soybean",United States,2022,Crush,(1000 MT),60199.0,0,1,05,"USDA FAS PS&D (Production, Supply & Distribution)",https://apps.fas.usda.gov/psdonline/downloads/
"Meal, Soybean",United States,2023,Crush,(1000 MT),62196.0,0,1,05,"USDA FAS PS&D (Production, Supply & Distribution)",https://apps.fas.usda.gov/psdonline/downloads/
"Meal, Soybean",United States,2024,Crush,(1000 MT),66546.0,0,1,05,"USDA FAS PS&D (Production, Supply & Distribution)",https://apps.fas.usda.gov/psdonline/downloads/
"Meal, Soybean",United States,2025,Crush,(1000 MT),72121.0,0,1,06,"USDA FAS PS&D (Production, Supply & Distribution)",https://apps.fas.usda.gov/psdonline/downloads/
"Meal, Soybean",United States,2026,Crush,(1000 MT),74843.0,0,1,06,"USDA FAS PS&D (Production, Supply & Distribution)",https://apps.fas.usda.gov/psdonline/downloads/
"Meal, Soybean",United States,1964,Domestic Consumption,(1000 MT),8405.0,0,1,05,"USDA FAS PS&D (Production, Supply & Distribution)",https://apps.fas.usda.gov/psdonline/downloads/
"Meal, Soybean",United States,1965,Domestic Consumption,(1000 MT),9326.0,0,1,05,"USDA FAS PS&D (Production, Supply & Distribution)",https://apps.fas.usda.gov/psdonline/downloads/
"Meal, Soybean",United States,1966,Domestic Consumption,(1000 MT),9815.0,0,1,05,"USDA FAS PS&D (Production, Supply & Distribution)",https://apps.fas.usda.gov/psdonline/downloads/
"Meal, Soybean",United States,1967,Domestic Consumption,(1000 MT),9755.0,0,1,05,"USDA FAS PS&D (Production, Supply & Distribution)",https://apps.fas.usda.gov/psdonline/downloads/
"Meal, Soybean",United States,1968,Domestic Consumption,(1000 MT),10455.0,0,1,05,"USDA FAS PS&D (Production, Supply & Distribution)",https://apps.fas.usda.gov/psdonline/downloads/
"Meal, Soybean",United States,1969,Domestic Consumption,(1000 MT),12321.0,0,1,05,"USDA FAS PS&D (Production, Supply & Distribution)",https://apps.fas.usda.gov/psdonline/downloads/
"Meal, Soybean",United States,1970,Domestic Consumption,(1000 MT),12217.0,0,1,05,"USDA FAS PS&D (Production, Supply & Distribution)",https://apps.fas.usda.gov/psdonline/downloads/
"Meal, Soybean",United States,1971,Domestic Consumption,(1000 MT),11950.0,0,1,05,"USDA FAS PS&D (Production, Supply & Distribution)",https://apps.fas.usda.gov/psdonline/downloads/
"Meal, Soybean",United States,1972,Domestic Consumption,(1000 MT),10862.0,0,1,05,"USDA FAS PS&D (Production, Supply & Distribution)",https://apps.fas.usda.gov/psdonline/downloads/
"Meal, Soybean",United States,1973,Domestic Consumption,(1000 MT),12521.0,0,1,05,"USDA FAS PS&D (Production, Supply & Distribution)",https://apps.fas.usda.gov/psdonline/downloads/
"Meal, Soybean",United States,1974,Domestic Consumption,(1000 MT),11387.0,0,1,05,"USDA FAS PS&D (Production, Supply & Distribution)",https://apps.fas.usda.gov/psdonline/downloads/
"Meal, Soybean",United States,1975,Domestic Consumption,(1000 MT),14164.0,0,1,05,"USDA FAS PS&D (Production, Supply & Distribution)",https://apps.fas.usda.gov/psdonline/downloads/
"Meal, Soybean",United States,1976,Domestic Consumption,(1000 MT),12751.0,0,1,05,"USDA FAS PS&D (Production, Supply & Distribution)",https://apps.fas.usda.gov/psdonline/downloads/
"Meal, Soybean",United States,1977,Domestic Consumption,(1000 MT),14767.0,0,1,05,"USDA FAS PS&D (Production, Supply & Distribution)",https://apps.fas.usda.gov/psdonline/downloads/
"Meal, Soybean",United States,1978,Domestic Consumption,(1000 MT),16075.0,0,1,05,"USDA FAS PS&D (Production, Supply & Distribution)",https://apps.fas.usda.gov/psdonline/downloads/
"Meal, Soybean",United States,1979,Domestic Consumption,(1000 MT),17430.0,0,1,05,"USDA FAS PS&D (Production, Supply & Distribution)",https://apps.fas.usda.gov/psdonline/downloads/
"Meal, Soybean",United States,1980,Domestic Consumption,(1000 MT),15958.0,0,1,05,"USDA FAS PS&D (Production, Supply & Distribution)",https://apps.fas.usda.gov/psdonline/downloads/
"Meal, Soybean",United States,1981,Domestic Consumption,(1000 MT),16071.0,0,1,05,"USDA FAS PS&D (Production, Supply & Distribution)",https://apps.fas.usda.gov/psdonline/downloads/
"Meal, Soybean",United States,1982,Domestic Consumption,(1000 MT),17515.0,0,1,05,"USDA FAS PS&D (Production, Supply & Distribution)",https://apps.fas.usda.gov/psdonline/downloads/
"Meal, Soybean",United States,1983,Domestic Consumption,(1000 MT),15980.0,0,1,06,"USDA FAS PS&D (Production, Supply & Distribution)",https://apps.fas.usda.gov/psdonline/downloads/
"Meal, Soybean",United States,1984,Domestic Consumption,(1000 MT),17707.0,0,1,06,"USDA FAS PS&D (Production, Supply & Distribution)",https://apps.fas.usda.gov/psdonline/downloads/
"Meal, Soybean",United States,1985,Domestic Consumption,(1000 MT),17318.0,0,1,06,"USDA FAS PS&D (Production, Supply & Distribution)",https://apps.fas.usda.gov/psdonline/downloads/
"Meal, Soybean",United States,1986,Domestic Consumption,(1000 MT),18539.0,0,1,06,"USDA FAS PS&D (Production, Supply & Distribution)",https://apps.fas.usda.gov/psdonline/downloads/
"Meal, Soybean",United States,1987,Domestic Consumption,(1000 MT),19342.0,0,1,06,"USDA FAS PS&D (Production, Supply & Distribution)",https://apps.fas.usda.gov/psdonline/downloads/
"Meal, Soybean",United States,1988,Domestic Consumption,(1000 MT),17689.0,0,1,10,"USDA FAS PS&D (Production, Supply & Distribution)",https://apps.fas.usda.gov/psdonline/downloads/
"Meal, Soybean",United States,1989,Domestic Consumption,(1000 MT),20133.0,0,1,06,"USDA FAS PS&D (Production, Supply & Distribution)",https://apps.fas.usda.gov/psdonline/downloads/
"Meal, Soybean",United States,1990,Domestic Consumption,(1000 MT),20661.0,0,1,04,"USDA FAS PS&D (Production, Supply & Distribution)",https://apps.fas.usda.gov/psdonline/downloads/
"Meal, Soybean",United States,1991,Domestic Consumption,(1000 MT),20733.0,0,1,04,"USDA FAS PS&D (Production, Supply & Distribution)",https://apps.fas.usda.gov/psdonline/downloads/
"Meal, Soybean",United States,1992,Domestic Consumption,(1000 MT),21851.0,0,1,04,"USDA FAS PS&D (Production, Supply & Distribution)",https://apps.fas.usda.gov/psdonline/downloads/
"Meal, Soybean",United States,1993,Domestic Consumption,(1000 MT),22828.0,0,1,04,"USDA FAS PS&D (Production, Supply & Distribution)",https://apps.fas.usda.gov/psdonline/downloads/
"Meal, Soybean",United States,1994,Domestic Consumption,(1000 MT),23974.0,0,1,04,"USDA FAS PS&D (Production, Supply & Distribution)",https://apps.fas.usda.gov/psdonline/downloads/
"Meal, Soybean",United States,1995,Domestic Consumption,(1000 MT),24085.0,0,1,04,"USDA FAS PS&D (Production, Supply & Distribution)",https://apps.fas.usda.gov/psdonline/downloads/
"Meal, Soybean",United States,1996,Domestic Consumption,(1000 MT),24694.0,0,1,04,"USDA FAS PS&D (Production, Supply & Distribution)",https://apps.fas.usda.gov/psdonline/downloads/
"Meal, Soybean",United States,1997,Domestic Consumption,(1000 MT),25964.0,0,1,04,"USDA FAS PS&D (Production, Supply & Distribution)",https://apps.fas.usda.gov/psdonline/downloads/
"Meal, Soybean",United States,1998,Domestic Consumption,(1000 MT),27305.0,0,1,04,"USDA FAS PS&D (Production, Supply & Distribution)",https://apps.fas.usda.gov/psdonline/downloads/
"Meal, Soybean",United States,1999,Domestic Consumption,(1000 MT),27289.0,0,1,04,"USDA FAS PS&D (Production, Supply & Distribution)",https://apps.fas.usda.gov/psdonline/downloads/
"Meal, Soybean",United States,2000,Domestic Consumption,(1000 MT),28363.0,0,1,04,"USDA FAS PS&D (Production, Supply & Distribution)",https://apps.fas.usda.gov/psdonline/downloads/
"Meal, Soybean",United States,2001,Domestic Consumption,(1000 MT),29545.0,0,1,04,"USDA FAS PS&D (Production, Supply & Distribution)",https://apps.fas.usda.gov/psdonline/downloads/
"Meal, Soybean",United States,2002,Domestic Consumption,(1000 MT),29096.0,0,1,04,"USDA FAS PS&D (Production, Supply & Distribution)",https://apps.fas.usda.gov/psdonline/downloads/
"Meal, Soybean",United States,2003,Domestic Consumption,(1000 MT),28531.0,0,1,08,"USDA FAS PS&D (Production, Supply & Distribution)",https://apps.fas.usda.gov/psdonline/downloads/
"Meal, Soybean",United States,2004,Domestic Consumption,(1000 MT),30446.0,0,1,04,"USDA FAS PS&D (Production, Supply & Distribution)",https://apps.fas.usda.gov/psdonline/downloads/
"Meal, Soybean",United States,2005,Domestic Consumption,(1000 MT),30114.0,0,1,04,"USDA FAS PS&D (Production, Supply & Distribution)",https://apps.fas.usda.gov/psdonline/downloads/
"Meal, Soybean",United States,2006,Domestic Consumption,(1000 MT),31166.0,0,1,08,"USDA FAS PS&D (Production, Supply & Distribution)",https://apps.fas.usda.gov/psdonline/downloads/
"Meal, Soybean",United States,2007,Domestic Consumption,(1000 MT),30147.0,0,1,08,"USDA FAS PS&D (Production, Supply & Distribution)",https://apps.fas.usda.gov/psdonline/downloads/
"Meal, Soybean",United States,2008,Domestic Consumption,(1000 MT),27899.0,0,1,08,"USDA FAS PS&D (Production, Supply & Distribution)",https://apps.fas.usda.gov/psdonline/downloads/
"Meal, Soybean",United States,2009,Domestic Consumption,(1000 MT),27795.0,0,1,11,"USDA FAS PS&D (Production, Supply & Distribution)",https://apps.fas.usda.gov/psdonline/downloads/
"Meal, Soybean",United States,2010,Domestic Consumption,(1000 MT),27489.0,0,1,04,"USDA FAS PS&D (Production, Supply & Distribution)",https://apps.fas.usda.gov/psdonline/downloads/
"Meal, Soybean",United States,2011,Domestic Consumption,(1000 MT),28614.0,0,1,04,"USDA FAS PS&D (Production, Supply & Distribution)",https://apps.fas.usda.gov/psdonline/downloads/
"Meal, Soybean",United States,2012,Domestic Consumption,(1000 MT),26308.0,0,1,02,"USDA FAS PS&D (Production, Supply & Distribution)",https://apps.fas.usda.gov/psdonline/downloads/
"Meal, Soybean",United States,2013,Domestic Consumption,(1000 MT),26774.0,0,1,02,"USDA FAS PS&D (Production, Supply & Distribution)",https://apps.fas.usda.gov/psdonline/downloads/
"Meal, Soybean",United States,2014,Domestic Consumption,(1000 MT),29282.0,0,1,05,"USDA FAS PS&D (Production, Supply & Distribution)",https://apps.fas.usda.gov/psdonline/downloads/
"Meal, Soybean",United States,2015,Domestic Consumption,(1000 MT),30037.0,0,1,07,"USDA FAS PS&D (Production, Supply & Distribution)",https://apps.fas.usda.gov/psdonline/downloads/
"Meal, Soybean",United States,2016,Domestic Consumption,(1000 MT),30314.0,0,1,04,"USDA FAS PS&D (Production, Supply & Distribution)",https://apps.fas.usda.gov/psdonline/downloads/
"Meal, Soybean",United States,2017,Domestic Consumption,(1000 MT),32237.0,0,1,04,"USDA FAS PS&D (Production, Supply & Distribution)",https://apps.fas.usda.gov/psdonline/downloads/
"Meal, Soybean",United States,2018,Domestic Consumption,(1000 MT),32901.0,0,1,04,"USDA FAS PS&D (Production, Supply & Distribution)",https://apps.fas.usda.gov/psdonline/downloads/
"Meal, Soybean",United States,2019,Domestic Consumption,(1000 MT),34444.0,0,1,04,"USDA FAS PS&D (Production, Supply & Distribution)",https://apps.fas.usda.gov/psdonline/downloads/
"Meal, Soybean",United States,2020,Domestic Consumption,(1000 MT),34179.0,0,1,04,"USDA FAS PS&D (Production, Supply & Distribution)",https://apps.fas.usda.gov/psdonline/downloads/
"Meal, Soybean",United States,2021,Domestic Consumption,(1000 MT),35323.0,0,1,05,"USDA FAS PS&D (Production, Supply & Distribution)",https://apps.fas.usda.gov/psdonline/downloads/
"Meal, Soybean",United States,2022,Domestic Consumption,(1000 MT),34946.0,0,1,05,"USDA FAS PS&D (Production, Supply & Distribution)",https://apps.fas.usda.gov/psdonline/downloads/
"Meal, Soybean",United States,2023,Domestic Consumption,(1000 MT),35068.0,0,1,05,"USDA FAS PS&D (Production, Supply & Distribution)",https://apps.fas.usda.gov/psdonline/downloads/
"Meal, Soybean",United States,2024,Domestic Consumption,(1000 MT),37231.0,0,1,05,"USDA FAS PS&D (Production, Supply & Distribution)",https://apps.fas.usda.gov/psdonline/downloads/
"Meal, Soybean",United States,2025,Domestic Consumption,(1000 MT),39757.0,0,1,06,"USDA FAS PS&D (Production, Supply & Distribution)",https://apps.fas.usda.gov/psdonline/downloads/
"Meal, Soybean",United States,2026,Domestic Consumption,(1000 MT),40030.0,0,1,06,"USDA FAS PS&D (Production, Supply & Distribution)",https://apps.fas.usda.gov/psdonline/downloads/
"Meal, Soybean",United States,1964,Ending Stocks,(1000 MT),96.0,0,1,05,"USDA FAS PS&D (Production, Supply & Distribution)",https://apps.fas.usda.gov/psdonline/downloads/
"Meal, Soybean",United States,1965,Ending Stocks,(1000 MT),119.0,0,1,05,"USDA FAS PS&D (Production, Supply & Distribution)",https://apps.fas.usda.gov/psdonline/downloads/
"Meal, Soybean",United States,1966,Ending Stocks,(1000 MT),125.0,0,1,05,"USDA FAS PS&D (Production, Supply & Distribution)",https://apps.fas.usda.gov/psdonline/downloads/
"Meal, Soybean",United States,1967,Ending Stocks,(1000 MT),132.0,0,1,05,"USDA FAS PS&D (Production, Supply & Distribution)",https://apps.fas.usda.gov/psdonline/downloads/
"Meal, Soybean",United States,1968,Ending Stocks,(1000 MT),142.0,0,1,05,"USDA FAS PS&D (Production, Supply & Distribution)",https://apps.fas.usda.gov/psdonline/downloads/
"Meal, Soybean",United States,1969,Ending Stocks,(1000 MT),124.0,0,1,05,"USDA FAS PS&D (Production, Supply & Distribution)",https://apps.fas.usda.gov/psdonline/downloads/
"Meal, Soybean",United States,1970,Ending Stocks,(1000 MT),132.0,0,1,05,"USDA FAS PS&D (Production, Supply & Distribution)",https://apps.fas.usda.gov/psdonline/downloads/
"Meal, Soybean",United States,1971,Ending Stocks,(1000 MT),174.0,0,1,05,"USDA FAS PS&D (Production, Supply & Distribution)",https://apps.fas.usda.gov/psdonline/downloads/
"Meal, Soybean",United States,1972,Ending Stocks,(1000 MT),166.0,0,1,05,"USDA FAS PS&D (Production, Supply & Distribution)",https://apps.fas.usda.gov/psdonline/downloads/
"Meal, Soybean",United States,1973,Ending Stocks,(1000 MT),460.0,0,1,05,"USDA FAS PS&D (Production, Supply & Distribution)",https://apps.fas.usda.gov/psdonline/downloads/
"Meal, Soybean",United States,1974,Ending Stocks,(1000 MT),325.0,0,1,05,"USDA FAS PS&D (Production, Supply & Distribution)",https://apps.fas.usda.gov/psdonline/downloads/
"Meal, Soybean",United States,1975,Ending Stocks,(1000 MT),322.0,0,1,05,"USDA FAS PS&D (Production, Supply & Distribution)",https://apps.fas.usda.gov/psdonline/downloads/
"Meal, Soybean",United States,1976,Ending Stocks,(1000 MT),207.0,0,1,05,"USDA FAS PS&D (Production, Supply & Distribution)",https://apps.fas.usda.gov/psdonline/downloads/
"Meal, Soybean",United States,1977,Ending Stocks,(1000 MT),220.0,0,1,05,"USDA FAS PS&D (Production, Supply & Distribution)",https://apps.fas.usda.gov/psdonline/downloads/
"Meal, Soybean",United States,1978,Ending Stocks,(1000 MT),242.0,0,1,05,"USDA FAS PS&D (Production, Supply & Distribution)",https://apps.fas.usda.gov/psdonline/downloads/
"Meal, Soybean",United States,1979,Ending Stocks,(1000 MT),205.0,0,1,05,"USDA FAS PS&D (Production, Supply & Distribution)",https://apps.fas.usda.gov/psdonline/downloads/
"Meal, Soybean",United States,1980,Ending Stocks,(1000 MT),148.0,0,1,05,"USDA FAS PS&D (Production, Supply & Distribution)",https://apps.fas.usda.gov/psdonline/downloads/
"Meal, Soybean",United States,1981,Ending Stocks,(1000 MT),159.0,0,1,05,"USDA FAS PS&D (Production, Supply & Distribution)",https://apps.fas.usda.gov/psdonline/downloads/
"Meal, Soybean",United States,1982,Ending Stocks,(1000 MT),430.0,0,1,05,"USDA FAS PS&D (Production, Supply & Distribution)",https://apps.fas.usda.gov/psdonline/downloads/
"Meal, Soybean",United States,1983,Ending Stocks,(1000 MT),231.0,0,1,06,"USDA FAS PS&D (Production, Supply & Distribution)",https://apps.fas.usda.gov/psdonline/downloads/
"Meal, Soybean",United States,1984,Ending Stocks,(1000 MT),351.0,0,1,06,"USDA FAS PS&D (Production, Supply & Distribution)",https://apps.fas.usda.gov/psdonline/downloads/
"Meal, Soybean",United States,1985,Ending Stocks,(1000 MT),192.0,0,1,06,"USDA FAS PS&D (Production, Supply & Distribution)",https://apps.fas.usda.gov/psdonline/downloads/
"Meal, Soybean",United States,1986,Ending Stocks,(1000 MT),217.0,0,1,06,"USDA FAS PS&D (Production, Supply & Distribution)",https://apps.fas.usda.gov/psdonline/downloads/
"Meal, Soybean",United States,1987,Ending Stocks,(1000 MT),139.0,0,1,06,"USDA FAS PS&D (Production, Supply & Distribution)",https://apps.fas.usda.gov/psdonline/downloads/
"Meal, Soybean",United States,1988,Ending Stocks,(1000 MT),157.0,0,1,10,"USDA FAS PS&D (Production, Supply & Distribution)",https://apps.fas.usda.gov/psdonline/downloads/
"Meal, Soybean",United States,1989,Ending Stocks,(1000 MT),289.0,0,1,06,"USDA FAS PS&D (Production, Supply & Distribution)",https://apps.fas.usda.gov/psdonline/downloads/
"Meal, Soybean",United States,1990,Ending Stocks,(1000 MT),259.0,0,1,04,"USDA FAS PS&D (Production, Supply & Distribution)",https://apps.fas.usda.gov/psdonline/downloads/
"Meal, Soybean",United States,1991,Ending Stocks,(1000 MT),209.0,0,1,04,"USDA FAS PS&D (Production, Supply & Distribution)",https://apps.fas.usda.gov/psdonline/downloads/
"Meal, Soybean",United States,1992,Ending Stocks,(1000 MT),186.0,0,1,04,"USDA FAS PS&D (Production, Supply & Distribution)",https://apps.fas.usda.gov/psdonline/downloads/
"Meal, Soybean",United States,1993,Ending Stocks,(1000 MT),136.0,0,1,04,"USDA FAS PS&D (Production, Supply & Distribution)",https://apps.fas.usda.gov/psdonline/downloads/
"Meal, Soybean",United States,1994,Ending Stocks,(1000 MT),203.0,0,1,04,"USDA FAS PS&D (Production, Supply & Distribution)",https://apps.fas.usda.gov/psdonline/downloads/
"Meal, Soybean",United States,1995,Ending Stocks,(1000 MT),193.0,0,1,04,"USDA FAS PS&D (Production, Supply & Distribution)",https://apps.fas.usda.gov/psdonline/downloads/
"Meal, Soybean",United States,1996,Ending Stocks,(1000 MT),191.0,0,1,04,"USDA FAS PS&D (Production, Supply & Distribution)",https://apps.fas.usda.gov/psdonline/downloads/
"Meal, Soybean",United States,1997,Ending Stocks,(1000 MT),198.0,0,1,04,"USDA FAS PS&D (Production, Supply & Distribution)",https://apps.fas.usda.gov/psdonline/downloads/
"Meal, Soybean",United States,1998,Ending Stocks,(1000 MT),300.0,0,1,04,"USDA FAS PS&D (Production, Supply & Distribution)",https://apps.fas.usda.gov/psdonline/downloads/
"Meal, Soybean",United States,1999,Ending Stocks,(1000 MT),266.0,0,1,04,"USDA FAS PS&D (Production, Supply & Distribution)",https://apps.fas.usda.gov/psdonline/downloads/
"Meal, Soybean",United States,2000,Ending Stocks,(1000 MT),348.0,0,1,04,"USDA FAS PS&D (Production, Supply & Distribution)",https://apps.fas.usda.gov/psdonline/downloads/
"Meal, Soybean",United States,2001,Ending Stocks,(1000 MT),218.0,0,1,04,"USDA FAS PS&D (Production, Supply & Distribution)",https://apps.fas.usda.gov/psdonline/downloads/
"Meal, Soybean",United States,2002,Ending Stocks,(1000 MT),200.0,0,1,04,"USDA FAS PS&D (Production, Supply & Distribution)",https://apps.fas.usda.gov/psdonline/downloads/
"Meal, Soybean",United States,2003,Ending Stocks,(1000 MT),191.0,0,1,08,"USDA FAS PS&D (Production, Supply & Distribution)",https://apps.fas.usda.gov/psdonline/downloads/
"Meal, Soybean",United States,2004,Ending Stocks,(1000 MT),156.0,0,1,04,"USDA FAS PS&D (Production, Supply & Distribution)",https://apps.fas.usda.gov/psdonline/downloads/
"Meal, Soybean",United States,2005,Ending Stocks,(1000 MT),285.0,0,1,04,"USDA FAS PS&D (Production, Supply & Distribution)",https://apps.fas.usda.gov/psdonline/downloads/
"Meal, Soybean",United States,2006,Ending Stocks,(1000 MT),311.0,0,1,08,"USDA FAS PS&D (Production, Supply & Distribution)",https://apps.fas.usda.gov/psdonline/downloads/
"Meal, Soybean",United States,2007,Ending Stocks,(1000 MT),267.0,0,1,08,"USDA FAS PS&D (Production, Supply & Distribution)",https://apps.fas.usda.gov/psdonline/downloads/
"Meal, Soybean",United States,2008,Ending Stocks,(1000 MT),213.0,0,1,08,"USDA FAS PS&D (Production, Supply & Distribution)",https://apps.fas.usda.gov/psdonline/downloads/
"Meal, Soybean",United States,2009,Ending Stocks,(1000 MT),274.0,0,1,11,"USDA FAS PS&D (Production, Supply & Distribution)",https://apps.fas.usda.gov/psdonline/downloads/
"Meal, Soybean",United States,2010,Ending Stocks,(1000 MT),318.0,0,1,04,"USDA FAS PS&D (Production, Supply & Distribution)",https://apps.fas.usda.gov/psdonline/downloads/
"Meal, Soybean",United States,2011,Ending Stocks,(1000 MT),272.0,0,1,04,"USDA FAS PS&D (Production, Supply & Distribution)",https://apps.fas.usda.gov/psdonline/downloads/
"Meal, Soybean",United States,2012,Ending Stocks,(1000 MT),249.0,0,1,02,"USDA FAS PS&D (Production, Supply & Distribution)",https://apps.fas.usda.gov/psdonline/downloads/
"Meal, Soybean",United States,2013,Ending Stocks,(1000 MT),227.0,0,1,02,"USDA FAS PS&D (Production, Supply & Distribution)",https://apps.fas.usda.gov/psdonline/downloads/
"Meal, Soybean",United States,2014,Ending Stocks,(1000 MT),236.0,0,1,05,"USDA FAS PS&D (Production, Supply & Distribution)",https://apps.fas.usda.gov/psdonline/downloads/
"Meal, Soybean",United States,2015,Ending Stocks,(1000 MT),239.0,0,1,07,"USDA FAS PS&D (Production, Supply & Distribution)",https://apps.fas.usda.gov/psdonline/downloads/
"Meal, Soybean",United States,2016,Ending Stocks,(1000 MT),363.0,0,1,04,"USDA FAS PS&D (Production, Supply & Distribution)",https://apps.fas.usda.gov/psdonline/downloads/
"Meal, Soybean",United States,2017,Ending Stocks,(1000 MT),504.0,0,1,04,"USDA FAS PS&D (Production, Supply & Distribution)",https://apps.fas.usda.gov/psdonline/downloads/
"Meal, Soybean",United States,2018,Ending Stocks,(1000 MT),365.0,0,1,04,"USDA FAS PS&D (Production, Supply & Distribution)",https://apps.fas.usda.gov/psdonline/downloads/
"Meal, Soybean",United States,2019,Ending Stocks,(1000 MT),310.0,0,1,04,"USDA FAS PS&D (Production, Supply & Distribution)",https://apps.fas.usda.gov/psdonline/downloads/
"Meal, Soybean",United States,2020,Ending Stocks,(1000 MT),309.0,0,1,04,"USDA FAS PS&D (Production, Supply & Distribution)",https://apps.fas.usda.gov/psdonline/downloads/
"Meal, Soybean",United States,2021,Ending Stocks,(1000 MT),282.0,0,1,05,"USDA FAS PS&D (Production, Supply & Distribution)",https://apps.fas.usda.gov/psdonline/downloads/
"Meal, Soybean",United States,2022,Ending Stocks,(1000 MT),336.0,0,1,05,"USDA FAS PS&D (Production, Supply & Distribution)",https://apps.fas.usda.gov/psdonline/downloads/
"Meal, Soybean",United States,2023,Ending Stocks,(1000 MT),411.0,0,1,05,"USDA FAS PS&D (Production, Supply & Distribution)",https://apps.fas.usda.gov/psdonline/downloads/
"Meal, Soybean",United States,2024,Ending Stocks,(1000 MT),361.0,0,1,05,"USDA FAS PS&D (Production, Supply & Distribution)",https://apps.fas.usda.gov/psdonline/downloads/
"Meal, Soybean",United States,2025,Ending Stocks,(1000 MT),408.0,0,1,06,"USDA FAS PS&D (Production, Supply & Distribution)",https://apps.fas.usda.gov/psdonline/downloads/
"Meal, Soybean",United States,2026,Ending Stocks,(1000 MT),408.0,0,1,06,"USDA FAS PS&D (Production, Supply & Distribution)",https://apps.fas.usda.gov/psdonline/downloads/
"Meal, Soybean",United States,1964,Exports,(1000 MT),1847.0,0,1,05,"USDA FAS PS&D (Production, Supply & Distribution)",https://apps.fas.usda.gov/psdonline/downloads/
"Meal, Soybean",United States,1965,Exports,(1000 MT),2360.0,0,1,05,"USDA FAS PS&D (Production, Supply & Distribution)",https://apps.fas.usda.gov/psdonline/downloads/
"Meal, Soybean",United States,1966,Exports,(1000 MT),2410.0,0,1,05,"USDA FAS PS&D (Production, Supply & Distribution)",https://apps.fas.usda.gov/psdonline/downloads/
"Meal, Soybean",United States,1967,Exports,(1000 MT),2630.0,0,1,05,"USDA FAS PS&D (Production, Supply & Distribution)",https://apps.fas.usda.gov/psdonline/downloads/
"Meal, Soybean",United States,1968,Exports,(1000 MT),2762.0,0,1,05,"USDA FAS PS&D (Production, Supply & Distribution)",https://apps.fas.usda.gov/psdonline/downloads/
"Meal, Soybean",United States,1969,Exports,(1000 MT),3661.0,0,1,05,"USDA FAS PS&D (Production, Supply & Distribution)",https://apps.fas.usda.gov/psdonline/downloads/
"Meal, Soybean",United States,1970,Exports,(1000 MT),4136.0,0,1,05,"USDA FAS PS&D (Production, Supply & Distribution)",https://apps.fas.usda.gov/psdonline/downloads/
"Meal, Soybean",United States,1971,Exports,(1000 MT),3452.0,0,1,05,"USDA FAS PS&D (Production, Supply & Distribution)",https://apps.fas.usda.gov/psdonline/downloads/
"Meal, Soybean",United States,1972,Exports,(1000 MT),4304.0,0,1,05,"USDA FAS PS&D (Production, Supply & Distribution)",https://apps.fas.usda.gov/psdonline/downloads/
"Meal, Soybean",United States,1973,Exports,(1000 MT),5033.0,0,1,05,"USDA FAS PS&D (Production, Supply & Distribution)",https://apps.fas.usda.gov/psdonline/downloads/
"Meal, Soybean",United States,1974,Exports,(1000 MT),3900.0,0,1,05,"USDA FAS PS&D (Production, Supply & Distribution)",https://apps.fas.usda.gov/psdonline/downloads/
"Meal, Soybean",United States,1975,Exports,(1000 MT),4667.0,0,1,05,"USDA FAS PS&D (Production, Supply & Distribution)",https://apps.fas.usda.gov/psdonline/downloads/
"Meal, Soybean",United States,1976,Exports,(1000 MT),4136.0,0,1,05,"USDA FAS PS&D (Production, Supply & Distribution)",https://apps.fas.usda.gov/psdonline/downloads/
"Meal, Soybean",United States,1977,Exports,(1000 MT),5516.0,0,1,05,"USDA FAS PS&D (Production, Supply & Distribution)",https://apps.fas.usda.gov/psdonline/downloads/
"Meal, Soybean",United States,1978,Exports,(1000 MT),5997.0,0,1,05,"USDA FAS PS&D (Production, Supply & Distribution)",https://apps.fas.usda.gov/psdonline/downloads/
"Meal, Soybean",United States,1979,Exports,(1000 MT),7196.0,0,1,05,"USDA FAS PS&D (Production, Supply & Distribution)",https://apps.fas.usda.gov/psdonline/downloads/
"Meal, Soybean",United States,1980,Exports,(1000 MT),6154.0,0,1,05,"USDA FAS PS&D (Production, Supply & Distribution)",https://apps.fas.usda.gov/psdonline/downloads/
"Meal, Soybean",United States,1981,Exports,(1000 MT),6266.0,0,1,05,"USDA FAS PS&D (Production, Supply & Distribution)",https://apps.fas.usda.gov/psdonline/downloads/
"Meal, Soybean",United States,1982,Exports,(1000 MT),6449.0,0,1,05,"USDA FAS PS&D (Production, Supply & Distribution)",https://apps.fas.usda.gov/psdonline/downloads/
"Meal, Soybean",United States,1983,Exports,(1000 MT),4863.0,0,1,06,"USDA FAS PS&D (Production, Supply & Distribution)",https://apps.fas.usda.gov/psdonline/downloads/
"Meal, Soybean",United States,1984,Exports,(1000 MT),4426.0,0,1,06,"USDA FAS PS&D (Production, Supply & Distribution)",https://apps.fas.usda.gov/psdonline/downloads/
"Meal, Soybean",United States,1985,Exports,(1000 MT),5476.0,0,1,06,"USDA FAS PS&D (Production, Supply & Distribution)",https://apps.fas.usda.gov/psdonline/downloads/
"Meal, Soybean",United States,1986,Exports,(1000 MT),6618.0,0,1,06,"USDA FAS PS&D (Production, Supply & Distribution)",https://apps.fas.usda.gov/psdonline/downloads/
"Meal, Soybean",United States,1987,Exports,(1000 MT),6191.0,0,1,06,"USDA FAS PS&D (Production, Supply & Distribution)",https://apps.fas.usda.gov/psdonline/downloads/
"Meal, Soybean",United States,1988,Exports,(1000 MT),4937.0,0,1,10,"USDA FAS PS&D (Production, Supply & Distribution)",https://apps.fas.usda.gov/psdonline/downloads/
"Meal, Soybean",United States,1989,Exports,(1000 MT),4914.0,0,1,06,"USDA FAS PS&D (Production, Supply & Distribution)",https://apps.fas.usda.gov/psdonline/downloads/
"Meal, Soybean",United States,1990,Exports,(1000 MT),5110.0,0,1,04,"USDA FAS PS&D (Production, Supply & Distribution)",https://apps.fas.usda.gov/psdonline/downloads/
"Meal, Soybean",United States,1991,Exports,(1000 MT),6442.0,0,1,04,"USDA FAS PS&D (Production, Supply & Distribution)",https://apps.fas.usda.gov/psdonline/downloads/
"Meal, Soybean",United States,1992,Exports,(1000 MT),5804.0,0,1,04,"USDA FAS PS&D (Production, Supply & Distribution)",https://apps.fas.usda.gov/psdonline/downloads/
"Meal, Soybean",United States,1993,Exports,(1000 MT),4972.0,0,1,04,"USDA FAS PS&D (Production, Supply & Distribution)",https://apps.fas.usda.gov/psdonline/downloads/
"Meal, Soybean",United States,1994,Exports,(1000 MT),6205.0,0,1,04,"USDA FAS PS&D (Production, Supply & Distribution)",https://apps.fas.usda.gov/psdonline/downloads/
"Meal, Soybean",United States,1995,Exports,(1000 MT),5524.0,0,1,04,"USDA FAS PS&D (Production, Supply & Distribution)",https://apps.fas.usda.gov/psdonline/downloads/
"Meal, Soybean",United States,1996,Exports,(1000 MT),6451.0,0,1,04,"USDA FAS PS&D (Production, Supply & Distribution)",https://apps.fas.usda.gov/psdonline/downloads/
"Meal, Soybean",United States,1997,Exports,(1000 MT),8722.0,0,1,04,"USDA FAS PS&D (Production, Supply & Distribution)",https://apps.fas.usda.gov/psdonline/downloads/
"Meal, Soybean",United States,1998,Exports,(1000 MT),6979.0,0,1,04,"USDA FAS PS&D (Production, Supply & Distribution)",https://apps.fas.usda.gov/psdonline/downloads/
"Meal, Soybean",United States,1999,Exports,(1000 MT),6912.0,0,1,04,"USDA FAS PS&D (Production, Supply & Distribution)",https://apps.fas.usda.gov/psdonline/downloads/
"Meal, Soybean",United States,2000,Exports,(1000 MT),7335.0,0,1,04,"USDA FAS PS&D (Production, Supply & Distribution)",https://apps.fas.usda.gov/psdonline/downloads/
"Meal, Soybean",United States,2001,Exports,(1000 MT),7271.0,0,1,04,"USDA FAS PS&D (Production, Supply & Distribution)",https://apps.fas.usda.gov/psdonline/downloads/
"Meal, Soybean",United States,2002,Exports,(1000 MT),5728.0,0,1,04,"USDA FAS PS&D (Production, Supply & Distribution)",https://apps.fas.usda.gov/psdonline/downloads/
"Meal, Soybean",United States,2003,Exports,(1000 MT),4690.0,0,1,08,"USDA FAS PS&D (Production, Supply & Distribution)",https://apps.fas.usda.gov/psdonline/downloads/
"Meal, Soybean",United States,2004,Exports,(1000 MT),6659.0,0,1,04,"USDA FAS PS&D (Production, Supply & Distribution)",https://apps.fas.usda.gov/psdonline/downloads/
"Meal, Soybean",United States,2005,Exports,(1000 MT),7301.0,0,1,04,"USDA FAS PS&D (Production, Supply & Distribution)",https://apps.fas.usda.gov/psdonline/downloads/
"Meal, Soybean",United States,2006,Exports,(1000 MT),7987.0,0,1,08,"USDA FAS PS&D (Production, Supply & Distribution)",https://apps.fas.usda.gov/psdonline/downloads/
"Meal, Soybean",United States,2007,Exports,(1000 MT),8384.0,0,1,08,"USDA FAS PS&D (Production, Supply & Distribution)",https://apps.fas.usda.gov/psdonline/downloads/
"Meal, Soybean",United States,2008,Exports,(1000 MT),7708.0,0,1,08,"USDA FAS PS&D (Production, Supply & Distribution)",https://apps.fas.usda.gov/psdonline/downloads/
"Meal, Soybean",United States,2009,Exports,(1000 MT),10125.0,0,1,11,"USDA FAS PS&D (Production, Supply & Distribution)",https://apps.fas.usda.gov/psdonline/downloads/
"Meal, Soybean",United States,2010,Exports,(1000 MT),8238.0,0,1,04,"USDA FAS PS&D (Production, Supply & Distribution)",https://apps.fas.usda.gov/psdonline/downloads/
"Meal, Soybean",United States,2011,Exports,(1000 MT),8845.0,0,1,04,"USDA FAS PS&D (Production, Supply & Distribution)",https://apps.fas.usda.gov/psdonline/downloads/
"Meal, Soybean",United States,2012,Exports,(1000 MT),10111.0,0,1,02,"USDA FAS PS&D (Production, Supply & Distribution)",https://apps.fas.usda.gov/psdonline/downloads/
"Meal, Soybean",United States,2013,Exports,(1000 MT),10504.0,0,1,02,"USDA FAS PS&D (Production, Supply & Distribution)",https://apps.fas.usda.gov/psdonline/downloads/
"Meal, Soybean",United States,2014,Exports,(1000 MT),11891.0,0,1,05,"USDA FAS PS&D (Production, Supply & Distribution)",https://apps.fas.usda.gov/psdonline/downloads/
"Meal, Soybean",United States,2015,Exports,(1000 MT),10843.0,0,1,07,"USDA FAS PS&D (Production, Supply & Distribution)",https://apps.fas.usda.gov/psdonline/downloads/
"Meal, Soybean",United States,2016,Exports,(1000 MT),10505.0,0,1,04,"USDA FAS PS&D (Production, Supply & Distribution)",https://apps.fas.usda.gov/psdonline/downloads/
"Meal, Soybean",United States,2017,Exports,(1000 MT),12717.0,0,1,04,"USDA FAS PS&D (Production, Supply & Distribution)",https://apps.fas.usda.gov/psdonline/downloads/
"Meal, Soybean",United States,2018,Exports,(1000 MT),12141.0,0,1,04,"USDA FAS PS&D (Production, Supply & Distribution)",https://apps.fas.usda.gov/psdonline/downloads/
"Meal, Soybean",United States,2019,Exports,(1000 MT),12549.0,0,1,04,"USDA FAS PS&D (Production, Supply & Distribution)",https://apps.fas.usda.gov/psdonline/downloads/
"Meal, Soybean",United States,2020,Exports,(1000 MT),12406.0,0,1,04,"USDA FAS PS&D (Production, Supply & Distribution)",https://apps.fas.usda.gov/psdonline/downloads/
"Meal, Soybean",United States,2021,Exports,(1000 MT),12303.0,0,1,05,"USDA FAS PS&D (Production, Supply & Distribution)",https://apps.fas.usda.gov/psdonline/downloads/
"Meal, Soybean",United States,2022,Exports,(1000 MT),13196.0,0,1,05,"USDA FAS PS&D (Production, Supply & Distribution)",https://apps.fas.usda.gov/psdonline/downloads/
"Meal, Soybean",United States,2023,Exports,(1000 MT),14564.0,0,1,05,"USDA FAS PS&D (Production, Supply & Distribution)",https://apps.fas.usda.gov/psdonline/downloads/
"Meal, Soybean",United States,2024,Exports,(1000 MT),16570.0,0,1,05,"USDA FAS PS&D (Production, Supply & Distribution)",https://apps.fas.usda.gov/psdonline/downloads/
"Meal, Soybean",United States,2025,Exports,(1000 MT),18144.0,0,1,06,"USDA FAS PS&D (Production, Supply & Distribution)",https://apps.fas.usda.gov/psdonline/downloads/
"Meal, Soybean",United States,2026,Exports,(1000 MT),19686.0,0,1,06,"USDA FAS PS&D (Production, Supply & Distribution)",https://apps.fas.usda.gov/psdonline/downloads/
"Meal, Soybean",United States,1964,"Extr. Rate, 999.9999",(PERCENT),0.79,0,1,05,"USDA FAS PS&D (Production, Supply & Distribution)",https://apps.fas.usda.gov/psdonline/downloads/
"Meal, Soybean",United States,1965,"Extr. Rate, 999.9999",(PERCENT),0.8,0,1,05,"USDA FAS PS&D (Production, Supply & Distribution)",https://apps.fas.usda.gov/psdonline/downloads/
"Meal, Soybean",United States,1966,"Extr. Rate, 999.9999",(PERCENT),0.8,0,1,05,"USDA FAS PS&D (Production, Supply & Distribution)",https://apps.fas.usda.gov/psdonline/downloads/
"Meal, Soybean",United States,1967,"Extr. Rate, 999.9999",(PERCENT),0.79,0,1,05,"USDA FAS PS&D (Production, Supply & Distribution)",https://apps.fas.usda.gov/psdonline/downloads/
"Meal, Soybean",United States,1968,"Extr. Rate, 999.9999",(PERCENT),0.8,0,1,05,"USDA FAS PS&D (Production, Supply & Distribution)",https://apps.fas.usda.gov/psdonline/downloads/
"Meal, Soybean",United States,1969,"Extr. Rate, 999.9999",(PERCENT),0.8,0,1,05,"USDA FAS PS&D (Production, Supply & Distribution)",https://apps.fas.usda.gov/psdonline/downloads/
"Meal, Soybean",United States,1970,"Extr. Rate, 999.9999",(PERCENT),0.79,0,1,05,"USDA FAS PS&D (Production, Supply & Distribution)",https://apps.fas.usda.gov/psdonline/downloads/
"Meal, Soybean",United States,1971,"Extr. Rate, 999.9999",(PERCENT),0.79,0,1,05,"USDA FAS PS&D (Production, Supply & Distribution)",https://apps.fas.usda.gov/psdonline/downloads/
"Meal, Soybean",United States,1972,"Extr. Rate, 999.9999",(PERCENT),0.77,0,1,05,"USDA FAS PS&D (Production, Supply & Distribution)",https://apps.fas.usda.gov/psdonline/downloads/
"Meal, Soybean",United States,1973,"Extr. Rate, 999.9999",(PERCENT),0.8,0,1,05,"USDA FAS PS&D (Production, Supply & Distribution)",https://apps.fas.usda.gov/psdonline/downloads/
"Meal, Soybean",United States,1974,"Extr. Rate, 999.9999",(PERCENT),0.79,0,1,05,"USDA FAS PS&D (Production, Supply & Distribution)",https://apps.fas.usda.gov/psdonline/downloads/
"Meal, Soybean",United States,1975,"Extr. Rate, 999.9999",(PERCENT),0.8,0,1,05,"USDA FAS PS&D (Production, Supply & Distribution)",https://apps.fas.usda.gov/psdonline/downloads/
"Meal, Soybean",United States,1976,"Extr. Rate, 999.9999",(PERCENT),0.78,0,1,05,"USDA FAS PS&D (Production, Supply & Distribution)",https://apps.fas.usda.gov/psdonline/downloads/
"Meal, Soybean",United States,1977,"Extr. Rate, 999.9999",(PERCENT),0.8,0,1,05,"USDA FAS PS&D (Production, Supply & Distribution)",https://apps.fas.usda.gov/psdonline/downloads/
"Meal, Soybean",United States,1978,"Extr. Rate, 999.9999",(PERCENT),0.8,0,1,05,"USDA FAS PS&D (Production, Supply & Distribution)",https://apps.fas.usda.gov/psdonline/downloads/
"Meal, Soybean",United States,1979,"Extr. Rate, 999.9999",(PERCENT),0.8,0,1,05,"USDA FAS PS&D (Production, Supply & Distribution)",https://apps.fas.usda.gov/psdonline/downloads/
"Meal, Soybean",United States,1980,"Extr. Rate, 999.9999",(PERCENT),0.79,0,1,05,"USDA FAS PS&D (Production, Supply & Distribution)",https://apps.fas.usda.gov/psdonline/downloads/
"Meal, Soybean",United States,1981,"Extr. Rate, 999.9999",(PERCENT),0.8,0,1,05,"USDA FAS PS&D (Production, Supply & Distribution)",https://apps.fas.usda.gov/psdonline/downloads/
"Meal, Soybean",United States,1982,"Extr. Rate, 999.9999",(PERCENT),0.8,0,1,05,"USDA FAS PS&D (Production, Supply & Distribution)",https://apps.fas.usda.gov/psdonline/downloads/
"Meal, Soybean",United States,1983,"Extr. Rate, 999.9999",(PERCENT),0.0,0,1,06,"USDA FAS PS&D (Production, Supply & Distribution)",https://apps.fas.usda.gov/psdonline/downloads/
"Meal, Soybean",United States,1984,"Extr. Rate, 999.9999",(PERCENT),0.0,0,1,06,"USDA FAS PS&D (Production, Supply & Distribution)",https://apps.fas.usda.gov/psdonline/downloads/
"Meal, Soybean",United States,1985,"Extr. Rate, 999.9999",(PERCENT),0.0,0,1,06,"USDA FAS PS&D (Production, Supply & Distribution)",https://apps.fas.usda.gov/psdonline/downloads/
"Meal, Soybean",United States,1986,"Extr. Rate, 999.9999",(PERCENT),0.0,0,1,06,"USDA FAS PS&D (Production, Supply & Distribution)",https://apps.fas.usda.gov/psdonline/downloads/
"Meal, Soybean",United States,1987,"Extr. Rate, 999.9999",(PERCENT),0.0,0,1,06,"USDA FAS PS&D (Production, Supply & Distribution)",https://apps.fas.usda.gov/psdonline/downloads/
"Meal, Soybean",United States,1988,"Extr. Rate, 999.9999",(PERCENT),0.0,0,1,10,"USDA FAS PS&D (Production, Supply & Distribution)",https://apps.fas.usda.gov/psdonline/downloads/
"Meal, Soybean",United States,1989,"Extr. Rate, 999.9999",(PERCENT),0.0,0,1,06,"USDA FAS PS&D (Production, Supply & Distribution)",https://apps.fas.usda.gov/psdonline/downloads/
"Meal, Soybean",United States,1990,"Extr. Rate, 999.9999",(PERCENT),0.8,0,1,04,"USDA FAS PS&D (Production, Supply & Distribution)",https://apps.fas.usda.gov/psdonline/downloads/
"Meal, Soybean",United States,1991,"Extr. Rate, 999.9999",(PERCENT),0.79,0,1,04,"USDA FAS PS&D (Production, Supply & Distribution)",https://apps.fas.usda.gov/psdonline/downloads/
"Meal, Soybean",United States,1992,"Extr. Rate, 999.9999",(PERCENT),0.79,0,1,04,"USDA FAS PS&D (Production, Supply & Distribution)",https://apps.fas.usda.gov/psdonline/downloads/
"Meal, Soybean",United States,1993,"Extr. Rate, 999.9999",(PERCENT),0.8,0,1,04,"USDA FAS PS&D (Production, Supply & Distribution)",https://apps.fas.usda.gov/psdonline/downloads/
"Meal, Soybean",United States,1994,"Extr. Rate, 999.9999",(PERCENT),0.79,0,1,04,"USDA FAS PS&D (Production, Supply & Distribution)",https://apps.fas.usda.gov/psdonline/downloads/
"Meal, Soybean",United States,1995,"Extr. Rate, 999.9999",(PERCENT),0.79,0,1,04,"USDA FAS PS&D (Production, Supply & Distribution)",https://apps.fas.usda.gov/psdonline/downloads/
"Meal, Soybean",United States,1996,"Extr. Rate, 999.9999",(PERCENT),0.79,0,1,04,"USDA FAS PS&D (Production, Supply & Distribution)",https://apps.fas.usda.gov/psdonline/downloads/
"Meal, Soybean",United States,1997,"Extr. Rate, 999.9999",(PERCENT),0.8,0,1,04,"USDA FAS PS&D (Production, Supply & Distribution)",https://apps.fas.usda.gov/psdonline/downloads/
"Meal, Soybean",United States,1998,"Extr. Rate, 999.9999",(PERCENT),0.79,0,1,04,"USDA FAS PS&D (Production, Supply & Distribution)",https://apps.fas.usda.gov/psdonline/downloads/
"Meal, Soybean",United States,1999,"Extr. Rate, 999.9999",(PERCENT),0.79,0,1,04,"USDA FAS PS&D (Production, Supply & Distribution)",https://apps.fas.usda.gov/psdonline/downloads/
"Meal, Soybean",United States,2000,"Extr. Rate, 999.9999",(PERCENT),0.8,0,1,04,"USDA FAS PS&D (Production, Supply & Distribution)",https://apps.fas.usda.gov/psdonline/downloads/
"Meal, Soybean",United States,2001,"Extr. Rate, 999.9999",(PERCENT),0.79,0,1,04,"USDA FAS PS&D (Production, Supply & Distribution)",https://apps.fas.usda.gov/psdonline/downloads/
"Meal, Soybean",United States,2002,"Extr. Rate, 999.9999",(PERCENT),0.79,0,1,04,"USDA FAS PS&D (Production, Supply & Distribution)",https://apps.fas.usda.gov/psdonline/downloads/
"Meal, Soybean",United States,2003,"Extr. Rate, 999.9999",(PERCENT),0.79,0,1,08,"USDA FAS PS&D (Production, Supply & Distribution)",https://apps.fas.usda.gov/psdonline/downloads/
"Meal, Soybean",United States,2004,"Extr. Rate, 999.9999",(PERCENT),0.8,0,1,04,"USDA FAS PS&D (Production, Supply & Distribution)",https://apps.fas.usda.gov/psdonline/downloads/
"Meal, Soybean",United States,2005,"Extr. Rate, 999.9999",(PERCENT),0.79,0,1,04,"USDA FAS PS&D (Production, Supply & Distribution)",https://apps.fas.usda.gov/psdonline/downloads/
"Meal, Soybean",United States,2006,"Extr. Rate, 999.9999",(PERCENT),0.79,0,1,08,"USDA FAS PS&D (Production, Supply & Distribution)",https://apps.fas.usda.gov/psdonline/downloads/
"Meal, Soybean",United States,2007,"Extr. Rate, 999.9999",(PERCENT),0.78,0,1,08,"USDA FAS PS&D (Production, Supply & Distribution)",https://apps.fas.usda.gov/psdonline/downloads/
"Meal, Soybean",United States,2008,"Extr. Rate, 999.9999",(PERCENT),0.78,0,1,08,"USDA FAS PS&D (Production, Supply & Distribution)",https://apps.fas.usda.gov/psdonline/downloads/
"Meal, Soybean",United States,2009,"Extr. Rate, 999.9999",(PERCENT),0.79,0,1,11,"USDA FAS PS&D (Production, Supply & Distribution)",https://apps.fas.usda.gov/psdonline/downloads/
"Meal, Soybean",United States,2010,"Extr. Rate, 999.9999",(PERCENT),0.79,0,1,04,"USDA FAS PS&D (Production, Supply & Distribution)",https://apps.fas.usda.gov/psdonline/downloads/
"Meal, Soybean",United States,2011,"Extr. Rate, 999.9999",(PERCENT),0.8,0,1,04,"USDA FAS PS&D (Production, Supply & Distribution)",https://apps.fas.usda.gov/psdonline/downloads/
"Meal, Soybean",United States,2012,"Extr. Rate, 999.9999",(PERCENT),0.79,0,1,02,"USDA FAS PS&D (Production, Supply & Distribution)",https://apps.fas.usda.gov/psdonline/downloads/
"Meal, Soybean",United States,2013,"Extr. Rate, 999.9999",(PERCENT),0.78,0,1,02,"USDA FAS PS&D (Production, Supply & Distribution)",https://apps.fas.usda.gov/psdonline/downloads/
"Meal, Soybean",United States,2014,"Extr. Rate, 999.9999",(PERCENT),0.8,0,1,05,"USDA FAS PS&D (Production, Supply & Distribution)",https://apps.fas.usda.gov/psdonline/downloads/
"Meal, Soybean",United States,2015,"Extr. Rate, 999.9999",(PERCENT),0.79,0,1,07,"USDA FAS PS&D (Production, Supply & Distribution)",https://apps.fas.usda.gov/psdonline/downloads/
"Meal, Soybean",United States,2016,"Extr. Rate, 999.9999",(PERCENT),0.79,0,1,04,"USDA FAS PS&D (Production, Supply & Distribution)",https://apps.fas.usda.gov/psdonline/downloads/
"Meal, Soybean",United States,2017,"Extr. Rate, 999.9999",(PERCENT),0.8,0,1,04,"USDA FAS PS&D (Production, Supply & Distribution)",https://apps.fas.usda.gov/psdonline/downloads/
"Meal, Soybean",United States,2018,"Extr. Rate, 999.9999",(PERCENT),0.78,0,1,04,"USDA FAS PS&D (Production, Supply & Distribution)",https://apps.fas.usda.gov/psdonline/downloads/
"Meal, Soybean",United States,2019,"Extr. Rate, 999.9999",(PERCENT),0.79,0,1,04,"USDA FAS PS&D (Production, Supply & Distribution)",https://apps.fas.usda.gov/psdonline/downloads/
"Meal, Soybean",United States,2020,"Extr. Rate, 999.9999",(PERCENT),0.79,0,1,04,"USDA FAS PS&D (Production, Supply & Distribution)",https://apps.fas.usda.gov/psdonline/downloads/
"Meal, Soybean",United States,2021,"Extr. Rate, 999.9999",(PERCENT),0.78,0,1,05,"USDA FAS PS&D (Production, Supply & Distribution)",https://apps.fas.usda.gov/psdonline/downloads/
"Meal, Soybean",United States,2022,"Extr. Rate, 999.9999",(PERCENT),0.79,0,1,05,"USDA FAS PS&D (Production, Supply & Distribution)",https://apps.fas.usda.gov/psdonline/downloads/
"Meal, Soybean",United States,2023,"Extr. Rate, 999.9999",(PERCENT),0.79,0,1,05,"USDA FAS PS&D (Production, Supply & Distribution)",https://apps.fas.usda.gov/psdonline/downloads/
"Meal, Soybean",United States,2024,"Extr. Rate, 999.9999",(PERCENT),0.8,0,1,05,"USDA FAS PS&D (Production, Supply & Distribution)",https://apps.fas.usda.gov/psdonline/downloads/
"Meal, Soybean",United States,2025,"Extr. Rate, 999.9999",(PERCENT),0.79,0,1,06,"USDA FAS PS&D (Production, Supply & Distribution)",https://apps.fas.usda.gov/psdonline/downloads/
"Meal, Soybean",United States,2026,"Extr. Rate, 999.9999",(PERCENT),0.79,0,1,06,"USDA FAS PS&D (Production, Supply & Distribution)",https://apps.fas.usda.gov/psdonline/downloads/
"Meal, Soybean",United States,1964,Feed Waste Dom. Cons.,(1000 MT),8405.0,0,1,05,"USDA FAS PS&D (Production, Supply & Distribution)",https://apps.fas.usda.gov/psdonline/downloads/
"Meal, Soybean",United States,1965,Feed Waste Dom. Cons.,(1000 MT),9326.0,0,1,05,"USDA FAS PS&D (Production, Supply & Distribution)",https://apps.fas.usda.gov/psdonline/downloads/
"Meal, Soybean",United States,1966,Feed Waste Dom. Cons.,(1000 MT),9815.0,0,1,05,"USDA FAS PS&D (Production, Supply & Distribution)",https://apps.fas.usda.gov/psdonline/downloads/
"Meal, Soybean",United States,1967,Feed Waste Dom. Cons.,(1000 MT),9755.0,0,1,05,"USDA FAS PS&D (Production, Supply & Distribution)",https://apps.fas.usda.gov/psdonline/downloads/
"Meal, Soybean",United States,1968,Feed Waste Dom. Cons.,(1000 MT),10455.0,0,1,05,"USDA FAS PS&D (Production, Supply & Distribution)",https://apps.fas.usda.gov/psdonline/downloads/
"Meal, Soybean",United States,1969,Feed Waste Dom. Cons.,(1000 MT),12321.0,0,1,05,"USDA FAS PS&D (Production, Supply & Distribution)",https://apps.fas.usda.gov/psdonline/downloads/
"Meal, Soybean",United States,1970,Feed Waste Dom. Cons.,(1000 MT),12217.0,0,1,05,"USDA FAS PS&D (Production, Supply & Distribution)",https://apps.fas.usda.gov/psdonline/downloads/
"Meal, Soybean",United States,1971,Feed Waste Dom. Cons.,(1000 MT),11950.0,0,1,05,"USDA FAS PS&D (Production, Supply & Distribution)",https://apps.fas.usda.gov/psdonline/downloads/
"Meal, Soybean",United States,1972,Feed Waste Dom. Cons.,(1000 MT),10862.0,0,1,05,"USDA FAS PS&D (Production, Supply & Distribution)",https://apps.fas.usda.gov/psdonline/downloads/
"Meal, Soybean",United States,1973,Feed Waste Dom. Cons.,(1000 MT),12521.0,0,1,05,"USDA FAS PS&D (Production, Supply & Distribution)",https://apps.fas.usda.gov/psdonline/downloads/
"Meal, Soybean",United States,1974,Feed Waste Dom. Cons.,(1000 MT),11387.0,0,1,05,"USDA FAS PS&D (Production, Supply & Distribution)",https://apps.fas.usda.gov/psdonline/downloads/
"Meal, Soybean",United States,1975,Feed Waste Dom. Cons.,(1000 MT),14164.0,0,1,05,"USDA FAS PS&D (Production, Supply & Distribution)",https://apps.fas.usda.gov/psdonline/downloads/
"Meal, Soybean",United States,1976,Feed Waste Dom. Cons.,(1000 MT),12751.0,0,1,05,"USDA FAS PS&D (Production, Supply & Distribution)",https://apps.fas.usda.gov/psdonline/downloads/
"Meal, Soybean",United States,1977,Feed Waste Dom. Cons.,(1000 MT),14767.0,0,1,05,"USDA FAS PS&D (Production, Supply & Distribution)",https://apps.fas.usda.gov/psdonline/downloads/
"Meal, Soybean",United States,1978,Feed Waste Dom. Cons.,(1000 MT),16075.0,0,1,05,"USDA FAS PS&D (Production, Supply & Distribution)",https://apps.fas.usda.gov/psdonline/downloads/
"Meal, Soybean",United States,1979,Feed Waste Dom. Cons.,(1000 MT),17430.0,0,1,05,"USDA FAS PS&D (Production, Supply & Distribution)",https://apps.fas.usda.gov/psdonline/downloads/
"Meal, Soybean",United States,1980,Feed Waste Dom. Cons.,(1000 MT),15958.0,0,1,05,"USDA FAS PS&D (Production, Supply & Distribution)",https://apps.fas.usda.gov/psdonline/downloads/
"Meal, Soybean",United States,1981,Feed Waste Dom. Cons.,(1000 MT),16071.0,0,1,05,"USDA FAS PS&D (Production, Supply & Distribution)",https://apps.fas.usda.gov/psdonline/downloads/
"Meal, Soybean",United States,1982,Feed Waste Dom. Cons.,(1000 MT),17515.0,0,1,05,"USDA FAS PS&D (Production, Supply & Distribution)",https://apps.fas.usda.gov/psdonline/downloads/
"Meal, Soybean",United States,1983,Feed Waste Dom. Cons.,(1000 MT),15980.0,0,1,06,"USDA FAS PS&D (Production, Supply & Distribution)",https://apps.fas.usda.gov/psdonline/downloads/
"Meal, Soybean",United States,1984,Feed Waste Dom. Cons.,(1000 MT),17707.0,0,1,06,"USDA FAS PS&D (Production, Supply & Distribution)",https://apps.fas.usda.gov/psdonline/downloads/
"Meal, Soybean",United States,1985,Feed Waste Dom. Cons.,(1000 MT),17318.0,0,1,06,"USDA FAS PS&D (Production, Supply & Distribution)",https://apps.fas.usda.gov/psdonline/downloads/
"Meal, Soybean",United States,1986,Feed Waste Dom. Cons.,(1000 MT),18539.0,0,1,06,"USDA FAS PS&D (Production, Supply & Distribution)",https://apps.fas.usda.gov/psdonline/downloads/
"Meal, Soybean",United States,1987,Feed Waste Dom. Cons.,(1000 MT),19342.0,0,1,06,"USDA FAS PS&D (Production, Supply & Distribution)",https://apps.fas.usda.gov/psdonline/downloads/
"Meal, Soybean",United States,1988,Feed Waste Dom. Cons.,(1000 MT),17689.0,0,1,10,"USDA FAS PS&D (Production, Supply & Distribution)",https://apps.fas.usda.gov/psdonline/downloads/
"Meal, Soybean",United States,1989,Feed Waste Dom. Cons.,(1000 MT),20133.0,0,1,06,"USDA FAS PS&D (Production, Supply & Distribution)",https://apps.fas.usda.gov/psdonline/downloads/
"Meal, Soybean",United States,1990,Feed Waste Dom. Cons.,(1000 MT),20661.0,0,1,04,"USDA FAS PS&D (Production, Supply & Distribution)",https://apps.fas.usda.gov/psdonline/downloads/
"Meal, Soybean",United States,1991,Feed Waste Dom. Cons.,(1000 MT),20733.0,0,1,04,"USDA FAS PS&D (Production, Supply & Distribution)",https://apps.fas.usda.gov/psdonline/downloads/
"Meal, Soybean",United States,1992,Feed Waste Dom. Cons.,(1000 MT),21851.0,0,1,04,"USDA FAS PS&D (Production, Supply & Distribution)",https://apps.fas.usda.gov/psdonline/downloads/
"Meal, Soybean",United States,1993,Feed Waste Dom. Cons.,(1000 MT),22828.0,0,1,04,"USDA FAS PS&D (Production, Supply & Distribution)",https://apps.fas.usda.gov/psdonline/downloads/
"Meal, Soybean",United States,1994,Feed Waste Dom. Cons.,(1000 MT),23974.0,0,1,04,"USDA FAS PS&D (Production, Supply & Distribution)",https://apps.fas.usda.gov/psdonline/downloads/
"Meal, Soybean",United States,1995,Feed Waste Dom. Cons.,(1000 MT),24085.0,0,1,04,"USDA FAS PS&D (Production, Supply & Distribution)",https://apps.fas.usda.gov/psdonline/downloads/
"Meal, Soybean",United States,1996,Feed Waste Dom. Cons.,(1000 MT),24694.0,0,1,04,"USDA FAS PS&D (Production, Supply & Distribution)",https://apps.fas.usda.gov/psdonline/downloads/
"Meal, Soybean",United States,1997,Feed Waste Dom. Cons.,(1000 MT),25964.0,0,1,04,"USDA FAS PS&D (Production, Supply & Distribution)",https://apps.fas.usda.gov/psdonline/downloads/
"Meal, Soybean",United States,1998,Feed Waste Dom. Cons.,(1000 MT),27305.0,0,1,04,"USDA FAS PS&D (Production, Supply & Distribution)",https://apps.fas.usda.gov/psdonline/downloads/
"Meal, Soybean",United States,1999,Feed Waste Dom. Cons.,(1000 MT),27289.0,0,1,04,"USDA FAS PS&D (Production, Supply & Distribution)",https://apps.fas.usda.gov/psdonline/downloads/
"Meal, Soybean",United States,2000,Feed Waste Dom. Cons.,(1000 MT),28363.0,0,1,04,"USDA FAS PS&D (Production, Supply & Distribution)",https://apps.fas.usda.gov/psdonline/downloads/
"Meal, Soybean",United States,2001,Feed Waste Dom. Cons.,(1000 MT),29545.0,0,1,04,"USDA FAS PS&D (Production, Supply & Distribution)",https://apps.fas.usda.gov/psdonline/downloads/
"Meal, Soybean",United States,2002,Feed Waste Dom. Cons.,(1000 MT),29096.0,0,1,04,"USDA FAS PS&D (Production, Supply & Distribution)",https://apps.fas.usda.gov/psdonline/downloads/
"Meal, Soybean",United States,2003,Feed Waste Dom. Cons.,(1000 MT),28531.0,0,1,08,"USDA FAS PS&D (Production, Supply & Distribution)",https://apps.fas.usda.gov/psdonline/downloads/
"Meal, Soybean",United States,2004,Feed Waste Dom. Cons.,(1000 MT),30446.0,0,1,04,"USDA FAS PS&D (Production, Supply & Distribution)",https://apps.fas.usda.gov/psdonline/downloads/
"Meal, Soybean",United States,2005,Feed Waste Dom. Cons.,(1000 MT),30114.0,0,1,04,"USDA FAS PS&D (Production, Supply & Distribution)",https://apps.fas.usda.gov/psdonline/downloads/
"Meal, Soybean",United States,2006,Feed Waste Dom. Cons.,(1000 MT),31166.0,0,1,08,"USDA FAS PS&D (Production, Supply & Distribution)",https://apps.fas.usda.gov/psdonline/downloads/
"Meal, Soybean",United States,2007,Feed Waste Dom. Cons.,(1000 MT),30147.0,0,1,08,"USDA FAS PS&D (Production, Supply & Distribution)",https://apps.fas.usda.gov/psdonline/downloads/
"Meal, Soybean",United States,2008,Feed Waste Dom. Cons.,(1000 MT),27899.0,0,1,08,"USDA FAS PS&D (Production, Supply & Distribution)",https://apps.fas.usda.gov/psdonline/downloads/
"Meal, Soybean",United States,2009,Feed Waste Dom. Cons.,(1000 MT),27795.0,0,1,11,"USDA FAS PS&D (Production, Supply & Distribution)",https://apps.fas.usda.gov/psdonline/downloads/
"Meal, Soybean",United States,2010,Feed Waste Dom. Cons.,(1000 MT),27489.0,0,1,04,"USDA FAS PS&D (Production, Supply & Distribution)",https://apps.fas.usda.gov/psdonline/downloads/
"Meal, Soybean",United States,2011,Feed Waste Dom. Cons.,(1000 MT),28614.0,0,1,04,"USDA FAS PS&D (Production, Supply & Distribution)",https://apps.fas.usda.gov/psdonline/downloads/
"Meal, Soybean",United States,2012,Feed Waste Dom. Cons.,(1000 MT),26308.0,0,1,02,"USDA FAS PS&D (Production, Supply & Distribution)",https://apps.fas.usda.gov/psdonline/downloads/
"Meal, Soybean",United States,2013,Feed Waste Dom. Cons.,(1000 MT),26774.0,0,1,02,"USDA FAS PS&D (Production, Supply & Distribution)",https://apps.fas.usda.gov/psdonline/downloads/
"Meal, Soybean",United States,2014,Feed Waste Dom. Cons.,(1000 MT),29282.0,0,1,05,"USDA FAS PS&D (Production, Supply & Distribution)",https://apps.fas.usda.gov/psdonline/downloads/
"Meal, Soybean",United States,2015,Feed Waste Dom. Cons.,(1000 MT),30037.0,0,1,07,"USDA FAS PS&D (Production, Supply & Distribution)",https://apps.fas.usda.gov/psdonline/downloads/
"Meal, Soybean",United States,2016,Feed Waste Dom. Cons.,(1000 MT),30314.0,0,1,04,"USDA FAS PS&D (Production, Supply & Distribution)",https://apps.fas.usda.gov/psdonline/downloads/
"Meal, Soybean",United States,2017,Feed Waste Dom. Cons.,(1000 MT),32237.0,0,1,04,"USDA FAS PS&D (Production, Supply & Distribution)",https://apps.fas.usda.gov/psdonline/downloads/
"Meal, Soybean",United States,2018,Feed Waste Dom. Cons.,(1000 MT),32901.0,0,1,04,"USDA FAS PS&D (Production, Supply & Distribution)",https://apps.fas.usda.gov/psdonline/downloads/
"Meal, Soybean",United States,2019,Feed Waste Dom. Cons.,(1000 MT),34444.0,0,1,04,"USDA FAS PS&D (Production, Supply & Distribution)",https://apps.fas.usda.gov/psdonline/downloads/
"Meal, Soybean",United States,2020,Feed Waste Dom. Cons.,(1000 MT),34179.0,0,1,04,"USDA FAS PS&D (Production, Supply & Distribution)",https://apps.fas.usda.gov/psdonline/downloads/
"Meal, Soybean",United States,2021,Feed Waste Dom. Cons.,(1000 MT),35323.0,0,1,05,"USDA FAS PS&D (Production, Supply & Distribution)",https://apps.fas.usda.gov/psdonline/downloads/
"Meal, Soybean",United States,2022,Feed Waste Dom. Cons.,(1000 MT),34946.0,0,1,05,"USDA FAS PS&D (Production, Supply & Distribution)",https://apps.fas.usda.gov/psdonline/downloads/
"Meal, Soybean",United States,2023,Feed Waste Dom. Cons.,(1000 MT),35068.0,0,1,05,"USDA FAS PS&D (Production, Supply & Distribution)",https://apps.fas.usda.gov/psdonline/downloads/
"Meal, Soybean",United States,2024,Feed Waste Dom. Cons.,(1000 MT),37231.0,0,1,05,"USDA FAS PS&D (Production, Supply & Distribution)",https://apps.fas.usda.gov/psdonline/downloads/
"Meal, Soybean",United States,2025,Feed Waste Dom. Cons.,(1000 MT),39757.0,0,1,06,"USDA FAS PS&D (Production, Supply & Distribution)",https://apps.fas.usda.gov/psdonline/downloads/
"Meal, Soybean",United States,2026,Feed Waste Dom. Cons.,(1000 MT),40030.0,0,1,06,"USDA FAS PS&D (Production, Supply & Distribution)",https://apps.fas.usda.gov/psdonline/downloads/
"Meal, Soybean",United States,1964,Food Use Dom. Cons.,(1000 MT),0.0,0,1,05,"USDA FAS PS&D (Production, Supply & Distribution)",https://apps.fas.usda.gov/psdonline/downloads/
"Meal, Soybean",United States,1965,Food Use Dom. Cons.,(1000 MT),0.0,0,1,05,"USDA FAS PS&D (Production, Supply & Distribution)",https://apps.fas.usda.gov/psdonline/downloads/
"Meal, Soybean",United States,1966,Food Use Dom. Cons.,(1000 MT),0.0,0,1,05,"USDA FAS PS&D (Production, Supply & Distribution)",https://apps.fas.usda.gov/psdonline/downloads/
"Meal, Soybean",United States,1967,Food Use Dom. Cons.,(1000 MT),0.0,0,1,05,"USDA FAS PS&D (Production, Supply & Distribution)",https://apps.fas.usda.gov/psdonline/downloads/
"Meal, Soybean",United States,1968,Food Use Dom. Cons.,(1000 MT),0.0,0,1,05,"USDA FAS PS&D (Production, Supply & Distribution)",https://apps.fas.usda.gov/psdonline/downloads/
"Meal, Soybean",United States,1969,Food Use Dom. Cons.,(1000 MT),0.0,0,1,05,"USDA FAS PS&D (Production, Supply & Distribution)",https://apps.fas.usda.gov/psdonline/downloads/
"Meal, Soybean",United States,1970,Food Use Dom. Cons.,(1000 MT),0.0,0,1,05,"USDA FAS PS&D (Production, Supply & Distribution)",https://apps.fas.usda.gov/psdonline/downloads/
"Meal, Soybean",United States,1971,Food Use Dom. Cons.,(1000 MT),0.0,0,1,05,"USDA FAS PS&D (Production, Supply & Distribution)",https://apps.fas.usda.gov/psdonline/downloads/
"Meal, Soybean",United States,1972,Food Use Dom. Cons.,(1000 MT),0.0,0,1,05,"USDA FAS PS&D (Production, Supply & Distribution)",https://apps.fas.usda.gov/psdonline/downloads/
"Meal, Soybean",United States,1973,Food Use Dom. Cons.,(1000 MT),0.0,0,1,05,"USDA FAS PS&D (Production, Supply & Distribution)",https://apps.fas.usda.gov/psdonline/downloads/
"Meal, Soybean",United States,1974,Food Use Dom. Cons.,(1000 MT),0.0,0,1,05,"USDA FAS PS&D (Production, Supply & Distribution)",https://apps.fas.usda.gov/psdonline/downloads/
"Meal, Soybean",United States,1975,Food Use Dom. Cons.,(1000 MT),0.0,0,1,05,"USDA FAS PS&D (Production, Supply & Distribution)",https://apps.fas.usda.gov/psdonline/downloads/
"Meal, Soybean",United States,1976,Food Use Dom. Cons.,(1000 MT),0.0,0,1,05,"USDA FAS PS&D (Production, Supply & Distribution)",https://apps.fas.usda.gov/psdonline/downloads/
"Meal, Soybean",United States,1977,Food Use Dom. Cons.,(1000 MT),0.0,0,1,05,"USDA FAS PS&D (Production, Supply & Distribution)",https://apps.fas.usda.gov/psdonline/downloads/
"Meal, Soybean",United States,1978,Food Use Dom. Cons.,(1000 MT),0.0,0,1,05,"USDA FAS PS&D (Production, Supply & Distribution)",https://apps.fas.usda.gov/psdonline/downloads/
"Meal, Soybean",United States,1979,Food Use Dom. Cons.,(1000 MT),0.0,0,1,05,"USDA FAS PS&D (Production, Supply & Distribution)",https://apps.fas.usda.gov/psdonline/downloads/
"Meal, Soybean",United States,1980,Food Use Dom. Cons.,(1000 MT),0.0,0,1,05,"USDA FAS PS&D (Production, Supply & Distribution)",https://apps.fas.usda.gov/psdonline/downloads/
"Meal, Soybean",United States,1981,Food Use Dom. Cons.,(1000 MT),0.0,0,1,05,"USDA FAS PS&D (Production, Supply & Distribution)",https://apps.fas.usda.gov/psdonline/downloads/
"Meal, Soybean",United States,1982,Food Use Dom. Cons.,(1000 MT),0.0,0,1,05,"USDA FAS PS&D (Production, Supply & Distribution)",https://apps.fas.usda.gov/psdonline/downloads/
"Meal, Soybean",United States,1983,Food Use Dom. Cons.,(1000 MT),0.0,0,1,06,"USDA FAS PS&D (Production, Supply & Distribution)",https://apps.fas.usda.gov/psdonline/downloads/
"Meal, Soybean",United States,1984,Food Use Dom. Cons.,(1000 MT),0.0,0,1,06,"USDA FAS PS&D (Production, Supply & Distribution)",https://apps.fas.usda.gov/psdonline/downloads/
"Meal, Soybean",United States,1985,Food Use Dom. Cons.,(1000 MT),0.0,0,1,06,"USDA FAS PS&D (Production, Supply & Distribution)",https://apps.fas.usda.gov/psdonline/downloads/
"Meal, Soybean",United States,1986,Food Use Dom. Cons.,(1000 MT),0.0,0,1,06,"USDA FAS PS&D (Production, Supply & Distribution)",https://apps.fas.usda.gov/psdonline/downloads/
"Meal, Soybean",United States,1987,Food Use Dom. Cons.,(1000 MT),0.0,0,1,06,"USDA FAS PS&D (Production, Supply & Distribution)",https://apps.fas.usda.gov/psdonline/downloads/
"Meal, Soybean",United States,1988,Food Use Dom. Cons.,(1000 MT),0.0,0,1,10,"USDA FAS PS&D (Production, Supply & Distribution)",https://apps.fas.usda.gov/psdonline/downloads/
"Meal, Soybean",United States,1989,Food Use Dom. Cons.,(1000 MT),0.0,0,1,06,"USDA FAS PS&D (Production, Supply & Distribution)",https://apps.fas.usda.gov/psdonline/downloads/
"Meal, Soybean",United States,1990,Food Use Dom. Cons.,(1000 MT),0.0,0,1,04,"USDA FAS PS&D (Production, Supply & Distribution)",https://apps.fas.usda.gov/psdonline/downloads/
"Meal, Soybean",United States,1991,Food Use Dom. Cons.,(1000 MT),0.0,0,1,04,"USDA FAS PS&D (Production, Supply & Distribution)",https://apps.fas.usda.gov/psdonline/downloads/
"Meal, Soybean",United States,1992,Food Use Dom. Cons.,(1000 MT),0.0,0,1,04,"USDA FAS PS&D (Production, Supply & Distribution)",https://apps.fas.usda.gov/psdonline/downloads/
"Meal, Soybean",United States,1993,Food Use Dom. Cons.,(1000 MT),0.0,0,1,04,"USDA FAS PS&D (Production, Supply & Distribution)",https://apps.fas.usda.gov/psdonline/downloads/
"Meal, Soybean",United States,1994,Food Use Dom. Cons.,(1000 MT),0.0,0,1,04,"USDA FAS PS&D (Production, Supply & Distribution)",https://apps.fas.usda.gov/psdonline/downloads/
"Meal, Soybean",United States,1995,Food Use Dom. Cons.,(1000 MT),0.0,0,1,04,"USDA FAS PS&D (Production, Supply & Distribution)",https://apps.fas.usda.gov/psdonline/downloads/
"Meal, Soybean",United States,1996,Food Use Dom. Cons.,(1000 MT),0.0,0,1,04,"USDA FAS PS&D (Production, Supply & Distribution)",https://apps.fas.usda.gov/psdonline/downloads/
"Meal, Soybean",United States,1997,Food Use Dom. Cons.,(1000 MT),0.0,0,1,04,"USDA FAS PS&D (Production, Supply & Distribution)",https://apps.fas.usda.gov/psdonline/downloads/
"Meal, Soybean",United States,1998,Food Use Dom. Cons.,(1000 MT),0.0,0,1,04,"USDA FAS PS&D (Production, Supply & Distribution)",https://apps.fas.usda.gov/psdonline/downloads/
"Meal, Soybean",United States,1999,Food Use Dom. Cons.,(1000 MT),0.0,0,1,04,"USDA FAS PS&D (Production, Supply & Distribution)",https://apps.fas.usda.gov/psdonline/downloads/
"Meal, Soybean",United States,2000,Food Use Dom. Cons.,(1000 MT),0.0,0,1,04,"USDA FAS PS&D (Production, Supply & Distribution)",https://apps.fas.usda.gov/psdonline/downloads/
"Meal, Soybean",United States,2001,Food Use Dom. Cons.,(1000 MT),0.0,0,1,04,"USDA FAS PS&D (Production, Supply & Distribution)",https://apps.fas.usda.gov/psdonline/downloads/
"Meal, Soybean",United States,2002,Food Use Dom. Cons.,(1000 MT),0.0,0,1,04,"USDA FAS PS&D (Production, Supply & Distribution)",https://apps.fas.usda.gov/psdonline/downloads/
"Meal, Soybean",United States,2003,Food Use Dom. Cons.,(1000 MT),0.0,0,1,08,"USDA FAS PS&D (Production, Supply & Distribution)",https://apps.fas.usda.gov/psdonline/downloads/
"Meal, Soybean",United States,2004,Food Use Dom. Cons.,(1000 MT),0.0,0,1,04,"USDA FAS PS&D (Production, Supply & Distribution)",https://apps.fas.usda.gov/psdonline/downloads/
"Meal, Soybean",United States,2005,Food Use Dom. Cons.,(1000 MT),0.0,0,1,04,"USDA FAS PS&D (Production, Supply & Distribution)",https://apps.fas.usda.gov/psdonline/downloads/
"Meal, Soybean",United States,2006,Food Use Dom. Cons.,(1000 MT),0.0,0,1,08,"USDA FAS PS&D (Production, Supply & Distribution)",https://apps.fas.usda.gov/psdonline/downloads/
"Meal, Soybean",United States,2007,Food Use Dom. Cons.,(1000 MT),0.0,0,1,08,"USDA FAS PS&D (Production, Supply & Distribution)",https://apps.fas.usda.gov/psdonline/downloads/
"Meal, Soybean",United States,2008,Food Use Dom. Cons.,(1000 MT),0.0,0,1,08,"USDA FAS PS&D (Production, Supply & Distribution)",https://apps.fas.usda.gov/psdonline/downloads/
"Meal, Soybean",United States,2009,Food Use Dom. Cons.,(1000 MT),0.0,0,1,11,"USDA FAS PS&D (Production, Supply & Distribution)",https://apps.fas.usda.gov/psdonline/downloads/
"Meal, Soybean",United States,2010,Food Use Dom. Cons.,(1000 MT),0.0,0,1,04,"USDA FAS PS&D (Production, Supply & Distribution)",https://apps.fas.usda.gov/psdonline/downloads/
"Meal, Soybean",United States,2011,Food Use Dom. Cons.,(1000 MT),0.0,0,1,04,"USDA FAS PS&D (Production, Supply & Distribution)",https://apps.fas.usda.gov/psdonline/downloads/
"Meal, Soybean",United States,2012,Food Use Dom. Cons.,(1000 MT),0.0,0,1,02,"USDA FAS PS&D (Production, Supply & Distribution)",https://apps.fas.usda.gov/psdonline/downloads/
"Meal, Soybean",United States,2013,Food Use Dom. Cons.,(1000 MT),0.0,0,1,02,"USDA FAS PS&D (Production, Supply & Distribution)",https://apps.fas.usda.gov/psdonline/downloads/
"Meal, Soybean",United States,2014,Food Use Dom. Cons.,(1000 MT),0.0,0,1,05,"USDA FAS PS&D (Production, Supply & Distribution)",https://apps.fas.usda.gov/psdonline/downloads/
"Meal, Soybean",United States,2015,Food Use Dom. Cons.,(1000 MT),0.0,0,1,07,"USDA FAS PS&D (Production, Supply & Distribution)",https://apps.fas.usda.gov/psdonline/downloads/
"Meal, Soybean",United States,2016,Food Use Dom. Cons.,(1000 MT),0.0,0,1,04,"USDA FAS PS&D (Production, Supply & Distribution)",https://apps.fas.usda.gov/psdonline/downloads/
"Meal, Soybean",United States,2017,Food Use Dom. Cons.,(1000 MT),0.0,0,1,04,"USDA FAS PS&D (Production, Supply & Distribution)",https://apps.fas.usda.gov/psdonline/downloads/
"Meal, Soybean",United States,2018,Food Use Dom. Cons.,(1000 MT),0.0,0,1,04,"USDA FAS PS&D (Production, Supply & Distribution)",https://apps.fas.usda.gov/psdonline/downloads/
"Meal, Soybean",United States,2019,Food Use Dom. Cons.,(1000 MT),0.0,0,1,04,"USDA FAS PS&D (Production, Supply & Distribution)",https://apps.fas.usda.gov/psdonline/downloads/
"Meal, Soybean",United States,2020,Food Use Dom. Cons.,(1000 MT),0.0,0,1,04,"USDA FAS PS&D (Production, Supply & Distribution)",https://apps.fas.usda.gov/psdonline/downloads/
"Meal, Soybean",United States,2021,Food Use Dom. Cons.,(1000 MT),0.0,0,1,05,"USDA FAS PS&D (Production, Supply & Distribution)",https://apps.fas.usda.gov/psdonline/downloads/
"Meal, Soybean",United States,2022,Food Use Dom. Cons.,(1000 MT),0.0,0,1,05,"USDA FAS PS&D (Production, Supply & Distribution)",https://apps.fas.usda.gov/psdonline/downloads/
"Meal, Soybean",United States,2023,Food Use Dom. Cons.,(1000 MT),0.0,0,1,05,"USDA FAS PS&D (Production, Supply & Distribution)",https://apps.fas.usda.gov/psdonline/downloads/
"Meal, Soybean",United States,2024,Food Use Dom. Cons.,(1000 MT),0.0,0,1,05,"USDA FAS PS&D (Production, Supply & Distribution)",https://apps.fas.usda.gov/psdonline/downloads/
"Meal, Soybean",United States,2025,Food Use Dom. Cons.,(1000 MT),0.0,0,1,06,"USDA FAS PS&D (Production, Supply & Distribution)",https://apps.fas.usda.gov/psdonline/downloads/
"Meal, Soybean",United States,2026,Food Use Dom. Cons.,(1000 MT),0.0,0,1,06,"USDA FAS PS&D (Production, Supply & Distribution)",https://apps.fas.usda.gov/psdonline/downloads/
"Meal, Soybean",United States,1964,Imports,(1000 MT),0.0,0,1,05,"USDA FAS PS&D (Production, Supply & Distribution)",https://apps.fas.usda.gov/psdonline/downloads/
"Meal, Soybean",United States,1965,Imports,(1000 MT),0.0,0,1,05,"USDA FAS PS&D (Production, Supply & Distribution)",https://apps.fas.usda.gov/psdonline/downloads/
"Meal, Soybean",United States,1966,Imports,(1000 MT),0.0,0,1,05,"USDA FAS PS&D (Production, Supply & Distribution)",https://apps.fas.usda.gov/psdonline/downloads/
"Meal, Soybean",United States,1967,Imports,(1000 MT),0.0,0,1,05,"USDA FAS PS&D (Production, Supply & Distribution)",https://apps.fas.usda.gov/psdonline/downloads/
"Meal, Soybean",United States,1968,Imports,(1000 MT),0.0,0,1,05,"USDA FAS PS&D (Production, Supply & Distribution)",https://apps.fas.usda.gov/psdonline/downloads/
"Meal, Soybean",United States,1969,Imports,(1000 MT),0.0,0,1,05,"USDA FAS PS&D (Production, Supply & Distribution)",https://apps.fas.usda.gov/psdonline/downloads/
"Meal, Soybean",United States,1970,Imports,(1000 MT),0.0,0,1,05,"USDA FAS PS&D (Production, Supply & Distribution)",https://apps.fas.usda.gov/psdonline/downloads/
"Meal, Soybean",United States,1971,Imports,(1000 MT),0.0,0,1,05,"USDA FAS PS&D (Production, Supply & Distribution)",https://apps.fas.usda.gov/psdonline/downloads/
"Meal, Soybean",United States,1972,Imports,(1000 MT),0.0,0,1,05,"USDA FAS PS&D (Production, Supply & Distribution)",https://apps.fas.usda.gov/psdonline/downloads/
"Meal, Soybean",United States,1973,Imports,(1000 MT),0.0,0,1,05,"USDA FAS PS&D (Production, Supply & Distribution)",https://apps.fas.usda.gov/psdonline/downloads/
"Meal, Soybean",United States,1974,Imports,(1000 MT),0.0,0,1,05,"USDA FAS PS&D (Production, Supply & Distribution)",https://apps.fas.usda.gov/psdonline/downloads/
"Meal, Soybean",United States,1975,Imports,(1000 MT),0.0,0,1,05,"USDA FAS PS&D (Production, Supply & Distribution)",https://apps.fas.usda.gov/psdonline/downloads/
"Meal, Soybean",United States,1976,Imports,(1000 MT),0.0,0,1,05,"USDA FAS PS&D (Production, Supply & Distribution)",https://apps.fas.usda.gov/psdonline/downloads/
"Meal, Soybean",United States,1977,Imports,(1000 MT),0.0,0,1,05,"USDA FAS PS&D (Production, Supply & Distribution)",https://apps.fas.usda.gov/psdonline/downloads/
"Meal, Soybean",United States,1978,Imports,(1000 MT),0.0,0,1,05,"USDA FAS PS&D (Production, Supply & Distribution)",https://apps.fas.usda.gov/psdonline/downloads/
"Meal, Soybean",United States,1979,Imports,(1000 MT),0.0,0,1,05,"USDA FAS PS&D (Production, Supply & Distribution)",https://apps.fas.usda.gov/psdonline/downloads/
"Meal, Soybean",United States,1980,Imports,(1000 MT),0.0,0,1,05,"USDA FAS PS&D (Production, Supply & Distribution)",https://apps.fas.usda.gov/psdonline/downloads/
"Meal, Soybean",United States,1981,Imports,(1000 MT),0.0,0,1,05,"USDA FAS PS&D (Production, Supply & Distribution)",https://apps.fas.usda.gov/psdonline/downloads/
"Meal, Soybean",United States,1982,Imports,(1000 MT),0.0,0,1,05,"USDA FAS PS&D (Production, Supply & Distribution)",https://apps.fas.usda.gov/psdonline/downloads/
"Meal, Soybean",United States,1983,Imports,(1000 MT),0.0,0,1,06,"USDA FAS PS&D (Production, Supply & Distribution)",https://apps.fas.usda.gov/psdonline/downloads/
"Meal, Soybean",United States,1984,Imports,(1000 MT),0.0,0,1,06,"USDA FAS PS&D (Production, Supply & Distribution)",https://apps.fas.usda.gov/psdonline/downloads/
"Meal, Soybean",United States,1985,Imports,(1000 MT),0.0,0,1,06,"USDA FAS PS&D (Production, Supply & Distribution)",https://apps.fas.usda.gov/psdonline/downloads/
"Meal, Soybean",United States,1986,Imports,(1000 MT),0.0,0,1,06,"USDA FAS PS&D (Production, Supply & Distribution)",https://apps.fas.usda.gov/psdonline/downloads/
"Meal, Soybean",United States,1987,Imports,(1000 MT),0.0,0,1,06,"USDA FAS PS&D (Production, Supply & Distribution)",https://apps.fas.usda.gov/psdonline/downloads/
"Meal, Soybean",United States,1988,Imports,(1000 MT),16.0,0,1,10,"USDA FAS PS&D (Production, Supply & Distribution)",https://apps.fas.usda.gov/psdonline/downloads/
"Meal, Soybean",United States,1989,Imports,(1000 MT),33.0,0,1,06,"USDA FAS PS&D (Production, Supply & Distribution)",https://apps.fas.usda.gov/psdonline/downloads/
"Meal, Soybean",United States,1990,Imports,(1000 MT),45.0,0,1,04,"USDA FAS PS&D (Production, Supply & Distribution)",https://apps.fas.usda.gov/psdonline/downloads/
"Meal, Soybean",United States,1991,Imports,(1000 MT),63.0,0,1,04,"USDA FAS PS&D (Production, Supply & Distribution)",https://apps.fas.usda.gov/psdonline/downloads/
"Meal, Soybean",United States,1992,Imports,(1000 MT),86.0,0,1,04,"USDA FAS PS&D (Production, Supply & Distribution)",https://apps.fas.usda.gov/psdonline/downloads/
"Meal, Soybean",United States,1993,Imports,(1000 MT),68.0,0,1,04,"USDA FAS PS&D (Production, Supply & Distribution)",https://apps.fas.usda.gov/psdonline/downloads/
"Meal, Soybean",United States,1994,Imports,(1000 MT),64.0,0,1,04,"USDA FAS PS&D (Production, Supply & Distribution)",https://apps.fas.usda.gov/psdonline/downloads/
"Meal, Soybean",United States,1995,Imports,(1000 MT),91.0,0,1,04,"USDA FAS PS&D (Production, Supply & Distribution)",https://apps.fas.usda.gov/psdonline/downloads/
"Meal, Soybean",United States,1996,Imports,(1000 MT),108.0,0,1,04,"USDA FAS PS&D (Production, Supply & Distribution)",https://apps.fas.usda.gov/psdonline/downloads/
"Meal, Soybean",United States,1997,Imports,(1000 MT),60.0,0,1,04,"USDA FAS PS&D (Production, Supply & Distribution)",https://apps.fas.usda.gov/psdonline/downloads/
"Meal, Soybean",United States,1998,Imports,(1000 MT),101.0,0,1,04,"USDA FAS PS&D (Production, Supply & Distribution)",https://apps.fas.usda.gov/psdonline/downloads/
"Meal, Soybean",United States,1999,Imports,(1000 MT),65.0,0,1,04,"USDA FAS PS&D (Production, Supply & Distribution)",https://apps.fas.usda.gov/psdonline/downloads/
"Meal, Soybean",United States,2000,Imports,(1000 MT),50.0,0,1,04,"USDA FAS PS&D (Production, Supply & Distribution)",https://apps.fas.usda.gov/psdonline/downloads/
"Meal, Soybean",United States,2001,Imports,(1000 MT),134.0,0,1,04,"USDA FAS PS&D (Production, Supply & Distribution)",https://apps.fas.usda.gov/psdonline/downloads/
"Meal, Soybean",United States,2002,Imports,(1000 MT),157.0,0,1,04,"USDA FAS PS&D (Production, Supply & Distribution)",https://apps.fas.usda.gov/psdonline/downloads/
"Meal, Soybean",United States,2003,Imports,(1000 MT),259.0,0,1,08,"USDA FAS PS&D (Production, Supply & Distribution)",https://apps.fas.usda.gov/psdonline/downloads/
"Meal, Soybean",United States,2004,Imports,(1000 MT),134.0,0,1,04,"USDA FAS PS&D (Production, Supply & Distribution)",https://apps.fas.usda.gov/psdonline/downloads/
"Meal, Soybean",United States,2005,Imports,(1000 MT),128.0,0,1,04,"USDA FAS PS&D (Production, Supply & Distribution)",https://apps.fas.usda.gov/psdonline/downloads/
"Meal, Soybean",United States,2006,Imports,(1000 MT),142.0,0,1,08,"USDA FAS PS&D (Production, Supply & Distribution)",https://apps.fas.usda.gov/psdonline/downloads/
"Meal, Soybean",United States,2007,Imports,(1000 MT),128.0,0,1,08,"USDA FAS PS&D (Production, Supply & Distribution)",https://apps.fas.usda.gov/psdonline/downloads/
"Meal, Soybean",United States,2008,Imports,(1000 MT),80.0,0,1,08,"USDA FAS PS&D (Production, Supply & Distribution)",https://apps.fas.usda.gov/psdonline/downloads/
"Meal, Soybean",United States,2009,Imports,(1000 MT),145.0,0,1,11,"USDA FAS PS&D (Production, Supply & Distribution)",https://apps.fas.usda.gov/psdonline/downloads/
"Meal, Soybean",United States,2010,Imports,(1000 MT),163.0,0,1,04,"USDA FAS PS&D (Production, Supply & Distribution)",https://apps.fas.usda.gov/psdonline/downloads/
"Meal, Soybean",United States,2011,Imports,(1000 MT),196.0,0,1,04,"USDA FAS PS&D (Production, Supply & Distribution)",https://apps.fas.usda.gov/psdonline/downloads/
"Meal, Soybean",United States,2012,Imports,(1000 MT),222.0,0,1,02,"USDA FAS PS&D (Production, Supply & Distribution)",https://apps.fas.usda.gov/psdonline/downloads/
"Meal, Soybean",United States,2013,Imports,(1000 MT),347.0,0,1,02,"USDA FAS PS&D (Production, Supply & Distribution)",https://apps.fas.usda.gov/psdonline/downloads/
"Meal, Soybean",United States,2014,Imports,(1000 MT),302.0,0,1,05,"USDA FAS PS&D (Production, Supply & Distribution)",https://apps.fas.usda.gov/psdonline/downloads/
"Meal, Soybean",United States,2015,Imports,(1000 MT),358.0,0,1,07,"USDA FAS PS&D (Production, Supply & Distribution)",https://apps.fas.usda.gov/psdonline/downloads/
"Meal, Soybean",United States,2016,Imports,(1000 MT),313.0,0,1,04,"USDA FAS PS&D (Production, Supply & Distribution)",https://apps.fas.usda.gov/psdonline/downloads/
"Meal, Soybean",United States,2017,Imports,(1000 MT),438.0,0,1,04,"USDA FAS PS&D (Production, Supply & Distribution)",https://apps.fas.usda.gov/psdonline/downloads/
"Meal, Soybean",United States,2018,Imports,(1000 MT),620.0,0,1,04,"USDA FAS PS&D (Production, Supply & Distribution)",https://apps.fas.usda.gov/psdonline/downloads/
"Meal, Soybean",United States,2019,Imports,(1000 MT),580.0,0,1,04,"USDA FAS PS&D (Production, Supply & Distribution)",https://apps.fas.usda.gov/psdonline/downloads/
"Meal, Soybean",United States,2020,Imports,(1000 MT),712.0,0,1,04,"USDA FAS PS&D (Production, Supply & Distribution)",https://apps.fas.usda.gov/psdonline/downloads/
"Meal, Soybean",United States,2021,Imports,(1000 MT),594.0,0,1,05,"USDA FAS PS&D (Production, Supply & Distribution)",https://apps.fas.usda.gov/psdonline/downloads/
"Meal, Soybean",United States,2022,Imports,(1000 MT),575.0,0,1,05,"USDA FAS PS&D (Production, Supply & Distribution)",https://apps.fas.usda.gov/psdonline/downloads/
"Meal, Soybean",United States,2023,Imports,(1000 MT),623.0,0,1,05,"USDA FAS PS&D (Production, Supply & Distribution)",https://apps.fas.usda.gov/psdonline/downloads/
"Meal, Soybean",United States,2024,Imports,(1000 MT),732.0,0,1,05,"USDA FAS PS&D (Production, Supply & Distribution)",https://apps.fas.usda.gov/psdonline/downloads/
"Meal, Soybean",United States,2025,Imports,(1000 MT),748.0,0,1,06,"USDA FAS PS&D (Production, Supply & Distribution)",https://apps.fas.usda.gov/psdonline/downloads/
"Meal, Soybean",United States,2026,Imports,(1000 MT),726.0,0,1,06,"USDA FAS PS&D (Production, Supply & Distribution)",https://apps.fas.usda.gov/psdonline/downloads/
"Meal, Soybean",United States,1964,Industrial Dom. Cons.,(1000 MT),0.0,0,1,05,"USDA FAS PS&D (Production, Supply & Distribution)",https://apps.fas.usda.gov/psdonline/downloads/
"Meal, Soybean",United States,1965,Industrial Dom. Cons.,(1000 MT),0.0,0,1,05,"USDA FAS PS&D (Production, Supply & Distribution)",https://apps.fas.usda.gov/psdonline/downloads/
"Meal, Soybean",United States,1966,Industrial Dom. Cons.,(1000 MT),0.0,0,1,05,"USDA FAS PS&D (Production, Supply & Distribution)",https://apps.fas.usda.gov/psdonline/downloads/
"Meal, Soybean",United States,1967,Industrial Dom. Cons.,(1000 MT),0.0,0,1,05,"USDA FAS PS&D (Production, Supply & Distribution)",https://apps.fas.usda.gov/psdonline/downloads/
"Meal, Soybean",United States,1968,Industrial Dom. Cons.,(1000 MT),0.0,0,1,05,"USDA FAS PS&D (Production, Supply & Distribution)",https://apps.fas.usda.gov/psdonline/downloads/
"Meal, Soybean",United States,1969,Industrial Dom. Cons.,(1000 MT),0.0,0,1,05,"USDA FAS PS&D (Production, Supply & Distribution)",https://apps.fas.usda.gov/psdonline/downloads/
"Meal, Soybean",United States,1970,Industrial Dom. Cons.,(1000 MT),0.0,0,1,05,"USDA FAS PS&D (Production, Supply & Distribution)",https://apps.fas.usda.gov/psdonline/downloads/
"Meal, Soybean",United States,1971,Industrial Dom. Cons.,(1000 MT),0.0,0,1,05,"USDA FAS PS&D (Production, Supply & Distribution)",https://apps.fas.usda.gov/psdonline/downloads/
"Meal, Soybean",United States,1972,Industrial Dom. Cons.,(1000 MT),0.0,0,1,05,"USDA FAS PS&D (Production, Supply & Distribution)",https://apps.fas.usda.gov/psdonline/downloads/
"Meal, Soybean",United States,1973,Industrial Dom. Cons.,(1000 MT),0.0,0,1,05,"USDA FAS PS&D (Production, Supply & Distribution)",https://apps.fas.usda.gov/psdonline/downloads/
"Meal, Soybean",United States,1974,Industrial Dom. Cons.,(1000 MT),0.0,0,1,05,"USDA FAS PS&D (Production, Supply & Distribution)",https://apps.fas.usda.gov/psdonline/downloads/
"Meal, Soybean",United States,1975,Industrial Dom. Cons.,(1000 MT),0.0,0,1,05,"USDA FAS PS&D (Production, Supply & Distribution)",https://apps.fas.usda.gov/psdonline/downloads/
"Meal, Soybean",United States,1976,Industrial Dom. Cons.,(1000 MT),0.0,0,1,05,"USDA FAS PS&D (Production, Supply & Distribution)",https://apps.fas.usda.gov/psdonline/downloads/
"Meal, Soybean",United States,1977,Industrial Dom. Cons.,(1000 MT),0.0,0,1,05,"USDA FAS PS&D (Production, Supply & Distribution)",https://apps.fas.usda.gov/psdonline/downloads/
"Meal, Soybean",United States,1978,Industrial Dom. Cons.,(1000 MT),0.0,0,1,05,"USDA FAS PS&D (Production, Supply & Distribution)",https://apps.fas.usda.gov/psdonline/downloads/
"Meal, Soybean",United States,1979,Industrial Dom. Cons.,(1000 MT),0.0,0,1,05,"USDA FAS PS&D (Production, Supply & Distribution)",https://apps.fas.usda.gov/psdonline/downloads/
"Meal, Soybean",United States,1980,Industrial Dom. Cons.,(1000 MT),0.0,0,1,05,"USDA FAS PS&D (Production, Supply & Distribution)",https://apps.fas.usda.gov/psdonline/downloads/
"Meal, Soybean",United States,1981,Industrial Dom. Cons.,(1000 MT),0.0,0,1,05,"USDA FAS PS&D (Production, Supply & Distribution)",https://apps.fas.usda.gov/psdonline/downloads/
"Meal, Soybean",United States,1982,Industrial Dom. Cons.,(1000 MT),0.0,0,1,05,"USDA FAS PS&D (Production, Supply & Distribution)",https://apps.fas.usda.gov/psdonline/downloads/
"Meal, Soybean",United States,1983,Industrial Dom. Cons.,(1000 MT),0.0,0,1,06,"USDA FAS PS&D (Production, Supply & Distribution)",https://apps.fas.usda.gov/psdonline/downloads/
"Meal, Soybean",United States,1984,Industrial Dom. Cons.,(1000 MT),0.0,0,1,06,"USDA FAS PS&D (Production, Supply & Distribution)",https://apps.fas.usda.gov/psdonline/downloads/
"Meal, Soybean",United States,1985,Industrial Dom. Cons.,(1000 MT),0.0,0,1,06,"USDA FAS PS&D (Production, Supply & Distribution)",https://apps.fas.usda.gov/psdonline/downloads/
"Meal, Soybean",United States,1986,Industrial Dom. Cons.,(1000 MT),0.0,0,1,06,"USDA FAS PS&D (Production, Supply & Distribution)",https://apps.fas.usda.gov/psdonline/downloads/
"Meal, Soybean",United States,1987,Industrial Dom. Cons.,(1000 MT),0.0,0,1,06,"USDA FAS PS&D (Production, Supply & Distribution)",https://apps.fas.usda.gov/psdonline/downloads/
"Meal, Soybean",United States,1988,Industrial Dom. Cons.,(1000 MT),0.0,0,1,10,"USDA FAS PS&D (Production, Supply & Distribution)",https://apps.fas.usda.gov/psdonline/downloads/
"Meal, Soybean",United States,1989,Industrial Dom. Cons.,(1000 MT),0.0,0,1,06,"USDA FAS PS&D (Production, Supply & Distribution)",https://apps.fas.usda.gov/psdonline/downloads/
"Meal, Soybean",United States,1990,Industrial Dom. Cons.,(1000 MT),0.0,0,1,04,"USDA FAS PS&D (Production, Supply & Distribution)",https://apps.fas.usda.gov/psdonline/downloads/
"Meal, Soybean",United States,1991,Industrial Dom. Cons.,(1000 MT),0.0,0,1,04,"USDA FAS PS&D (Production, Supply & Distribution)",https://apps.fas.usda.gov/psdonline/downloads/
"Meal, Soybean",United States,1992,Industrial Dom. Cons.,(1000 MT),0.0,0,1,04,"USDA FAS PS&D (Production, Supply & Distribution)",https://apps.fas.usda.gov/psdonline/downloads/
"Meal, Soybean",United States,1993,Industrial Dom. Cons.,(1000 MT),0.0,0,1,04,"USDA FAS PS&D (Production, Supply & Distribution)",https://apps.fas.usda.gov/psdonline/downloads/
"Meal, Soybean",United States,1994,Industrial Dom. Cons.,(1000 MT),0.0,0,1,04,"USDA FAS PS&D (Production, Supply & Distribution)",https://apps.fas.usda.gov/psdonline/downloads/
"Meal, Soybean",United States,1995,Industrial Dom. Cons.,(1000 MT),0.0,0,1,04,"USDA FAS PS&D (Production, Supply & Distribution)",https://apps.fas.usda.gov/psdonline/downloads/
"Meal, Soybean",United States,1996,Industrial Dom. Cons.,(1000 MT),0.0,0,1,04,"USDA FAS PS&D (Production, Supply & Distribution)",https://apps.fas.usda.gov/psdonline/downloads/
"Meal, Soybean",United States,1997,Industrial Dom. Cons.,(1000 MT),0.0,0,1,04,"USDA FAS PS&D (Production, Supply & Distribution)",https://apps.fas.usda.gov/psdonline/downloads/
"Meal, Soybean",United States,1998,Industrial Dom. Cons.,(1000 MT),0.0,0,1,04,"USDA FAS PS&D (Production, Supply & Distribution)",https://apps.fas.usda.gov/psdonline/downloads/
"Meal, Soybean",United States,1999,Industrial Dom. Cons.,(1000 MT),0.0,0,1,04,"USDA FAS PS&D (Production, Supply & Distribution)",https://apps.fas.usda.gov/psdonline/downloads/
"Meal, Soybean",United States,2000,Industrial Dom. Cons.,(1000 MT),0.0,0,1,04,"USDA FAS PS&D (Production, Supply & Distribution)",https://apps.fas.usda.gov/psdonline/downloads/
"Meal, Soybean",United States,2001,Industrial Dom. Cons.,(1000 MT),0.0,0,1,04,"USDA FAS PS&D (Production, Supply & Distribution)",https://apps.fas.usda.gov/psdonline/downloads/
"Meal, Soybean",United States,2002,Industrial Dom. Cons.,(1000 MT),0.0,0,1,04,"USDA FAS PS&D (Production, Supply & Distribution)",https://apps.fas.usda.gov/psdonline/downloads/
"Meal, Soybean",United States,2003,Industrial Dom. Cons.,(1000 MT),0.0,0,1,08,"USDA FAS PS&D (Production, Supply & Distribution)",https://apps.fas.usda.gov/psdonline/downloads/
"Meal, Soybean",United States,2004,Industrial Dom. Cons.,(1000 MT),0.0,0,1,04,"USDA FAS PS&D (Production, Supply & Distribution)",https://apps.fas.usda.gov/psdonline/downloads/
"Meal, Soybean",United States,2005,Industrial Dom. Cons.,(1000 MT),0.0,0,1,04,"USDA FAS PS&D (Production, Supply & Distribution)",https://apps.fas.usda.gov/psdonline/downloads/
"Meal, Soybean",United States,2006,Industrial Dom. Cons.,(1000 MT),0.0,0,1,08,"USDA FAS PS&D (Production, Supply & Distribution)",https://apps.fas.usda.gov/psdonline/downloads/
"Meal, Soybean",United States,2007,Industrial Dom. Cons.,(1000 MT),0.0,0,1,08,"USDA FAS PS&D (Production, Supply & Distribution)",https://apps.fas.usda.gov/psdonline/downloads/
"Meal, Soybean",United States,2008,Industrial Dom. Cons.,(1000 MT),0.0,0,1,08,"USDA FAS PS&D (Production, Supply & Distribution)",https://apps.fas.usda.gov/psdonline/downloads/
"Meal, Soybean",United States,2009,Industrial Dom. Cons.,(1000 MT),0.0,0,1,11,"USDA FAS PS&D (Production, Supply & Distribution)",https://apps.fas.usda.gov/psdonline/downloads/
"Meal, Soybean",United States,2010,Industrial Dom. Cons.,(1000 MT),0.0,0,1,04,"USDA FAS PS&D (Production, Supply & Distribution)",https://apps.fas.usda.gov/psdonline/downloads/
"Meal, Soybean",United States,2011,Industrial Dom. Cons.,(1000 MT),0.0,0,1,04,"USDA FAS PS&D (Production, Supply & Distribution)",https://apps.fas.usda.gov/psdonline/downloads/
"Meal, Soybean",United States,2012,Industrial Dom. Cons.,(1000 MT),0.0,0,1,02,"USDA FAS PS&D (Production, Supply & Distribution)",https://apps.fas.usda.gov/psdonline/downloads/
"Meal, Soybean",United States,2013,Industrial Dom. Cons.,(1000 MT),0.0,0,1,02,"USDA FAS PS&D (Production, Supply & Distribution)",https://apps.fas.usda.gov/psdonline/downloads/
"Meal, Soybean",United States,2014,Industrial Dom. Cons.,(1000 MT),0.0,0,1,05,"USDA FAS PS&D (Production, Supply & Distribution)",https://apps.fas.usda.gov/psdonline/downloads/
"Meal, Soybean",United States,2015,Industrial Dom. Cons.,(1000 MT),0.0,0,1,07,"USDA FAS PS&D (Production, Supply & Distribution)",https://apps.fas.usda.gov/psdonline/downloads/
"Meal, Soybean",United States,2016,Industrial Dom. Cons.,(1000 MT),0.0,0,1,04,"USDA FAS PS&D (Production, Supply & Distribution)",https://apps.fas.usda.gov/psdonline/downloads/
"Meal, Soybean",United States,2017,Industrial Dom. Cons.,(1000 MT),0.0,0,1,04,"USDA FAS PS&D (Production, Supply & Distribution)",https://apps.fas.usda.gov/psdonline/downloads/
"Meal, Soybean",United States,2018,Industrial Dom. Cons.,(1000 MT),0.0,0,1,04,"USDA FAS PS&D (Production, Supply & Distribution)",https://apps.fas.usda.gov/psdonline/downloads/
"Meal, Soybean",United States,2019,Industrial Dom. Cons.,(1000 MT),0.0,0,1,04,"USDA FAS PS&D (Production, Supply & Distribution)",https://apps.fas.usda.gov/psdonline/downloads/
"Meal, Soybean",United States,2020,Industrial Dom. Cons.,(1000 MT),0.0,0,1,04,"USDA FAS PS&D (Production, Supply & Distribution)",https://apps.fas.usda.gov/psdonline/downloads/
"Meal, Soybean",United States,2021,Industrial Dom. Cons.,(1000 MT),0.0,0,1,05,"USDA FAS PS&D (Production, Supply & Distribution)",https://apps.fas.usda.gov/psdonline/downloads/
"Meal, Soybean",United States,2022,Industrial Dom. Cons.,(1000 MT),0.0,0,1,05,"USDA FAS PS&D (Production, Supply & Distribution)",https://apps.fas.usda.gov/psdonline/downloads/
"Meal, Soybean",United States,2023,Industrial Dom. Cons.,(1000 MT),0.0,0,1,05,"USDA FAS PS&D (Production, Supply & Distribution)",https://apps.fas.usda.gov/psdonline/downloads/
"Meal, Soybean",United States,2024,Industrial Dom. Cons.,(1000 MT),0.0,0,1,05,"USDA FAS PS&D (Production, Supply & Distribution)",https://apps.fas.usda.gov/psdonline/downloads/
"Meal, Soybean",United States,2025,Industrial Dom. Cons.,(1000 MT),0.0,0,1,06,"USDA FAS PS&D (Production, Supply & Distribution)",https://apps.fas.usda.gov/psdonline/downloads/
"Meal, Soybean",United States,2026,Industrial Dom. Cons.,(1000 MT),0.0,0,1,06,"USDA FAS PS&D (Production, Supply & Distribution)",https://apps.fas.usda.gov/psdonline/downloads/
"Meal, Soybean",United States,1964,Production,(1000 MT),10238.0,0,1,05,"USDA FAS PS&D (Production, Supply & Distribution)",https://apps.fas.usda.gov/psdonline/downloads/
"Meal, Soybean",United States,1965,Production,(1000 MT),11709.0,0,1,05,"USDA FAS PS&D (Production, Supply & Distribution)",https://apps.fas.usda.gov/psdonline/downloads/
"Meal, Soybean",United States,1966,Production,(1000 MT),12231.0,0,1,05,"USDA FAS PS&D (Production, Supply & Distribution)",https://apps.fas.usda.gov/psdonline/downloads/
"Meal, Soybean",United States,1967,Production,(1000 MT),12392.0,0,1,05,"USDA FAS PS&D (Production, Supply & Distribution)",https://apps.fas.usda.gov/psdonline/downloads/
"Meal, Soybean",United States,1968,Production,(1000 MT),13227.0,0,1,05,"USDA FAS PS&D (Production, Supply & Distribution)",https://apps.fas.usda.gov/psdonline/downloads/
"Meal, Soybean",United States,1969,Production,(1000 MT),15964.0,0,1,05,"USDA FAS PS&D (Production, Supply & Distribution)",https://apps.fas.usda.gov/psdonline/downloads/
"Meal, Soybean",United States,1970,Production,(1000 MT),16361.0,0,1,05,"USDA FAS PS&D (Production, Supply & Distribution)",https://apps.fas.usda.gov/psdonline/downloads/
"Meal, Soybean",United States,1971,Production,(1000 MT),15444.0,0,1,05,"USDA FAS PS&D (Production, Supply & Distribution)",https://apps.fas.usda.gov/psdonline/downloads/
"Meal, Soybean",United States,1972,Production,(1000 MT),15158.0,0,1,05,"USDA FAS PS&D (Production, Supply & Distribution)",https://apps.fas.usda.gov/psdonline/downloads/
"Meal, Soybean",United States,1973,Production,(1000 MT),17848.0,0,1,05,"USDA FAS PS&D (Production, Supply & Distribution)",https://apps.fas.usda.gov/psdonline/downloads/
"Meal, Soybean",United States,1974,Production,(1000 MT),15152.0,0,1,05,"USDA FAS PS&D (Production, Supply & Distribution)",https://apps.fas.usda.gov/psdonline/downloads/
"Meal, Soybean",United States,1975,Production,(1000 MT),18828.0,0,1,05,"USDA FAS PS&D (Production, Supply & Distribution)",https://apps.fas.usda.gov/psdonline/downloads/
"Meal, Soybean",United States,1976,Production,(1000 MT),16772.0,0,1,05,"USDA FAS PS&D (Production, Supply & Distribution)",https://apps.fas.usda.gov/psdonline/downloads/
"Meal, Soybean",United States,1977,Production,(1000 MT),20296.0,0,1,05,"USDA FAS PS&D (Production, Supply & Distribution)",https://apps.fas.usda.gov/psdonline/downloads/
"Meal, Soybean",United States,1978,Production,(1000 MT),22094.0,0,1,05,"USDA FAS PS&D (Production, Supply & Distribution)",https://apps.fas.usda.gov/psdonline/downloads/
"Meal, Soybean",United States,1979,Production,(1000 MT),24589.0,0,1,05,"USDA FAS PS&D (Production, Supply & Distribution)",https://apps.fas.usda.gov/psdonline/downloads/
"Meal, Soybean",United States,1980,Production,(1000 MT),22055.0,0,1,05,"USDA FAS PS&D (Production, Supply & Distribution)",https://apps.fas.usda.gov/psdonline/downloads/
"Meal, Soybean",United States,1981,Production,(1000 MT),22348.0,0,1,05,"USDA FAS PS&D (Production, Supply & Distribution)",https://apps.fas.usda.gov/psdonline/downloads/
"Meal, Soybean",United States,1982,Production,(1000 MT),24235.0,0,1,05,"USDA FAS PS&D (Production, Supply & Distribution)",https://apps.fas.usda.gov/psdonline/downloads/
"Meal, Soybean",United States,1983,Production,(1000 MT),20644.0,0,1,06,"USDA FAS PS&D (Production, Supply & Distribution)",https://apps.fas.usda.gov/psdonline/downloads/
"Meal, Soybean",United States,1984,Production,(1000 MT),22253.0,0,1,06,"USDA FAS PS&D (Production, Supply & Distribution)",https://apps.fas.usda.gov/psdonline/downloads/
"Meal, Soybean",United States,1985,Production,(1000 MT),22635.0,0,1,06,"USDA FAS PS&D (Production, Supply & Distribution)",https://apps.fas.usda.gov/psdonline/downloads/
"Meal, Soybean",United States,1986,Production,(1000 MT),25182.0,0,1,06,"USDA FAS PS&D (Production, Supply & Distribution)",https://apps.fas.usda.gov/psdonline/downloads/
"Meal, Soybean",United States,1987,Production,(1000 MT),25455.0,0,1,06,"USDA FAS PS&D (Production, Supply & Distribution)",https://apps.fas.usda.gov/psdonline/downloads/
"Meal, Soybean",United States,1988,Production,(1000 MT),22628.0,0,1,10,"USDA FAS PS&D (Production, Supply & Distribution)",https://apps.fas.usda.gov/psdonline/downloads/
"Meal, Soybean",United States,1989,Production,(1000 MT),25146.0,0,1,06,"USDA FAS PS&D (Production, Supply & Distribution)",https://apps.fas.usda.gov/psdonline/downloads/
"Meal, Soybean",United States,1990,Production,(1000 MT),25696.0,0,1,04,"USDA FAS PS&D (Production, Supply & Distribution)",https://apps.fas.usda.gov/psdonline/downloads/
"Meal, Soybean",United States,1991,Production,(1000 MT),27062.0,0,1,04,"USDA FAS PS&D (Production, Supply & Distribution)",https://apps.fas.usda.gov/psdonline/downloads/
"Meal, Soybean",United States,1992,Production,(1000 MT),27546.0,0,1,04,"USDA FAS PS&D (Production, Supply & Distribution)",https://apps.fas.usda.gov/psdonline/downloads/
"Meal, Soybean",United States,1993,Production,(1000 MT),27682.0,0,1,04,"USDA FAS PS&D (Production, Supply & Distribution)",https://apps.fas.usda.gov/psdonline/downloads/
"Meal, Soybean",United States,1994,Production,(1000 MT),30182.0,0,1,04,"USDA FAS PS&D (Production, Supply & Distribution)",https://apps.fas.usda.gov/psdonline/downloads/
"Meal, Soybean",United States,1995,Production,(1000 MT),29508.0,0,1,04,"USDA FAS PS&D (Production, Supply & Distribution)",https://apps.fas.usda.gov/psdonline/downloads/
"Meal, Soybean",United States,1996,Production,(1000 MT),31035.0,0,1,04,"USDA FAS PS&D (Production, Supply & Distribution)",https://apps.fas.usda.gov/psdonline/downloads/
"Meal, Soybean",United States,1997,Production,(1000 MT),34633.0,0,1,04,"USDA FAS PS&D (Production, Supply & Distribution)",https://apps.fas.usda.gov/psdonline/downloads/
"Meal, Soybean",United States,1998,Production,(1000 MT),34285.0,0,1,04,"USDA FAS PS&D (Production, Supply & Distribution)",https://apps.fas.usda.gov/psdonline/downloads/
"Meal, Soybean",United States,1999,Production,(1000 MT),34102.0,0,1,04,"USDA FAS PS&D (Production, Supply & Distribution)",https://apps.fas.usda.gov/psdonline/downloads/
"Meal, Soybean",United States,2000,Production,(1000 MT),35730.0,0,1,04,"USDA FAS PS&D (Production, Supply & Distribution)",https://apps.fas.usda.gov/psdonline/downloads/
"Meal, Soybean",United States,2001,Production,(1000 MT),36552.0,0,1,04,"USDA FAS PS&D (Production, Supply & Distribution)",https://apps.fas.usda.gov/psdonline/downloads/
"Meal, Soybean",United States,2002,Production,(1000 MT),34649.0,0,1,04,"USDA FAS PS&D (Production, Supply & Distribution)",https://apps.fas.usda.gov/psdonline/downloads/
"Meal, Soybean",United States,2003,Production,(1000 MT),32953.0,0,1,08,"USDA FAS PS&D (Production, Supply & Distribution)",https://apps.fas.usda.gov/psdonline/downloads/
"Meal, Soybean",United States,2004,Production,(1000 MT),36936.0,0,1,04,"USDA FAS PS&D (Production, Supply & Distribution)",https://apps.fas.usda.gov/psdonline/downloads/
"Meal, Soybean",United States,2005,Production,(1000 MT),37416.0,0,1,04,"USDA FAS PS&D (Production, Supply & Distribution)",https://apps.fas.usda.gov/psdonline/downloads/
"Meal, Soybean",United States,2006,Production,(1000 MT),39037.0,0,1,08,"USDA FAS PS&D (Production, Supply & Distribution)",https://apps.fas.usda.gov/psdonline/downloads/
"Meal, Soybean",United States,2007,Production,(1000 MT),38359.0,0,1,08,"USDA FAS PS&D (Production, Supply & Distribution)",https://apps.fas.usda.gov/psdonline/downloads/
"Meal, Soybean",United States,2008,Production,(1000 MT),35473.0,0,1,08,"USDA FAS PS&D (Production, Supply & Distribution)",https://apps.fas.usda.gov/psdonline/downloads/
"Meal, Soybean",United States,2009,Production,(1000 MT),37836.0,0,1,11,"USDA FAS PS&D (Production, Supply & Distribution)",https://apps.fas.usda.gov/psdonline/downloads/
"Meal, Soybean",United States,2010,Production,(1000 MT),35608.0,0,1,04,"USDA FAS PS&D (Production, Supply & Distribution)",https://apps.fas.usda.gov/psdonline/downloads/
"Meal, Soybean",United States,2011,Production,(1000 MT),37217.0,0,1,04,"USDA FAS PS&D (Production, Supply & Distribution)",https://apps.fas.usda.gov/psdonline/downloads/
"Meal, Soybean",United States,2012,Production,(1000 MT),36174.0,0,1,02,"USDA FAS PS&D (Production, Supply & Distribution)",https://apps.fas.usda.gov/psdonline/downloads/
"Meal, Soybean",United States,2013,Production,(1000 MT),36909.0,0,1,02,"USDA FAS PS&D (Production, Supply & Distribution)",https://apps.fas.usda.gov/psdonline/downloads/
"Meal, Soybean",United States,2014,Production,(1000 MT),40880.0,0,1,05,"USDA FAS PS&D (Production, Supply & Distribution)",https://apps.fas.usda.gov/psdonline/downloads/
"Meal, Soybean",United States,2015,Production,(1000 MT),40525.0,0,1,07,"USDA FAS PS&D (Production, Supply & Distribution)",https://apps.fas.usda.gov/psdonline/downloads/
"Meal, Soybean",United States,2016,Production,(1000 MT),40630.0,0,1,04,"USDA FAS PS&D (Production, Supply & Distribution)",https://apps.fas.usda.gov/psdonline/downloads/
"Meal, Soybean",United States,2017,Production,(1000 MT),44657.0,0,1,04,"USDA FAS PS&D (Production, Supply & Distribution)",https://apps.fas.usda.gov/psdonline/downloads/
"Meal, Soybean",United States,2018,Production,(1000 MT),44283.0,0,1,04,"USDA FAS PS&D (Production, Supply & Distribution)",https://apps.fas.usda.gov/psdonline/downloads/
"Meal, Soybean",United States,2019,Production,(1000 MT),46358.0,0,1,04,"USDA FAS PS&D (Production, Supply & Distribution)",https://apps.fas.usda.gov/psdonline/downloads/
"Meal, Soybean",United States,2020,Production,(1000 MT),45872.0,0,1,04,"USDA FAS PS&D (Production, Supply & Distribution)",https://apps.fas.usda.gov/psdonline/downloads/
"Meal, Soybean",United States,2021,Production,(1000 MT),47005.0,0,1,05,"USDA FAS PS&D (Production, Supply & Distribution)",https://apps.fas.usda.gov/psdonline/downloads/
"Meal, Soybean",United States,2022,Production,(1000 MT),47621.0,0,1,05,"USDA FAS PS&D (Production, Supply & Distribution)",https://apps.fas.usda.gov/psdonline/downloads/
"Meal, Soybean",United States,2023,Production,(1000 MT),49084.0,0,1,05,"USDA FAS PS&D (Production, Supply & Distribution)",https://apps.fas.usda.gov/psdonline/downloads/
"Meal, Soybean",United States,2024,Production,(1000 MT),53019.0,0,1,05,"USDA FAS PS&D (Production, Supply & Distribution)",https://apps.fas.usda.gov/psdonline/downloads/
"Meal, Soybean",United States,2025,Production,(1000 MT),57200.0,0,1,06,"USDA FAS PS&D (Production, Supply & Distribution)",https://apps.fas.usda.gov/psdonline/downloads/
"Meal, Soybean",United States,2026,Production,(1000 MT),58990.0,0,1,06,"USDA FAS PS&D (Production, Supply & Distribution)",https://apps.fas.usda.gov/psdonline/downloads/
"Meal, Soybean",United States,1964,SME,(1000 MT),8405.0,0,1,05,"USDA FAS PS&D (Production, Supply & Distribution)",https://apps.fas.usda.gov/psdonline/downloads/
"Meal, Soybean",United States,1965,SME,(1000 MT),9326.0,0,1,05,"USDA FAS PS&D (Production, Supply & Distribution)",https://apps.fas.usda.gov/psdonline/downloads/
"Meal, Soybean",United States,1966,SME,(1000 MT),9815.0,0,1,05,"USDA FAS PS&D (Production, Supply & Distribution)",https://apps.fas.usda.gov/psdonline/downloads/
"Meal, Soybean",United States,1967,SME,(1000 MT),9755.0,0,1,05,"USDA FAS PS&D (Production, Supply & Distribution)",https://apps.fas.usda.gov/psdonline/downloads/
"Meal, Soybean",United States,1968,SME,(1000 MT),10455.0,0,1,05,"USDA FAS PS&D (Production, Supply & Distribution)",https://apps.fas.usda.gov/psdonline/downloads/
"Meal, Soybean",United States,1969,SME,(1000 MT),12321.0,0,1,05,"USDA FAS PS&D (Production, Supply & Distribution)",https://apps.fas.usda.gov/psdonline/downloads/
"Meal, Soybean",United States,1970,SME,(1000 MT),12217.0,0,1,05,"USDA FAS PS&D (Production, Supply & Distribution)",https://apps.fas.usda.gov/psdonline/downloads/
"Meal, Soybean",United States,1971,SME,(1000 MT),11950.0,0,1,05,"USDA FAS PS&D (Production, Supply & Distribution)",https://apps.fas.usda.gov/psdonline/downloads/
"Meal, Soybean",United States,1972,SME,(1000 MT),10862.0,0,1,05,"USDA FAS PS&D (Production, Supply & Distribution)",https://apps.fas.usda.gov/psdonline/downloads/
"Meal, Soybean",United States,1973,SME,(1000 MT),12521.0,0,1,05,"USDA FAS PS&D (Production, Supply & Distribution)",https://apps.fas.usda.gov/psdonline/downloads/
"Meal, Soybean",United States,1974,SME,(1000 MT),11387.0,0,1,05,"USDA FAS PS&D (Production, Supply & Distribution)",https://apps.fas.usda.gov/psdonline/downloads/
"Meal, Soybean",United States,1975,SME,(1000 MT),14164.0,0,1,05,"USDA FAS PS&D (Production, Supply & Distribution)",https://apps.fas.usda.gov/psdonline/downloads/
"Meal, Soybean",United States,1976,SME,(1000 MT),12751.0,0,1,05,"USDA FAS PS&D (Production, Supply & Distribution)",https://apps.fas.usda.gov/psdonline/downloads/
"Meal, Soybean",United States,1977,SME,(1000 MT),14767.0,0,1,05,"USDA FAS PS&D (Production, Supply & Distribution)",https://apps.fas.usda.gov/psdonline/downloads/
"Meal, Soybean",United States,1978,SME,(1000 MT),16075.0,0,1,05,"USDA FAS PS&D (Production, Supply & Distribution)",https://apps.fas.usda.gov/psdonline/downloads/
"Meal, Soybean",United States,1979,SME,(1000 MT),17430.0,0,1,05,"USDA FAS PS&D (Production, Supply & Distribution)",https://apps.fas.usda.gov/psdonline/downloads/
"Meal, Soybean",United States,1980,SME,(1000 MT),15958.0,0,1,05,"USDA FAS PS&D (Production, Supply & Distribution)",https://apps.fas.usda.gov/psdonline/downloads/
"Meal, Soybean",United States,1981,SME,(1000 MT),16071.0,0,1,05,"USDA FAS PS&D (Production, Supply & Distribution)",https://apps.fas.usda.gov/psdonline/downloads/
"Meal, Soybean",United States,1982,SME,(1000 MT),17515.0,0,1,05,"USDA FAS PS&D (Production, Supply & Distribution)",https://apps.fas.usda.gov/psdonline/downloads/
"Meal, Soybean",United States,1983,SME,(1000 MT),15980.0,0,1,06,"USDA FAS PS&D (Production, Supply & Distribution)",https://apps.fas.usda.gov/psdonline/downloads/
"Meal, Soybean",United States,1984,SME,(1000 MT),17707.0,0,1,06,"USDA FAS PS&D (Production, Supply & Distribution)",https://apps.fas.usda.gov/psdonline/downloads/
"Meal, Soybean",United States,1985,SME,(1000 MT),17318.0,0,1,06,"USDA FAS PS&D (Production, Supply & Distribution)",https://apps.fas.usda.gov/psdonline/downloads/
"Meal, Soybean",United States,1986,SME,(1000 MT),18539.0,0,1,06,"USDA FAS PS&D (Production, Supply & Distribution)",https://apps.fas.usda.gov/psdonline/downloads/
"Meal, Soybean",United States,1987,SME,(1000 MT),19342.0,0,1,06,"USDA FAS PS&D (Production, Supply & Distribution)",https://apps.fas.usda.gov/psdonline/downloads/
"Meal, Soybean",United States,1988,SME,(1000 MT),17689.0,0,1,10,"USDA FAS PS&D (Production, Supply & Distribution)",https://apps.fas.usda.gov/psdonline/downloads/
"Meal, Soybean",United States,1989,SME,(1000 MT),20133.0,0,1,06,"USDA FAS PS&D (Production, Supply & Distribution)",https://apps.fas.usda.gov/psdonline/downloads/
"Meal, Soybean",United States,1990,SME,(1000 MT),20661.0,0,1,04,"USDA FAS PS&D (Production, Supply & Distribution)",https://apps.fas.usda.gov/psdonline/downloads/
"Meal, Soybean",United States,1991,SME,(1000 MT),20733.0,0,1,04,"USDA FAS PS&D (Production, Supply & Distribution)",https://apps.fas.usda.gov/psdonline/downloads/
"Meal, Soybean",United States,1992,SME,(1000 MT),21851.0,0,1,04,"USDA FAS PS&D (Production, Supply & Distribution)",https://apps.fas.usda.gov/psdonline/downloads/
"Meal, Soybean",United States,1993,SME,(1000 MT),22828.0,0,1,04,"USDA FAS PS&D (Production, Supply & Distribution)",https://apps.fas.usda.gov/psdonline/downloads/
"Meal, Soybean",United States,1994,SME,(1000 MT),23974.0,0,1,04,"USDA FAS PS&D (Production, Supply & Distribution)",https://apps.fas.usda.gov/psdonline/downloads/
"Meal, Soybean",United States,1995,SME,(1000 MT),24085.0,0,1,04,"USDA FAS PS&D (Production, Supply & Distribution)",https://apps.fas.usda.gov/psdonline/downloads/
"Meal, Soybean",United States,1996,SME,(1000 MT),24694.0,0,1,04,"USDA FAS PS&D (Production, Supply & Distribution)",https://apps.fas.usda.gov/psdonline/downloads/
"Meal, Soybean",United States,1997,SME,(1000 MT),25964.0,0,1,04,"USDA FAS PS&D (Production, Supply & Distribution)",https://apps.fas.usda.gov/psdonline/downloads/
"Meal, Soybean",United States,1998,SME,(1000 MT),27305.0,0,1,04,"USDA FAS PS&D (Production, Supply & Distribution)",https://apps.fas.usda.gov/psdonline/downloads/
"Meal, Soybean",United States,1999,SME,(1000 MT),27289.0,0,1,04,"USDA FAS PS&D (Production, Supply & Distribution)",https://apps.fas.usda.gov/psdonline/downloads/
"Meal, Soybean",United States,2000,SME,(1000 MT),28363.0,0,1,04,"USDA FAS PS&D (Production, Supply & Distribution)",https://apps.fas.usda.gov/psdonline/downloads/
"Meal, Soybean",United States,2001,SME,(1000 MT),29545.0,0,1,04,"USDA FAS PS&D (Production, Supply & Distribution)",https://apps.fas.usda.gov/psdonline/downloads/
"Meal, Soybean",United States,2002,SME,(1000 MT),29096.0,0,1,04,"USDA FAS PS&D (Production, Supply & Distribution)",https://apps.fas.usda.gov/psdonline/downloads/
"Meal, Soybean",United States,2003,SME,(1000 MT),28531.0,0,1,08,"USDA FAS PS&D (Production, Supply & Distribution)",https://apps.fas.usda.gov/psdonline/downloads/
"Meal, Soybean",United States,2004,SME,(1000 MT),30446.0,0,1,04,"USDA FAS PS&D (Production, Supply & Distribution)",https://apps.fas.usda.gov/psdonline/downloads/
"Meal, Soybean",United States,2005,SME,(1000 MT),30114.0,0,1,04,"USDA FAS PS&D (Production, Supply & Distribution)",https://apps.fas.usda.gov/psdonline/downloads/
"Meal, Soybean",United States,2006,SME,(1000 MT),31166.0,0,1,08,"USDA FAS PS&D (Production, Supply & Distribution)",https://apps.fas.usda.gov/psdonline/downloads/
"Meal, Soybean",United States,2007,SME,(1000 MT),30147.0,0,1,08,"USDA FAS PS&D (Production, Supply & Distribution)",https://apps.fas.usda.gov/psdonline/downloads/
"Meal, Soybean",United States,2008,SME,(1000 MT),27899.0,0,1,08,"USDA FAS PS&D (Production, Supply & Distribution)",https://apps.fas.usda.gov/psdonline/downloads/
"Meal, Soybean",United States,2009,SME,(1000 MT),27795.0,0,1,11,"USDA FAS PS&D (Production, Supply & Distribution)",https://apps.fas.usda.gov/psdonline/downloads/
"Meal, Soybean",United States,2010,SME,(1000 MT),27489.0,0,1,04,"USDA FAS PS&D (Production, Supply & Distribution)",https://apps.fas.usda.gov/psdonline/downloads/
"Meal, Soybean",United States,2011,SME,(1000 MT),28614.0,0,1,04,"USDA FAS PS&D (Production, Supply & Distribution)",https://apps.fas.usda.gov/psdonline/downloads/
"Meal, Soybean",United States,2012,SME,(1000 MT),26308.0,0,1,02,"USDA FAS PS&D (Production, Supply & Distribution)",https://apps.fas.usda.gov/psdonline/downloads/
"Meal, Soybean",United States,2013,SME,(1000 MT),26774.0,0,1,02,"USDA FAS PS&D (Production, Supply & Distribution)",https://apps.fas.usda.gov/psdonline/downloads/
"Meal, Soybean",United States,2014,SME,(1000 MT),29282.0,0,1,05,"USDA FAS PS&D (Production, Supply & Distribution)",https://apps.fas.usda.gov/psdonline/downloads/
"Meal, Soybean",United States,2015,SME,(1000 MT),30037.0,0,1,07,"USDA FAS PS&D (Production, Supply & Distribution)",https://apps.fas.usda.gov/psdonline/downloads/
"Meal, Soybean",United States,2016,SME,(1000 MT),30314.0,0,1,04,"USDA FAS PS&D (Production, Supply & Distribution)",https://apps.fas.usda.gov/psdonline/downloads/
"Meal, Soybean",United States,2017,SME,(1000 MT),32237.0,0,1,04,"USDA FAS PS&D (Production, Supply & Distribution)",https://apps.fas.usda.gov/psdonline/downloads/
"Meal, Soybean",United States,2018,SME,(1000 MT),32901.0,0,1,04,"USDA FAS PS&D (Production, Supply & Distribution)",https://apps.fas.usda.gov/psdonline/downloads/
"Meal, Soybean",United States,2019,SME,(1000 MT),34444.0,0,1,04,"USDA FAS PS&D (Production, Supply & Distribution)",https://apps.fas.usda.gov/psdonline/downloads/
"Meal, Soybean",United States,2020,SME,(1000 MT),34179.0,0,1,04,"USDA FAS PS&D (Production, Supply & Distribution)",https://apps.fas.usda.gov/psdonline/downloads/
"Meal, Soybean",United States,2021,SME,(1000 MT),35323.0,0,1,05,"USDA FAS PS&D (Production, Supply & Distribution)",https://apps.fas.usda.gov/psdonline/downloads/
"Meal, Soybean",United States,2022,SME,(1000 MT),34946.0,0,1,05,"USDA FAS PS&D (Production, Supply & Distribution)",https://apps.fas.usda.gov/psdonline/downloads/
"Meal, Soybean",United States,2023,SME,(1000 MT),35068.0,0,1,05,"USDA FAS PS&D (Production, Supply & Distribution)",https://apps.fas.usda.gov/psdonline/downloads/
"Meal, Soybean",United States,2024,SME,(1000 MT),37231.0,0,1,05,"USDA FAS PS&D (Production, Supply & Distribution)",https://apps.fas.usda.gov/psdonline/downloads/
"Meal, Soybean",United States,2025,SME,(1000 MT),39757.0,0,1,06,"USDA FAS PS&D (Production, Supply & Distribution)",https://apps.fas.usda.gov/psdonline/downloads/
"Meal, Soybean",United States,2026,SME,(1000 MT),40030.0,0,1,06,"USDA FAS PS&D (Production, Supply & Distribution)",https://apps.fas.usda.gov/psdonline/downloads/
"Meal, Soybean",United States,1964,Total Distribution,(1000 MT),10348.0,0,1,05,"USDA FAS PS&D (Production, Supply & Distribution)",https://apps.fas.usda.gov/psdonline/downloads/
"Meal, Soybean",United States,1965,Total Distribution,(1000 MT),11805.0,0,1,05,"USDA FAS PS&D (Production, Supply & Distribution)",https://apps.fas.usda.gov/psdonline/downloads/
"Meal, Soybean",United States,1966,Total Distribution,(1000 MT),12350.0,0,1,05,"USDA FAS PS&D (Production, Supply & Distribution)",https://apps.fas.usda.gov/psdonline/downloads/
"Meal, Soybean",United States,1967,Total Distribution,(1000 MT),12517.0,0,1,05,"USDA FAS PS&D (Production, Supply & Distribution)",https://apps.fas.usda.gov/psdonline/downloads/
"Meal, Soybean",United States,1968,Total Distribution,(1000 MT),13359.0,0,1,05,"USDA FAS PS&D (Production, Supply & Distribution)",https://apps.fas.usda.gov/psdonline/downloads/
"Meal, Soybean",United States,1969,Total Distribution,(1000 MT),16106.0,0,1,05,"USDA FAS PS&D (Production, Supply & Distribution)",https://apps.fas.usda.gov/psdonline/downloads/
"Meal, Soybean",United States,1970,Total Distribution,(1000 MT),16485.0,0,1,05,"USDA FAS PS&D (Production, Supply & Distribution)",https://apps.fas.usda.gov/psdonline/downloads/
"Meal, Soybean",United States,1971,Total Distribution,(1000 MT),15576.0,0,1,05,"USDA FAS PS&D (Production, Supply & Distribution)",https://apps.fas.usda.gov/psdonline/downloads/
"Meal, Soybean",United States,1972,Total Distribution,(1000 MT),15332.0,0,1,05,"USDA FAS PS&D (Production, Supply & Distribution)",https://apps.fas.usda.gov/psdonline/downloads/
"Meal, Soybean",United States,1973,Total Distribution,(1000 MT),18014.0,0,1,05,"USDA FAS PS&D (Production, Supply & Distribution)",https://apps.fas.usda.gov/psdonline/downloads/
"Meal, Soybean",United States,1974,Total Distribution,(1000 MT),15612.0,0,1,05,"USDA FAS PS&D (Production, Supply & Distribution)",https://apps.fas.usda.gov/psdonline/downloads/
"Meal, Soybean",United States,1975,Total Distribution,(1000 MT),19153.0,0,1,05,"USDA FAS PS&D (Production, Supply & Distribution)",https://apps.fas.usda.gov/psdonline/downloads/
"Meal, Soybean",United States,1976,Total Distribution,(1000 MT),17094.0,0,1,05,"USDA FAS PS&D (Production, Supply & Distribution)",https://apps.fas.usda.gov/psdonline/downloads/
"Meal, Soybean",United States,1977,Total Distribution,(1000 MT),20503.0,0,1,05,"USDA FAS PS&D (Production, Supply & Distribution)",https://apps.fas.usda.gov/psdonline/downloads/
"Meal, Soybean",United States,1978,Total Distribution,(1000 MT),22314.0,0,1,05,"USDA FAS PS&D (Production, Supply & Distribution)",https://apps.fas.usda.gov/psdonline/downloads/
"Meal, Soybean",United States,1979,Total Distribution,(1000 MT),24831.0,0,1,05,"USDA FAS PS&D (Production, Supply & Distribution)",https://apps.fas.usda.gov/psdonline/downloads/
"Meal, Soybean",United States,1980,Total Distribution,(1000 MT),22260.0,0,1,05,"USDA FAS PS&D (Production, Supply & Distribution)",https://apps.fas.usda.gov/psdonline/downloads/
"Meal, Soybean",United States,1981,Total Distribution,(1000 MT),22496.0,0,1,05,"USDA FAS PS&D (Production, Supply & Distribution)",https://apps.fas.usda.gov/psdonline/downloads/
"Meal, Soybean",United States,1982,Total Distribution,(1000 MT),24394.0,0,1,05,"USDA FAS PS&D (Production, Supply & Distribution)",https://apps.fas.usda.gov/psdonline/downloads/
"Meal, Soybean",United States,1983,Total Distribution,(1000 MT),21074.0,0,1,06,"USDA FAS PS&D (Production, Supply & Distribution)",https://apps.fas.usda.gov/psdonline/downloads/
"Meal, Soybean",United States,1984,Total Distribution,(1000 MT),22484.0,0,1,06,"USDA FAS PS&D (Production, Supply & Distribution)",https://apps.fas.usda.gov/psdonline/downloads/
"Meal, Soybean",United States,1985,Total Distribution,(1000 MT),22986.0,0,1,06,"USDA FAS PS&D (Production, Supply & Distribution)",https://apps.fas.usda.gov/psdonline/downloads/
"Meal, Soybean",United States,1986,Total Distribution,(1000 MT),25374.0,0,1,06,"USDA FAS PS&D (Production, Supply & Distribution)",https://apps.fas.usda.gov/psdonline/downloads/
"Meal, Soybean",United States,1987,Total Distribution,(1000 MT),25672.0,0,1,06,"USDA FAS PS&D (Production, Supply & Distribution)",https://apps.fas.usda.gov/psdonline/downloads/
"Meal, Soybean",United States,1988,Total Distribution,(1000 MT),22783.0,0,1,10,"USDA FAS PS&D (Production, Supply & Distribution)",https://apps.fas.usda.gov/psdonline/downloads/
"Meal, Soybean",United States,1989,Total Distribution,(1000 MT),25336.0,0,1,06,"USDA FAS PS&D (Production, Supply & Distribution)",https://apps.fas.usda.gov/psdonline/downloads/
"Meal, Soybean",United States,1990,Total Distribution,(1000 MT),26030.0,0,1,04,"USDA FAS PS&D (Production, Supply & Distribution)",https://apps.fas.usda.gov/psdonline/downloads/
"Meal, Soybean",United States,1991,Total Distribution,(1000 MT),27384.0,0,1,04,"USDA FAS PS&D (Production, Supply & Distribution)",https://apps.fas.usda.gov/psdonline/downloads/
"Meal, Soybean",United States,1992,Total Distribution,(1000 MT),27841.0,0,1,04,"USDA FAS PS&D (Production, Supply & Distribution)",https://apps.fas.usda.gov/psdonline/downloads/
"Meal, Soybean",United States,1993,Total Distribution,(1000 MT),27936.0,0,1,04,"USDA FAS PS&D (Production, Supply & Distribution)",https://apps.fas.usda.gov/psdonline/downloads/
"Meal, Soybean",United States,1994,Total Distribution,(1000 MT),30382.0,0,1,04,"USDA FAS PS&D (Production, Supply & Distribution)",https://apps.fas.usda.gov/psdonline/downloads/
"Meal, Soybean",United States,1995,Total Distribution,(1000 MT),29802.0,0,1,04,"USDA FAS PS&D (Production, Supply & Distribution)",https://apps.fas.usda.gov/psdonline/downloads/
"Meal, Soybean",United States,1996,Total Distribution,(1000 MT),31336.0,0,1,04,"USDA FAS PS&D (Production, Supply & Distribution)",https://apps.fas.usda.gov/psdonline/downloads/
"Meal, Soybean",United States,1997,Total Distribution,(1000 MT),34884.0,0,1,04,"USDA FAS PS&D (Production, Supply & Distribution)",https://apps.fas.usda.gov/psdonline/downloads/
"Meal, Soybean",United States,1998,Total Distribution,(1000 MT),34584.0,0,1,04,"USDA FAS PS&D (Production, Supply & Distribution)",https://apps.fas.usda.gov/psdonline/downloads/
"Meal, Soybean",United States,1999,Total Distribution,(1000 MT),34467.0,0,1,04,"USDA FAS PS&D (Production, Supply & Distribution)",https://apps.fas.usda.gov/psdonline/downloads/
"Meal, Soybean",United States,2000,Total Distribution,(1000 MT),36046.0,0,1,04,"USDA FAS PS&D (Production, Supply & Distribution)",https://apps.fas.usda.gov/psdonline/downloads/
"Meal, Soybean",United States,2001,Total Distribution,(1000 MT),37034.0,0,1,04,"USDA FAS PS&D (Production, Supply & Distribution)",https://apps.fas.usda.gov/psdonline/downloads/
"Meal, Soybean",United States,2002,Total Distribution,(1000 MT),35024.0,0,1,04,"USDA FAS PS&D (Production, Supply & Distribution)",https://apps.fas.usda.gov/psdonline/downloads/
"Meal, Soybean",United States,2003,Total Distribution,(1000 MT),33412.0,0,1,08,"USDA FAS PS&D (Production, Supply & Distribution)",https://apps.fas.usda.gov/psdonline/downloads/
"Meal, Soybean",United States,2004,Total Distribution,(1000 MT),37261.0,0,1,04,"USDA FAS PS&D (Production, Supply & Distribution)",https://apps.fas.usda.gov/psdonline/downloads/
"Meal, Soybean",United States,2005,Total Distribution,(1000 MT),37700.0,0,1,04,"USDA FAS PS&D (Production, Supply & Distribution)",https://apps.fas.usda.gov/psdonline/downloads/
"Meal, Soybean",United States,2006,Total Distribution,(1000 MT),39464.0,0,1,08,"USDA FAS PS&D (Production, Supply & Distribution)",https://apps.fas.usda.gov/psdonline/downloads/
"Meal, Soybean",United States,2007,Total Distribution,(1000 MT),38798.0,0,1,08,"USDA FAS PS&D (Production, Supply & Distribution)",https://apps.fas.usda.gov/psdonline/downloads/
"Meal, Soybean",United States,2008,Total Distribution,(1000 MT),35820.0,0,1,08,"USDA FAS PS&D (Production, Supply & Distribution)",https://apps.fas.usda.gov/psdonline/downloads/
"Meal, Soybean",United States,2009,Total Distribution,(1000 MT),38194.0,0,1,11,"USDA FAS PS&D (Production, Supply & Distribution)",https://apps.fas.usda.gov/psdonline/downloads/
"Meal, Soybean",United States,2010,Total Distribution,(1000 MT),36045.0,0,1,04,"USDA FAS PS&D (Production, Supply & Distribution)",https://apps.fas.usda.gov/psdonline/downloads/
"Meal, Soybean",United States,2011,Total Distribution,(1000 MT),37731.0,0,1,04,"USDA FAS PS&D (Production, Supply & Distribution)",https://apps.fas.usda.gov/psdonline/downloads/
"Meal, Soybean",United States,2012,Total Distribution,(1000 MT),36668.0,0,1,02,"USDA FAS PS&D (Production, Supply & Distribution)",https://apps.fas.usda.gov/psdonline/downloads/
"Meal, Soybean",United States,2013,Total Distribution,(1000 MT),37505.0,0,1,02,"USDA FAS PS&D (Production, Supply & Distribution)",https://apps.fas.usda.gov/psdonline/downloads/
"Meal, Soybean",United States,2014,Total Distribution,(1000 MT),41409.0,0,1,05,"USDA FAS PS&D (Production, Supply & Distribution)",https://apps.fas.usda.gov/psdonline/downloads/
"Meal, Soybean",United States,2015,Total Distribution,(1000 MT),41119.0,0,1,07,"USDA FAS PS&D (Production, Supply & Distribution)",https://apps.fas.usda.gov/psdonline/downloads/
"Meal, Soybean",United States,2016,Total Distribution,(1000 MT),41182.0,0,1,04,"USDA FAS PS&D (Production, Supply & Distribution)",https://apps.fas.usda.gov/psdonline/downloads/
"Meal, Soybean",United States,2017,Total Distribution,(1000 MT),45458.0,0,1,04,"USDA FAS PS&D (Production, Supply & Distribution)",https://apps.fas.usda.gov/psdonline/downloads/
"Meal, Soybean",United States,2018,Total Distribution,(1000 MT),45407.0,0,1,04,"USDA FAS PS&D (Production, Supply & Distribution)",https://apps.fas.usda.gov/psdonline/downloads/
"Meal, Soybean",United States,2019,Total Distribution,(1000 MT),47303.0,0,1,04,"USDA FAS PS&D (Production, Supply & Distribution)",https://apps.fas.usda.gov/psdonline/downloads/
"Meal, Soybean",United States,2020,Total Distribution,(1000 MT),46894.0,0,1,04,"USDA FAS PS&D (Production, Supply & Distribution)",https://apps.fas.usda.gov/psdonline/downloads/
"Meal, Soybean",United States,2021,Total Distribution,(1000 MT),47908.0,0,1,05,"USDA FAS PS&D (Production, Supply & Distribution)",https://apps.fas.usda.gov/psdonline/downloads/
"Meal, Soybean",United States,2022,Total Distribution,(1000 MT),48478.0,0,1,05,"USDA FAS PS&D (Production, Supply & Distribution)",https://apps.fas.usda.gov/psdonline/downloads/
"Meal, Soybean",United States,2023,Total Distribution,(1000 MT),50043.0,0,1,05,"USDA FAS PS&D (Production, Supply & Distribution)",https://apps.fas.usda.gov/psdonline/downloads/
"Meal, Soybean",United States,2024,Total Distribution,(1000 MT),54162.0,0,1,05,"USDA FAS PS&D (Production, Supply & Distribution)",https://apps.fas.usda.gov/psdonline/downloads/
"Meal, Soybean",United States,2025,Total Distribution,(1000 MT),58309.0,0,1,06,"USDA FAS PS&D (Production, Supply & Distribution)",https://apps.fas.usda.gov/psdonline/downloads/
"Meal, Soybean",United States,2026,Total Distribution,(1000 MT),60124.0,0,1,06,"USDA FAS PS&D (Production, Supply & Distribution)",https://apps.fas.usda.gov/psdonline/downloads/
"Meal, Soybean",United States,1964,Total Supply,(1000 MT),10348.0,0,1,05,"USDA FAS PS&D (Production, Supply & Distribution)",https://apps.fas.usda.gov/psdonline/downloads/
"Meal, Soybean",United States,1965,Total Supply,(1000 MT),11805.0,0,1,05,"USDA FAS PS&D (Production, Supply & Distribution)",https://apps.fas.usda.gov/psdonline/downloads/
"Meal, Soybean",United States,1966,Total Supply,(1000 MT),12350.0,0,1,05,"USDA FAS PS&D (Production, Supply & Distribution)",https://apps.fas.usda.gov/psdonline/downloads/
"Meal, Soybean",United States,1967,Total Supply,(1000 MT),12517.0,0,1,05,"USDA FAS PS&D (Production, Supply & Distribution)",https://apps.fas.usda.gov/psdonline/downloads/
"Meal, Soybean",United States,1968,Total Supply,(1000 MT),13359.0,0,1,05,"USDA FAS PS&D (Production, Supply & Distribution)",https://apps.fas.usda.gov/psdonline/downloads/
"Meal, Soybean",United States,1969,Total Supply,(1000 MT),16106.0,0,1,05,"USDA FAS PS&D (Production, Supply & Distribution)",https://apps.fas.usda.gov/psdonline/downloads/
"Meal, Soybean",United States,1970,Total Supply,(1000 MT),16485.0,0,1,05,"USDA FAS PS&D (Production, Supply & Distribution)",https://apps.fas.usda.gov/psdonline/downloads/
"Meal, Soybean",United States,1971,Total Supply,(1000 MT),15576.0,0,1,05,"USDA FAS PS&D (Production, Supply & Distribution)",https://apps.fas.usda.gov/psdonline/downloads/
"Meal, Soybean",United States,1972,Total Supply,(1000 MT),15332.0,0,1,05,"USDA FAS PS&D (Production, Supply & Distribution)",https://apps.fas.usda.gov/psdonline/downloads/
"Meal, Soybean",United States,1973,Total Supply,(1000 MT),18014.0,0,1,05,"USDA FAS PS&D (Production, Supply & Distribution)",https://apps.fas.usda.gov/psdonline/downloads/
"Meal, Soybean",United States,1974,Total Supply,(1000 MT),15612.0,0,1,05,"USDA FAS PS&D (Production, Supply & Distribution)",https://apps.fas.usda.gov/psdonline/downloads/
"Meal, Soybean",United States,1975,Total Supply,(1000 MT),19153.0,0,1,05,"USDA FAS PS&D (Production, Supply & Distribution)",https://apps.fas.usda.gov/psdonline/downloads/
"Meal, Soybean",United States,1976,Total Supply,(1000 MT),17094.0,0,1,05,"USDA FAS PS&D (Production, Supply & Distribution)",https://apps.fas.usda.gov/psdonline/downloads/
"Meal, Soybean",United States,1977,Total Supply,(1000 MT),20503.0,0,1,05,"USDA FAS PS&D (Production, Supply & Distribution)",https://apps.fas.usda.gov/psdonline/downloads/
"Meal, Soybean",United States,1978,Total Supply,(1000 MT),22314.0,0,1,05,"USDA FAS PS&D (Production, Supply & Distribution)",https://apps.fas.usda.gov/psdonline/downloads/
"Meal, Soybean",United States,1979,Total Supply,(1000 MT),24831.0,0,1,05,"USDA FAS PS&D (Production, Supply & Distribution)",https://apps.fas.usda.gov/psdonline/downloads/
"Meal, Soybean",United States,1980,Total Supply,(1000 MT),22260.0,0,1,05,"USDA FAS PS&D (Production, Supply & Distribution)",https://apps.fas.usda.gov/psdonline/downloads/
"Meal, Soybean",United States,1981,Total Supply,(1000 MT),22496.0,0,1,05,"USDA FAS PS&D (Production, Supply & Distribution)",https://apps.fas.usda.gov/psdonline/downloads/
"Meal, Soybean",United States,1982,Total Supply,(1000 MT),24394.0,0,1,05,"USDA FAS PS&D (Production, Supply & Distribution)",https://apps.fas.usda.gov/psdonline/downloads/
"Meal, Soybean",United States,1983,Total Supply,(1000 MT),21074.0,0,1,06,"USDA FAS PS&D (Production, Supply & Distribution)",https://apps.fas.usda.gov/psdonline/downloads/
"Meal, Soybean",United States,1984,Total Supply,(1000 MT),22484.0,0,1,06,"USDA FAS PS&D (Production, Supply & Distribution)",https://apps.fas.usda.gov/psdonline/downloads/
"Meal, Soybean",United States,1985,Total Supply,(1000 MT),22986.0,0,1,06,"USDA FAS PS&D (Production, Supply & Distribution)",https://apps.fas.usda.gov/psdonline/downloads/
"Meal, Soybean",United States,1986,Total Supply,(1000 MT),25374.0,0,1,06,"USDA FAS PS&D (Production, Supply & Distribution)",https://apps.fas.usda.gov/psdonline/downloads/
"Meal, Soybean",United States,1987,Total Supply,(1000 MT),25672.0,0,1,06,"USDA FAS PS&D (Production, Supply & Distribution)",https://apps.fas.usda.gov/psdonline/downloads/
"Meal, Soybean",United States,1988,Total Supply,(1000 MT),22783.0,0,1,10,"USDA FAS PS&D (Production, Supply & Distribution)",https://apps.fas.usda.gov/psdonline/downloads/
"Meal, Soybean",United States,1989,Total Supply,(1000 MT),25336.0,0,1,06,"USDA FAS PS&D (Production, Supply & Distribution)",https://apps.fas.usda.gov/psdonline/downloads/
"Meal, Soybean",United States,1990,Total Supply,(1000 MT),26030.0,0,1,04,"USDA FAS PS&D (Production, Supply & Distribution)",https://apps.fas.usda.gov/psdonline/downloads/
"Meal, Soybean",United States,1991,Total Supply,(1000 MT),27384.0,0,1,04,"USDA FAS PS&D (Production, Supply & Distribution)",https://apps.fas.usda.gov/psdonline/downloads/
"Meal, Soybean",United States,1992,Total Supply,(1000 MT),27841.0,0,1,04,"USDA FAS PS&D (Production, Supply & Distribution)",https://apps.fas.usda.gov/psdonline/downloads/
"Meal, Soybean",United States,1993,Total Supply,(1000 MT),27936.0,0,1,04,"USDA FAS PS&D (Production, Supply & Distribution)",https://apps.fas.usda.gov/psdonline/downloads/
"Meal, Soybean",United States,1994,Total Supply,(1000 MT),30382.0,0,1,04,"USDA FAS PS&D (Production, Supply & Distribution)",https://apps.fas.usda.gov/psdonline/downloads/
"Meal, Soybean",United States,1995,Total Supply,(1000 MT),29802.0,0,1,04,"USDA FAS PS&D (Production, Supply & Distribution)",https://apps.fas.usda.gov/psdonline/downloads/
"Meal, Soybean",United States,1996,Total Supply,(1000 MT),31336.0,0,1,04,"USDA FAS PS&D (Production, Supply & Distribution)",https://apps.fas.usda.gov/psdonline/downloads/
"Meal, Soybean",United States,1997,Total Supply,(1000 MT),34884.0,0,1,04,"USDA FAS PS&D (Production, Supply & Distribution)",https://apps.fas.usda.gov/psdonline/downloads/
"Meal, Soybean",United States,1998,Total Supply,(1000 MT),34584.0,0,1,04,"USDA FAS PS&D (Production, Supply & Distribution)",https://apps.fas.usda.gov/psdonline/downloads/
"Meal, Soybean",United States,1999,Total Supply,(1000 MT),34467.0,0,1,04,"USDA FAS PS&D (Production, Supply & Distribution)",https://apps.fas.usda.gov/psdonline/downloads/
"Meal, Soybean",United States,2000,Total Supply,(1000 MT),36046.0,0,1,04,"USDA FAS PS&D (Production, Supply & Distribution)",https://apps.fas.usda.gov/psdonline/downloads/
"Meal, Soybean",United States,2001,Total Supply,(1000 MT),37034.0,0,1,04,"USDA FAS PS&D (Production, Supply & Distribution)",https://apps.fas.usda.gov/psdonline/downloads/
"Meal, Soybean",United States,2002,Total Supply,(1000 MT),35024.0,0,1,04,"USDA FAS PS&D (Production, Supply & Distribution)",https://apps.fas.usda.gov/psdonline/downloads/
"Meal, Soybean",United States,2003,Total Supply,(1000 MT),33412.0,0,1,08,"USDA FAS PS&D (Production, Supply & Distribution)",https://apps.fas.usda.gov/psdonline/downloads/
"Meal, Soybean",United States,2004,Total Supply,(1000 MT),37261.0,0,1,04,"USDA FAS PS&D (Production, Supply & Distribution)",https://apps.fas.usda.gov/psdonline/downloads/
"Meal, Soybean",United States,2005,Total Supply,(1000 MT),37700.0,0,1,04,"USDA FAS PS&D (Production, Supply & Distribution)",https://apps.fas.usda.gov/psdonline/downloads/
"Meal, Soybean",United States,2006,Total Supply,(1000 MT),39464.0,0,1,08,"USDA FAS PS&D (Production, Supply & Distribution)",https://apps.fas.usda.gov/psdonline/downloads/
"Meal, Soybean",United States,2007,Total Supply,(1000 MT),38798.0,0,1,08,"USDA FAS PS&D (Production, Supply & Distribution)",https://apps.fas.usda.gov/psdonline/downloads/
"Meal, Soybean",United States,2008,Total Supply,(1000 MT),35820.0,0,1,08,"USDA FAS PS&D (Production, Supply & Distribution)",https://apps.fas.usda.gov/psdonline/downloads/
"Meal, Soybean",United States,2009,Total Supply,(1000 MT),38194.0,0,1,11,"USDA FAS PS&D (Production, Supply & Distribution)",https://apps.fas.usda.gov/psdonline/downloads/
"Meal, Soybean",United States,2010,Total Supply,(1000 MT),36045.0,0,1,04,"USDA FAS PS&D (Production, Supply & Distribution)",https://apps.fas.usda.gov/psdonline/downloads/
"Meal, Soybean",United States,2011,Total Supply,(1000 MT),37731.0,0,1,04,"USDA FAS PS&D (Production, Supply & Distribution)",https://apps.fas.usda.gov/psdonline/downloads/
"Meal, Soybean",United States,2012,Total Supply,(1000 MT),36668.0,0,1,02,"USDA FAS PS&D (Production, Supply & Distribution)",https://apps.fas.usda.gov/psdonline/downloads/
"Meal, Soybean",United States,2013,Total Supply,(1000 MT),37505.0,0,1,02,"USDA FAS PS&D (Production, Supply & Distribution)",https://apps.fas.usda.gov/psdonline/downloads/
"Meal, Soybean",United States,2014,Total Supply,(1000 MT),41409.0,0,1,05,"USDA FAS PS&D (Production, Supply & Distribution)",https://apps.fas.usda.gov/psdonline/downloads/
"Meal, Soybean",United States,2015,Total Supply,(1000 MT),41119.0,0,1,07,"USDA FAS PS&D (Production, Supply & Distribution)",https://apps.fas.usda.gov/psdonline/downloads/
"Meal, Soybean",United States,2016,Total Supply,(1000 MT),41182.0,0,1,04,"USDA FAS PS&D (Production, Supply & Distribution)",https://apps.fas.usda.gov/psdonline/downloads/
"Meal, Soybean",United States,2017,Total Supply,(1000 MT),45458.0,0,1,04,"USDA FAS PS&D (Production, Supply & Distribution)",https://apps.fas.usda.gov/psdonline/downloads/
"Meal, Soybean",United States,2018,Total Supply,(1000 MT),45407.0,0,1,04,"USDA FAS PS&D (Production, Supply & Distribution)",https://apps.fas.usda.gov/psdonline/downloads/
"Meal, Soybean",United States,2019,Total Supply,(1000 MT),47303.0,0,1,04,"USDA FAS PS&D (Production, Supply & Distribution)",https://apps.fas.usda.gov/psdonline/downloads/
"Meal, Soybean",United States,2020,Total Supply,(1000 MT),46894.0,0,1,04,"USDA FAS PS&D (Production, Supply & Distribution)",https://apps.fas.usda.gov/psdonline/downloads/
"Meal, Soybean",United States,2021,Total Supply,(1000 MT),47908.0,0,1,05,"USDA FAS PS&D (Production, Supply & Distribution)",https://apps.fas.usda.gov/psdonline/downloads/
"Meal, Soybean",United States,2022,Total Supply,(1000 MT),48478.0,0,1,05,"USDA FAS PS&D (Production, Supply & Distribution)",https://apps.fas.usda.gov/psdonline/downloads/
"Meal, Soybean",United States,2023,Total Supply,(1000 MT),50043.0,0,1,05,"USDA FAS PS&D (Production, Supply & Distribution)",https://apps.fas.usda.gov/psdonline/downloads/
"Meal, Soybean",United States,2024,Total Supply,(1000 MT),54162.0,0,1,05,"USDA FAS PS&D (Production, Supply & Distribution)",https://apps.fas.usda.gov/psdonline/downloads/
"Meal, Soybean",United States,2025,Total Supply,(1000 MT),58309.0,0,1,06,"USDA FAS PS&D (Production, Supply & Distribution)",https://apps.fas.usda.gov/psdonline/downloads/
"Meal, Soybean",United States,2026,Total Supply,(1000 MT),60124.0,0,1,06,"USDA FAS PS&D (Production, Supply & Distribution)",https://apps.fas.usda.gov/psdonline/downloads/
